{"type":"FeatureCollection","features":[{"type":"Feature","properties":{"coordinateSystem":"viewer metres","streets":["Kurf\u00fcrstendamm","Friedrichstra\u00dfe","Karl-Marx-Allee","Karl-Marx-Stra\u00dfe"]},"geometry":{"type":"MultiPolygon","coordinates":[[[[-4701.809187187984,2067.247007579263],[-4740.994481877944,2078.17722639041],[-4741.002422190186,2078.1794495396016],[-4745.239185729969,2079.3701029516756],[-4764.338268369691,2084.7181312360462],[-4764.342539725528,2084.719329683894],[-4773.397826991755,2087.265141658652],[-4785.700030349528,2090.702714611682],[-4842.55109015046,2106.635502663334],[-4843.424574014473,2103.505086054156],[-4871.597238869789,2111.3661381854363],[-4871.8281833429655,2111.434594766511],[-4876.161576636432,2112.7951734247836],[-4889.023560348815,2115.993418749436],[-4887.213732186705,2123.271778593771],[-4888.575661617606,2119.245906237965],[-4900.452531109397,2123.26378278204],[-4903.242912499229,2124.02982408841],[-4942.626283869076,2134.797162999517],[-4951.142597153971,2137.1224444320096],[-4951.175864650204,2137.131673095139],[-4973.006099244498,2143.283148652265],[-4973.056653056819,2143.2977324323474],[-4986.7416822315445,2147.337520579782],[-4985.538424314291,2151.4136302918196],[-4986.742665798826,2147.337811055528],[-5027.449359703999,2159.365010167407],[-5026.245118219464,2163.4408294036984],[-5027.449423426758,2159.365028995474],[-5051.899274034175,2166.5893970839256],[-5061.783424698367,2169.5085118428146],[-5071.452622882035,2172.2327741266668],[-5070.300072314742,2176.323510880582],[-5071.453368946302,2172.232984401065],[-5089.592020145417,2177.347056008655],[-5089.603892541925,2177.3504219657516],[-5094.362829581862,2178.7071012581473],[-5093.197660553793,2182.7942617805675],[-5094.363388725334,2178.707260700304],[-5109.570180003017,2183.0446671856453],[-5108.404451831477,2187.131668265909],[-5110.498630339595,2179.9299728838387],[-5141.638877772561,2188.9852346592784],[-5146.3253427376,2190.3350835277993],[-5160.313944955572,2193.8429228415607],[-5158.489696540288,2201.1176817873493],[-5159.563144214886,2197.005479203587],[-5171.944992947058,2200.2376319144646],[-5208.286133673426,2208.0493022373776],[-5215.075077865439,2209.5145690050954],[-5215.134831409606,2209.5279168776606],[-5221.560791812917,2211.0120374694934],[-5233.756050374924,2213.8285569679792],[-5262.319822040015,2220.409276724438],[-5261.3656724342145,2224.5507859336212],[-5262.320688282241,2220.409476390733],[-5279.085527576141,2224.275569241187],[-5278.130511728115,2228.4168787840754],[-5279.087058326611,2224.275922541261],[-5283.674364591389,2225.3355744541373],[-5294.673789797515,2227.866713256155],[-5305.690478884537,2230.363483729697],[-5309.407634144301,2231.198286906361],[-5308.476360364293,2235.3449999596924],[-5309.415010654828,2231.199950426565],[-5393.735817134924,2250.2944748388936],[-5396.588878319508,2250.938936609988],[-5419.001619562667,2256.0180745638513],[-5433.1139634541,2259.2115022844378],[-5466.530138306869,2266.755734505022],[-5466.55866283403,2266.7622776662433],[-5474.2758737649765,2268.5604976133877],[-5474.2823148565585,2268.562003765057],[-5478.756743059867,2269.6119541429575],[-5486.29032760152,2271.3573701020987],[-5487.945055343751,2271.7416055796734],[-5487.963949642959,2271.746038419954],[-5489.489669385283,2272.1076687365935],[-5492.620017891862,2272.831997914641],[-5491.661927475419,2276.9725972376764],[-5493.285415619545,2271.326367411865],[-5532.297892947266,2282.543816288104],[-5530.67440480314,2288.1900461139157],[-5532.299654566891,2282.544323112791],[-5550.37348262841,2287.7472855644055],[-5550.559108349538,2287.8040592028806],[-5564.897890597276,2292.4499680438125],[-5563.087015112396,2298.038917406462],[-5564.913528502008,2292.4550590775316],[-5573.510602973888,2295.2672134534796],[-5573.558188793437,2295.2830041504376],[-5578.809346520471,2297.0504378803917],[-5578.831287774851,2297.0578710557024],[-5582.371229442547,2298.2649046582233],[-5580.475188979006,2303.825539114885],[-5582.376074655703,2298.2665591145496],[-5589.558836940466,2300.7226949425976],[-5589.7062119706925,2300.7752920034277],[-5602.615703380124,2305.5773561335104],[-5602.7841801230825,2305.642994631463],[-5607.890386272971,2307.7234302264205],[-5611.239762373078,2309.044586761904],[-5606.928282091818,2319.974986470255],[-5603.782145230768,2318.7339973572766],[-5599.519218514919,2329.6027273685067],[-5596.849924631686,2328.5557785349697],[-5576.070167067269,2321.1558836263284],[-5571.128151160768,2319.4437758153226],[-5557.499673792663,2315.347658114164],[-5548.101595515075,2312.8339557439876],[-5543.549734971712,2311.7368376271193],[-5527.62318005011,2307.9078067193955],[-5505.733243330912,2302.9835974012694],[-5505.723029264052,2302.9812901500086],[-5486.931194205804,2298.7188053685645],[-5488.230786599626,2292.9893477493897],[-5487.162563490027,2297.10291060756],[-5480.486253053304,2295.369185041363],[-5473.103273153779,2293.453000140861],[-5460.938005435261,2290.320921517863],[-5458.545971039186,2289.7819236114815],[-5390.038288495165,2274.4548320791114],[-5327.413793355517,2260.444846742093],[-5305.176021523302,2255.473078899427],[-5306.103314492502,2251.3254738375545],[-5305.175472970993,2255.472956219791],[-5300.901280045276,2254.516768030925],[-5288.89721475232,2251.8289598978736],[-5288.8652314600195,2251.82166884407],[-5278.157172737586,2249.3371005629706],[-5278.108790338136,2249.3255757447787],[-5275.476405262284,2248.682234661004],[-5223.840628371699,2236.7214162118266],[-5213.229328717908,2234.268030274305],[-5209.521493063755,2233.4107961277805],[-5208.826276698595,2236.585274643605],[-5175.712965444081,2229.3334013756003],[-5171.061319771731,2228.3202530676576],[-5170.814491792588,2228.2621053580474],[-5158.003527687985,2225.014555528043],[-5158.802134880024,2221.864202613867],[-5146.17092726951,2218.66855643436],[-5146.087101213229,2218.6464366634023],[-5106.9308258129195,2207.8856381830406],[-5106.918393380101,2207.8822012432784],[-5103.377110190608,2206.897428265859],[-5103.366536416094,2206.8944731530123],[-5091.012292277116,2203.4245524946427],[-5045.027529603423,2190.509666855546],[-4944.327977201587,2162.224586663163],[-4945.477265112917,2158.132932071574],[-4943.414507568071,2165.343690097689],[-4905.864553898345,2154.6018998503473],[-4900.725138945981,2153.145468830686],[-4900.54459001495,2153.091846032311],[-4888.359765013083,2149.3058413046047],[-4889.322432043626,2146.207607111607],[-4876.512121500697,2142.9406157665153],[-4876.4036411257775,2142.9114179150633],[-4874.01480147679,2142.234470444434],[-4835.458187752419,2131.392828786163],[-4835.03347984294,2132.9611417225606],[-4797.187936205127,2122.7123569625473],[-4784.992752953611,2119.4044386091914],[-4772.36942148684,2115.9848393789034],[-4773.905563970562,2110.3142228983343],[-4772.683374765185,2114.3846962794364],[-4763.05984077239,2111.495160281442],[-4738.523149109304,2104.1081901539023],[-4706.5255325141825,2094.7246402623896],[-4670.929281549979,2084.7864686754356],[-4670.492673046383,2086.3517155044533],[-4647.974206112287,2080.070435153582],[-4647.858706475476,2080.03693998908],[-4636.272115484469,2076.5478528172275],[-4636.740646903542,2074.991949610501],[-4626.032533172527,2071.840088970902],[-4620.940543734466,2070.5699616636557],[-4621.969132458966,2066.446309734136],[-4620.905942480856,2070.5611763261954],[-4601.876471916815,2065.6443845080908],[-4602.939661894925,2061.529517916031],[-4601.81125259878,2065.626979625477],[-4563.172907539597,2054.9862779315667],[-4562.7452685414355,2056.553986165324],[-4529.013973832469,2047.3527733596284],[-4528.964469667988,2047.3390367948305],[-4521.574084543679,2045.2534867762442],[-4522.015418905376,2043.6895679670772],[-4507.478423510206,2039.6029886157305],[-4507.468859091199,2039.6002878355616],[-4506.025971866624,2039.1910262424383],[-4490.788257881328,2034.9214648654627],[-4490.350070169545,2036.4862703989313],[-4489.140056109929,2036.1474338593946],[-4490.724273273256,2030.490059823729],[-4489.133952957567,2036.1457212610421],[-4441.757669787436,2022.8239433501167],[-4441.737468062822,2022.8182238379654],[-4440.692536095944,2022.5203648536494],[-4436.372282333867,2021.2907402539565],[-4425.0375871438855,2018.1219864868215],[-4425.472914833027,2016.5648106925523],[-4407.400197305977,2012.6968171811275],[-4396.683927051927,2011.113610687565],[-4393.854007742557,2010.7022763250493],[-4393.845843237007,2010.7010815036574],[-4339.695771837196,2002.7228764430276],[-4323.061316523863,2000.2750379888562],[-4323.68006062333,1996.07031971775],[-4323.05916964394,2000.2747215053662],[-4253.20725312483,1989.9592409564777],[-4173.487581237533,1978.182175108961],[-4174.108696765848,1973.977806488052],[-4173.486386115088,1978.1819983787666],[-4154.726149981669,1975.4050807070512],[-4154.488570799103,1977.0126194405295],[-4087.594916823827,1967.1263633278124],[-4087.8324240470415,1965.5193114949245],[-4074.2595278594713,1963.7239979599683],[-4074.080873929278,1965.3381791335444],[-4039.0496036263294,1961.4609971779312],[-4038.8509987823554,1961.4355833149311],[-4034.113790567982,1960.7471641264683],[-4030.8760728914294,1960.290718547363],[-4031.6962062851526,1954.473244334571],[-4030.7850563415845,1960.2771594597548],[-4026.0341764217296,1959.5313242989182],[-4026.013675346845,1959.5280687379407],[-4022.208282839391,1958.9168799988088],[-4015.6764708919313,1957.879753175843],[-4001.1260198186883,1955.5594140635337],[-4002.0512079743203,1949.7577201835811],[-4001.507511275994,1952.325797071104],[-3993.367039488869,1950.6023488149474],[-3989.3216541191305,1949.7513606039672],[-3989.2905724730726,1949.744625391508],[-3986.3550766177277,1949.0898782481202],[-3986.9265272472403,1946.5278343027458],[-3985.9553610236885,1950.665386256043],[-3963.878505013037,1945.4835064580925],[-3964.8496712365886,1941.3459545047954],[-3963.87502993068,1945.4826892466922],[-3916.0467174777973,1934.214031279244],[-3917.021358783706,1930.0772965373471],[-3915.672333452914,1935.7953167941214],[-3882.889419744285,1928.0609998410257],[-3873.5980810696406,1925.89867179101],[-3873.966415679445,1924.3159694784429],[-3865.200064490312,1922.2857658690332],[-3860.853981705993,1921.2863189154366],[-3861.8064717412344,1917.1444277130067],[-3860.8454439957513,1921.2843462716758],[-3799.221345505431,1906.9791207943356],[-3798.8588532778103,1908.5631526005213],[-3769.732667357779,1901.8978722854276],[-3771.0432329614996,1896.1709147337824],[-3769.7236044927263,1901.8957907764932],[-3764.725676100468,1900.7437293969786],[-3764.7048873936756,1900.7388976543978],[-3754.209669967985,1898.279481440021],[-3754.951157760675,1895.1152851737345],[-3743.4478742113415,1892.5175846398715],[-3743.3907988197893,1892.5040237005005],[-3740.4229951288535,1891.7637523136566],[-3740.0617273518205,1893.3475369149928],[-3623.3827516132355,1866.732582990091],[-3624.327916702139,1862.589014123194],[-3622.973410541937,1868.3057385403733],[-3612.5401428135915,1865.8337065902913],[-3586.2287970245666,1859.6090124868158],[-3583.0335818069593,1858.9313301694447],[-3573.306436639403,1856.8649469258553],[-3574.527248003229,1851.1181874377653],[-3573.6394660108067,1855.2744289049963],[-3561.5682348210453,1852.6959883208463],[-3556.0968456004857,1851.532968008504],[-3556.9804998238687,1847.375846983865],[-3556.038631067815,1851.5201663786956],[-3529.7216194044972,1845.539167165821],[-3517.5672302391463,1842.9116838544614],[-3518.4652337277075,1838.7576388698071],[-3517.5297547096825,1842.903405265401],[-3468.979357317858,1831.9481623156053],[-3468.622357084186,1833.533461830441],[-3459.4423249338006,1831.4661719636774],[-3426.1168507466004,1823.9845051085956],[-3427.403772726073,1818.2521882280707],[-3426.115681719353,1823.984242533327],[-3420.9658155133316,1822.8269791871467],[-3409.297669823515,1820.2521354822898],[-3410.563664803165,1814.515160520561],[-3409.5803773235125,1818.649848626375],[-3398.4974370589075,1816.0141682265398],[-3398.4517735824375,1816.0030416796085],[-3395.4992194892925,1815.266291830294],[-3331.40613881865,1800.114684721086],[-3274.5123566492566,1786.6690890827292],[-3275.489825362223,1782.5330215161666],[-3274.135562712166,1788.2498036245438],[-3196.793262376341,1769.9279948466985],[-3192.16022552398,1768.8473191623098],[-3192.1368319917406,1768.84181204499],[-3175.7075247762427,1764.9386732612297],[-3177.0654633636586,1759.2227632030845],[-3175.79623571006,1763.2788156144004],[-3145.8007491360454,1753.8925707678925],[-3121.4075636522166,1746.245816386576],[-3099.349952141389,1739.3579003908442],[-3058.069523346667,1726.4716761004024],[-3057.585471776661,1728.022907545261],[-3042.290809276165,1723.2503087041166],[-3037.602365963759,1721.9244081159834],[-3037.3852640739638,1721.8584579508424],[-3025.7191747271568,1718.0670251939118],[-3027.5350353540853,1712.4796935245395],[-3025.6269048336403,1718.0361908850127],[-3008.2044667086684,1712.0532336783178],[-3003.7549205855466,1710.5838015032587],[-2983.605580339894,1704.0913597313343],[-2983.5676209721655,1704.0789860821524],[-2964.3320035089796,1697.736348498539],[-2966.171757730888,1692.156838716939],[-2964.3296703199244,1697.7355786257688],[-2932.6016270676164,1687.2590498747006],[-2904.853845543908,1678.2814086912654],[-2906.662365901051,1672.6916967919096],[-2905.284809683664,1676.7122488520051],[-2863.75674721061,1662.483545977197],[-2839.6679998015147,1654.2332265429918],[-2838.650350508753,1657.3194983452054],[-2786.5907491939543,1640.153668549701],[-2780.7889405052765,1638.2539755583182],[-2780.771324434848,1638.2481833851746],[-2766.5655701701244,1633.5578554446658],[-2766.721968559907,1633.0841663719978],[-2752.6172205741022,1628.710215180807],[-2754.690551705193,1622.0243122484535],[-2753.3678684221395,1626.0632488576034],[-2736.6823174829424,1620.5990137305125],[-2732.451448717876,1619.2363667388554],[-2685.8021322132595,1604.5841266166995],[-2685.7088305579523,1604.5536330517857],[-2671.1993058586045,1599.6253491659145],[-2651.679908957922,1592.998854517587],[-2653.0461287790677,1588.9744361247867],[-2651.6792692300733,1592.998637284436],[-2622.4749705011127,1583.0791096550456],[-2623.841830050107,1579.0549084953964],[-2622.4742675061552,1583.0788708073942],[-2605.085143434576,1577.1690950916725],[-2576.930610664352,1568.47929505914],[-2576.8804425942503,1568.4634701416992],[-2570.230094272522,1566.320355053962],[-2553.3416255449592,1561.061763238642],[-2542.427454141157,1558.0179308529694],[-2532.7001884743845,1556.7964168504766],[-2522.99935551035,1556.5881078639943],[-2514.622892532131,1556.6958866841135],[-2506.0057491051693,1557.9516760950585],[-2488.6607479941754,1561.2085861586868],[-2487.876423138776,1557.0315854977816],[-2488.604926127035,1561.2186827495896],[-2482.736442152055,1562.2397261730443],[-2465.5181679413586,1566.1212405585738],[-2463.6489212571246,1557.829321791878],[-2480.969746866736,1553.9246892514584],[-2481.175867220594,1553.8835513829983],[-2487.1199755247007,1552.8493502642618],[-2504.522527095715,1549.581633820674],[-2504.693966925035,1549.5530581899386],[-2513.674770374848,1548.2442720510464],[-2514.232975749854,1548.2002001059784],[-2522.9629616884363,1548.0878725535779],[-2523.1088818707194,1548.0885002954587],[-2533.1026513978995,1548.30309959936],[-2533.0114108666894,1552.5521200941876],[-2533.540951192555,1548.3352388955666],[-2543.797151370208,1549.6231745352982],[-2544.4093166214766,1549.74627894773],[-2555.686200891261,1552.8912676307823],[-2555.8079923698506,1552.9272032187262],[-2572.777157520567,1558.210921619361],[-2572.817233001683,1558.2236177471302],[-2579.462552602421,1560.365112299024],[-2607.649292678176,1569.0648530060098],[-2606.3958882114384,1573.1258229939267],[-2607.7634507553903,1569.1018606819289],[-2625.209041106691,1575.0308267287612],[-2654.412668472447,1584.9501263230284],[-2673.9320630051584,1591.576620167471],[-2672.565843184013,1595.6010385602713],[-2673.932697996192,1591.576835791719],[-2688.3960654368207,1596.4894419707682],[-2735.0132454797817,1611.131588244008],[-2733.73969232291,1615.186284577474],[-2735.0425925559484,1611.1409229146868],[-2739.298017335381,1612.5114787262485],[-2739.3178003853955,1612.5179037798857],[-2755.9495165305934,1617.9645089243945],[-2756.7638828362833,1615.3384093161],[-2770.9903303501924,1619.7501001249327],[-2768.916999219102,1626.4360030572861],[-2771.2684282680793,1619.3141506699064],[-2785.4653780779113,1624.0015716348328],[-2791.2657828819583,1625.9008049506322],[-2788.9319699034095,1633.0284495111555],[-2791.280593286261,1625.90567138703],[-2843.3475972744563,1643.0739420969544],[-2840.9989738916047,1650.1967202210799],[-2842.3760558394333,1646.1760056939138],[-2866.5111482453267,1654.4421981422392],[-2865.134066297498,1658.4629126694053],[-2866.511622514885,1654.4423606093098],[-2907.9708502747226,1668.647478741091],[-2908.4708862581942,1667.101984892554],[-2936.2354677971057,1676.0850616279536],[-2934.4269474399625,1681.6747735273093],[-2936.2690348509263,1676.0960336184796],[-2968.0126786280075,1686.5777136278532],[-2987.228170754353,1692.9137152031308],[-3007.3787947395012,1699.4065706165852],[-3005.576999885321,1704.998454047367],[-3007.419315679273,1699.4197895552725],[-3011.9220711695793,1700.9067937599257],[-3011.9878858960724,1700.928960891547],[-3029.3971585804093,1706.9073970164413],[-3040.909071265669,1710.6487229700065],[-3045.5642658205893,1711.9652207469787],[-3043.965507083456,1717.618502581492],[-3045.7155397099,1712.0102041937114],[-3061.085537029549,1716.8063107696996],[-3059.335504403105,1722.4146091574803],[-3060.601927675688,1718.357680258096],[-3101.8829951729012,1731.2441039278515],[-3100.6165719003184,1735.3010328272358],[-3101.8833881361143,1731.2442266173307],[-3123.9434312792228,1738.132901937293],[-3123.947900819425,1738.1343003408551],[-3148.3402335862047,1745.7807879866384],[-3178.050215054096,1755.0776920310097],[-3178.4234019510745,1753.5068531449392],[-3194.8410180324545,1757.4072144458512],[-3199.472215279185,1758.4874610343495],[-3198.1376702240086,1764.2088782098144],[-3199.4919328740657,1758.4920961014373],[-3276.8440880122803,1776.8162394077895],[-3276.4695048660446,1778.3974764214584],[-3333.361217287964,1791.8425829204655],[-3332.3837485749973,1795.978650487028],[-3333.361499369214,1791.8426495943288],[-3397.480359713733,1807.0003510195831],[-3396.502608919516,1811.1363519122824],[-3397.531559875639,1807.0127903533999],[-3400.4868745182134,1807.750229041703],[-3411.4796124130653,1810.3644580385442],[-3411.829659782815,1808.7781855588323],[-3423.5088582261806,1811.3554683070174],[-3423.530954253251,1811.3603889634899],[-3428.6912792327375,1812.5200025756176],[-3462.0180547753903,1820.0019615888216],[-3460.731132795918,1825.7342784693465],[-3462.021826261593,1820.0028096019737],[-3471.203744015537,1822.0705240956954],[-3469.9130505498615,1827.8019929630682],[-3470.8485295678865,1823.6562265674743],[-3519.3819936708655,1834.607648574431],[-3531.539584720173,1837.235824055224],[-3531.5834499876655,1837.2455496450475],[-3557.89330619984,1843.2249226570373],[-3563.337607370783,1844.3821850255274],[-3575.410388689249,1846.9609545784665],[-3575.7480593670552,1845.3714279496753],[-3585.47238442214,1847.4372124248025],[-3588.733649606786,1848.1289034682459],[-3587.5147183395457,1853.8760620327666],[-3588.8672803210065,1848.1588773159408],[-3615.2462389051652,1854.3995671412074],[-3613.8936769237043,1860.1167518580332],[-3615.2481830839065,1854.4000274408538],[-3625.6824228623414,1856.8722897060145],[-3625.3078066299963,1858.4533661347837],[-3741.952057529628,1885.0603991811986],[-3741.006892440724,1889.2039680480957],[-3741.6421917786797,1886.6570051996832],[-3744.632935570655,1887.4029986295525],[-3756.128311089954,1889.9989133521076],[-3755.5500871435506,1892.559437139891],[-3756.890504319116,1886.839392839761],[-3767.375331779629,1889.296374302404],[-3772.3583308213433,1890.4449943504642],[-3801.4799844852514,1897.1092374972309],[-3800.169418881531,1902.836195048876],[-3801.130446627014,1898.696276490207],[-3862.7632316484387,1913.0035184317085],[-3867.1082406417995,1914.002718450961],[-3867.1146316654904,1914.004193356106],[-3875.8886354286496,1916.0361692289207],[-3874.9297543697176,1920.1765855262056],[-3876.2614276697946,1914.4544992614012],[-3885.5614454433758,1916.618847155891],[-3885.578797474091,1916.622913163921],[-3918.3703841144984,1924.3592762805729],[-3917.997249493045,1925.9408561629325],[-3965.8225751727828,1937.208810427422],[-3987.897693470792,1942.3902823494486],[-3987.526402123207,1943.972130238293],[-3990.4179533094402,1944.617075750888],[-3994.449441540628,1945.4651405565576],[-3994.4527692554993,1945.4658428268683],[-4002.4651175006056,1947.1621655919184],[-4002.9763961299523,1943.9560263036285],[-4017.521009623412,1946.2754358434684],[-4024.0560536361204,1947.3130758565856],[-4024.0664082881503,1947.3147294522507],[-4027.8667297220036,1947.925103720057],[-4032.5619010499267,1948.6621932532785],[-4035.7664395698575,1949.1139613154194],[-4035.7911964555615,1949.1175052383187],[-4040.4416934813726,1949.793323408764],[-4075.373444800184,1953.659490827759],[-4074.727159364731,1959.4988349806517],[-4075.284461080414,1955.2855328555133],[-4089.0111587184047,1957.101190009239],[-4088.4538570027216,1961.3144921343774],[-4089.312797181616,1955.5026209409423],[-4156.2064511568915,1965.3888770536594],[-4155.347510977997,1971.2007482470945],[-4155.969821628758,1966.9965563563799],[-4174.73040986851,1969.7735261473913],[-4254.4491473581475,1981.5504539615463],[-4324.299878202912,1991.865759414299],[-4340.933631188482,1994.313494517632],[-4395.080734356223,2002.29126218661],[-4397.911484101831,2002.7027172546736],[-4397.921308957602,2002.704157038859],[-4408.777424544658,2004.3080240826],[-4408.156277798407,2008.5123880915344],[-4409.045736101954,2004.3565050414172],[-4427.508824786262,2008.3080473108557],[-4426.619366482715,2012.4639303609729],[-4428.201145821545,2006.8058742351243],[-4439.549091001219,2009.9783322002152],[-4439.575573486482,2009.9858026126033],[-4443.910189916703,2011.2195150948694],[-4444.948416391131,2011.51546218256],[-4492.311542474761,2024.8335404409884],[-4493.518504496198,2025.1715223276003],[-4491.9342873328715,2030.8288963632658],[-4493.080961994802,2026.7365086470681],[-4508.325848974379,2031.0080798753488],[-4507.179174312449,2035.1004675915465],[-4508.338898673797,2031.0117588215685],[-4509.783527183299,2031.4215143140286],[-4524.319840044139,2035.5079017941787],[-4523.169680101797,2039.5993113443255],[-4524.765275659915,2033.9451359124068],[-4532.1309387325,2036.0237094237389],[-4565.837451328709,2045.218162171891],[-4564.291359935072,2050.8860741686076],[-4565.419769231217,2046.7886124591619],[-4604.0355306436595,2057.42309479125],[-4623.015040259208,2062.3269778118165],[-4628.175930047003,2063.6142913714575],[-4628.3473946117265,2063.660888959541],[-4639.166176190582,2066.8453239294504],[-4637.966122901358,2070.922378270887],[-4639.660130318247,2065.296903724546],[-4651.189142907338,2068.768652227617],[-4673.649688606538,2075.0337760827683],[-4672.0711808264605,2080.692745793611],[-4673.2140388295675,2076.5992905801345],[-4708.837858402593,2086.5451590890248],[-4707.695000399486,2090.638614302501],[-4708.890979333199,2086.5603629137177],[-4740.929722382105,2095.955973457617],[-4740.958922097327,2095.9646502644327],[-4765.505714069993,2103.354662369875],[-4775.017225574628,2106.2105628019362],[-4775.441706454284,2104.643606417765],[-4788.065969845183,2108.0634581017766],[-4800.260443409301,2111.3711841419845],[-4838.104818529798,2121.619652460977],[-4836.569149186369,2127.2903970917687],[-4837.719581299536,2123.199064062914],[-4876.319818108825,2134.0529719917163],[-4875.169385995658,2138.1443050205708],[-4876.328120541867,2134.055315628139],[-4878.667062995623,2134.71812327146],[-4891.635429808679,2138.025423433798],[-4890.585175637389,2142.143610677682],[-4892.810586261694,2134.981380050759],[-4904.905473474997,2138.7394397819103],[-4909.9632283710425,2140.172729599666],[-4909.981124222614,2140.177824998849],[-4947.540022657763,2150.922174045459],[-4946.646174495284,2154.046788873716],[-5047.325909492716,2182.3263026397062],[-5093.31063964733,2195.2411791457735],[-5092.161482363706,2199.3328704265878],[-5093.31070525463,2195.241197572244],[-5105.659697218952,2198.7096430590746],[-5109.189478004364,2199.6912174059103],[-5148.297734362995,2210.438819451589],[-5160.888858256969,2213.624324607405],[-5159.846467629657,2217.744509285316],[-5161.689407571329,2210.474463042589],[-5174.377449268954,2213.6908523261563],[-5178.909377291698,2214.6779256183577],[-5178.917752091444,2214.67975469924],[-5212.035250223145,2221.9325449006956],[-5210.43076346087,2229.25890977215],[-5211.388091307581,2225.118134072609],[-5215.144003589154,2225.986483309045],[-5225.756211905256,2228.440079333684],[-5224.798845750862,2232.5808461764827],[-5225.757914274381,2228.440473298686],[-5277.419534915217,2240.40727814767],[-5276.460466391698,2244.5476510254666],[-5277.469448416921,2240.4191579259477],[-5280.102596907009,2241.0626855841515],[-5290.77045313467,2243.5379257651794],[-5302.757350502123,2246.2218899355694],[-5307.030881740286,2247.177930096998],[-5329.268657837477,2252.149698893198],[-5328.341364868276,2256.2973039550707],[-5329.269214913471,2252.1498234796936],[-5391.894016092167,2266.1598772819752],[-5460.404944331078,2281.4876949670133],[-5459.477039285703,2285.6351631376892],[-5460.411269650409,2281.4891151850406],[-5462.8694064827505,2282.0430079753805],[-5462.994827615597,2282.073276693943],[-5475.226588697731,2285.2224747464165],[-5474.166937200178,2289.3382539805025],[-5475.234611773426,2285.224548715703],[-5482.621876470482,2287.1418456962106],[-5489.171369738435,2288.842638937666],[-5489.530378993449,2287.259890130215],[-5508.317108046453,2291.521216734739],[-5530.243981079076,2296.453734991401],[-5528.954602752114,2302.1854998618364],[-5530.327926557036,2296.473266784761],[-5546.298024730166,2300.3127662750967],[-5544.924700925243,2306.024999352172],[-5546.301308800613,2300.313556823575],[-5550.925742228313,2301.4281669144266],[-5551.067157702796,2301.46411562228],[-5560.622603566312,2304.0199090734254],[-5560.795617674106,2304.069034854587],[-5574.627081293824,2308.226161247756],[-5572.936043836176,2313.8525292873383],[-5574.859232696408,2308.3012258721137],[-5579.940441142355,2310.061555428765],[-5579.988161694347,2310.0783181142806],[-5600.161500127827,2317.262260655546],[-5598.434438505208,2316.5585991955677],[-5585.6830278126145,2311.81533782664],[-5578.576725548294,2309.385347398952],[-5575.05017014734,2308.1828781862678],[-5569.8337495950655,2306.42713628839],[-5561.268317112385,2303.6253321959816],[-5547.029701216987,2299.011878254905],[-5529.050035809495,2293.836022664747],[-5490.038439331293,2282.618827063488],[-5490.485863010479,2281.062759696237],[-5487.562432074691,2280.3863090319273],[-5488.520522491133,2276.245709708892],[-5487.54033293965,2280.381133319982],[-5486.0130126291,2280.0191236322307],[-5484.37080330158,2279.637794460959],[-5476.832407380418,2277.891263779001],[-5477.791658457136,2273.750933191739],[-5476.820744159959,2277.8885442691044],[-5472.343706222109,2276.8379815019457],[-5464.643967422352,2275.0438328099617],[-5431.241040123019,2267.5025914349762],[-5432.176988801453,2263.35693104472],[-5431.238988289048,2267.502127667165],[-5417.124963520814,2264.308319587468],[-5394.714599213815,2259.229719446125],[-5391.8618681801345,2258.5853322509406],[-5392.798284007818,2254.43977735471],[-5391.859633717284,2258.584826887837],[-5307.541397589025,2239.4908845340537],[-5303.823878739319,2238.6559997019253],[-5303.815775355687,2238.654171513633],[-5292.788180348011,2236.154929373653],[-5292.774475280061,2236.151799482031],[-5281.76646777811,2233.618685760273],[-5277.1747311266,2232.5580119692936],[-5260.41108969758,2228.69219535512],[-5231.8466401405385,2222.1113194212144],[-5232.800789746339,2217.969810212031],[-5231.844418231889,2222.110806894757],[-5219.6480389819735,2219.294028571144],[-5220.604410496424,2215.153031888418],[-5219.648019337973,2219.294024034273],[-5213.251877790609,2217.8167903162084],[-5206.498085252146,2216.3591088548433],[-5170.068071998272,2208.528335034578],[-5169.887777294762,2208.4854470332584],[-5157.455907698496,2205.240236896549],[-5156.665448125003,2208.392440733138],[-5142.550460253045,2204.8529084339843],[-5142.2988660985575,2204.7851514741487],[-5137.478021287519,2203.3965969960846],[-5137.459685349172,2203.391290392202],[-5106.310273323358,2194.3333636479792],[-5107.217735028574,2191.21268279555],[-5092.032211948827,2186.8813426011166],[-5087.2794882406215,2185.5264346073163],[-5069.147148707645,2180.414142531856],[-5059.452669998337,2177.682757549596],[-5059.401455534578,2177.6679807746323],[-5049.491473879796,2174.7412372746976],[-5025.040844882063,2167.516639228743],[-4984.334674596582,2155.4895948255294],[-4970.6753689905045,2151.4574002145355],[-4948.887071446609,2145.3177419715735],[-4940.386724696772,2142.9968200179146],[-4941.506161305471,2138.8968978626654],[-4940.385352850638,2142.996445204455],[-4900.999138866414,2132.228329127978],[-4902.119947321247,2128.1287817861885],[-4900.994826041685,2132.22714757102],[-4898.08282794262,2131.427718920842],[-4897.846019791281,2131.355225491817],[-4886.184663445514,2127.4102558037903],[-4885.403904024594,2130.5501384381064],[-4872.321637435433,2127.2971178395533],[-4871.884787432761,2127.1743458273872],[-4867.449749525599,2125.78185326637],[-4839.393106631261,2117.953174880644],[-4841.408840322867,2110.7291304674],[-4840.26194578875,2114.821456569706],[-4783.410952328012,2098.8886858106735],[-4771.107068082974,2095.4506431716504],[-4772.250821806898,2091.35743814148],[-4771.10056660843,2095.4488209124265],[-4762.044164693701,2092.902695564341],[-4742.945294347046,2087.5547267251986],[-4738.706729807251,2086.3635691306567],[-4699.525471549442,2075.434476228782],[-4649.848934760406,2061.579569572851],[-4646.084294566832,2060.5335539202492],[-4646.033410488088,2060.5190738868023],[-4635.413515778742,2057.4254012965903],[-4625.2968741157265,2054.5871884979474],[-4606.113171580946,2049.21952975538],[-4597.059935732375,2046.7070708673943],[-4598.196444131143,2042.6118482043967],[-4597.057880418294,2046.7064999199622],[-4530.484027485896,2028.194895407862],[-4526.637025097577,2027.1283323290745],[-4526.5706215248865,2027.1093398924195],[-4514.1492845764915,2023.447204423763],[-4506.3710414213765,2021.2571754885826],[-4500.277167711153,2019.5541083497203],[-4501.421090729593,2015.4609506288543],[-4500.27662277849,2019.5539560171842],[-4488.894432751332,2016.371318697284],[-4443.048479198829,2003.524857388464],[-4443.019937442377,2003.5167521662975],[-4440.390786504725,2002.7602045769183],[-4428.957512296598,1999.5726301051864],[-4430.098875841999,1995.4787579458207],[-4428.94600776767,1999.5694052299548],[-4410.745875032469,1994.4400575933746],[-4410.531807662639,1996.0090669426502],[-4399.263257005335,1994.4716452554503],[-4394.392449180404,1993.8191097847466],[-4394.349310702386,1993.813167758223],[-4393.690407665523,1993.719918899455],[-4332.157746081259,1985.3496150132296],[-4332.376778030923,1983.7394442215816],[-4275.965984140575,1976.0694450577887],[-4276.53857484326,1971.858193475753],[-4275.939754258856,1976.065795394625],[-4255.729642393839,1973.1895178305315],[-4255.723090306174,1973.188580139752],[-4254.063503707166,1972.9497523371283],[-4167.175308314411,1960.575381425823],[-4133.02914058158,1955.9347205056447],[-4133.601478601922,1951.723434574902],[-4132.997012647976,1955.9302291872548],[-4089.856718425198,1949.7314860814352],[-4089.63327380666,1951.341001738797],[-4074.7473715270985,1949.274432991089],[-4038.161565299405,1944.2096875910424],[-4027.8586508504304,1942.781051359184],[-4028.6655772283557,1936.961730537936],[-4027.66883534349,1942.751560467645],[-4024.880034368124,1942.2714574638526],[-4024.8584971693076,1942.2677084796314],[-4020.95326511682,1941.58043566865],[-4014.006801087029,1940.3633073966403],[-4015.0207456058124,1934.5764652946964],[-4014.146250719128,1938.7355227231485],[-4000.333109501091,1935.831133550356],[-4001.207604387775,1931.672076121904],[-4000.258575260437,1935.8147616899219],[-3992.72544201595,1934.0890302165196],[-3988.8589939295753,1933.212375703252],[-3988.841942469443,1933.2084726486191],[-3984.2108994781292,1932.138399106222],[-3950.67273583548,1924.476983557792],[-3884.9797958878453,1909.4858576211689],[-3881.170763543212,1908.6179149163927],[-3871.8960481184263,1906.4967513667486],[-3863.280130970974,1904.5279495038174],[-3838.085083208803,1898.7613734157155],[-3766.4840692557377,1882.3754963732233],[-3763.288592088757,1881.6757700985893],[-3763.2715146289975,1881.6719937386704],[-3752.622041069246,1879.2940675007892],[-3752.613139340728,1879.2920697963198],[-3740.986863114945,1876.6698186666106],[-3740.9678631968986,1876.6654875263318],[-3736.0296611011127,1875.5278800243632],[-3687.057015062638,1864.7111508180983],[-3687.97363250982,1860.5611734138802],[-3687.0522339875074,1864.710091919115],[-3618.3453396496093,1849.451553860156],[-3619.266738171922,1845.3026353549212],[-3618.3260845957966,1849.4472307332087],[-3601.961602889566,1845.7331629332382],[-3602.9022564656916,1841.5885675549507],[-3601.8081678765016,1845.695326637123],[-3581.776217626632,1840.358581103949],[-3581.06314808555,1840.190076615425],[-3582.0405408023507,1836.053991089575],[-3581.03880987072,1840.184249573086],[-3571.3681928407177,1837.838789538179],[-3572.3699237723486,1833.7085310546681],[-3571.365218655833,1837.838067061152],[-3559.4705439706727,1834.944124376863],[-3555.392211632874,1833.957247607534],[-3530.2477188745197,1828.2633641007544],[-3506.5003652911364,1822.9187064917485],[-3498.2665636541037,1821.0625101122857],[-3483.255421567141,1817.6839756487173],[-3483.248554535813,1817.682424119783],[-3421.7056912531093,1803.7239173914486],[-3418.6696957975087,1803.0382645180134],[-3407.757093067036,1800.5647554888412],[-3396.9176275414843,1798.1018991344597],[-3391.7264567811885,1796.9326685867768],[-3392.6603088518605,1792.7865354111418],[-3391.6926167487,1796.9249012714158],[-3357.7984512656294,1788.9992810172866],[-3358.76614336879,1784.8609151570126],[-3357.7967698772545,1788.998887490645],[-3284.4569982186513,1771.8180982564381],[-3258.0055466401054,1765.6219110725735],[-3195.099855466046,1750.8905850429737],[-3196.0689081137534,1746.7525375606492],[-3195.0714468628157,1750.8838292536768],[-3190.5301134771307,1749.7873673196393],[-3190.39704791095,1749.7529535984063],[-3175.4430149348277,1745.6264125054145],[-3176.5735417519463,1741.5295345336199],[-3175.4289939664595,1745.6225175981754],[-3150.8088241671503,1738.7378175205895],[-3150.7885921614125,1738.7321059221779],[-3144.649884170538,1736.982713186406],[-3145.8146639617626,1732.8954417202622],[-3144.496783124721,1736.9359478889692],[-3113.1999067009415,1726.7279313742076],[-3071.360197930351,1713.4145534677878],[-3040.3768722072577,1703.5610537997245],[-3041.66491425992,1699.510936805047],[-3040.369445104802,1703.5586842858243],[-3037.3865627728615,1702.6040219525817],[-3037.216130113875,1702.5454638470292],[-3023.84488845428,1697.6319524636474],[-3008.5445534884525,1692.4070907569517],[-3004.0764570855367,1690.9643888402527],[-3005.382350661559,1686.9199924739078],[-3004.0520753175397,1690.9564349061857],[-2930.353814163481,1666.6679726389284],[-2931.6840895075,1662.6315302066505],[-2930.3502969892184,1666.66681179759],[-2918.457106365841,1662.73572339286],[-2889.674993213463,1653.2195952559443],[-2891.0091267987154,1649.1844264147803],[-2889.67494091805,1653.2195779653214],[-2871.116951069348,1647.08354869367],[-2851.2940292355647,1640.531913061494],[-2844.992650595219,1638.4523977604924],[-2832.4195577781315,1634.2911426454687],[-2801.2010905138823,1623.976140964133],[-2786.3029011036674,1619.0920997985083],[-2787.626841871883,1615.0535752112046],[-2786.295254588264,1619.089585036032],[-2782.2922192919855,1617.7688769288288],[-2782.2820525777083,1617.7655084479757],[-2765.5835033335775,1612.2095109524755],[-2764.777177826588,1614.8374171239461],[-2756.466650337526,1612.2874819840551],[-2750.6192910068157,1610.5954769505024],[-2750.497336493575,1611.0763699930187],[-2734.42058061311,1606.9993034427614],[-2728.3374142413545,1605.473238278603],[-2730.1623662821366,1598.198655813001],[-2727.8769967699927,1605.3419804026416],[-2682.8828945784053,1590.946981535577],[-2685.168264090549,1583.8036569459364],[-2683.358565606686,1589.3929875317492],[-2646.529689907198,1577.468632818339],[-2648.339388391061,1571.8793022325262],[-2647.020387619339,1575.9194429434665],[-2609.0741390482417,1563.5309805778616],[-2609.0586850018726,1563.5259024858249],[-2598.144508701006,1559.9164231478942],[-2599.4789635190973,1555.8813605289906],[-2598.144120690535,1559.916294806403],[-2583.7908644581316,1555.1679296953293],[-2575.214437683807,1552.4083433618257],[-2568.6363809175105,1550.9359172591828],[-2561.2457770259603,1549.4239494738522],[-2556.508009471246,1548.457011904288],[-2545.1236938869465,1547.031500717425],[-2535.941838969305,1546.5856202231873],[-2531.0450946444057,1546.6552437295893],[-2530.9846728667035,1542.405673256144],[-2531.040726603236,1546.655303590493],[-2515.407224117824,1546.8615135806458],[-2495.506391255703,1548.4641852789523],[-2480.5582929620864,1550.3381132347663],[-2463.0668408276288,1553.1898130179345],[-2461.69911058091,1544.8005750327409],[-2479.267962908325,1541.936256393701],[-2479.4231761391134,1541.9138827165766],[-2494.5426193238677,1540.0184745714246],[-2494.730110927124,1539.9991823525913],[-2514.8672326279802,1538.3774816298671],[-2515.1523391807623,1538.3641361840723],[-2530.9264350942385,1538.1560717298005],[-2535.954348818586,1538.084583214136],[-2536.2209121330116,1538.0891559647507],[-2545.6974619916464,1538.5493471540622],[-2546.019369579751,1538.5772766865778],[-2557.726033479166,1540.0431514004233],[-2558.047853415062,1540.0960603022838],[-2562.946491167518,1541.0958300942445],[-2562.096622106794,1545.2599893826991],[-2562.948443113338,1541.0962289461693],[-2570.378359609086,1542.6162392936474],[-2570.4548820561977,1542.6326296680709],[-2577.2601539121024,1544.155915384843],[-2576.331810458447,1548.3032854469493],[-2577.6335797962256,1544.2575597282162],[-2586.41096196334,1547.0818062949588],[-2586.4440354541234,1547.0925977362797],[-2600.813612346184,1551.846362071728],[-2611.719872473992,1555.4532234142825],[-2649.6485358685104,1567.8359446775005],[-2650.1490868749243,1566.2899716467134],[-2686.958481082576,1578.2080186948856],[-2687.453633602693,1576.6603323562958],[-2732.2196228350244,1590.982350863044],[-2738.079831365479,1592.4524832820018],[-2738.0985186507432,1592.4571968330044],[-2754.1846151456675,1596.53663216382],[-2752.3409758196212,1603.8065010784194],[-2754.2866909578065,1597.0823511246308],[-2760.4120219837264,1598.8547906724452],[-2760.519647371927,1598.8868712390636],[-2768.8838588793597,1601.4532783496056],[-2766.8305183529737,1608.1453477367759],[-2768.1722723508697,1604.1127063928016],[-2784.960479338614,1609.6985351144572],[-2788.954607088502,1611.0163043845375],[-2803.853682828037,1615.9006361135837],[-2803.8631007679273,1615.9037357473642],[-2835.0872788001784,1626.2206243432954],[-2847.658167275666,1630.3811510056096],[-2853.958714317514,1632.4603918711425],[-2852.626825280313,1636.4963021269068],[-2853.960528197809,1632.460990921081],[-2873.784598390857,1639.0130060952613],[-2872.450895473361,1643.048317301087],[-2873.7850813540263,1639.013165750546],[-2892.3432865401596,1645.1492662215453],[-2921.124861936981,1654.6652165782348],[-2933.0161236916906,1658.5956674287968],[-3006.7004471209957,1682.8795362918615],[-3011.190210527175,1684.3292342588509],[-3011.257762391469,1684.3516724426092],[-3026.638196613639,1689.603886984268],[-3026.7306529874277,1689.63665579163],[-3040.063338309198,1694.5359989317308],[-3042.956670950392,1695.4620011613567],[-3073.936601455162,1705.3144210620985],[-3072.6485594025,1709.364538056776],[-3073.937240279572,1705.314624280278],[-3115.7918854120667,1718.6327549308355],[-3115.821085372036,1718.6421625386265],[-3147.0564347293844,1728.8301109385473],[-3153.108042804131,1730.554682171034],[-3177.711082387295,1737.4345920135654],[-3192.5918470306196,1741.5409148292144],[-3197.0521766675424,1742.6178191753172],[-3259.943782164309,1757.3458466050497],[-3258.9747295166017,1761.4838940873742],[-3259.9440426262568,1757.3459076089707],[-3286.39565462597,1763.5421323710975],[-3285.426341516315,1767.680118849501],[-3286.3957150078504,1763.5421465158686],[-3359.7346762056454,1780.7227458891582],[-3393.6110968025305,1788.6442167793082],[-3398.7892317191204,1789.8105112057615],[-3398.797030132056,1789.8122753863959],[-3409.6371626935356,1792.2752838881006],[-3420.5438127313478,1794.7474449870608],[-3423.580092130504,1795.4331619866507],[-3422.6438463419327,1799.5787552883849],[-3423.5839103328553,1795.434026142473],[-3485.1252496446646,1809.392187219714],[-3500.133683021107,1812.7701120380077],[-3499.2004860615125,1816.9163927128538],[-3500.1351339902567,1812.7704388721443],[-3508.3674542076033,1814.6263015603274],[-3532.1168007173146,1819.9714077038964],[-3532.122257132428,1819.9726395158884],[-3557.299998037338,1825.6740519505781],[-3556.361365007295,1829.819105392322],[-3557.3609336467084,1825.6883230771787],[-3561.472249875576,1826.6831813039175],[-3561.477386352678,1826.6844276125769],[-3573.3731419264764,1829.5786332741939],[-3583.0301112047073,1831.9207832559525],[-3583.7895585870738,1832.1002472287546],[-3583.906254459463,1832.1295736724323],[-3603.9199793337816,1837.4614637526747],[-3620.1977692396213,1841.1558560609228],[-3688.892640799669,1856.4117240819594],[-3737.8816454346734,1867.2320664584972],[-3736.9650279874913,1871.3820438627154],[-3737.919106128467,1867.2405181896195],[-3742.8665244846543,1868.3802488300846],[-3754.478845994485,1870.9993525401935],[-3765.1153327731527,1873.3743789532796],[-3768.3217890092997,1874.0765093581156],[-3767.412689974648,1878.2281402358785],[-3768.360791314309,1874.0852422345113],[-3839.9813401580063,1890.4755898326318],[-3839.033238818345,1894.618487833999],[-3839.9814487437347,1890.4756146839507],[-3865.174366612528,1896.241703556943],[-3873.789942553749,1898.2104274516844],[-3883.060858542002,1900.3307233672717],[-3886.8688982701988,1901.1984398901423],[-3885.924677556206,1905.3422240596265],[-3886.8702201314127,1901.1987413169966],[-3952.5642911586883,1916.1901253659428],[-3951.6187485834816,1920.3336081085727],[-3952.565231479552,1916.1903400593817],[-3986.1090338241415,1923.8530437057286],[-3985.162550928071,1927.9963117549196],[-3986.1193679701255,1923.855417992936],[-3990.747054839627,1924.9247160518917],[-3994.609606132496,1925.8004870303132],[-3994.6188696779122,1925.8025982789118],[-4002.119439889246,1927.5208700341122],[-4015.7546562989087,1930.3878482459322],[-4016.0346901245957,1928.7896231927525],[-4022.983321579437,1930.0071312312584],[-4026.884290224849,1930.6936520613747],[-4029.567652455269,1931.1556033725178],[-4039.773460021527,1932.570774590295],[-4076.3597341948507,1937.6355847702584],[-4091.2489982662914,1939.7026197863713],[-4090.4411360364757,1945.5218107625842],[-4091.0456019904227,1941.3150161502315],[-4134.189889159712,1947.5143329945968],[-4168.333434584231,1952.1546375279677],[-4168.360323091724,1952.1583793331736],[-4255.2650301563435,1964.535101790061],[-4254.665803628508,1968.7426459155977],[-4255.271176300577,1964.5359816875052],[-4256.930559971594,1964.7747802871659],[-4277.124286172295,1967.6487258642342],[-4333.522221529048,1975.3169766934423],[-4332.949630826362,1979.5282282754779],[-4333.741515571466,1973.7068415377262],[-4395.289858096145,1982.0792785063359],[-4395.321208257836,1982.0836291183416],[-4395.974222287687,1982.1760445567847],[-4400.830500989064,1982.826633580653],[-4400.844600932953,1982.8285399139493],[-4412.120200407971,1984.3669233047037],[-4411.326004035305,1990.187995123677],[-4412.478872109634,1986.0973478395429],[-4431.245993918383,1991.38649013843],[-4442.69048329247,1994.577191376481],[-4442.724382881546,1994.5867941318115],[-4445.356206979323,1995.3441109325813],[-4491.184495453801,2008.185622991499],[-4502.565286218523,2011.3678690558643],[-4508.662845745413,2013.0719662773215],[-4508.670760172911,2013.0741863919493],[-4516.478017424667,2015.2723844869133],[-4516.528045029838,2015.2868014690257],[-4528.941227004282,2018.9465326377685],[-4532.75650172318,2020.0042993714114],[-4531.621040244761,2024.0998124321923],[-4532.75960395761,2020.0051607166267],[-4599.333980258737,2038.5169107572565],[-4608.390525328714,2041.0302880221482],[-4608.399196670261,2041.032704390881],[-4627.588648807942,2046.4019718899553],[-4637.7298872771435,2049.2470842402495],[-4637.770532917364,2049.2587056979482],[-4648.385324570614,2052.350891721184],[-4652.126472228492,2053.3903799080003],[-4650.988700777758,2057.4852518383414],[-4652.130460820809,2053.391490242438],[-4701.809056812964,2067.2469712151155],[-4700.667296769912,2071.340732811019],[-4701.809187187984,2067.247007579263]],[[-5603.515334418722,2318.5486121160293],[-5603.57574058631,2318.5723045865707],[-5605.704079087762,2313.176572954292],[-5603.515334418722,2318.5486121160293]],[[-5600.867939741581,2317.550087287492],[-5598.908488390967,2323.0524524599314],[-5601.039247271629,2317.619883584926],[-5600.867939741581,2317.550087287492]]],[[[-5736.600567217666,2377.134183166468],[-5740.70779639213,2379.9189875693187],[-5740.7146325373415,2379.9236281459357],[-5745.429506322145,2383.128018543231],[-5750.079069020517,2386.291987664043],[-5745.859675857762,2392.4925296837464],[-5749.27077186289,2387.709220259948],[-5756.172644215412,2392.631115776984],[-5791.631590551042,2417.9429167871435],[-5791.770546000609,2418.0452213243907],[-5800.202377595616,2424.4461241351382],[-5808.76163599701,2430.5566544968087],[-5805.348054910428,2435.338190773502],[-5808.875706810995,2430.6401808684013],[-5818.888933166829,2438.158934063583],[-5819.0631334407835,2438.294936134628],[-5844.299243781995,2458.772838264852],[-5840.597391607473,2463.3348460989073],[-5846.1420435886885,2458.284416967913],[-5870.85716849275,2485.4181045637497],[-5871.054817978326,2485.6440157017755],[-5885.739960465206,2503.122759768096],[-5885.884439158859,2503.300147534506],[-5887.965981064366,2505.9369532608534],[-5890.334279930546,2508.923063806738],[-5895.743551963028,2515.7544677378087],[-5883.983764640153,2525.0661486881377],[-5878.579989473325,2518.2416830474544],[-5876.208240708301,2515.2512226370022],[-5876.197689025814,2515.2378873423027],[-5874.181765265422,2512.68420379588],[-5859.666778954145,2495.407985258157],[-5848.703255006929,2483.3715972209534],[-5853.3291293928205,2489.7730606598775],[-5853.57880485308,2490.1480630769606],[-5853.799010841936,2490.541094845074],[-5857.360514604257,2497.511838722887],[-5857.631903927189,2498.1277513941995],[-5859.64814009884,2503.521584128054],[-5859.767023019717,2503.8730861782783],[-5865.1535246177145,2521.6282488252723],[-5859.531546931365,2523.333825529553],[-5865.204964366694,2521.808060277457],[-5865.927585523645,2524.4950604338374],[-5865.9294060487355,2524.501846063752],[-5866.950490116729,2528.31683803523],[-5866.952555753766,2528.324576822105],[-5867.345398581193,2529.8003760099514],[-5870.277138510673,2538.2939531903085],[-5875.665561717426,2546.5389764749175],[-5865.829773716672,2552.9670223991657],[-5860.04321949945,2544.112804304556],[-5859.796031703102,2543.698344707162],[-5859.583692959452,2543.2649963225103],[-5859.407635928108,2542.8156829727754],[-5856.169204101001,2533.43358519859],[-5856.045378075262,2533.027924403553],[-5855.598978739659,2531.350928590104],[-5854.5798383619185,2527.5431986677963],[-5853.882418160813,2524.9499059425452],[-5848.57695616873,2507.461868693674],[-5846.743739962275,2502.5576507644237],[-5843.541027759409,2496.2891507233135],[-5837.579040129805,2488.0387222312147],[-5832.336858294355,2482.6320294673155],[-5826.458877655156,2477.4377622361667],[-5808.268061497918,2463.864326481626],[-5808.20000728507,2463.812772467718],[-5807.232717295029,2463.068885028861],[-5805.435273316273,2461.68813126295],[-5805.422744704923,2461.6784802401376],[-5802.643614105639,2459.5316978007395],[-5792.185984497648,2451.4696369618],[-5772.1835646121235,2436.062936933972],[-5744.935412757952,2415.5451927938034],[-5740.649591102924,2412.5330254494493],[-5734.277041668192,2408.0567208470384],[-5729.935634108736,2405.0125405645354],[-5725.419631989373,2401.8486390631188],[-5728.790653709963,2397.0370034202915],[-5725.349013849756,2401.7983834799647],[-5708.176769719181,2389.3858730001643],[-5708.099877079534,2389.329336619881],[-5692.797362806869,2377.8853020319257],[-5677.102077539839,2367.585898836806],[-5667.634869344045,2361.972118594815],[-5673.627877951389,2351.865370956118],[-5675.108877527524,2352.743560807546],[-5681.056985721107,2342.734026186168],[-5685.395072274315,2345.311909089585],[-5690.263488361683,2348.1999361533376],[-5687.2660646945005,2353.252764703706],[-5691.431864230476,2347.0160897702126],[-5696.9155629617635,2350.6789373410465],[-5726.8279208811255,2370.6213767502413],[-5736.550739842013,2377.100689292115],[-5736.600567217666,2377.134183166468]],[[-5747.404101752447,2402.9185006841935],[-5751.770618827459,2405.987382260003],[-5748.392431865679,2410.793989988044],[-5751.926423841468,2406.100747429316],[-5779.277161795259,2426.695738472526],[-5779.328176226153,2426.7345901942003],[-5799.356996657071,2442.161625025806],[-5795.771990250389,2446.81601586286],[-5799.35899501968,2442.16316493197],[-5809.819868041948,2450.22772620401],[-5812.599470682559,2452.3748698243285],[-5814.391912904984,2453.7517813598447],[-5810.812949622166,2458.410820619203],[-5814.394450461763,2453.7537317499664],[-5815.329169161299,2454.4725704711445],[-5833.680539709894,2468.165807047009],[-5834.057409553464,2468.4720570852596],[-5839.564638237966,2473.338697390196],[-5835.052739626257,2468.3852752299017],[-5836.204539915525,2467.3361407208804],[-5811.745249987221,2447.48859137376],[-5801.876935865313,2440.0786501921216],[-5793.305107467665,2433.9591459988233],[-5793.166389088687,2433.8570106994966],[-5784.734673519947,2427.4561959684092],[-5749.349328010244,2402.196932933443],[-5742.553686700583,2397.350793394918],[-5741.640282695008,2398.6930717034497],[-5736.996147989768,2395.532794721223],[-5733.199342065374,2392.9523548197917],[-5736.678643481524,2395.3899460085195],[-5741.024944585427,2398.437557049482],[-5737.651991275023,2403.247838846408],[-5741.028936016144,2398.4403582988225],[-5747.404101752447,2402.9185006841935]],[[-5682.395729759352,2350.363599347157],[-5679.451310096716,2355.3184975423214],[-5679.455075515648,2355.320730326682],[-5682.395729759352,2350.363599347157]],[[-5689.555340886092,2361.7038941778246],[-5689.559524166804,2361.706639288474],[-5692.7524740288845,2356.917422827369],[-5689.555340886092,2361.7038941778246]]],[[[1247.907889755837,1287.2289881669406],[1248.5266680557345,1299.986592473996],[1248.5310602445265,1300.059029815855],[1249.118388466583,1308.1285378058874],[1249.1564209914895,1308.433804550047],[1249.225515137198,1308.7335715546844],[1249.3249443844625,1309.0246867944588],[1249.4536632429447,1309.3040892166237],[1253.8437319251284,1317.6751222847463],[1253.1166063078376,1317.7283933551848],[1253.1582515339064,1318.2968315424264],[1253.1597991860722,1318.3172396659809],[1253.7042970775049,1325.2615983521177],[1255.1680436937547,1343.9661121618171],[1259.1558515576762,1343.6540409512818],[1255.1681125394302,1343.9669906634706],[1255.8819537059521,1353.063059973331],[1259.869692724198,1352.7501102611423],[1255.8819931569822,1353.0635622696302],[1257.0296616707244,1367.6640660521177],[1257.1765105226302,1369.5601967686164],[1257.4989522897674,1373.943142407985],[1258.2586322652946,1384.330186756757],[1259.0055642203583,1384.2755581992685],[1256.4344223723992,1391.9678328431164],[1256.3514417165443,1392.266660344356],[1256.29975545522,1392.5724579819102],[1256.2799159633187,1392.8819576738395],[1256.2921352669555,1393.191851774077],[1256.5208491054893,1395.6948649130568],[1259.1012106566382,1425.2014445865013],[1259.139203954679,1425.4822673941067],[1259.203524787649,1425.7582524850325],[1259.2935992354785,1426.0269373074834],[1259.4086235844866,1426.2859244482888],[1263.122504128262,1433.68474906024],[1259.3751920707325,1433.9725259788684],[1259.6961990644957,1438.1525463363505],[1259.6994598024253,1438.193436653726],[1260.4268197034912,1446.9893576040865],[1267.4030083679827,1446.4124765787274],[1260.4271929652734,1446.9938537947621],[1261.0215582196718,1454.125509769769],[1261.4327854948003,1459.116576286134],[1264.225957436853,1492.831948247468],[1265.2265909926784,1504.905698898149],[1268.3986158728362,1504.64281169454],[1267.8862706303626,1506.149407460973],[1266.214016939228,1511.0772025357496],[1266.1210066550532,1511.4020395860703],[1266.059753063054,1511.7343316559281],[1266.0308270468188,1512.0709817826296],[1266.034498196872,1512.408852386383],[1267.0606175133344,1529.735200069008],[1267.06666113839,1529.8198466186266],[1268.3210640578295,1544.8256062014814],[1268.3433687162728,1545.0240439424185],[1269.2114594691925,1551.1635938497154],[1269.2824582611147,1551.526327261536],[1269.3913140713462,1551.8795506598042],[1269.5368129011786,1552.219324771565],[1272.4033551429995,1558.0427408435244],[1269.1632338795846,1558.3454853500557],[1269.8490523417709,1565.6854533238152],[1270.156477040508,1569.6217141168447],[1271.0956809372785,1581.703419755819],[1272.6941999699218,1602.2914617552237],[1276.614128279383,1601.9871064401602],[1273.2177522197755,1610.440828833819],[1273.134257793539,1610.6799327221768],[1273.0731144890199,1610.9257039266595],[1273.0348408983698,1611.1760579178383],[1273.0197616423113,1611.428871296988],[1273.028004616841,1611.681999805875],[1273.2234163730725,1614.162495986899],[1273.4166179741935,1616.7430895274258],[1273.450456055191,1617.013801832404],[1273.5109510822886,1617.2798291232757],[1273.5975076630875,1617.538553157939],[1273.7092739072298,1617.787427572981],[1278.6145964093362,1627.403269573199],[1274.6056596804729,1627.712251992022],[1275.1690783550537,1635.0224084302383],[1276.5990045114743,1653.7243176364332],[1283.5786329503753,1653.1906633898616],[1276.5992847480436,1653.727970258057],[1276.9467228627304,1658.241018061271],[1277.598249089644,1666.7482717743253],[1278.8623351577814,1683.727015617689],[1280.7792943155673,1709.529657689965],[1280.7809081901894,1709.5509415096676],[1284.5435916905983,1758.1895945706506],[1285.160141415933,1766.709781811182],[1292.1418854658841,1766.2045590672642],[1285.1624388147648,1766.7405856003577],[1287.1519113134802,1792.6449323283457],[1288.1776923505213,1806.0314745287963],[1288.5619130978603,1811.0368789292513],[1289.8297376859869,1827.5774358688814],[1291.6489196842645,1851.374750368246],[1292.3228121596794,1860.1494709012131],[1293.39634244643,1874.13806991498],[1295.100974106451,1896.3753121635807],[1296.0637476593276,1908.937543139472],[1299.8477712064625,1908.6475343184563],[1296.9858728331055,1914.3832983187456],[1296.8849572146246,1914.6107708616985],[1296.80501813297,1914.8464347390216],[1296.7467101924462,1915.0883601488542],[1296.7105108644987,1915.3345660149644],[1296.6967165778005,1915.5830362093645],[1296.7054402908602,1915.8317360619606],[1296.923024007499,1918.5347228578478],[1297.0906996994433,1920.7358518290916],[1297.121957607505,1920.9896538565808],[1297.1766556347952,1921.2394550811268],[1297.2543208104491,1921.4830954851338],[1297.3542815679186,1921.7184683232867],[1297.4756735519736,1921.9435383394623],[1297.6174470927335,1922.1563593654782],[1300.1209008812987,1925.560040069114],[1301.243950394307,1927.0913951532539],[1297.4783577283613,1927.4135360045948],[1298.2757093056805,1936.7339970365756],[1305.2502341336804,1936.137336811982],[1298.2760658730801,1936.7381504876214],[1299.3334618806514,1949.0122680283755],[1301.6031167206147,1975.443190188161],[1303.8147933394475,2001.3990596088786],[1305.431192630614,2020.8547673296007],[1306.0781318917152,2028.6901212260225],[1320.0306536958806,2027.5381076391689],[1319.3835673271815,2019.7009720606632],[1317.7661125280063,2000.2325487425908],[1317.764872223807,2000.2178086523209],[1315.5523723543436,1974.2522776989508],[1308.5776468817494,1974.8465878721327],[1315.5519802248768,1974.24769354177],[1313.2820461577235,1947.813519683977],[1306.307712814596,1948.4124140143394],[1313.2818810751962,1947.8116003387001],[1312.2245812963579,1935.5385998087634],[1311.427407384361,1926.2202155554078],[1307.8657218816968,1926.5249124522372],[1308.7860991325817,1925.0351241795497],[1308.7877947790046,1925.0323758777263],[1310.6477970018248,1922.0137215787577],[1310.7860520855434,1921.7604927481027],[1310.8970157375531,1921.4941726835532],[1310.9794665974969,1921.2176927303135],[1311.0324971410641,1920.9340960619659],[1311.0555236689768,1920.6465041847139],[1311.048292731678,1920.3580825794297],[1310.8213640925105,1917.4375885529253],[1310.8211262246375,1917.4345490897845],[1310.6146563224509,1914.814956759366],[1310.5832851926789,1914.5644372634733],[1310.5290704578053,1914.3178507104578],[1310.4524690927772,1914.0772755735852],[1310.3541267690125,1913.8447396560111],[1310.2348724120482,1913.622202998468],[1310.0957112145422,1913.4115413581198],[1306.2659296830013,1908.1556445218714],[1310.0228117231725,1907.867715834961],[1309.0600338411148,1895.3054283720858],[1307.355366156929,1873.0677161694498],[1306.2817517663007,1859.0780209038533],[1305.6080973796713,1850.3064060465376],[1303.7889551398935,1826.509611641108],[1302.520937748757,1809.96653741981],[1302.1367342943172,1804.9613585412353],[1301.110942748669,1791.5746792024381],[1294.1314040432917,1792.1095057725906],[1301.110850694411,1791.5734792394971],[1299.122514798958,1765.6839318942727],[1298.5058246409365,1757.1618039947184],[1298.5032281753276,1757.1271202689895],[1294.7400265212548,1708.4817692499428],[1292.8238173401169,1682.6892220088107],[1285.8430558811524,1683.2078446587548],[1292.8237357828043,1682.688125397353],[1291.5590575762185,1665.7014281659335],[1284.5783776745666,1666.2211474273354],[1291.5579392334269,1665.6866191810486],[1290.9057395787033,1657.170572236043],[1290.558121781549,1652.655183223098],[1289.128172208162,1633.9529677479536],[1288.5642618541287,1626.6364149422745],[1284.3581215174538,1626.960596515353],[1285.1457884343893,1616.2556078667635],[1285.1531960989564,1616.0478766015272],[1285.144892108439,1615.8401792356494],[1284.9442532172413,1613.2652240544307],[1284.943971583067,1613.261639876011],[1284.7425892977337,1610.7200509996146],[1284.7144551910487,1610.489331854979],[1284.666938764804,1610.261812535146],[1282.4553655845173,1601.5335747732483],[1286.65219067568,1601.2077203386648],[1285.0536461639106,1580.6193501821904],[1278.0746508110315,1581.1612208904698],[1285.0535951748957,1580.6186938717067],[1284.114267892996,1568.535401034452],[1283.8023999157037,1564.5422427238898],[1283.7932942758396,1564.4360711249205],[1283.102518918129,1557.0430520065743],[1280.0442392777982,1557.3288059291208],[1282.3349690877785,1551.563487916171],[1282.454802615188,1551.2072320030074],[1282.5357414772802,1550.8401798942289],[1282.5768522121057,1550.466564774838],[1282.9268140879853,1544.2095068724348],[1282.9191780027,1543.7115445816664],[1281.6172445857196,1528.704728309974],[1281.6143525458924,1528.6730640354845],[1280.66667644786,1518.792855518991],[1277.182666195673,1519.1270299684256],[1280.6616063946742,1518.7436566623999],[1279.8539786023205,1511.414797953437],[1279.7982509290534,1511.0690512394003],[1279.7082502297526,1510.73060443714],[1279.5848775867453,1510.402846058464],[1279.4293682005264,1510.0890576032386],[1276.6822700889015,1505.179762315806],[1276.031480133973,1504.01022449332],[1279.178757340386,1503.7493882971878],[1278.178150573505,1491.6759609252001],[1275.3853769062996,1457.9654049766993],[1274.9740080131799,1452.9726196424024],[1274.3790112513195,1445.833348912677],[1273.6535274051266,1437.0601149847075],[1273.3340908755747,1432.900544562901],[1269.6813652400047,1433.1810576645219],[1272.7714339714282,1425.3617730217286],[1272.8587679747404,1425.1081491433729],[1272.9230982533902,1424.8477380931931],[1272.9639105060999,1424.5826217794072],[1272.9808784511538,1424.3149197274026],[1272.9738664349218,1424.046772134769],[1271.9042474319951,1408.978361235279],[1268.9117771224119,1409.1907793283463],[1271.90420333737,1408.9777409561418],[1271.1337498623036,1398.1556287125193],[1268.1413236473454,1398.3686670847237],[1271.1321784172603,1398.1345992627646],[1270.857377417006,1394.6232670535426],[1270.6667477040578,1392.202842773847],[1270.6288118364407,1391.9083373920043],[1270.5619475080503,1391.6190249111553],[1270.4668097853682,1391.3377397112085],[1270.344330727907,1391.0672375292036],[1270.1957102568679,1390.8101684614917],[1265.6586376738492,1383.788970628385],[1266.2373214858512,1383.7466472792803],[1265.477579100318,1373.3587496034233],[1265.1543833701858,1368.9655503685565],[1261.1651639449992,1369.2590267350897],[1265.153221692636,1368.9501652750234],[1265.0055993968642,1367.0440477547284],[1265.0052412164434,1367.0394572063067],[1263.8574120328315,1352.4369094006436],[1263.1436250470829,1343.3415304853575],[1261.6798891807614,1324.6371540438215],[1257.69208131684,1324.9492252543569],[1261.6798418859003,1324.6365502731917],[1261.136120255825,1317.7020917857265],[1261.0952227502898,1317.1438596399635],[1260.378303647239,1317.1963829552328],[1263.4999479702014,1308.4788274473865],[1263.589532763294,1308.1807619308045],[1263.6477540716592,1307.8750189561001],[1263.673985249733,1307.564889285437],[1263.667943967011,1307.253710895712],[1263.0883801281157,1299.1398669648268],[1263.0765350839768,1299.012383419042],[1261.6105177567067,1286.2070578634464],[1261.4739056094425,1285.0001919863664],[1258.2079999999842,1285.2319999998435],[1255.4836022603574,1285.4243611288655],[1255.6488068398812,1286.8838197037971],[1255.6492386969792,1286.8876132369512],[1257.108190156581,1299.6312200569344],[1257.638173834581,1307.0509459967102],[1256.586825483144,1309.986958771874],[1255.0572393763134,1307.0703265258269],[1254.5178649246707,1299.6596721698813],[1253.9010369941602,1286.942303752694],[1253.8343079307763,1285.5408125980152],[1251.2540000000154,1285.723000000231],[1247.847667658971,1285.9641609418345],[1247.907889755837,1287.2289881669406]],[[1273.701017155293,1519.4858217581661],[1274.6448141066096,1529.325587365424],[1275.9237964022886,1544.0678561140985],[1275.7406900379738,1547.34166164202],[1275.288412424176,1544.1429396506549],[1274.0458652298867,1529.2790038458916],[1273.1927040971555,1514.8731095431087],[1273.701017155293,1519.4858217581661]],[[1265.9193288280417,1409.4035075638803],[1266.9406197912292,1423.791090281782],[1266.0284296469665,1426.0993478016896],[1265.0284085787355,1424.107097268888],[1262.4975283163908,1395.1663389198995],[1262.4964879790596,1395.154703670335],[1262.3245294463873,1393.2728128787774],[1263.1150552974066,1390.9077384026532],[1264.744801290755,1393.4297983493775],[1264.8757257766626,1395.0921425213014],[1265.1496461987822,1398.5922229433606],[1265.9193288280417,1409.4035075638803]],[[1279.4610136457018,1613.694277702028],[1279.6453305673836,1616.0597603342187],[1279.5642661369238,1617.1614872053328],[1278.8599716337078,1615.780867549512],[1278.7076676357917,1613.7465432429933],[1278.7068484007686,1613.7358793024646],[1278.5616584834158,1611.8928835561392],[1279.0796972134708,1610.6034634400542],[1279.2781815572366,1611.386805614686],[1279.4610136457018,1613.694277702028]],[[1305.3380108387921,1917.8651858151509],[1305.4954298999726,1919.8911153299202],[1304.257054808957,1921.9009120099274],[1302.514956629521,1919.5323658101659],[1302.4066865264633,1918.1110717764473],[1302.4057643053761,1918.0992992862537],[1302.2491475129993,1916.1536889788822],[1303.4844998328542,1913.6778186160973],[1305.192749428161,1916.0221778359517],[1305.3380108387921,1917.8651858151509]]],[[[3736.9042116801224,71.61565291937885],[3737.214317873382,71.74042033766415],[3749.5302261534084,76.2929414453825],[3749.7347421667496,76.36428294238362],[3763.0591744487015,80.73845644947801],[3764.891617656045,75.15654128603637],[3763.6748321606656,80.9041545348758],[3771.3505280863837,82.52912042332386],[3771.538342108446,82.56569620209231],[3779.165581249128,83.92253489779725],[3779.2474204216983,83.93649776582663],[3794.811100062811,86.47883607843016],[3795.1249426737336,86.5214520405974],[3798.6711550006344,86.90595280474841],[3804.4726237455993,87.89620085043991],[3806.4496287618153,76.31371617892599],[3800.4713098011766,75.29328171180403],[3800.116096982893,75.2437561897565],[3796.549017926979,74.85699293466833],[3781.1826539392946,72.34688627659344],[3773.690489913924,71.0140766089419],[3766.420734105835,69.4750493572355],[3753.502544261909,65.23423799813132],[3741.445064824382,60.77724397080142],[3733.2929990723665,57.224678078683134],[3732.8919999999925,58.07299999985844],[3732.143999999971,59.65699999965727],[3729.210000000021,65.86099999956787],[3728.978000000003,66.35300000011921],[3728.268935473661,67.85251009726518],[3736.9042116801224,71.61565291937885]]],[[[3730.741956225177,86.7840167057754],[3740.700040775322,91.10423700825464],[3747.1547279128326,94.16737466033916],[3753.2531685541053,97.4678213343373],[3752.3056699125063,98.6880951045579],[3754.2814744252446,100.22223616172883],[3754.745907110672,100.55528362420206],[3765.853960871857,107.89667993084346],[3774.12450310176,95.38276242978121],[3763.255014906573,88.19903590065098],[3761.505077513264,86.84027252844211],[3756.905373712885,92.76418381650001],[3759.7016535345283,87.59732363268706],[3752.6104146024845,83.75957931008163],[3752.3329388399334,83.61877982960726],[3745.648061128294,80.44640289144303],[3745.467501828411,80.36442096782935],[3735.3943991902856,75.99430116145027],[3735.346213952245,75.97365140881261],[3726.24947940857,72.12320006672148],[3725.396999999997,73.92599999997765],[3725.1689999999944,74.40799999982119],[3721.2223095574245,82.75455579185129],[3730.741956225177,86.7840167057754]]],[[[3520.8539054463085,3722.221989640346],[3523.7537126519396,3724.258236380861],[3523.8150375124046,3724.30068086578],[3531.8327869354052,3729.7699397908927],[3542.21343597595,3737.69551150613],[3569.0854662462475,3758.5957808815815],[3609.867151857609,3790.348947127659],[3637.122468213413,3811.637420500183],[3637.152033529241,3811.6603517693616],[3638.6686183162933,3812.828395797234],[3645.0015016889724,3817.703370494075],[3656.7255065752856,3827.034106105361],[3656.8275078794536,3827.1133470863597],[3666.346752398145,3834.330862637304],[3667.8863713375263,3835.5322142167697],[3667.891058104943,3835.5358671899867],[3709.840257243223,3868.195615658557],[3717.3345449046788,3874.033367344203],[3720.714413994629,3869.694417594005],[3717.364920772558,3874.0568590154157],[3731.102098336389,3884.6042976387994],[3764.626151280623,3910.329128797584],[3789.468186865304,3929.613814297037],[3792.9228321915807,3932.5156970413477],[3805.4070535773963,3942.992706770519],[3808.9426831501187,3938.7797121675685],[3807.487068325285,3940.964159576348],[3821.066893173295,3950.0131274242203],[3823.3349117782996,3951.648330255321],[3835.90850456796,3960.7173907873566],[3848.814806092666,3970.7937204308446],[3848.8195154942046,3970.7973885882916],[3852.7654200252264,3973.863655264825],[3863.424399093569,3982.1833617447105],[3865.0395458088024,3980.1140802055597],[3863.4254104778383,3982.184150767964],[3873.011335774195,3989.658765876186],[3880.767224776272,3995.7028109218713],[3896.1043517893654,4007.66404003806],[3915.9176368228923,4023.116648959663],[3931.1830964930928,4035.0105038563333],[3932.7964411620633,4032.939817018807],[3931.1921006609464,4035.0174879639944],[3941.1905440820333,4042.738107904187],[3952.087411577232,4051.3238056476844],[3952.0895133845765,4051.3254599375805],[3958.7554930398032,4056.5666193626976],[3958.7625912385715,4056.572180654409],[3960.419265458391,4057.86556460012],[3960.450082836029,4057.8892589034385],[3969.452774921429,4064.705616491834],[3971.0373306375695,4062.612817365676],[3969.4781569767633,4064.724594459843],[3974.680033655384,4068.5652598058546],[3974.683676116804,4068.5679442714554],[3981.0392220970093,4073.243484489093],[3982.906757833105,4074.759129977314],[3982.911612903132,4074.76306065867],[3987.8385199173517,4078.742205994302],[4009.9569434320133,4096.614430207791],[4030.600771224448,4113.28659350453],[4068.0487440549596,4143.542283641634],[4086.694319937006,4158.606639964131],[4094.779719859321,4165.431404562984],[4103.711048904405,4174.02848334002],[4107.765307298503,4178.19172386444],[4124.906235072458,4196.704961808242],[4132.816128414382,4205.560933527253],[4145.366947578168,4220.2861756444045],[4160.990634937294,4239.0791787357875],[4164.326883855144,4244.472225023016],[4164.526386563618,4244.751975826111],[4185.737318961542,4270.715707802337],[4185.7649829379825,4270.749006300683],[4189.997569578032,4275.759043951037],[4192.0027755355695,4274.065003199503],[4190.000604080566,4275.762629325824],[4193.13265656995,4279.4565557991455],[4198.774827020325,4286.13125510858],[4201.887935659623,4289.814995446817],[4205.015483339433,4293.511444293651],[4205.018737883825,4293.515283369397],[4208.221413481849,4297.285840291898],[4206.980614828607,4298.335137018711],[4213.776844526371,4306.371712794305],[4213.792940513233,4306.390633949304],[4232.915562092154,4328.737001925932],[4233.158661630513,4328.998058776542],[4233.422797044168,4329.237809789166],[4233.706107531999,4329.454565947754],[4240.370015444439,4334.123072096212],[4237.565114063718,4336.303822984744],[4246.276607268997,4347.508623793547],[4246.352151159859,4347.604276272543],[4250.294799904652,4352.518953483626],[4256.534989238833,4347.5129533763975],[4250.341967629544,4352.577189088416],[4259.606258100216,4363.906430921184],[4270.818004845687,4378.236513810064],[4273.893633362391,4375.83016569053],[4274.335680128813,4376.749421208699],[4273.975296628522,4377.195205801693],[4274.915584964751,4377.955358591218],[4278.591179876169,4385.598918416856],[4278.815794287444,4386.004107015904],[4279.085752476529,4386.380606698104],[4280.70683629118,4388.385253873886],[4282.327922826347,4390.389902182063],[4282.57137513698,4390.664216119995],[4282.838929853606,4390.915077910046],[4283.128337557365,4391.140378476182],[4283.437165104285,4391.338223643825],[4283.762816081503,4391.506950064794],[4288.836398431042,4393.847182308756],[4285.315547199393,4396.736795496107],[4290.506673590895,4403.06192711897],[4301.028348774683,4416.111890027514],[4301.038860750829,4416.124903191261],[4304.155416497649,4419.975676020056],[4304.265146977547,4420.108633090294],[4307.322891044557,4423.742155188484],[4315.25029391544,4433.444731404812],[4319.161635232523,4430.249005064228],[4322.919977603203,4441.295436448878],[4323.03912156451,4441.600596771028],[4323.184790643007,4441.89402244356],[4323.355842915422,4442.173413255564],[4323.550937475556,4442.436579017655],[4325.268309852577,4444.550694692044],[4327.058226184207,4446.766517080914],[4327.061945725934,4446.771114158198],[4343.042551182388,4466.489710459239],[4343.105903391836,4466.565777950863],[4350.151530842824,4474.798998141987],[4354.216416555184,4480.680861903095],[4356.353843118414,4483.793731724718],[4356.366865687766,4483.812572090848],[4357.190301044954,4484.996027211192],[4365.344103148652,4498.625264423287],[4361.597659761822,4500.195668567646],[4367.198941164163,4513.558396718207],[4374.392526343872,4510.543047275394],[4367.200059907487,4513.561064266975],[4371.002693894303,4522.623411296936],[4373.0076125139885,4527.4851772883],[4373.048917615697,4527.583428821053],[4378.93433291427,4541.3194903056055],[4379.026250327648,4541.280106953142],[4382.3940041145415,4549.149448952308],[4386.039310541431,4557.672578923682],[4389.9837879716115,4567.148072900292],[4399.780915165248,4590.693449716681],[4399.847542467378,4590.848747811705],[4403.766271441211,4599.712972072378],[4407.119755357075,4598.230451527103],[4407.168882461474,4605.472220897364],[4407.190464390188,4605.846954696416],[4407.2499020340665,4606.217573592708],[4407.346583688147,4606.580263346578],[4407.479514349196,4606.931291321463],[4408.483043386836,4609.22297195269],[4408.572283594602,4609.41203755129],[4410.2208838087045,4612.663492921627],[4410.384555353222,4612.953207940551],[4410.5735935123375,4613.2270468367515],[4410.786469366872,4613.482794832307],[4411.021461201065,4613.718383466449],[4415.308207868814,4617.645831794646],[4413.120940401625,4618.440306665371],[4415.891089814598,4626.066800483498],[4415.999979291499,4626.346309622905],[4439.283998910667,4682.263896842643],[4439.346074593209,4682.408045171812],[4441.039946942252,4686.214285482825],[4444.582664913338,4694.799732424341],[4450.591214516549,4692.320351117291],[4444.81486833614,4694.707048585356],[4448.572289654503,4703.800855643406],[4451.15457336705,4710.054040926111],[4451.210405181022,4710.184994054758],[4456.695607154956,4722.654905159758],[4458.824683471906,4721.718377744442],[4459.6708319968775,4729.014918581558],[4459.724684089452,4729.3477333407045],[4459.808209979675,4729.674366372474],[4460.80224817993,4732.941903671757],[4461.494498689215,4735.45698564042],[4461.59599883914,4735.77102749038],[4463.437052201389,4740.7126920378105],[4464.648172414129,4743.993888695538],[4464.649843614262,4743.998407414311],[4465.805419240151,4747.116782514507],[4465.853387089049,4747.2395589468215],[4474.922618337568,4769.300780563164],[4478.390979895485,4767.874958658591],[4474.939240602372,4769.34056292045],[4476.338869762478,4772.636919988623],[4478.44527600143,4778.3563337989735],[4480.05581564879,4783.144948621446],[4481.689419499595,4789.29381789965],[4482.436733819281,4792.113047458908],[4486.061544983623,4791.15219158239],[4482.4369510760525,4792.113866682298],[4483.465529596164,4795.990622395125],[4484.455310086465,4799.777513695766],[4488.083430827537,4798.829231096432],[4484.456568857368,4799.782316742815],[4485.012147533702,4801.896509921861],[4485.503980858714,4803.820138322919],[4485.504917124467,4803.823792528885],[4488.199699733122,4814.319457082602],[4491.831890423635,4813.386884947316],[4488.2047714634955,4814.33899210975],[4492.052499194294,4828.997180553742],[4492.484921675083,4830.651067780837],[4498.188930593959,4852.4943073373515],[4499.2997309634475,4856.746927489326],[4499.328664937387,4856.851489307128],[4502.702503533049,4868.391747600743],[4503.8845833099285,4872.573952413648],[4507.4932091712835,4871.553991927765],[4503.886465816923,4872.580589402814],[4504.574088041102,4874.996411521653],[4506.845949004272,4883.021249143107],[4506.848821733086,4883.0313425055],[4507.523463245008,4885.389166898198],[4508.159062566842,4887.6323812549535],[4509.111280932629,4891.010914500349],[4509.113246109098,4891.017861457076],[4509.573831075206,4892.640079354431],[4513.796850531067,4907.551711757137],[4513.902492304493,4907.869774201142],[4514.036109872341,4908.177134328909],[4514.196635967292,4908.471337108328],[4514.382788390774,4908.750032601314],[4518.569669389082,4914.449401544197],[4515.252275427981,4915.173592947788],[4522.219367545972,4947.088621494182],[4523.7125633110145,4953.964599333984],[4525.619145961839,4962.823008111666],[4528.396438384272,4962.225255436015],[4527.312737125926,4964.630374783144],[4527.168835576576,4965.001063159384],[4527.06499455309,4965.384905014875],[4527.002381634915,4965.777584465141],[4526.9817008362625,4966.174686256565],[4527.003184690235,4966.5717454111045],[4527.066591634245,4966.964297430123],[4527.826502915011,4970.474689717869],[4527.839178659973,4970.531135855689],[4528.653663367868,4974.031579530313],[4528.75915959663,4974.399001719674],[4528.901513312028,4974.753774800995],[4529.079245265162,4975.092212198978],[4529.290508579076,4975.4107970883115],[4533.391280654231,4980.958514114324],[4531.036172491252,4981.513246582025],[4532.0917312562115,4985.994605090143],[4534.703997135011,4997.697723207328],[4534.744471489798,4997.868209392472],[4535.476619357415,5000.777124916843],[4535.478209950126,5000.783431210731],[4539.171480098952,5015.395473024983],[4539.208957709481,5015.5370191478605],[4541.45283157401,5023.641657414238],[4541.507018037754,5023.826659812999],[4546.68303355636,5040.573780396429],[4546.721029765912,5040.6926603984375],[4552.320631399992,5057.649213119066],[4552.335705099972,5057.694304358933],[4554.053192823941,5062.770158846354],[4558.17183119655,5074.967429813968],[4562.605138609493,5088.363980669766],[4564.11796482456,5092.928313131359],[4564.125160666484,5092.949897057412],[4567.004239337354,5101.535582969932],[4567.0104835942075,5101.554111441939],[4569.416497450677,5108.658110433451],[4570.619851299253,5112.308856837385],[4576.793137866771,5110.274026880041],[4570.624073758313,5112.321622549535],[4571.855381497705,5116.031347323188],[4571.950910780739,5116.29938865555],[4575.809720002213,5126.420410289124],[4574.637296414023,5126.852788512345],[4578.1592913672,5136.40292248957],[4579.354741488258,5140.2796537276645],[4579.402018760865,5140.4276825179095],[4586.909187829074,5163.1448016687045],[4590.182065509759,5162.063236443581],[4589.14441739503,5167.360718218761],[4589.0898656745085,5167.742260029124],[4589.074764821412,5168.1273859922885],[4589.099274354488,5168.51202780756],[4589.163135365847,5168.892122288572],[4589.26567325595,5169.263654284988],[4591.383519555214,5175.63960770414],[4592.218818124863,5178.160080040479],[4592.3364208748635,5178.468707086925],[4592.480722890024,5178.765789548585],[4592.650604837588,5179.049022993816],[4592.844748964452,5179.3162104160665],[4597.381418052782,5185.014094764519],[4594.11911471097,5185.7781175374275],[4596.489514498352,5195.899495357577],[4596.525508929282,5196.046491941839],[4597.640273488001,5200.408076914042],[4599.523232932706,5207.793385496255],[4604.291412654773,5226.677351023986],[4604.616187097923,5228.280283703696],[4605.055486947208,5230.482082323963],[4605.06202246142,5230.514466845137],[4606.834348699705,5239.197954783177],[4607.594757848384,5244.047548847385],[4608.323859808355,5250.529816234635],[4607.331117472586,5250.608027276381],[4608.7711106510515,5268.886037127365],[4609.404933746851,5276.97629296678],[4609.407976099369,5277.014045815663],[4609.774531108988,5281.43949565825],[4609.783222783392,5281.537528606491],[4610.643863914224,5290.644975774563],[4611.810792876508,5303.804640862916],[4613.0565677635195,5318.033862072701],[4613.962838767215,5329.133682811226],[4613.965688234871,5329.16773828504],[4615.382446051029,5345.7000992336625],[4615.388588474218,5345.768524492672],[4615.522838384545,5347.199094706713],[4616.254671905902,5355.908643423965],[4620.655132357566,5355.538887817506],[4618.83095305053,5370.746881892755],[4618.803067083565,5371.15499509559],[4618.817008527043,5371.563822259113],[4619.261867207697,5376.769871429458],[4619.262395955298,5376.776003587239],[4619.501569208072,5379.525105314299],[4619.847792144189,5383.6117919955095],[4619.848657883713,5383.621859668035],[4620.066304454626,5386.115958731707],[4621.091828414088,5398.084128788925],[4621.308415503782,5400.6353873448825],[4621.360513278049,5401.023017620572],[4621.450218744427,5401.403706913851],[4621.576674254694,5401.773815563626],[4621.738670804002,5402.129805067302],[4625.180988447081,5408.807562795354],[4621.01990456926,5409.169867798204],[4621.9837859402205,5420.240074395651],[4630.451748054475,5419.502770095132],[4621.989352122105,5420.3014283974135],[4622.937412737966,5430.346856180969],[4626.043193131809,5466.362550955677],[4626.58244167932,5472.665745691005],[4627.396407539499,5483.272834440235],[4631.46022161684,5482.960985826608],[4629.246811645697,5488.754875743076],[4629.133106996547,5489.098368049473],[4629.0509065652805,5489.450729796676],[4629.000882934895,5489.809077879125],[4628.98344541034,5490.170480209678],[4628.998736669486,5490.531979710627],[4629.178496858175,5492.580721787085],[4629.482803244199,5496.1009540259065],[4629.483912683248,5496.113555799527],[4629.768711999098,5499.290980533985],[4629.81975386561,5499.663004614241],[4629.905456942403,5500.028602988219],[4630.0250659326075,5500.384553655994],[4630.17752672826,5500.727719642387],[4630.361495700102,5501.055076642963],[4630.575351538916,5501.363739677084],[4633.063855160206,5504.617818670932],[4629.337392495374,5504.914315372375],[4630.882316350482,5524.331398388972],[4630.884247854509,5524.355249460371],[4633.205320695398,5552.524003293881],[4633.228522564548,5552.763955013651],[4634.252687928647,5561.98832437006],[4634.261582869002,5562.06524260128],[4635.7481262092615,5574.4263568638835],[4639.759993762494,5573.94389105485],[4636.786745105845,5582.399174548998],[4636.668174710526,5582.803157202335],[4636.59272376154,5583.21736497283],[4636.561228165438,5583.637208932259],[4636.574036855873,5584.058037710139],[4636.951687101194,5588.593212048692],[4637.150785040598,5591.010347946564],[4639.359164977847,5617.74233896201],[4639.650313077807,5621.520902900896],[4643.638491491147,5621.213603464887],[4639.904782358912,5621.562768348383],[4641.417730777064,5637.741111568065],[4641.492308053363,5638.212467288132],[4643.066895121767,5645.2343771303995],[4643.161910286286,5645.579863477913],[4643.289465347753,5645.914704341759],[4643.44839574594,5646.235842670738],[4648.5679967606775,5655.4456625347575],[4645.216717264561,5655.678937075842],[4646.113197370641,5668.557991018912],[4647.012603890379,5682.249394693948],[4654.496473512088,5681.757769343443],[4647.029117400187,5682.4567634049645],[4648.088676482619,5693.776036952021],[4647.092923610689,5693.868045075562],[4647.84903510871,5702.051020303001],[4648.200066931348,5706.352907146784],[4648.208204464201,5706.446278806343],[4648.4013804484575,5708.529938144157],[4648.690552061207,5712.184482525475],[4649.82074782282,5726.470057776346],[4649.804783241936,5729.079676486706],[4658.840702872587,5726.163476166195],[4658.322801800678,5726.160307859071],[4659.021894181249,5726.104999533601],[4664.1099029423785,5724.462925081141],[4666.65637898684,5723.721026078787],[4665.637594132013,5710.843674913261],[4657.164071079751,5711.514053226449],[4665.63758606319,5710.843572931849],[4665.343890087978,5707.131849758812],[4665.334079576627,5707.017660308131],[4665.139939570299,5704.92360271301],[4664.789013787778,5700.62301538839],[4664.7811165748435,5700.532240230825],[4664.020813194701,5692.303898588989],[4655.556868402695,5693.085971832275],[4663.024224514596,5692.386977770754],[4661.973524447689,5681.1623451189],[4661.079978329483,5667.560152630717],[4653.596108707774,5668.051777981222],[4661.0780048986735,5667.5309811027755],[4660.18050964636,5654.63734331895],[4657.503568889735,5654.823678755083],[4660.478595943379,5645.036178359973],[4656.1731008961215,5643.727471976541],[4660.658345853281,5643.363359803894],[4658.811448560225,5620.612714831346],[4658.780344779096,5620.336025643208],[4658.486264769489,5618.291907200274],[4658.981312355125,5618.221783974029],[4658.609775901288,5615.598855248473],[4658.608951868436,5615.593062251772],[4658.031350449199,5611.549463542001],[4657.419301912388,5604.691887102674],[4656.223708075956,5591.2339683304235],[4655.882015872194,5587.006870172607],[4655.872429974007,5586.9020366411105],[4655.401208869102,5582.285171312597],[4655.328615000251,5581.805608698004],[4655.209897374844,5581.335336121163],[4655.046173126549,5580.878778850242],[4654.838982901661,5580.440233092286],[4654.590276361617,5580.023825565877],[4649.747534789353,5572.742792813734],[4652.62651346867,5572.396567830163],[4651.144592772254,5560.073892425817],[4650.138002144596,5551.007813777086],[4647.8278112713015,5522.971124504836],[4646.283836381848,5503.565968383434],[4642.830986167295,5503.840695058909],[4644.467486241111,5501.30784925465],[4644.658860083287,5500.97818830849],[4644.817985382177,5500.631807844048],[4644.943417078305,5500.27185343513],[4645.034016092832,5499.901593924165],[4645.0889596718325,5499.524391736977],[4645.107748857946,5499.143672347691],[4645.090213021537,5498.762893171088],[4644.869788414473,5496.416975879585],[4644.404534491773,5491.279549252357],[4644.225373465006,5489.223858258258],[4640.240478992229,5489.5711564598605],[4643.626751719297,5487.442035275447],[4640.378968234132,5482.276579819108],[4644.346573512527,5481.972114067983],[4643.529760356693,5471.327921160955],[4635.054677370179,5471.978281347081],[4643.523740994601,5471.253739198215],[4642.981074956336,5464.910597930208],[4639.871605033379,5428.852095407161],[4631.403034200834,5429.582374842837],[4639.8654301332035,5428.783716540556],[4638.91703824832,5418.734778708185],[4637.955828797768,5407.695259197166],[4633.789959626612,5408.057980854851],[4635.969036767399,5401.00210112312],[4636.064557837598,5400.630414967746],[4636.124020391474,5400.251285599805],[4636.146877095274,5399.86820278364],[4636.132917560365,5399.484692673821],[4635.060965358415,5386.809822996769],[4634.686462998097,5382.426704671769],[4634.340130789318,5378.338795296408],[4634.264638324693,5377.437714310106],[4634.04301351491,5374.795386804218],[4633.6907951846515,5370.634260266612],[4629.705048268951,5370.971634723246],[4633.520252491174,5369.769879031458],[4632.909737480456,5367.831681889945],[4628.811119053658,5354.853568215112],[4633.194973891704,5354.48520792144],[4632.459674295083,5345.73440945203],[4623.989523302182,5346.446127203293],[4632.452340544756,5345.651945663103],[4632.31743243218,5344.214361630359],[4630.905066530533,5327.733250595541],[4629.998158946166,5316.625633147952],[4629.993959297025,5316.575990835197],[4628.745598343324,5302.317231612273],[4628.744766071299,5302.307786055033],[4627.575250249391,5289.118948491414],[4619.108473037137,5289.869737168774],[4627.570772897533,5289.070061564086],[4626.712452115487,5279.987168711651],[4626.351522401155,5275.629633538056],[4625.719033658615,5267.55640967385],[4617.244999771297,5268.220299481414],[4625.718743318601,5267.552714060263],[4624.278604567193,5249.272856434078],[4615.804861019889,5249.940441855229],[4623.2578654473,5249.102154908537],[4622.4825199722945,5242.208747727632],[4622.4389848379005,5241.885240890623],[4621.626674351451,5236.704640262366],[4621.56570468484,5236.366582973223],[4619.762325134786,5227.530949762847],[4619.324075404412,5225.334414404956],[4611.969040263793,5226.801880956627],[4619.319678942574,5225.312548551145],[4618.957369323255,5223.524360036845],[4618.878503737455,5223.177578043872],[4614.064656175913,5204.112748967232],[4606.792883082933,5205.948863365687],[4614.060390853781,5204.095938434488],[4612.174743785108,5196.700088503434],[4611.077079774504,5192.405405233435],[4608.723935619325,5182.357707293775],[4605.22228232368,5183.177785189786],[4605.564590056154,5176.524582731214],[4601.81954355468,5176.331899826415],[4605.380228068474,5175.155453570426],[4604.162498526166,5171.469819227835],[4603.391382478556,5169.129102463529],[4603.389914415529,5169.124655514882],[4601.610256301225,5163.745131921881],[4601.470114901168,5163.384931213368],[4601.293642258763,5163.0410684952585],[4601.082713020614,5162.7171965778025],[4600.839567861393,5162.416755911497],[4598.154882725499,5159.428514743565],[4601.626402460785,5158.281305654093],[4594.14361409718,5135.637963897468],[4592.9091548567285,5131.634729788982],[4585.503270268266,5133.918449006043],[4592.774558532905,5131.236869812262],[4589.179872943301,5121.489630124782],[4581.908584678662,5124.171209318563],[4587.982119504086,5121.855572316707],[4584.148679342051,5111.801089551647],[4582.964319806597,5108.2328118830965],[4581.754773289856,5104.563278103314],[4581.737973689564,5104.513001775027],[4579.326593590787,5097.393158410949],[4576.454239923054,5088.8275270962],[4574.946419479134,5084.278299724834],[4570.50739718745,5070.864479670995],[4564.336519185919,5072.906602265313],[4570.494903882263,5070.827107631554],[4566.369313304658,5058.6092478381],[4564.657495751992,5053.55014699652],[4559.084917288432,5036.675425064138],[4553.955794269847,5020.080026273173],[4551.757177800843,5012.138852997144],[4548.082646138544,4997.600948069076],[4547.372678248344,4994.780156383466],[4544.771204807539,4983.125389078368],[4544.754178619084,4983.0511586674065],[4543.689889323795,4978.532734827003],[4541.2609169584275,4979.104865591696],[4542.121138753331,4972.375740435649],[4542.151106044625,4971.947923168751],[4542.132030462721,4971.5194820706065],[4542.06416150016,4971.096020789821],[4541.293567819615,4967.58635488026],[4540.549820523748,4964.088415150782],[4540.450473488386,4963.716282387161],[4540.3134788460575,4963.356303088912],[4540.140281824503,4963.012274864895],[4539.932709569193,4962.6878270477955],[4539.692951867819,4962.386382406399],[4539.423538049083,4962.111121037026],[4537.436677709893,4960.279537656434],[4540.283343527338,4959.6668538442],[4538.375304030825,4950.801676236105],[4538.372377844284,4950.788141276708],[4536.876846526215,4943.901408510304],[4529.547673930007,4945.493020603433],[4536.875109760554,4943.8934318596575],[4529.907147089075,4911.974415460237],[4526.527211342432,4912.712259816713],[4527.72795499288,4905.569999320777],[4527.769527188622,4905.226361659663],[4527.779236662346,4904.880354700606],[4527.757000687548,4904.534926486617],[4527.703008718826,4904.193020129687],[4525.827704902368,4895.072615871317],[4522.15454809502,4895.827876798808],[4525.789629921948,4894.906638441215],[4524.224423101337,4888.7305442500665],[4524.223402191307,4888.726525209831],[4523.371622014504,4885.381055011401],[4523.366840305235,4885.362473210513],[4522.319186942964,4881.334004622146],[4518.68990773533,4882.2778438208625],[4522.313914119956,4881.313957041107],[4521.691790577831,4878.974906712748],[4519.503358346826,4870.778928510939],[4518.854968442647,4868.358496954122],[4515.2326861784095,4869.328842870891],[4518.853754909872,4868.3539781407735],[4518.206807238412,4865.950935019361],[4513.015236673282,4846.5250485835495],[4512.993557001181,4846.447292306536],[4509.4647553996265,4834.297902627924],[4509.46017192678,4834.282249259761],[4508.339583158041,4830.48587429337],[4508.336687642806,4830.476113571978],[4507.845153920608,4828.827375634112],[4502.3554627367375,4810.079228843839],[4498.756573172403,4811.133028589172],[4502.3517134549365,4810.066507914995],[4501.746822364709,4808.027477282326],[4498.884048428908,4798.168349818427],[4496.341058698282,4789.07361141174],[4496.337790157082,4789.061993931088],[4491.761237804214,4772.895236008469],[4491.730319048394,4772.791727502887],[4487.210174663807,4758.417681835648],[4487.135137077067,4758.202202512691],[4484.434039101582,4751.144737002248],[4484.395228435394,4751.047426100694],[4480.27496378932,4741.121816956312],[4480.240354623338,4741.041125332355],[4479.618452044013,4739.636767757474],[4479.578029101179,4739.5485848512935],[4477.32318429508,4734.792988780743],[4477.1767922567615,4734.514965288558],[4475.414410672432,4731.48323262285],[4472.415551425256,4726.2438596956235],[4472.232215270581,4725.954971323213],[4472.023311282913,4725.683995750031],[4465.996625290771,4718.563619936585],[4468.137572291447,4717.62187090443],[4462.681031963973,4705.217118418049],[4460.125684373823,4699.029160888332],[4456.368666678374,4689.936330373791],[4456.599764119761,4689.8409698102405],[4453.023136072952,4681.173344959483],[4452.95308115914,4681.009947270103],[4451.254972012943,4677.19418660289],[4428.058790420574,4621.487546230178],[4425.3398600993105,4614.002063609664],[4423.026955071809,4614.8421734500425],[4422.482190506424,4608.45415640567],[4422.421968388476,4608.027766808708],[4422.31510505171,4607.6106157339855],[4421.25317318805,4604.249449805331],[4421.057890674381,4603.75262447721],[4419.985728092948,4601.492842661167],[4419.82258154525,4601.18524103821],[4419.632650142469,4600.893416404722],[4419.417447785917,4600.61969483048],[4414.536438792063,4594.951656743517],[4417.85128256612,4593.486218374729],[4413.966719353109,4584.6992775822355],[4404.201818704328,4561.23135062713],[4397.092685839743,4564.189429380931],[4404.201348622565,4561.230221135449],[4400.242300920366,4551.719726191741],[4400.213297591049,4551.650994209544],[4396.552986442605,4543.092781538115],[4393.182927704704,4535.2180531367085],[4386.103941584181,4538.2475672075525],[4393.273550254091,4535.175644109499],[4387.409123146593,4521.488567287613],[4385.4153660357415,4516.653867055194],[4385.396918700508,4516.609521628913],[4381.58555239941,4507.52636395489],[4375.98483012124,4494.16496968202],[4372.254805362507,4495.728491597302],[4368.395007985747,4478.843747906762],[4368.29776062735,4478.496987692842],[4368.167262120501,4478.161324417545],[4368.004748814102,4477.839938170304],[4365.039946229724,4472.623824187582],[4364.8586861668955,4472.336488228428],[4362.96093951162,4469.613732578369],[4362.930816801712,4469.571157420697],[4361.347958882612,4467.367072870667],[4361.33177177174,4467.344709345865],[4360.111096518722,4465.671447061728],[4359.999536712043,4465.526214499817],[4339.302241651196,4439.919348515429],[4336.0735338301965,4435.9268326908805],[4333.997907347867,4433.295446415588],[4333.7808593615055,4433.044322513383],[4333.542179347108,4432.81366065401],[4325.123205633936,4425.378157439697],[4329.189315336127,4422.055978978246],[4321.2205858515335,4412.302821931622],[4321.1372028409505,4412.202265418583],[4318.09290432643,4408.584720691625],[4315.035839145253,4404.807453576302],[4304.494847221383,4391.733532245056],[4297.488477065577,4397.382494737394],[4304.445449773341,4391.672807290307],[4299.229492614922,4385.317420601933],[4296.281010443739,4387.7372822785455],[4294.009083636959,4382.634141384053],[4293.8166189544,4382.247664601938],[4293.591530754299,4381.879232438138],[4293.335497356917,4381.531592025397],[4291.7212035753355,4379.5270952281435],[4290.106910518409,4377.5225971060845],[4289.751562650103,4377.126500540706],[4289.35613180577,4376.77041200682],[4281.160354397042,4370.144738987678],[4283.419408132277,4368.377272702922],[4272.154546583608,4353.979302128945],[4272.046866549602,4353.844686970498],[4262.751731094718,4342.477725002919],[4258.870666119504,4337.6398145465],[4250.196580513804,4326.483127728279],[4246.071391966459,4329.69037367704],[4245.7432511979405,4328.735047210146],[4246.319383909892,4327.91266522848],[4245.188691736863,4327.120540932773],[4241.238142555869,4315.619183730438],[4241.154798066218,4315.407009120711],[4241.05335981687,4315.202865420008],[4240.934592785549,4315.008292140139],[4237.749159534115,4310.265788317358],[4237.578020664232,4310.038628355005],[4221.411062914479,4290.839245863779],[4217.113264197252,4285.728337590878],[4212.881743296723,4280.696811969217],[4209.7233936232315,4276.93491431305],[4204.0394041462305,4270.178208568816],[4200.934405795076,4266.484760961249],[4197.835924790393,4262.7911301730255],[4197.832551808083,4262.787117459365],[4195.064117436832,4259.500280893119],[4192.230317740569,4256.135123338615],[4172.8196137063815,4233.037768945128],[4170.810020979145,4234.726603475399],[4174.063353369284,4231.991950232433],[4159.811254373303,4215.036668823221],[4156.534571484833,4211.137215951071],[4151.5404372424655,4204.941979467982],[4150.275889035333,4205.961363234784],[4147.334050424205,4202.129454574851],[4147.2596273670615,4202.036924904923],[4132.920660214307,4185.0126548733215],[4130.912927526282,4186.703700246289],[4132.779060084367,4184.857576123795],[4117.20982632541,4169.119601808845],[4117.034175486541,4168.957518632031],[4114.6190003943675,4166.924456933952],[4106.177399832535,4159.829923055712],[4106.129735973432,4159.790811033069],[4080.0615479056173,4138.90721169928],[4074.987546830831,4134.836337982834],[4073.344851820555,4136.883818899281],[4074.9859823573665,4134.835083786793],[4058.2525284493945,4121.430821797385],[4035.589818282262,4103.268797256462],[4022.315383128727,4092.6322242893966],[4005.1898252547544,4078.9028188021875],[3994.64399754819,4070.3123077913506],[3992.986132761871,4072.3475250648335],[3994.6365813077655,4070.306289018377],[3987.8447899529765,4064.814762359816],[3976.861510202729,4055.4871614619906],[3962.8752303345755,4042.815035200432],[3961.112716364558,4044.7603293955326],[3962.7579269143157,4042.7148692402216],[3951.454199989965,4033.6230222349213],[3951.421788495102,4033.5973705611586],[3944.3808468387156,4028.1145067729353],[3927.600073936777,4015.042524231436],[3909.6893832246856,4001.099602734062],[3894.5720256122913,3989.3322136523757],[3884.064329948276,3981.147932864999],[3871.167598487265,3971.1150466301397],[3857.2647697478706,3958.0212938796735],[3855.4650506770704,3959.9322193795815],[3858.3696048044644,3956.829629280803],[3855.8263378249526,3954.448697102455],[3855.724038258285,3954.355998579389],[3849.7911519109357,3949.15288243161],[3849.574919852344,3948.9754884982094],[3847.289718375399,3947.2232979660466],[3844.703695873264,3950.5959805212915],[3847.283778435054,3947.218751779505],[3829.188497720511,3933.3946013319446],[3828.1396557606267,3932.5930642883377],[3828.1345430256224,3932.5891632015414],[3825.668686390145,3930.7106309529922],[3823.0931898087147,3934.0913582947105],[3825.42424231567,3930.5376708844537],[3811.6156236874913,3921.479863780231],[3812.335395735548,3920.4609847509787],[3800.2752479527057,3911.9412713990514],[3798.1918853913016,3910.331271825473],[3795.2383499521047,3908.046073875031],[3761.882027981682,3882.1201861535747],[3758.506808265651,3886.46275358187],[3761.880872056703,3882.119287968482],[3746.937157304201,3870.5108049417463],[3743.563093513192,3874.854270555079],[3746.936973796432,3870.510662396605],[3737.151571984469,3862.909890634411],[3729.644284036087,3857.0723218427465],[3722.9004256904154,3851.8376440461643],[3713.6552436468914,3844.659636132897],[3710.409336164316,3842.1414640082025],[3698.8685874511584,3833.168021856279],[3695.4925460407976,3837.5099505055696],[3698.864428278367,3833.1647911096484],[3681.8832785295845,3819.987268263151],[3678.51139629208,3824.332427658988],[3681.88108227335,3819.9855648377725],[3677.2591981476,3816.402682472684],[3669.3507211730825,3810.266782980227],[3665.9792329281445,3814.6122480889253],[3669.350180427894,3810.2663634896057],[3651.106500554307,3796.1153924615833],[3647.735553054372,3800.461277061142],[3651.1020578733273,3796.111950066773],[3649.8634697292428,3795.1532470395778],[3630.759082754044,3780.310012839173],[3626.634170576234,3777.0956620047336],[3626.6283609251136,3777.0911410613585],[3605.0466675834928,3760.3199165506485],[3591.6415124003643,3749.8914554364883],[3588.264389225107,3754.2325427494943],[3591.628660258977,3749.881487657834],[3582.6100907775926,3742.9082566979864],[3579.2458197437227,3747.2593117896467],[3582.607051011275,3742.9059080217853],[3578.1583834232524,3739.4711242541516],[3566.8293323675666,3730.719139013117],[3557.0637229906024,3722.781045831848],[3553.5945329098613,3727.0489165168256],[3556.9574670155503,3722.6968280295823],[3543.7836852151754,3712.5172188035194],[3535.74585384514,3706.3098968068743],[3531.1879133932157,3702.792991129974],[3530.941977446779,3702.613856836435],[3525.636818603967,3698.9699348305467],[3519.6368652944357,3694.787967227087],[3513.3469618140816,3703.8122186757023],[3515.5849537543545,3705.372099112798],[3509.380342900301,3714.419906422374],[3515.4976171007283,3718.614879259718],[3515.5361053782417,3718.6410342253157],[3520.8539054463085,3722.221989640346]],[[4202.78459386195,4282.742410187035],[4197.140832185234,4276.065828422287],[4197.138277805812,4276.062811197391],[4194.0064658458605,4272.369168403236],[4189.789364133128,4267.377459986391],[4168.701052001631,4241.56382418098],[4165.358849660334,4236.161154184908],[4163.126477017882,4237.542145635001],[4165.14501884466,4235.8640175428845],[4149.39373012274,4216.917528737769],[4147.375188295962,4218.595656829886],[4149.372976567022,4216.892874687622],[4136.791967296632,4202.132212043452],[4134.794179025572,4203.834994185716],[4136.751960502695,4202.086361380398],[4128.806148589229,4193.19017497833],[4128.774538632805,4193.155415433981],[4111.595170325108,4174.600659390502],[4111.549605432585,4174.552674195789],[4107.4426570362775,4170.335327314273],[4105.562050408102,4172.166704858653],[4107.382479620713,4170.275498238034],[4098.358826077682,4161.589550158582],[4096.538396865071,4163.480756779201],[4098.231575555884,4161.47482285183],[4090.0591214893093,4154.576577157714],[4090.0156238066047,4154.540654681837],[4071.348119781588,4139.458581912249],[4033.8999480800876,4109.202731099452],[4013.256277788275,4092.5306950408344],[3991.1378700281216,4074.6584835573713],[3986.212672333667,4070.680718635813],[3984.299147933587,4069.127749893354],[3982.644978085067,4071.1659714495763],[3984.2005092844533,4069.0515098898086],[3977.7965609031517,4064.340361815087],[3972.609252608861,4060.5104526427217],[3963.6346906809613,4053.7153937070757],[3961.996891301456,4052.4367455586316],[3955.335507294626,4047.1991994847626],[3944.429612549894,4038.6063891250956],[3942.8050394500024,4040.6682783663273],[3944.4093799511193,4038.59060742114],[3934.405291326756,4030.865628355517],[3919.1458261216785,4018.9764443447857],[3899.3330253383197,4003.52421309546],[3897.7186807583785,4005.594120479189],[3899.332994064123,4003.5241887047346],[3883.9954634738783,3991.5626448438893],[3876.239307486837,3985.518391645988],[3866.6541869283355,3978.044404031257],[3855.99348560876,3969.723353273964],[3854.3783388935262,3971.792634813115],[3855.9890261758296,3969.7198802500693],[3852.043246844997,3966.6537108635657],[3839.0999648386305,3956.5485094691057],[3839.0201599536977,3956.4886095367674],[3826.4058885149007,3947.3902083749254],[3824.8702967159916,3949.5191947128624],[3826.4054747655227,3947.389910007559],[3824.0979763752603,3945.72624292291],[3824.018413150563,3945.671080219434],[3810.6404818023657,3936.756644871719],[3812.478312722841,3934.566717564618],[3806.132659102828,3929.241317769076],[3809.1619806941617,3924.9531375728516],[3806.8309281872043,3928.5068249831115],[3820.636866769055,3937.5628741024607],[3822.980992019556,3939.3486692757688],[3824.0275424495712,3940.148455105993],[3842.1206413371583,3953.9709387804637],[3844.291838719532,3955.6357160595057],[3850.0676264794606,3960.701057412835],[3852.5604965496764,3963.03480947836],[3853.6710533212813,3961.8485336189374],[3867.6583207780322,3975.0218111703166],[3869.4580398488324,3973.1108856704086],[3867.846236087309,3975.1827721620725],[3880.838895332623,3985.2902839046537],[3891.3462928307713,3993.4743324552724],[3892.9593145609833,3991.4033940453082],[3891.3469142611634,3993.4748163279783],[3906.4644535745415,4005.2423468432958],[3924.3741023395414,4019.1844570449807],[3941.1547189125235,4032.2563178084547],[3948.1798836546895,4037.7268959770536],[3959.407381975756,4046.7574305671546],[3973.3676882765794,4059.406023742877],[3975.130202246597,4057.4607295477763],[3973.430991142059,4059.4615560325606],[3984.470505277163,4068.836914240643],[3986.1697163817007,4066.836087755859],[3984.519267835806,4068.8773238023155],[3991.3319706208085,4074.3857584709262],[4001.8820352657513,4082.9797208434584],[4001.8979646512716,4082.9925936899663],[4019.0317670097984,4096.728608706179],[4020.673702410597,4094.6805185861886],[4019.032276425859,4096.729016996397],[4032.3067358848175,4107.365609429516],[4054.969593759475,4125.527752344087],[4071.7029388040687,4138.931927209755],[4076.7768971042387,4143.002766608103],[4102.823242071721,4163.868867997788],[4111.238837545957,4170.941545458411],[4113.56169337518,4172.896894050675],[4128.972890843456,4188.47511926544],[4143.20590376642,4205.373592689814],[4146.149497863446,4209.2077879679155],[4148.231653608615,4207.6092722648755],[4144.922869974764,4210.276565061769],[4149.944167661497,4216.50549786806],[4149.99917516532,4216.572330323538],[4153.303923961945,4220.505183341472],[4167.556688589005,4237.461256718366],[4168.80060978539,4236.415654017577],[4188.211979669749,4259.513800725311],[4188.2136754478315,4259.515816525962],[4191.048412135487,4262.882086764495],[4193.815423845955,4266.167234292495],[4196.913113825861,4269.859922117548],[4196.914901879565,4269.8620513257065],[4200.021071629315,4273.556892331546],[4205.703405681307,4280.311628485909],[4208.861638968656,4284.073387515006],[4210.8720469611,4282.3855235679075],[4208.863062997627,4284.075082218712],[4213.095155949405,4289.1072880364845],[4217.39347617037,4294.21881647751],[4233.470408129228,4313.31128802662],[4236.384632144893,4317.650012917026],[4237.5709724805665,4321.103842584498],[4220.259180277372,4300.873578793997],[4213.4709709242825,4292.846487116291],[4210.225792876445,4295.590812067501],[4212.226485110534,4293.891442894997],[4209.021751464232,4290.118463002093],[4205.897313138453,4286.425689792416],[4202.78459386195,4282.742410187035]],[[3575.032804439546,3750.9550592722408],[3572.463259349011,3754.2552145775203],[3575.031066230502,3750.9537172136274],[3575.032804439546,3750.9550592722408]],[[3599.0736313846496,3768.0038451794803],[3599.0718833518968,3768.0024841377826],[3601.670680555772,3764.661887723215],[3599.0736313846496,3768.0038451794803]],[[3560.8141408116608,3738.2271613958906],[3563.4130070353294,3735.029981445519],[3560.8946993398986,3738.2898174335523],[3560.8141408116608,3738.2271613958906]],[[3767.9866348964824,3905.975120628257],[3770.475717530086,3902.7314010341524],[3770.493799805286,3902.7454553125885],[3767.9866348964824,3905.975120628257]],[[3794.5062539865257,3919.5993752520935],[3797.005471893062,3916.365351402201],[3794.644841853109,3919.7069599712277],[3794.5062539865257,3919.5993752520935]],[[3615.8624488049622,3782.655835282485],[3615.8675917360815,3782.6598318758515],[3613.249406946429,3786.011854985786],[3615.8624488049622,3782.655835282485]],[[3627.3815288421215,3784.650766815091],[3624.7606112043118,3788.024089913468],[3624.7557903883785,3788.0203244898607],[3627.3815288421215,3784.650766815091]],[[3704.333846819336,3849.967847547027],[3704.330060751097,3849.9648998855755],[3707.0356578266933,3846.485230050983],[3704.333846819336,3849.967847547027]],[[4501.147842113912,4832.613992398215],[4502.264680992547,4836.397663338549],[4505.779949575507,4848.500459885836],[4510.961988464418,4867.890680571283],[4510.963773966255,4867.897337057134],[4511.6110092710305,4870.301448572934],[4512.257614181664,4872.715212014692],[4514.444246000295,4880.904440572124],[4515.063237234148,4883.231714097009],[4516.1058672664285,4887.240866824038],[4516.954768791372,4890.57503076732],[4518.4086332687475,4896.311783147388],[4516.789687627523,4890.595228313999],[4516.329065598217,4888.972876828532],[4515.377120227074,4885.595312186039],[4515.375704248382,4885.590301526296],[4514.738078075233,4883.339933823379],[4514.735431856362,4883.330640218198],[4514.060904673924,4880.973215398964],[4511.789750253681,4872.95087348141],[4511.788301121745,4872.945768532927],[4511.100896831673,4870.530712081657],[4509.915182007947,4866.33564645283],[4509.905890603394,4866.30332776089],[4506.542557186494,4854.799002566296],[4505.4455605065,4850.59922888845],[4499.741438726308,4828.755557134725],[4499.308123358149,4827.098254195672],[4495.68008080672,4828.04683589749],[4499.30719976689,4827.094728735048],[4497.439473678478,4819.979495308688],[4500.649950305877,4830.943770904749],[4504.24883987027,4829.889971159399],[4500.655144297152,4830.961349770234],[4501.147842113912,4832.613992398215]],[[4354.85619058918,4471.02423670316],[4354.997498194932,4471.217936613583],[4353.086836438045,4472.538372106849],[4354.85619058918,4471.02423670316]],[[4480.08982975546,4760.776434882978],[4481.913929220775,4766.577065744554],[4481.851144671633,4766.429197796219],[4472.815173207308,4744.448881766018],[4471.683339479344,4741.394575292454],[4470.471085375209,4738.110306668282],[4470.467133142215,4738.099648933043],[4470.25595311436,4737.532809927625],[4470.613727633713,4738.148270680805],[4472.780423576036,4742.717955779096],[4473.364908085499,4744.037817242212],[4477.44825544836,4753.874493622487],[4480.08982975546,4760.776434882978]],[[4625.077358547736,5397.744199329971],[4627.936439971529,5397.499211458965],[4627.936630449492,5397.5014636893975],[4625.077358547736,5397.744199329971]],[[4627.825794119495,5383.011458243084],[4627.825614497952,5383.00939988802],[4630.700862348951,5382.765805706352],[4627.825794119495,5383.011458243084]],[[4637.602774999286,5497.081857494723],[4640.886699039431,5496.78445985727],[4637.603767203754,5497.092927236967],[4637.602774999286,5497.081857494723]],[[4645.9187682348365,5587.865046910489],[4646.25782035591,5592.059484420655],[4646.261179814693,5592.0990842228475],[4647.458622499772,5605.577814121889],[4652.439007420966,5605.135359562933],[4647.458803775097,5605.579849884178],[4648.082695556531,5612.570121608938],[4648.113142216574,5612.832671443035],[4648.709024185503,5617.004246305023],[4649.080150317768,5619.624278291308],[4654.0307313364465,5618.923031132668],[4649.576590160415,5619.563832493453],[4649.852228536246,5621.479765128146],[4651.618567847334,5643.238072273154],[4651.174670664586,5644.698443480943],[4650.266699676362,5643.06506439159],[4648.862886846887,5636.804726477098],[4647.377908256309,5620.92547175566],[4647.626669904486,5620.9063040288775],[4647.334673028883,5617.116724551716],[4647.332914640144,5617.094698332076],[4645.123743966437,5590.353137022296],[4644.924538487721,5587.934695550223],[4644.617404979993,5584.246332243036],[4644.884197147026,5583.487632360591],[4645.578536038899,5584.531566697657],[4645.9187682348365,5587.865046910489]]],[[[3949.6627148510333,150.30140400064116],[3950.029071029529,150.44463914974557],[3959.170261964921,153.67015414933638],[3959.5300633499855,153.78425355719364],[3967.82167735265,156.1233315663222],[3968.0674051757683,156.18695437278197],[3976.6374346290263,158.2093772620295],[3977.9867990944767,152.49143702629954],[3976.8233826106407,158.250090261661],[4053.7267511638456,173.78682133063722],[4054.8901676476817,168.02816809527576],[4053.7586412167534,173.793172252786],[4154.41728127983,193.54995102011844],[4155.548807710758,187.7849468626082],[4154.423076035544,193.5510853621084],[4156.924061068539,194.03935633775777],[4156.934805245895,194.04144355156134],[4169.0591742277775,196.38506193720173],[4168.750070574799,197.9803920216137],[4179.676530663822,200.09745153214712],[4183.850011133163,200.91065379208783],[4183.958299857205,200.93092945175692],[4219.743561447878,207.35957561128208],[4264.608699860361,215.47597264392908],[4264.897840833392,213.87768343708464],[4400.818973701037,240.74252132146233],[4401.958130814368,234.97902012243867],[4400.889464991948,240.75600708451435],[4402.66085363927,241.08369044576153],[4402.667060876113,241.08483525389818],[4409.67229336373,242.3729279621313],[4415.117578423658,243.49196910861855],[4419.872595260769,244.47354807702553],[4419.930209840653,244.48514132321768],[4424.269761053676,245.33578753684603],[4425.39988105552,239.57050751056522],[4424.301582641931,245.3419341621573],[4545.303976409809,268.3686041934068],[4545.3126900249945,268.3702555741201],[4645.057447818725,287.19563281731274],[4672.887246362791,292.45426983076993],[4675.661809534759,293.0083258669808],[4685.873462180726,295.07475037214664],[4687.038705391868,289.3164664907381],[4685.56173758648,296.66959957139494],[4698.0357722921,299.1751638609828],[4707.4884502888,301.08132358798565],[4707.605228758925,301.10391015985874],[4712.139449434102,301.9436479549082],[4814.547617209177,321.5648162339458],[4814.600302090284,321.5747154712536],[4855.722721504627,329.1493713440233],[4857.081348363194,321.77345560025424],[4856.237636656056,327.5875570403083],[4859.9213797907505,328.122122396774],[4981.309153566549,349.98137892630183],[4986.06109364319,350.87025969074887],[5081.745923151917,368.8311115025431],[5256.7051180763365,401.70244387525975],[5257.789932703541,395.92846758291125],[5256.715269221963,401.7043418372006],[5259.6156247565605,402.2439841561637],[5264.068549817342,403.0836386388748],[5268.762025272634,403.97249512734186],[5276.28322965835,405.4231727094941],[5276.312010133507,405.4286494463516],[5338.831238550235,417.1641998052431],[5338.865420227485,417.170511460477],[5343.369950713944,417.98850169933115],[5350.704593228564,419.3530486047479],[5352.872169962168,419.773986722704],[5352.907838755062,419.7807991912738],[5478.171563190684,443.3042031443538],[5492.547298038579,446.17080770388924],[5505.323991982296,449.17242535544153],[5505.479447153866,449.2067307178054],[5520.5101469967085,452.310714603414],[5520.603912042284,452.32928398637387],[5558.06693648756,459.43230742495945],[5561.163427209942,460.07850684867157],[5561.24090054711,460.0941315307239],[5567.534588198626,461.3194350781808],[5567.542564643095,461.3209822697782],[5577.385630996097,463.22318105476285],[5578.500365428332,457.4549064301148],[5577.32281307642,463.6985505104767],[5572.94105122171,462.832456498573],[5565.082059318718,461.2835945107055],[5565.073472481566,461.28190740871025],[5560.0981241326035,460.3073883310218],[5560.090512568528,460.3059015435993],[5526.073538452725,453.6795308034762],[5525.930884587632,453.6531717658883],[5514.974812991389,451.73813678164987],[5514.835392435027,451.71511854491143],[5490.837110484721,447.98490738476573],[5489.685168755706,455.3959147557616],[5490.526437587044,449.5814593424473],[5475.590857952653,447.42049382956395],[5398.913572186684,432.4714738413314],[5368.005430354748,426.33529054069356],[5367.951888575816,426.3249189802447],[5352.334208143134,423.3747652159074],[5352.276022967102,423.3640772515781],[5258.969331596752,406.7098715600913],[5250.863601230283,405.1827905087308],[5250.849661007499,405.18018165613995],[5080.901118612552,373.58730892071026],[4980.3901597433505,354.3341125147474],[4980.329278497119,354.3227828241071],[4975.4533510678675,353.4419595514414],[4858.936102163457,331.5720451664829],[4828.215247177647,325.80196162172695],[4828.188057106867,325.79692092030234],[4765.522722698,314.33203031638055],[4748.47949552789,311.1289701639432],[4709.648618600647,303.82702888381823],[4707.299964685835,303.3775274797542],[4697.69511894166,301.53457061262844],[4696.588032397267,307.30431795399636],[4697.979251292102,299.93448010051185],[4685.46533606944,297.57220352777773],[4675.109306543018,295.62395002232245],[4670.484356850129,294.7461098511089],[4614.736898874102,284.2154461234733],[4613.344773339515,291.58511277101934],[4614.432174274641,285.81162299391843],[4544.356257571983,272.6132593881725],[4421.154071437437,249.1947791142345],[4418.578573421019,248.70505999529144],[4414.277520122339,247.8883746155027],[4404.963480719566,246.12797577516696],[4404.956010138848,246.12656880601557],[4401.805543751571,245.5353371469608],[4397.6901130284,244.7666091776374],[4394.072526087081,244.0917298890759],[4361.966326750647,237.78160945960255],[4360.833335135831,243.54632584471256],[4361.948353401487,237.77810607885306],[4185.589866922387,203.6873568165535],[4182.957719547834,203.17470149671735],[4182.942942423192,203.17184304297612],[4169.692078496089,200.6262300822135],[4170.000118658815,199.03069626367963],[4156.2980844403455,196.3853265439657],[4148.607214814177,194.90561090060967],[4122.043026661803,189.74555572482487],[4100.54213926213,185.56215846674075],[4099.109736201586,192.92410260345787],[4100.216673656279,187.15432665708022],[4053.1880598921266,178.13183869539307],[4052.081122437434,183.90161464177072],[4053.175171378836,178.1293809394838],[4016.6652511588204,171.2094186462806],[3964.2537458162733,160.72778304317112],[3964.042114739103,160.68947408579072],[3951.521593077196,158.6589800105222],[3950.581112193293,164.45821450371295],[3951.28959414163,158.62608981978514],[3942.2514277947284,157.52814043600478],[3941.7843617218405,157.4902273538632],[3932.0183027849507,157.08858059077687],[3931.5354710340525,168.82865612291567],[3941.0672403258604,169.22066730237714],[3949.7563027635174,170.27620781611475],[3962.054986772951,172.27072575147614],[4014.3900302813527,182.73706995858734],[4014.448093301024,182.7483781250639],[4050.980627867138,189.67262666215223],[4097.987683287092,198.69097863331305],[4097.677333141042,200.28604674017498],[4119.179355662496,204.46966485729882],[4120.61175872304,197.1077207205817],[4119.18162597395,204.47010622529274],[4145.7535133067795,209.63165695575958],[4145.766643551414,209.63419534083627],[4153.456994032682,211.11380953036115],[4167.156666646076,213.75872330912077],[4168.5783926524455,206.3947097864002],[4167.470018555964,212.16420992612197],[4180.718803837181,214.70942355987208],[4183.347630401564,215.22143209563492],[4184.470781622687,209.45479040965438],[4183.355763357031,215.22301017551388],[4359.709327465712,249.31280792536242],[4391.834301596792,255.6266183342698],[4392.967293211608,249.8619019491598],[4391.889870566252,255.63726214946547],[4395.53329174716,256.3169607917546],[4399.640751938702,257.08419780744424],[4402.785045541696,257.6742710521425],[4412.088030931521,259.4325784966216],[4416.384429329182,260.248379806736],[4418.959366338767,260.7379922528065],[4420.0568076119525,254.96640255395323],[4418.959721238514,260.7380597240575],[4542.166926775581,284.15749409453053],[4542.176612213893,284.15932670152716],[4612.254274847141,297.3580191424541],[4611.952647804928,298.95477941856535],[4667.690438085468,309.48361400524396],[4672.318134660216,310.361975549316],[4672.330074670588,310.36423180772033],[4682.685192354355,312.31231229175194],[4695.196813502432,314.6741558074809],[4695.498239367851,313.0773835373261],[4705.087157896659,314.9172843250814],[4707.449218384749,315.36935224142604],[4708.553572205768,309.59908122196794],[4707.467838935066,315.3728848439219],[4746.3083281694335,322.67663366762423],[4747.394061440136,316.90283004567027],[4746.308926539824,322.67674615591335],[4763.36636074933,325.8824763426887],[4763.394188883767,325.88763692365103],[4826.059842608109,337.3525859477028],[4856.767460470192,343.1201832559974],[4973.305450048011,364.9939906433426],[4973.344844217144,365.0012458615819],[4978.210010618673,365.88012518331846],[5078.706316761927,385.13051481265006],[5078.737849095919,385.1364657048927],[5248.695194097895,416.73097481589633],[5256.821621876885,418.2619551613419],[5256.87700245654,418.27211404760703],[5350.182288962966,434.92606898652275],[5365.744108754475,437.8656707689863],[5396.6354050718255,443.9985097351165],[5396.655214378539,444.0024071040913],[5473.48329950926,458.9808269686415],[5473.766255581172,459.0288499175187],[5488.782764524056,461.2015247479455],[5488.533227026692,462.8069221267575],[5512.461690272031,466.5262809053456],[5523.2767056160055,468.41666036817134],[5557.218674101114,475.02842031090586],[5562.1859231417875,476.0013529809924],[5570.034487170918,477.5481586484314],[5579.12428336297,479.34483731614574],[5581.818741632314,465.71297483765505],[5583.100635023374,465.9547401526079],[5600.686478350939,469.2690436392797],[5605.743119498401,470.222903151057],[5608.523607650853,455.48285954073884],[5603.466359014646,454.5288854353211],[5585.8801438736145,451.21451183709064],[5579.890361631354,450.08483787169007],[5579.5892067573095,451.68162789426833],[5569.776022264715,449.7852038583831],[5563.525111517905,448.5682284479405],[5560.414513405127,447.91908498584377],[5560.308737040435,447.8980220722565],[5522.839685796804,440.7938559472325],[5507.933752944335,437.7156376435079],[5495.137543757765,434.70943529284034],[5494.9428058127505,434.66715728611297],[5480.43709259026,431.7746342879588],[5479.288202468946,437.5362032139674],[5480.372520931232,431.7621337242275],[5355.094320603157,408.23601132837973],[5352.92186874691,407.81412647349015],[5352.876436767578,407.80548910858045],[5345.506633905696,406.43440092416415],[5344.432078629849,412.21029531024396],[5345.481769351965,406.42983041649177],[5340.981901846137,405.6126869412794],[5278.4941519975555,393.88304545764225],[5270.977599801584,392.4332651822276],[5269.86494692706,398.20194168388844],[5270.95813108436,392.4295441405595],[5266.252636266489,391.5384114095689],[5261.785888204821,390.69614855937516],[5261.771931601125,390.69353432953795],[5258.869672591993,390.15353784867983],[5083.91507405603,357.28306904539556],[4988.226990758981,339.3216063879585],[4983.450101173269,338.4280574724511],[4983.411091088619,338.42089658670886],[4861.9053243199705,316.54039212570353],[4861.707825830127,316.5082891572596],[4858.146376835856,315.9914704808362],[4858.4399752217605,314.3975398564852],[4817.34391593698,306.8277394594644],[4714.939317934648,287.20725514063446],[4714.893781475157,287.1986762084264],[4710.395258107426,286.365549555708],[4700.998087033835,284.4705829595235],[4699.5155332835275,291.8225918263197],[4700.992501088915,284.46945874566285],[4688.515673197255,281.96333341008125],[4688.195664703299,283.5565062838657],[4677.984912238954,281.4902639389658],[4677.970140995139,281.48729454939286],[4675.15839418999,280.92581326634655],[4674.007922222663,286.68706653732806],[4675.098742025867,280.91422173108754],[4647.2384699353925,275.6498265257835],[4646.147650132189,281.42267133202404],[4647.237234930592,275.6495932997187],[4547.49621705258,256.824921911408],[4426.514098740351,233.80211028504155],[4422.2192861273315,232.96023380792005],[4417.490498288034,231.9840692961802],[4411.97759782494,230.8511303940282],[4411.8574208923155,230.82773564917954],[4404.79508197311,229.52914245031286],[4403.062083468923,229.2085607554108],[4267.082984444979,202.3322658491639],[4265.943827331648,208.09576704818755],[4267.278954802935,200.71556145244602],[4222.409307985082,192.59834881977503],[4221.074180513795,199.97855441551656],[4222.400290181405,192.5967231285341],[4186.664738015808,186.17700702262337],[4182.541445021943,185.37358378735473],[4182.533679375494,185.3720749025023],[4171.603336065204,183.25426299728215],[4170.176703320001,190.61732750944793],[4171.2916908178595,184.84910179614414],[4159.170153302422,182.50603072779728],[4156.677437048941,182.01937407809862],[4056.0376478927046,162.26629527329084],[3979.2435193926035,146.7516338920145],[3970.889685388062,144.78023050350734],[3962.9019822430855,142.5268862494384],[3954.124435392531,139.42968488627034],[3945.6440571242983,135.7822623787553],[3933.1887739196786,129.00031329607987],[3928.883225957545,126.43642360558367],[3922.8714493709535,136.5320187971964],[3927.274127482929,139.15374804539974],[3927.4705409663416,139.26564775589267],[3940.2637329963304,146.2315894793288],[3940.751957954085,146.46887504533802],[3949.6627148510333,150.30140400064116]]],[[[5495.315012932603,349.3409119231137],[5490.890239674016,348.52153312787414],[5491.679248662631,344.09124365472627],[5473.49524357958,340.85277728666944],[5403.00329720529,328.3134400534237],[5392.830959227812,326.50897288975847],[5362.83674344999,320.7080382163663],[5361.127795003157,329.5442984663855],[5386.774346251196,334.5043870877952],[5384.475405268913,346.94024001899317],[5388.90042858012,347.75826733838767],[5388.088669508451,352.1844448325199],[5393.172009597408,353.1167272448411],[5476.458640969101,368.44488415647726],[5486.850769654918,370.3589941550346],[5487.665906062466,365.93343739490956],[5492.090679321053,366.75281619014913],[5495.315012932603,349.3409119231137]],[[5395.623576274049,336.14485902660846],[5401.428151361145,337.1745300952426],[5471.9176785817635,349.71343690598457],[5485.640447905408,352.1573829304304],[5484.059726440365,360.69352532077806],[5478.088598273508,359.59371252280454],[5394.799647280824,344.265128659234],[5394.144638516587,344.14500021679964],[5395.623576274049,336.14485902660846]]]]}}]}
