{"type":"FeatureCollection","features":[{"type":"Feature","properties":{"revision":"1.0.94","components":["bounds-tegel-motorway-v194.geojson","bounds-airports-v194.geojson","bounds-west-lakes-v194.geojson"],"scope":"Finite owner-requested Tempelhof/Tegel terminals, Tegel runways, A111 to the northern Berlin source boundary, Tegeler See, Schloss Tegel, Villa Borsig, complete Wannsee and Pfaueninsel recognition","policy":"Previous detailed-city polygon and all unrelated geometry unchanged; no district or rectangular city fill inferred. Kreuzberg refinement remains within existing city.","areaM2":8029774.832011703,"bounds":[-17391.119202484377,-13109.643585851416,1791.7014444765518,11603.764293636195]},"geometry":{"type":"MultiPolygon","coordinates":[[[[13.171630740165693,52.420769421003286],[13.171644893366956,52.42076824090424],[13.171661552523501,52.42076582792578],[13.171677750697354,52.42076243909451],[13.171693335351486,52.42075810632271],[13.171708159726453,52.42075287041182],[13.171722084222441,52.42074678066806],[13.171734977713896,52.42073989443807],[13.17174671878431,52.42073227656894],[13.171757196869605,52.42072399879747],[13.171766313299296,52.42071513907475],[13.171773982225645,52.42070578083195],[13.171780131432063,52.4206960121947],[13.171784703013133,52.42068592515325],[13.171787653919873,52.42067561469613],[13.171807553387438,52.420578547725],[13.171886511211529,52.420526792501825],[13.172531156458923,52.4204557516854],[13.172636794530519,52.420457680795394],[13.172778447347428,52.42047301197772],[13.172788582479436,52.4204739242294],[13.172871982678119,52.42047992424567],[13.172890937386635,52.4204806585331],[13.172909911364238,52.42048014279226],[13.172928684710628,52.42047838300027],[13.172947039850786,52.42047539955243],[13.172964764056607,52.42047122702557],[13.173882065716851,52.4202198264845],[13.173897377412194,52.42021506986738],[13.17391186005938,52.42020942551841],[13.173925376402618,52.42020294693069],[13.173937798344207,52.420195695503566],[13.173949008158568,52.420187739960774],[13.173958899607943,52.42017915569917],[13.173967378949248,52.420170024074025],[13.173974365822458,52.420160431628126],[13.173979794012206,52.420150469271476],[13.17398361207527,52.420140231419786],[13.173985783828067,52.4201298150996],[13.173986288689564,52.42011931902886],[13.173985121876253,52.420108842681145],[13.173982294447466,52.420098485343175],[13.173894393522295,52.41985128546204],[13.173889837741218,52.41984096621127],[13.173883633875379,52.419830973301735],[13.1738758428448,52.41982140485893],[13.17386654115453,52.419812354840204],[13.1738558201434,52.41980391211219],[13.17384378508707,52.419796159578155],[13.173830554164265,52.419789173363995],[13.173816257296318,52.41978302207075],[13.173801034871403,52.41977776610085],[13.173785036366011,52.41977345706511],[13.173768418877174,52.419770137276004],[13.17375134557989,52.4197678393321],[13.173733984124851,52.41976658579791],[13.173716504992242,52.41976638898247],[13.173699079817752,52.419767250818424],[13.173633919267498,52.41977247086594],[13.173496980239255,52.41977645593304],[13.173496175387987,52.419775989348814],[13.173482542136385,52.41976950850137],[13.173467937846898,52.41976387364736],[13.173452502454928,52.4197591387787],[13.173436383859165,52.41975534926379],[13.17341973650446,52.41975254141291],[13.17340271990201,52.41975074213025],[13.173385497100975,52.41974996865606],[13.173368233126213,52.41975022840163],[13.173174883992269,52.41975894050377],[13.17289107852479,52.4197678657932],[13.172887324012363,52.41976147693475],[13.172879691715163,52.419751702125],[13.17287049447233,52.41974244460275],[13.172859825029343,52.41973379772035],[13.172847790977084,52.41972584867246],[13.172834513666889,52.41971867761681],[13.172820126986819,52.419712356865816],[13.172804776011551,52.419706950157426],[13.172788615539456,52.419702512012506],[13.17277180853166,52.41969908718491],[13.172754524468747,52.4196967102103],[13.1727369376418,52.41969540505792],[13.172719225394859,52.41969518488873],[13.17270156633667,52.419696051922976],[13.17244057354144,52.41971697255689],[13.172426212514827,52.41971370658016],[13.17231780302151,52.419682826885385],[13.172303410572374,52.41967919087356],[13.172209001178194,52.41965827180552],[13.17163942114751,52.41925145668542],[13.171626908877027,52.419243399745206],[13.171613107442589,52.419236172484226],[13.171598163272858,52.41922985158101],[13.171582234920276,52.41922450409796],[13.171565491378894,52.41922018676979],[13.171548110291427,52.41921694540169],[13.171530276064566,52.4192148143833],[13.171499669817194,52.41921214911368],[13.171468126850412,52.419199701668994],[13.171335211877158,52.41914269618726],[13.17132130758888,52.41913730650113],[13.171306642114084,52.419132732745965],[13.171257318567033,52.41911908392948],[13.171249222366601,52.41911524166907],[13.17122983776541,52.419102655161566],[13.171218544541466,52.419095948897066],[13.171206318454143,52.41908988488861],[13.171193256864457,52.419084511426085],[13.171162749330907,52.41907313574749],[13.170852718932764,52.41891646088821],[13.170843071925251,52.41890853316963],[13.170817617644028,52.41887930502368],[13.17080824310592,52.41886976269738],[13.170797310004957,52.41886086190472],[13.17078493478021,52.4188526974396],[13.170729134782533,52.418819497497324],[13.170718826146322,52.41881382883947],[13.170630857778717,52.41876915078989],[13.170626171690056,52.41876430787237],[13.170616248380389,52.418755982513105],[13.170605071350602,52.41874827392183],[13.170592742551348,52.41874125241164],[13.170401117449892,52.41864213271692],[13.170160813729373,52.41850826780317],[13.170149642268695,52.418502542654494],[13.170137735906268,52.41849740094798],[13.170125175930158,52.41849287778736],[13.169999086866783,52.41845166138783],[13.169997810987512,52.4184503834986],[13.169987209218617,52.418441816121806],[13.169975266137326,52.41843393606297],[13.169962100222934,52.41842682149439],[13.169747100361535,52.41832182169459],[13.16973592464546,52.418316790922134],[13.169724136742989,52.41831231283349],[13.169435937146847,52.41821221304824],[13.16934708872076,52.41818140002075],[13.16930108350514,52.4181554561288],[13.169189361215027,52.41809230015708],[13.16918127700105,52.41808800110762],[13.168910232232648,52.41795247899427],[13.16890273611625,52.417941050546816],[13.168894794160039,52.417930596916044],[13.168885073140828,52.41792072114046],[13.168873684067155,52.417911535994676],[13.16886075699536,52.41790314636665],[13.168812102307836,52.417874772837976],[13.168688881989976,52.417802813076456],[13.168649998506723,52.41777791650321],[13.16839181255215,52.417612525812885],[13.168376921378172,52.41760402803727],[13.168360527403456,52.41759663644833],[13.168211733227984,52.41753733882416],[13.167927739205549,52.41742414131108],[13.167914847987063,52.41741946761043],[13.167901354490951,52.417415479799935],[13.167851853296254,52.417402405902166],[13.16753195253328,52.41731763224193],[13.167517217849976,52.4173141972069],[13.167502040346015,52.41731158043344],[13.167486541298503,52.417309802831056],[13.167062929364432,52.41727311352867],[13.166997905614544,52.41722558932038],[13.166987992022444,52.41721892956695],[13.166923110910261,52.4171788413091],[13.16684532979099,52.41713075306842],[13.166831847262651,52.41712323779317],[13.166817167392505,52.41711661412971],[13.166801447190881,52.417110952922016],[13.166784854794864,52.41710631472003],[13.166767567669973,52.417102749131985],[13.166749770712109,52.41710029429384],[13.166731654269997,52.417098976461524],[13.166713412109361,52.417098809729985],[13.166695239340523,52.417099795882486],[13.166619939519663,52.41710629586855],[13.166601189629914,52.41710855353466],[13.166582949152298,52.41711203803851],[13.16656543213533,52.41711670849014],[13.16654884413804,52.417122510082706],[13.166337544398697,52.417206009915056],[13.166328199725617,52.41720996937022],[13.166287795159827,52.417228295201674],[13.16620718148267,52.41723103068328],[13.165872936581568,52.417087608927176],[13.165856409083219,52.417081319409874],[13.165838848820625,52.41707618165497],[13.16582046963454,52.417072258227535],[13.165801495337963,52.41706959690514],[13.165420742931358,52.41702956454435],[13.165285039710891,52.417010884756195],[13.165038810246449,52.41696175380054],[13.1648538528273,52.416920344258585],[13.1647071840537,52.41682549522779],[13.164693725049013,52.41681766232341],[13.164678993247072,52.41681073846652],[13.164457693472185,52.416717638654546],[13.16445222310595,52.41671542774128],[13.16435532322141,52.41667782781931],[13.16434024893017,52.416672595281526],[13.164324407542662,52.416668292590636],[13.164320355602483,52.41666747230558],[13.164319407951986,52.416665953765616],[13.164311881262012,52.41665667791751],[13.164302934592483,52.41664788610363],[13.164292650394776,52.41663965934742],[13.164281123446475,52.416632073464825],[13.164268459977919,52.41662519836557],[13.16425477669319,52.41661909740899],[13.164240199694579,52.41661382682004],[13.164224863320506,52.41660943517119],[13.163845664021352,52.416514135391324],[13.163829262850504,52.41651058079609],[13.163812368728566,52.41650803150484],[13.16379514603595,52.41650651232228],[13.163781893052587,52.41650615073142],[13.163645059460091,52.416464477400126],[13.163339633437513,52.416248753036],[13.16327406519227,52.41615900584345],[13.163266594975578,52.41614995002991],[13.16309199451709,52.41596095025107],[13.163084142609149,52.41595322979136],[13.163075255292304,52.41594594106734],[13.162885539124817,52.4158033117586],[13.162892215004389,52.41576028827684],[13.162893001724306,52.4157495933915],[13.162892050697822,52.41573890349808],[13.162889371294824,52.41572832390349],[13.162884989911511,52.415717958827926],[13.162878949710318,52.415707910378394],[13.162871310194687,52.415698277542646],[13.162862146622835,52.415689155214174],[13.162851549266378,52.415680633257374],[13.162839622520995,52.4156727956223],[13.162826483878053,52.41566571951768],[13.162731183940275,52.41561931960626],[13.162718559417385,52.415613712332274],[13.16270517392353,52.41560880913732],[13.162691132188879,52.41560464838467],[13.162676544078012,52.41560126262862],[13.162492690176595,52.415564191549464],[13.162488268561987,52.4155606988453],[13.162476476965429,52.41555305482767],[13.162463524911923,52.41554614864585],[13.162449535322102,52.415540045842214],[13.162434640963056,52.41553480433475],[13.162418983188328,52.4155304738674],[13.162402710596432,52.415527095537925],[13.162385977620598,52.41552470140798],[13.162003778502346,52.415481901518206],[13.161988849341437,52.41548063000159],[13.161792849811874,52.41546913003368],[13.161775344022146,52.41546863758689],[13.161757844706298,52.41546920962912],[13.161740524563406,52.41547084051491],[13.16172355452434,52.41547351414923],[13.161707102064895,52.41547720414614],[13.161691329553038,52.415481874089465],[13.161676392646509,52.41548747789191],[13.161662438756697,52.415493960250004],[13.161649605593857,52.415501257189895],[13.161638019808052,52.41550929669863],[13.16163111024914,52.415514600792136],[13.161602306039265,52.415508456411395],[13.161585569309318,52.415505444908526],[13.161568427935004,52.41550345902674],[13.161551049580796,52.41550251819049],[13.161533604229083,52.415502631602315],[13.161516262517564,52.415503798152926],[13.161499194070206,52.41550600643195],[13.161482565838178,52.41550923483961],[13.161466540466858,52.41551345179793],[13.161451274705003,52.41551861605969],[13.161436917871558,52.4155246771118],[13.161423610395152,52.41553157566938],[13.161411482440528,52.415539244255655],[13.161400652635368,52.41554760786195],[13.161391226909961,52.415556584681354],[13.161362791098595,52.415586861891256],[13.161351753551985,52.41558846829094],[13.161335117598092,52.41559142416319],[13.16131903604081,52.41559536355935],[13.161303663980997,52.41560024848538],[13.161289149676803,52.415606031827956],[13.161200984214187,52.41564506279415],[13.161077219127831,52.41563364414461],[13.161060289010447,52.415632589749436],[13.161043271514329,52.415632537764566],[13.161026325012799,52.41563348867386],[13.16100960721849,52.4156354336276],[13.16099327371561,52.415638354525115],[13.160977476512032,52.415642224183024],[13.160962362624653,52.41564700658835],[13.160948072711214,52.415652657233544],[13.160934739761274,52.415659123530894],[13.160922487858553,52.41566634530162],[13.160911431026166,52.41567425533621],[13.160901672165426,52.41568278001974],[13.160776299254909,52.415804388709816],[13.160737803830779,52.41582429108408],[13.160698872893438,52.415831115299746],[13.16065406093057,52.41583252866942],[13.160634620132123,52.415827139583776],[13.16059547900485,52.41580345550065],[13.16053051378667,52.41573451468495],[13.160464320266975,52.41564197641943],[13.160456048410333,52.415631886068695],[13.160446097392036,52.41562237950683],[13.160434576176534,52.41561356083044],[13.160421610921679,52.41560552660373],[13.16033111094446,52.41555502669438],[13.160256000482617,52.41551312092169],[13.160243621351599,52.415506822771775],[13.160230354475965,52.41550124115584],[13.160216310421626,52.415496422590856],[13.160201606231352,52.41549240723445],[13.160178428865388,52.415486839240415],[13.159860613351926,52.415318973839895],[13.159860467795925,52.41531889704356],[13.159816067814889,52.4152954970867],[13.15980547759369,52.415290335417886],[13.159766380442418,52.41527273671977],[13.159706183308646,52.41524563804021],[13.159690897531656,52.41523947818425],[13.159674650014752,52.41523432018363],[13.159657615744994,52.41523021959034],[13.159401740245439,52.4151778246261],[13.159260788763966,52.41514893458106],[13.159043913455733,52.4151044396629],[13.159043572266315,52.415104369899474],[13.158969643839933,52.41508930486797],[13.158877752510465,52.415070451320176],[13.158310100496672,52.414784031391214],[13.158268841751152,52.41474024821496],[13.158258599101996,52.41473060623509],[13.158246736207634,52.41472168568968],[13.158233387858026,52.41471358793607],[13.158218705720982,52.41470640498283],[13.15797167011596,52.41459822868761],[13.157750703059701,52.414489070504835],[13.157461251660289,52.414345444425976],[13.157457623746346,52.414343691953555],[13.157073724032688,52.414163192303114],[13.15706867900131,52.41416090644501],[13.156695564416035,52.41399805966657],[13.156644498005608,52.4139409776011],[13.156604544369847,52.41388325686656],[13.156598053163949,52.413874897463664],[13.156590414077682,52.413866909046085],[13.156188413302564,52.413485109539984],[13.156177028842567,52.41347550238245],[13.156163987754834,52.41346671789471],[13.15614944781732,52.41345886235547],[13.156035254745456,52.41340369747147],[13.15589237771792,52.413211058049775],[13.155639741618899,52.412598137985555],[13.155633130194436,52.41258545751818],[13.15535462878952,52.412146857890015],[13.155348163346538,52.41213790283006],[13.155340396877111,52.41212934308876],[13.155331393348593,52.41212124916633],[13.15515739313887,52.411979149370865],[13.155145815246685,52.411970641546795],[13.155132872528183,52.41196290407203],[13.15476318673645,52.41176352345618],[13.154724268767037,52.411599053237765],[13.154719979305838,52.41158636194042],[13.154713231774478,52.41157407683283],[13.154654731496525,52.411485576910664],[13.15464781533645,52.41147638122809],[13.154639520093264,52.41146762246765],[13.154629918811871,52.41145937775498],[13.154619096037413,52.41145171968919],[13.154607147070793,52.411444715703624],[13.154594177129464,52.41143842747205],[13.15458030042096,52.411432910365626],[13.154452900592602,52.41138731046262],[13.154437616841005,52.41138243674194],[13.154421628161181,52.41137849854484],[13.154405087240294,52.41137553347993],[13.154388152039136,52.41137356986263],[13.154370984283673,52.411372626444845],[13.15435374792063,52.41137271223596],[13.154336607551906,52.41137382641666],[13.154319726862695,52.41137595834685],[13.154303267058385,52.41137908766726],[13.154287385325123,52.411383184493815],[13.154272233328767,52.411388209703084],[13.154257955766543,52.41139411530583],[13.154244688985257,52.4114008449053],[13.15423255967921,52.41140833423582],[13.15422168368034,52.41141651177646],[13.154212164852023,52.41142529943404],[13.154204094097224,52.41143461328889],[13.154197548490353,52.411444364396274],[13.153808146308005,52.41211616383193],[13.153803335569764,52.41212589798856],[13.153800045266125,52.41213586592098],[13.153798304642622,52.41214597903332],[13.15379812917113,52.41215614743934],[13.153799520412337,52.41216628076131],[13.153802466001821,52.412176288933175],[13.153845954890524,52.41229236048667],[13.153890643791327,52.412411932038204],[13.153894887570868,52.41242131499965],[13.153900497543544,52.41243042576231],[13.153907428011081,52.41243919010953],[13.153915622518296,52.412447536646475],[13.154158777600863,52.41267162335741],[13.154207792185808,52.4129289778871],[13.154211117945959,52.412940735076894],[13.15421654698334,52.41295219571001],[13.154224012865782,52.412963219545574],[13.154280505372354,52.413035105038254],[13.154310127745276,52.41330254131609],[13.154310680844043,52.41339718579999],[13.15427996660767,52.4136320002622],[13.154253247073262,52.41383865071251],[13.15420483435601,52.4140556659839],[13.154201946739198,52.41406851067466],[13.154200512612457,52.414077947046245],[13.154200438596293,52.41408742396995],[13.154201725262961,52.414096868286954],[13.15423732380924,52.41426726456384],[13.15433122126385,52.41471696091635],[13.154334175776516,52.41472717365561],[13.154338720708191,52.41473716567667],[13.154344814040584,52.41474684460006],[13.15435239943983,52.414756120940986],[13.154361406777296,52.41476490893653],[13.15464340634143,52.41501270927563],[13.154653461876185,52.41502071792725],[13.15466469802937,52.41502811656702],[13.154677016346781,52.41503484036565],[13.15482943115651,52.41511050246925],[13.155078865807658,52.41523915003136],[13.155092833456319,52.41524565494583],[13.15510778945805,52.415251278618086],[13.15512358564919,52.4152559653363],[13.155550904017382,52.41536704417062],[13.155639821807934,52.41539022275197],[13.155639985862754,52.41539026545686],[13.155710368275594,52.41540856089406],[13.156071418302231,52.41550246943187],[13.156474843115156,52.41562711087475],[13.156753765386371,52.415814419339966],[13.156766697491596,52.41582225094656],[13.156780880545064,52.41582922606483],[13.156796163552535,52.415835270436695],[13.156812383809278,52.41584031971286],[13.156829368632298,52.415844320137964],[13.157337464373525,52.41594591932197],[13.15735380913805,52.41594918828822],[13.157357829053252,52.415957633614916],[13.157364507116089,52.415967732035526],[13.157372816841473,52.41597736712668],[13.15738267348498,52.41598644062635],[13.157393976525999,52.41599485999976],[13.157406610692858,52.4160025393831],[13.157420447138367,52.41600940045925],[13.157435344753871,52.41601537325635],[13.157451151608301,52.416020396861626],[13.157467706497654,52.41602442004241],[13.157484840589031,52.41602740176879],[13.157557140750633,52.41603760179437],[13.157574755779608,52.41603951754628],[13.157592597571204,52.41604033244495],[13.157607190841501,52.416040092280916],[13.157621731612478,52.416085866584474],[13.157626042114359,52.416096512026215],[13.157632098204852,52.4161068348116],[13.15763983727958,52.41611672822758],[13.157672837185315,52.41615392826969],[13.157681505385503,52.416162681663955],[13.15769149119104,52.4161708934034],[13.157702704726695,52.41617848957936],[13.15771504506707,52.41618540182344],[13.157728401144928,52.41619156792275],[13.157742652750862,52.41619693238011],[13.157757671615222,52.41620144691325],[13.157773322562594,52.41620507088968],[13.157991191973291,52.41624841260741],[13.15820075227769,52.41630287355357],[13.158733973324443,52.4164580900445],[13.15875367066644,52.41646295738016],[13.1593213718188,52.41657945765858],[13.159338968714929,52.41658245864298],[13.159356978842395,52.416584330779735],[13.159375209050465,52.41658505399103],[13.159393463828081,52.41658462052066],[13.159411547400673,52.416583035017425],[13.159429265829807,52.41658031448515],[13.159446429093135,52.41657648810031],[13.159493573147765,52.4165642518423],[13.159956365603536,52.41659353080307],[13.15996145259577,52.416598814398306],[13.159971652206083,52.41660736406491],[13.159983172940178,52.41661526144902],[13.159995903902109,52.416622430531746],[13.160009722546292,52.41662880230465],[13.160024495857106,52.416634315434095],[13.16004008162931,52.41663891685152],[13.160056329836864,52.416642562264386],[13.160073084077109,52.416645216582495],[13.160090183076273,52.41664685425576],[13.160651184417977,52.416683454356395],[13.161389150819446,52.416731524214],[13.161640098473466,52.41675420317945],[13.162018042927537,52.41678838113553],[13.162247812925033,52.41681320421694],[13.162317291160516,52.41686088768819],[13.162420766612179,52.41696343626723],[13.162431480669978,52.416972886950646],[13.162443779299972,52.41698158652517],[13.162457522722793,52.41698943611566],[13.162472554738006,52.416996346507425],[13.162488704499397,52.41700223916018],[13.162761704916146,52.41709013935261],[13.162777069652352,52.417094523365975],[13.162940736715601,52.417135487791114],[13.163124574919415,52.417195168073725],[13.163138547176851,52.41719923411491],[13.163153048436868,52.417202535856575],[13.163167967123014,52.41720504789424],[13.163303103386571,52.41722394644802],[13.163297003051872,52.41723282110225],[13.16329176510292,52.41724332062407],[13.163288299579095,52.41725409128432],[13.163286642373755,52.41726502153245],[13.163286810651744,52.41727599816501],[13.163288802671586,52.41728690749798],[13.163292597803439,52.41729763654436],[13.163298156742714,52.417308074184234],[13.163305421917096,52.4173181123157],[13.163314318082772,52.41732764697446],[13.16332475310368,52.41733657941058],[13.163336618905728,52.41734481711126],[13.163370918900943,52.41736631714758],[13.163383391273458,52.41737341462304],[13.163396925301425,52.41737974330383],[13.163411394734192,52.41738524415334],[13.163426664595082,52.417389865857295],[13.163442592440548,52.41739356530248],[13.163459029688955,52.41739630797889],[13.163475823006639,52.4173980683016],[13.163492815738282,52.41739882984957],[13.163509849368316,52.41739858551874],[13.163523386557108,52.417397990482286],[13.16355496815808,52.41741625757624],[13.163568658904481,52.4174234034502],[13.163583469363811,52.417429659070216],[13.163599245330689,52.41743495930299],[13.163615822546706,52.417439248962765],[13.16363302841072,52.41744248338571],[13.163650683775995,52.41744462889515],[13.163668604815486,52.417445663152094],[13.163670865731884,52.417445722725326],[13.163671148913071,52.417449133816724],[13.163673626231471,52.41745937961204],[13.16367769930603,52.41746943289674],[13.16368333058369,52.41747920097857],[13.163690468144518,52.417488593794864],[13.16369904618038,52.41749752474279],[13.163802445989013,52.41759422486935],[13.163813208446498,52.41760323537954],[13.163825435691383,52.41761151789053],[13.16383899688864,52.41761898377657],[13.163853746929268,52.41762555315],[13.163869527982996,52.41763115571612],[13.163886171187126,52.41763573152543],[13.163903498453456,52.41763923161508],[13.164161679368739,52.41768246813831],[13.16428349773882,52.41771563294957],[13.164501171280682,52.41781410883935],[13.164519057756168,52.417821219442125],[13.164760958095716,52.41790511962221],[13.164770310738831,52.41790814054584],[13.164992711101755,52.4179748406944],[13.165413336816798,52.41810098123212],[13.165436390511104,52.418166866021444],[13.16544121864162,52.41817781494777],[13.165447900124848,52.418188393441106],[13.165527899801438,52.418297593546335],[13.165528542325346,52.41829846032399],[13.165648241859955,52.418458060481036],[13.165657815231764,52.41846909088671],[13.165669409509926,52.41847937087272],[13.165839309334675,52.418612771069824],[13.165849685047245,52.41862019793552],[13.165861117053632,52.41862702047438],[13.165873511610851,52.41863318274093],[13.166140275817625,52.418753966670494],[13.166189439854522,52.41877625039522],[13.166201538493437,52.41878127282219],[13.1662142759076,52.41878566533192],[13.166565462079586,52.41889529916208],[13.166962983896365,52.41902655832145],[13.167047219496675,52.419057979561124],[13.167319134564046,52.41915938526509],[13.167325641542543,52.41916169695187],[13.167339841563102,52.41916649696223],[13.167340646804387,52.41916676748507],[13.16746218649953,52.41920734737885],[13.167805326544842,52.41932212740454],[13.16791803789748,52.41935976464616],[13.167926606812141,52.41936244315055],[13.168079397406844,52.41940703189636],[13.168794897803341,52.41984208156887],[13.168808089934847,52.41984933361275],[13.168822406621242,52.41985573894714],[13.169009306830299,52.41993083910123],[13.169009542097278,52.41993093347156],[13.169390161078232,52.42008334100492],[13.169489114858495,52.42012353017716],[13.16957843113347,52.42017798069211],[13.169579329286954,52.42017852433018],[13.169620929287268,52.420203524373434],[13.169638159831328,52.4202126201628],[13.169750566746822,52.42026461273712],[13.169797568736824,52.420301400322316],[13.169807601125077,52.42030858091545],[13.169818622353272,52.42031519747707],[13.169830547938684,52.420321199287955],[13.169843286466122,52.4203265403412],[13.170055912778096,52.42040755973455],[13.17021159565523,52.420471525577106],[13.17022305111235,52.42047585371478],[13.17023501315885,52.420479635036095],[13.170432513492885,52.42053633516363],[13.170445873564757,52.42053976862357],[13.170599873864125,52.42057486870607],[13.170600175379967,52.420574937236616],[13.170773309779802,52.420614178422824],[13.170910744165331,52.42064820982152],[13.171059786772043,52.4207104963464],[13.17112724365555,52.42075474412862],[13.171140008469695,52.42076231348015],[13.171153954760616,52.42076905875388],[13.171168940839907,52.42077491142044],[13.171184814455128,52.42077981201896],[13.171201414336632,52.42078371076122],[13.171218571836041,52.420786568037464],[13.171236112639649,52.420788354818804],[13.171253858539453,52.4207890529522],[13.17127162924369,52.42078865534491],[13.171273422138754,52.420788559740025],[13.1712996,52.4209527],[13.1713169,52.4210228],[13.171310900000002,52.421105799999985],[13.1712432,52.421272399999985],[13.171196100000003,52.42134459999998],[13.1711483,52.4213929],[13.1711356,52.4214057],[13.170989800000001,52.42144590000001],[13.170972,52.4214587],[13.170945600000001,52.421477799999984],[13.1707526,52.4215184],[13.1706998,52.42150869999999],[13.1706471,52.42151760000001],[13.170306100000003,52.42157659999998],[13.1702121,52.42159289999999],[13.169938000000002,52.42164019999999],[13.1697442,52.4216732],[13.1695306,52.42170959999999],[13.1691605,52.42177129999998],[13.1688319,52.42183469999999],[13.1685293,52.42188530000001],[13.167964,52.4219808],[13.1679133,52.42199149999998],[13.1675922,52.4220464],[13.1673972,52.4220895],[13.1672492,52.4221365],[13.1669477,52.42220120000002],[13.1664448,52.422293599999996],[13.1662506,52.42233089999999],[13.1661986,52.42234280000001],[13.165889,52.4224068],[13.1658577,52.42241429999998],[13.1657729,52.422436399999995],[13.165453700000002,52.4224552],[13.165719200000003,52.4223867],[13.1656421,52.422372300000006],[13.165602800000002,52.422383100000005],[13.165497700000001,52.4224089],[13.1653457,52.42245289999999],[13.1650899,52.42251370000001],[13.164951600000002,52.42254739999999],[13.164568,52.42269809999999],[13.1644889,52.42273419999999],[13.1641474,52.42285659999999],[13.163907600000002,52.42294489999999],[13.1637845,52.4229916],[13.1637474,52.42300399999999],[13.1636063,52.4230718],[13.163434600000002,52.42315429999998],[13.163251700000004,52.4232555],[13.1631315,52.4233247],[13.1630408,52.423383400000006],[13.1628944,52.4234781],[13.1628135,52.42353039999998],[13.162799700000003,52.423602300000006],[13.1627182,52.42367869999998],[13.162624200000002,52.42376519999999],[13.1625957,52.4237937],[13.1624765,52.4239057],[13.162405299999998,52.423985099999996],[13.1623429,52.4240327],[13.1622615,52.4240623],[13.1622558,52.4240644],[13.1621029,52.42428359999998],[13.1620401,52.4243752],[13.1620611,52.4244],[13.162005700000003,52.42451209999999],[13.1619975,52.4245332],[13.1619693,52.4245897],[13.1619377,52.42465279999999],[13.161900499999998,52.42482629999999],[13.1618946,52.424842],[13.1618611,52.424931699999995],[13.1618514,52.42495199999998],[13.161826000000001,52.425007400000005],[13.161790100000003,52.42507950000001],[13.1617227,52.4250739],[13.1616964,52.4251479],[13.1616543,52.425260599999994],[13.1618674,52.42530070000001],[13.161897099999997,52.4257102],[13.1619401,52.4257826],[13.1621007,52.426047499999996],[13.162152700000004,52.4261244],[13.162248900000003,52.4262672],[13.1622903,52.4263274],[13.162337500000001,52.42637460000001],[13.1624953,52.42654339999999],[13.1625942,52.426647],[13.162674500000001,52.42670899999999],[13.1628041,52.4268075],[13.1630028,52.4269458],[13.163145700000001,52.42704149999999],[13.1633068,52.427149400000005],[13.1633834,52.4271917],[13.1634871,52.4272043],[13.163628,52.42724020000001],[13.1636933,52.42730009999999],[13.1636969,52.427382299999984],[13.163866500000001,52.4274582],[13.1641096,52.42753639999999],[13.164344,52.4276116],[13.16455,52.427679],[13.1646252,52.427702699999976],[13.1647871,52.42775539999998],[13.1648639,52.4277729],[13.1649135,52.42778820000001],[13.1651309,52.4278573],[13.1653856,52.427935799999986],[13.1654811,52.427964899999985],[13.165549,52.4279909],[13.1659008,52.42803069999999],[13.1659896,52.428052699999995],[13.1661505,52.4280947],[13.1663128,52.42813619999999],[13.166355800000002,52.42816330000001],[13.1666343,52.4283282],[13.1666719,52.4283538],[13.1667229,52.428410400000004],[13.1668493,52.4285335],[13.1668463,52.42855649999999],[13.1668212,52.42874769999998],[13.1666216,52.42919600000001],[13.166595100000002,52.42933449999999],[13.166479100000002,52.42952549999998],[13.1665312,52.42960870000001],[13.1665489,52.42968379999999],[13.166570500000002,52.429775400000004],[13.166616300000001,52.429969799999974],[13.166653900000002,52.4300498],[13.166662300000002,52.43008669999999],[13.1666615,52.43020229999999],[13.166668000000001,52.430330599999984],[13.166743400000001,52.43048129999998],[13.1667461,52.4305099],[13.1668008,52.43063260000002],[13.166828600000004,52.43070189999999],[13.1668471,52.4307453],[13.166927200000002,52.4309185],[13.1669639,52.43099560000001],[13.1669853,52.4310372],[13.167053800000001,52.43106719999998],[13.1671107,52.4312068],[13.1671168,52.43129919999999],[13.1671252,52.4313308],[13.167178100000001,52.4315302],[13.167195500000002,52.4315956],[13.1672389,52.43175900000001],[13.167324,52.432079499999986],[13.1673352,52.43212139999999],[13.1673406,52.432141900000005],[13.1673301,52.4322452],[13.1673848,52.4323309],[13.1674332,52.432393700000006],[13.1674822,52.432458299999986],[13.1675427,52.432535099999996],[13.1675695,52.432605599999995],[13.167559900000002,52.4326625],[13.1675252,52.4327213],[13.1771996,52.4350086],[13.1772775,52.434949],[13.1774136,52.4348326],[13.1775055,52.4347014],[13.1775842,52.434611199999985],[13.177576,52.4345338],[13.17809,52.4345136],[13.1785317,52.434496200000005],[13.1787614,52.434456699999984],[13.1789803,52.4343815],[13.179163799999998,52.434293299999986],[13.179245599999996,52.4342334],[13.179209600000002,52.4342038],[13.179210300000001,52.434179900000004],[13.179248099999999,52.43416789999999],[13.179306800000003,52.43417560000001],[13.179334700000002,52.43410719999999],[13.1793168,52.4340577],[13.1793249,52.434047299999996],[13.1793649,52.43399570000001],[13.1794411,52.433981200000005],[13.1795014,52.4340245],[13.1795537,52.4340168],[13.179766,52.4339129],[13.1799948,52.4337788],[13.1801074,52.433679799999986],[13.1800781,52.43364649999999],[13.1801017,52.4336162],[13.1801546,52.4336098],[13.1801882,52.433617299999995],[13.1802103,52.4336091],[13.1803075,52.4335083],[13.180264600000001,52.433483800000005],[13.180241800000001,52.43344449999999],[13.1802592,52.4334093],[13.1802981,52.4333905],[13.1803491,52.43339219999999],[13.180401400000003,52.43335779999999],[13.1804429,52.4333497],[13.1804926,52.433354599999994],[13.1806632,52.4331871],[13.1807682,52.4330609],[13.1808569,52.432900599999996],[13.1808577,52.43287099999999],[13.180858799999998,52.432828900000004],[13.1808605,52.43276249999999],[13.181001200000003,52.43277229999999],[13.1810448,52.4327538],[13.1810767,52.43274019999999],[13.1810924,52.432733499999976],[13.1811178,52.432726699999996],[13.1812607,52.432688399999996],[13.1816383,52.43268949999998],[13.1816871,52.43267589999998],[13.1817135,52.43266779999998],[13.1818299,52.432629699999985],[13.1819438,52.432581899999995],[13.1819803,52.4325653],[13.1821084,52.4325068],[13.182232800000001,52.43243039999999],[13.1822613,52.43240689999999],[13.182381100000004,52.43227509999999],[13.1824553,52.432282900000004],[13.1824925,52.43220759999999],[13.1825113,52.4321696],[13.1824343,52.432163300000006],[13.1824175,52.432094800000016],[13.1824214,52.43202130000001],[13.182512300000003,52.432024999999996],[13.1825606,52.431944499999986],[13.1825174,52.431937899999994],[13.1825294,52.431921300000006],[13.182862,52.431960700000005],[13.182855300000002,52.43198129999998],[13.183029,52.43203],[13.183074500000002,52.432062899999984],[13.1831842,52.431842],[13.1832058,52.43179839999999],[13.183346200000004,52.431515499999996],[13.183362300000002,52.43096909999999],[13.183249600000002,52.4304292],[13.1831483,52.43017389999999],[13.183083400000001,52.43008129999998],[13.1830603,52.430048299999996],[13.182928,52.4298557],[13.182866700000002,52.429798999999996],[13.182676800000001,52.42957399999999],[13.1826522,52.429544800000016],[13.182583,52.42946820000001],[13.182525,52.4294044],[13.1825004,52.42937729999999],[13.182479400000004,52.42935409999997],[13.1823925,52.4292604],[13.1823047,52.429158399999984],[13.1820639,52.42888339999998],[13.181990700000002,52.428823299999976],[13.180479399999998,52.42711940000001],[13.179556900000001,52.4261043],[13.1789937,52.42551040000001],[13.1788837,52.4253817],[13.1783697,52.424836299999996],[13.1779842,52.4244262],[13.1779161,52.42434579999998],[13.177682400000002,52.424070300000004],[13.1773607,52.423637199999995],[13.177303400000001,52.4235631],[13.1770084,52.42318219999999],[13.176659200000001,52.42275969999999],[13.176648300000002,52.42276889999999],[13.1765855,52.4227634],[13.1764752,52.422635500000005],[13.176464300000003,52.4226228],[13.1764551,52.4226122],[13.176401100000001,52.42254949999999],[13.1763034,52.4224343],[13.176293800000002,52.42242349999999],[13.176284600000002,52.422413],[13.176220400000002,52.42234169999998],[13.1762479,52.42229589999999],[13.1761358,52.42218509999999],[13.1761133,52.42216289999999],[13.1759558,52.42201039999999],[13.175906200000002,52.42200789999999],[13.175833799999998,52.4219418],[13.175815400000001,52.42192399999997],[13.1757932,52.4219024],[13.1757205,52.42183099999999],[13.175743600000002,52.4218009],[13.175524,52.4215897],[13.175514600000001,52.4215814],[13.1755045,52.421572],[13.175424600000001,52.421491199999984],[13.175372,52.42149229999999],[13.1752423,52.4213667],[13.175261,52.421336200000006],[13.1752528,52.42132509999999],[13.1751963,52.4212716],[13.1751852,52.42126339999999],[13.1751737,52.42125269999999],[13.1751615,52.4212414],[13.1751492,52.4212324],[13.1751304,52.421221],[13.1748523,52.4210649],[13.1746555,52.4209551],[13.1745964,52.4209078],[13.1744685,52.4208392],[13.1742231,52.42081279999999],[13.1740461,52.4208423],[13.1739352,52.420856400000005],[13.1738078,52.4208752],[13.173736,52.42091800000001],[13.173556600000001,52.4209601],[13.1733904,52.4209992],[13.173133900000002,52.42106669999998],[13.1730398,52.421091499999996],[13.172907,52.4211509],[13.1727625,52.42118870000001],[13.172673000000001,52.42120209999998],[13.1726221,52.42122739999999],[13.172614600000001,52.42126139999999],[13.172472700000002,52.4213371],[13.1723604,52.4213909],[13.1722598,52.421404199999984],[13.1721599,52.4214042],[13.1720776,52.421412000000004],[13.1719618,52.4213804],[13.1718697,52.421318200000016],[13.171800600000003,52.421226199999985],[13.171667500000002,52.42107759999999],[13.1716585,52.4209335],[13.171630740165693,52.420769421003286]]],[[[13.1274793,52.4311341],[13.1271386,52.4311365],[13.1270555,52.4311284],[13.1268905,52.4310981],[13.126853,52.431087500000004],[13.126757699999999,52.43104900000001],[13.126690700000001,52.4310139],[13.1266317,52.430991799999994],[13.12657,52.4309526],[13.1265137,52.430940299999996],[13.126393000000002,52.430898600000006],[13.126335300000001,52.43086589999999],[13.126276300000004,52.43081849999999],[13.1261864,52.43077999999999],[13.125950400000002,52.43061979999999],[13.125923600000002,52.430609099999984],[13.1258914,52.430587],[13.125816299999999,52.430501200000016],[13.1258042,52.4304758],[13.1256594,52.430350700000005],[13.1256232,52.43031069999999],[13.1256044,52.4302273],[13.125578899999999,52.4301659],[13.125509200000002,52.4301038],[13.125454200000004,52.43008169999999],[13.1253496,52.4300719],[13.125194,52.430067],[13.1247548,52.43008089999998],[13.1246576,52.4300981],[13.1245624,52.430102600000005],[13.124448300000001,52.4301005],[13.124396100000002,52.4301046],[13.1241895,52.43013809999999],[13.1241144,52.4301586],[13.1240257,52.4302114],[13.1240123,52.4302219],[13.1240202,52.4302256],[13.1240274,52.43021989999998],[13.124266100000002,52.43033209999999],[13.1242026,52.4303808],[13.123964900000002,52.430269100000004],[13.1239727,52.430262899999995],[13.1239656,52.4302596],[13.123952099999999,52.43027029999998],[13.1239421,52.430284500000006],[13.1239153,52.43029020000001],[13.1237537,52.430294700000005],[13.123458000000001,52.4302976],[13.1232072,52.43032740000001],[13.1230697,52.4303376],[13.1229597,52.4303528],[13.1227002,52.4303565],[13.1226372,52.430359599999996],[13.122487500000002,52.430366899999996],[13.122435400000002,52.43036949999998],[13.122299900000002,52.43037040000001],[13.1221564,52.43035729999998],[13.122046700000002,52.43035359999998],[13.121935100000002,52.430349899999996],[13.1216776,52.4303074],[13.1215435,52.4302951],[13.1214926,52.430286100000004],[13.1214054,52.43026079999999],[13.1212632,52.430248500000005],[13.1211365,52.43022359999999],[13.121088,52.430205600000015],[13.120991,52.430169600000006],[13.1209461,52.4301414],[13.1209038,52.430102599999984],[13.1208488,52.430068599999984],[13.120757,52.430044499999994],[13.1207315,52.4300183],[13.1207033,52.4299746],[13.1206604,52.4299529],[13.1206155,52.42992059999999],[13.1205317,52.429885000000006],[13.120504800000003,52.4298507],[13.1204814,52.4298008],[13.1204143,52.4297366],[13.1203137,52.4296802],[13.1201488,52.4296074],[13.120072300000002,52.4295551],[13.1200267,52.4295379],[13.119931500000002,52.4295207],[13.1197843,52.429509800000005],[13.119683,52.4295133],[13.1195788,52.4295307],[13.119409,52.42957419999998],[13.1193106,52.429617699999994],[13.1191878,52.4296951],[13.1191265,52.4297195],[13.119053700000004,52.4297674],[13.119037999999998,52.4297891],[13.119033700000001,52.42981089999999],[13.119026600000002,52.429821299999986],[13.118978100000001,52.429881300000005],[13.1189695,52.42990220000001],[13.1189681,52.4299257],[13.1189923,52.429964],[13.1189995,52.430034499999984],[13.1189467,52.4301302],[13.1189267,52.4301954],[13.118921,52.4303373],[13.118902400000001,52.43037119999998],[13.118901,52.430414699999986],[13.1188896,52.430437299999994],[13.118901,52.43052519999999],[13.1189424,52.430607],[13.118949500000001,52.430649599999995],[13.1189467,52.430672200000004],[13.1189096,52.43074359999998],[13.118889600000001,52.43080799999998],[13.118901000000001,52.4308959],[13.118906700000002,52.43091589999998],[13.1189424,52.43095069999998],[13.1189581,52.4309837],[13.1189609,52.4310377],[13.119008,52.4310638],[13.1190423,52.43114639999999],[13.119135,52.4311926],[13.119157900000001,52.43120909999998],[13.1191493,52.4312709],[13.1191493,52.43129169999998],[13.119155,52.43130130000001],[13.1191636,52.4313109],[13.1191721,52.4313196],[13.119302,52.43139699999999],[13.1193234,52.43142400000001],[13.1193305,52.43150750000001],[13.1193605,52.4315789],[13.119499700000002,52.43165819999999],[13.1195252,52.4316942],[13.1195533,52.4317187],[13.1196257,52.4318128],[13.1196351,52.4318218],[13.119662000000003,52.43184459999998],[13.1197344,52.4318814],[13.1198309,52.43192150000001],[13.1198658,52.4319428],[13.119928800000002,52.431964799999996],[13.1199959,52.4319959],[13.120079,52.4320507],[13.1201689,52.432084999999994],[13.1202266,52.43210139999998],[13.1202681,52.432122699999994],[13.1203996,52.432215100000015],[13.120446500000002,52.43225189999999],[13.1204532,52.43226080000001],[13.1205779,52.4324366],[13.1205873,52.4324775],[13.1206302,52.4325781],[13.1206691,52.432616499999995],[13.1207,52.4326394],[13.1207576,52.43270969999999],[13.1208032,52.4327866],[13.120812600000002,52.43282670000001],[13.1208475,52.4329215],[13.1208529,52.43293130000001],[13.120875700000001,52.43296159999998],[13.1209105,52.4329951],[13.121024500000004,52.433062199999995],[13.1210393,52.4330793],[13.1210433,52.4330883],[13.1210487,52.433128399999994],[13.1210567,52.43314799999999],[13.1210648,52.433159499999995],[13.121080800000001,52.4331774],[13.1211399,52.433208500000006],[13.121174700000001,52.43326659999999],[13.1212512,52.4333279],[13.1212592,52.43333609999999],[13.121359800000004,52.4334407],[13.1213893,52.4334865],[13.1215033,52.433587900000006],[13.121554400000004,52.4336538],[13.1216025,52.4336967],[13.1216334,52.43377919999999],[13.1216575,52.4338185],[13.1216736,52.4338348],[13.1217514,52.43388720000001],[13.121797,52.43392719999997],[13.1218198,52.4339395],[13.121878800000001,52.433959099999996],[13.1219874,52.433984499999994],[13.1221269,52.43401229999999],[13.1221752,52.43403269999999],[13.1222503,52.4340908],[13.1223133,52.43412260000001],[13.1224099,52.43415699999999],[13.122616400000004,52.43420849999998],[13.1227344,52.4342469],[13.1229369,52.4343467],[13.123028100000003,52.4344121],[13.1231059,52.4344464],[13.1232159,52.4344808],[13.1233299,52.4345241],[13.1234385,52.43454779999999],[13.123474700000001,52.43456739999999],[13.1235525,52.434630399999996],[13.1235793,52.43464509999998],[13.123635600000002,52.4346582],[13.1236812,52.434687600000004],[13.1237711,52.43471129999998],[13.123993700000002,52.43480049999999],[13.1241265,52.43483809999999],[13.1242338,52.43489369999998],[13.124426900000003,52.43496729999998],[13.12451,52.434995],[13.1247769,52.435058000000005],[13.1248882,52.4350915],[13.124999600000002,52.4351103],[13.125118900000002,52.435113600000015],[13.125163200000001,52.4351251],[13.1251927,52.43514059999999],[13.125216800000002,52.4351651],[13.1252275,52.435183900000006],[13.1252825,52.435251],[13.125298600000002,52.43529019999998],[13.1253187,52.435308199999994],[13.125404600000001,52.435355599999994],[13.125466300000001,52.4353793],[13.1255132,52.435395699999994],[13.1256111,52.43542019999999],[13.1256849,52.43543],[13.1258619,52.4354431],[13.125937,52.435468400000005],[13.1260362,52.43547740000002],[13.12622,52.4355134],[13.1263138,52.43554290000001],[13.1263635,52.4355518],[13.1263782,52.43555510000001],[13.126484200000002,52.435595999999975],[13.1266317,52.435636900000006],[13.126646400000002,52.43564179999999],[13.1268919,52.435729300000006],[13.1269804,52.43575129999999],[13.1270877,52.435797900000004],[13.1271614,52.435823299999996],[13.1272016,52.4358421],[13.1272325,52.43586340000001],[13.1272499,52.435901],[13.1272674,52.4359189],[13.127350500000002,52.43597209999999],[13.1273787,52.43601949999999],[13.1274055,52.43609560000001],[13.1274109,52.436116],[13.1274363,52.4362313],[13.127437700000003,52.436241100000004],[13.1274404,52.4363482],[13.127443,52.4363686],[13.127469900000001,52.43648389999999],[13.127459100000001,52.4365354],[13.127427,52.43659259999998],[13.127408200000001,52.436675999999984],[13.1274055,52.436736499999995],[13.127410900000003,52.4367464],[13.127437700000002,52.4367562],[13.1275383,52.436766000000006],[13.127604000000003,52.43676679999999],[13.127718,52.436757799999995],[13.1278749,52.436738999999996],[13.128084100000002,52.4367357],[13.1281123,52.43674229999998],[13.1281511,52.4367603],[13.1282665,52.43683629999999],[13.1283416,52.4368755],[13.1284073,52.436927],[13.1284422,52.4369483],[13.1286098,52.437021099999995],[13.1286983,52.437075],[13.1288137,52.437134699999994],[13.1288847,52.437180500000004],[13.1289692,52.4372083],[13.1290738,52.437251599999996],[13.1291972,52.43737999999999],[13.1292106,52.437401200000004],[13.1292173,52.4374102],[13.1292388,52.4374601],[13.1292495,52.43754429999999],[13.1292482,52.437611399999994],[13.1292012,52.4376956],[13.1291409,52.4377561],[13.1291141,52.43779779999999],[13.129083200000002,52.4378329],[13.1290671,52.4378623],[13.1289692,52.43798089999999],[13.1289437,52.43805040000001],[13.1288646,52.4381379],[13.1288566,52.4381608],[13.128858,52.438205200000006],[13.1288566,52.43823919999999],[13.128868600000002,52.438255599999984],[13.1288968,52.4382646],[13.1289048,52.4382842],[13.128899500000003,52.4382932],[13.1288499,52.4383341],[13.128833800000002,52.438361099999995],[13.1288056,52.43837250000001],[13.1287546,52.4383725],[13.128705,52.43840029999999],[13.128697,52.438408500000016],[13.1286822,52.43846729999999],[13.128646,52.43850410000001],[13.1286098,52.4385254],[13.1285937,52.43855400000001],[13.1285845,52.438558],[13.1285843,52.43856790000001],[13.128566899999997,52.4385883],[13.1285548,52.4385973],[13.1284985,52.438632499999976],[13.1284703,52.438647999999986],[13.1284556,52.43865460000001],[13.128360400000002,52.43868639999998],[13.1282826,52.43872160000001],[13.1281605,52.438750199999994],[13.128123,52.4387527],[13.1281042,52.438752699999995],[13.1280707,52.438749400000006],[13.1280398,52.438742899999994],[13.1279553,52.4387102],[13.1278682,52.4386603],[13.1278199,52.43862269999998],[13.1276952,52.438572799999996],[13.1276295,52.4385262],[13.1275906,52.4385082],[13.127404200000004,52.438442],[13.127358600000003,52.43841419999999],[13.1273063,52.43837820000001],[13.1272767,52.438353699999986],[13.127239200000002,52.438313599999994],[13.1272218,52.4383055],[13.127190900000002,52.43828089999998],[13.1271815,52.4382613],[13.1271856,52.438182],[13.1271681,52.438155],[13.127134600000002,52.4381346],[13.1271064,52.438089599999984],[13.1269442,52.437985000000005],[13.1268677,52.4379057],[13.1268583,52.4378967],[13.126844900000002,52.43789100000001],[13.126814100000002,52.437884399999994],[13.126780500000002,52.43788119999999],[13.1266236,52.4378779],[13.126607500000004,52.4378762],[13.1265445,52.4378615],[13.1265365,52.4377929],[13.1265271,52.437775699999996],[13.126515,52.43777],[13.1264828,52.4377724],[13.1264681,52.437775699999996],[13.1264533,52.4377814],[13.1264412,52.43778789999998],[13.126414400000002,52.437804299999996],[13.1263728,52.4378362],[13.1263635,52.437846],[13.1263648,52.43791790000001],[13.126354100000002,52.437962899999995],[13.1263232,52.437991499999995],[13.1262656,52.438029900000004],[13.1262535,52.4380643],[13.1262401,52.43814029999999],[13.1262374,52.4381599],[13.126236,52.4382213],[13.1262253,52.43823020000001],[13.126195800000001,52.4382425],[13.1261503,52.4382467],[13.126122100000002,52.4382556],[13.126088500000002,52.438280899999974],[13.1260698,52.438311200000015],[13.1260751,52.4383521],[13.1260684,52.43837250000001],[13.1260322,52.4384077],[13.1260282,52.43846899999998],[13.1260188,52.43847720000001],[13.125954400000001,52.438491100000014],[13.125912800000002,52.438507399999985],[13.1258471,52.4385573],[13.125828400000001,52.43859819999998],[13.1258042,52.4387028],[13.1257291,52.4387878],[13.1257184,52.43879599999999],[13.1256205,52.4388508],[13.125538700000002,52.4388835],[13.125489100000001,52.4389284],[13.1254287,52.438964399999996],[13.125422000000002,52.43897419999998],[13.1254207,52.43900529999999],[13.125434100000001,52.43906499999999],[13.1254274,52.4391034],[13.1254032,52.43916389999999],[13.1253952,52.43922109999999],[13.1253952,52.43924239999999],[13.1254448,52.4392833],[13.1254636,52.439311899999986],[13.125466300000001,52.43938299999999],[13.1254891,52.43944759999999],[13.125498400000001,52.4394656],[13.125505100000002,52.4394762],[13.1255133,52.43948950000001],[13.1255373,52.439517099999996],[13.125607100000002,52.43957669999996],[13.1256326,52.439636400000005],[13.1256433,52.43965440000001],[13.1256513,52.43966259999999],[13.125708600000001,52.43970499999999],[13.1257184,52.439712499999985],[13.1257251,52.4397215],[13.125744,52.439760500000006],[13.125747900000002,52.43977129999999],[13.1257567,52.43981979999999],[13.125781400000001,52.439831],[13.125824300000001,52.43983999999999],[13.1258471,52.4398555],[13.1259048,52.4399299],[13.1260496,52.4400272],[13.1260899,52.440059099999985],[13.126173,52.4400722],[13.1262039,52.4400738],[13.126253500000002,52.44007139999999],[13.126278200000002,52.4400674],[13.1263313,52.4400444],[13.126375500000002,52.440033699999994],[13.1264614,52.440028799999986],[13.126511,52.440021499999986],[13.1265526,52.440007599999994],[13.126603500000002,52.43998220000001],[13.1267551,52.439933199999984],[13.1268382,52.43990870000001],[13.1269254,52.439896399999995],[13.127001800000002,52.439879199999986],[13.127090300000003,52.4398482],[13.127156000000001,52.4398351],[13.1271802,52.43982280000001],[13.127209700000002,52.4397901],[13.1272942,52.439750899999986],[13.1273559,52.439707599999984],[13.1274256,52.43967079999999],[13.127499400000001,52.43964459999999],[13.1275745,52.43962499999999],[13.1276858,52.439615200000006],[13.1277139,52.43960700000001],[13.127762200000001,52.4395849],[13.127817200000003,52.439570999999994],[13.1279553,52.439561199999986],[13.128030400000002,52.439561199999986],[13.1281471,52.4395792],[13.128255800000002,52.4395915],[13.1283255,52.4396086],[13.1283523,52.43961929999997],[13.128509200000002,52.4396994],[13.1285629,52.4397174],[13.1285991,52.4397345],[13.128726500000003,52.43988169999998],[13.128743,52.439893899999994],[13.128790900000002,52.43992909999999],[13.1288257,52.439948699999995],[13.128868600000002,52.43996669999997],[13.128920900000002,52.439988799999995],[13.1291905,52.4400869],[13.1292535,52.44009750000001],[13.1293032,52.4401163],[13.1295674,52.44016130000001],[13.1297538,52.44018579999999],[13.129787300000004,52.44018659999998],[13.129894600000004,52.440186600000004],[13.129972400000002,52.440178499999995],[13.1300461,52.44016129999999],[13.130372,52.44006889999997],[13.1304941,52.4400476],[13.1305557,52.4400444],[13.130668400000003,52.44003129999999],[13.1307864,52.4399978],[13.1308615,52.439980599999984],[13.1309836,52.4399373],[13.130998000000002,52.43993379999998],[13.1310855,52.4399103],[13.1312084,52.43989549999999],[13.131271900000002,52.43988249999998],[13.1313846,52.43984649999999],[13.1315643,52.4397991],[13.1316139,52.43977789999999],[13.1317547,52.4397321],[13.131859300000004,52.439664999999984],[13.1319103,52.4396462],[13.1319585,52.4396397],[13.132075200000001,52.4396348],[13.1321731,52.4396258],[13.1323059,52.43962740000001],[13.1324011,52.4396405],[13.1324668,52.43966669999999],[13.132528500000001,52.43968219999999],[13.1325728,52.4396986],[13.1326331,52.43973129999999],[13.1326801,52.43976559999997],[13.1327686,52.43979339999999],[13.132804800000004,52.4398212],[13.1328504,52.439869400000006],[13.1329469,52.4399487],[13.1329536,52.4399577],[13.1330636,52.44003290000001],[13.1331173,52.4400844],[13.1331334,52.4401122],[13.1331977,52.4401637],[13.1332178,52.440176799999996],[13.133275500000002,52.4401948],[13.1333117,52.44021690000001],[13.1333707,52.4402667],[13.1334284,52.440330500000016],[13.1334713,52.440346],[13.133534300000003,52.4403567],[13.1335478,52.44036399999998],[13.133643000000001,52.44044659999999],[13.1337368,52.44048909999999],[13.1337503,52.44051940000001],[13.1338669,52.4406068],[13.1340466,52.44064029999999],[13.134136499999999,52.44068609999999],[13.1341673,52.4406968],[13.1342505,52.4406968],[13.1342679,52.4407017],[13.134408699999998,52.440758100000004],[13.134438200000002,52.440762999999976],[13.1344892,52.4407646],[13.1345201,52.440761300000005],[13.134532100000001,52.44075559999998],[13.1345482,52.4407393],[13.1345911,52.440642799999985],[13.1345871,52.44054390000001],[13.134565700000001,52.4405153],[13.134563,52.440494799999996],[13.1345831,52.4403902],[13.1345536,52.440340299999995],[13.134544200000002,52.44031009999998],[13.1345496,52.4402365],[13.134516,52.44020129999999],[13.134458399999998,52.4401825],[13.134377900000002,52.44013999999998],[13.1343712,52.440131],[13.1343672,52.440089300000004],[13.134301500000001,52.44009669999998],[13.1342491,52.4400983],[13.1341888,52.440068899999986],[13.1341271,52.4400264],[13.1340882,52.4399765],[13.1340413,52.439946299999995],[13.1339957,52.43993400000001],[13.133901800000004,52.43986779999999],[13.133856200000002,52.439813],[13.1338173,52.43977790000001],[13.133752900000001,52.43969770000001],[13.1337355,52.4396552],[13.133714000000001,52.439567799999985],[13.133714000000001,52.43955789999998],[13.1337181,52.43953749999999],[13.1337342,52.439518699999994],[13.1337368,52.439508899999986],[13.1337368,52.4394991],[13.1337342,52.4394893],[13.133702,52.439433699999995],[13.133700600000001,52.439423899999994],[13.133702,52.4394018],[13.1337114,52.4393715],[13.1337047,52.4393233],[13.1337261,52.4392571],[13.1337181,52.439217000000006],[13.1337208,52.4392064],[13.133762300000003,52.439132],[13.133769,52.4390854],[13.1337838,52.439051899999974],[13.1338347,52.4389677],[13.133872300000002,52.43893740000001],[13.1338964,52.43888179999999],[13.1339434,52.4388091],[13.134115,52.4385908],[13.1342331,52.4384167],[13.1343417,52.438307900000005],[13.1343578,52.4382335],[13.134462399999999,52.4379858],[13.1344838,52.4379613],[13.1345149,52.437944],[13.134533900000001,52.43793339999999],[13.134592500000002,52.43790079999998],[13.134628700000002,52.437887699999976],[13.1346703,52.4378812],[13.134699800000002,52.437863999999976],[13.134757399999998,52.437790400000004],[13.1348178,52.43769389999999],[13.134845900000002,52.4376302],[13.1348728,52.43760559999999],[13.1349049,52.437550900000005],[13.1349438,52.43750670000001],[13.134954600000002,52.43748789999999],[13.134969300000002,52.437451899999985],[13.1349613,52.437429],[13.1349345,52.437390599999986],[13.134931800000002,52.4373685],[13.1349492,52.4372884],[13.1349814,52.437212400000014],[13.1349908,52.43714939999999],[13.1350136,52.43712080000001],[13.1350498,52.43704399999999],[13.135119500000002,52.43695239999998],[13.1351785,52.436787200000005],[13.135222800000001,52.436693199999986],[13.1352496,52.436663],[13.135297900000001,52.43658609999999],[13.1353515,52.43652229999999],[13.1353784,52.4365019],[13.1353945,52.43646269999999],[13.135452100000002,52.436434],[13.1354669,52.43640619999999],[13.135462800000003,52.436386600000006],[13.1354977,52.43635719999999],[13.1354977,52.4363245],[13.1354615,52.436287699999994],[13.1354588,52.436278699999995],[13.1354575,52.43614869999999],[13.135472200000004,52.436119299999994],[13.1354749,52.436089],[13.1354535,52.43600889999999],[13.135452100000004,52.43597779999999],[13.1354535,52.435941799999995],[13.135483,52.435865799999995],[13.1354736,52.4357922],[13.135474900000002,52.43576199999999],[13.1354789,52.43575300000001],[13.1354856,52.4357423],[13.1355299,52.435716199999995],[13.135536600000002,52.43570880000001],[13.1355366,52.435699],[13.1355353,52.4356892],[13.1355299,52.43568020000001],[13.1355017,52.43565489999999],[13.1354883,52.4356254],[13.1354749,52.4355396],[13.1354749,52.43547829999999],[13.135462800000003,52.4354529],[13.135440000000001,52.43536540000001],[13.135441400000001,52.43535479999999],[13.1354213,52.4353164],[13.1354105,52.4352575],[13.135397100000002,52.43522809999999],[13.1353918,52.43518720000001],[13.1353569,52.4351365],[13.1353515,52.4351038],[13.135312600000002,52.43503839999998],[13.1353046,52.43496559999999],[13.135253600000002,52.43486999999998],[13.1352282,52.434798],[13.135191900000002,52.4347293],[13.1351893,52.4346868],[13.1351705,52.4346459],[13.1351571,52.43457149999999],[13.1351276,52.4345225],[13.1351034,52.4344963],[13.135063200000001,52.4344677],[13.135061900000002,52.43442520000001],[13.135079300000001,52.434383499999996],[13.1351088,52.434363],[13.1351142,52.434353200000004],[13.1350954,52.434304999999995],[13.1351021,52.4342461],[13.1350967,52.434237100000004],[13.1350525,52.43422240000002],[13.135027,52.43420929999999],[13.1350163,52.43420109999999],[13.1349988,52.43418309999999],[13.134994800000001,52.434174199999994],[13.1349827,52.434143899999995],[13.1349532,52.43405480000001],[13.1349519,52.43391989999999],[13.134968,52.433892099999994],[13.1349698,52.433873399999996],[13.1349801,52.433855300000005],[13.1350136,52.4338078],[13.135024300000003,52.43375629999998],[13.1350216,52.433659899999995],[13.135008200000001,52.433621399999986],[13.1349814,52.43348979999998],[13.134930400000002,52.43341369999999],[13.1348285,52.4333467],[13.1348057,52.43332049999999],[13.1347293,52.43325759999999],[13.1346984,52.4332216],[13.134672900000002,52.43317499999999],[13.1346488,52.433160300000004],[13.1345657,52.4331202],[13.1345201,52.43311330000001],[13.1344984,52.43311000000001],[13.134447600000001,52.433102199999986],[13.1344248,52.433085900000016],[13.134371200000002,52.4330605],[13.1343068,52.43303680000001],[13.1342116,52.433014699999994],[13.1340796,52.43300319999999],[13.1340614,52.4330016],[13.1340199,52.433000500000006],[13.1337744,52.4329935],[13.1337355,52.43298529999998],[13.133589300000002,52.432967299999994],[13.1332822,52.4329599],[13.133142700000002,52.43294769999999],[13.1329952,52.432946000000015],[13.1329443,52.432942],[13.1328785,52.4329289],[13.132658600000001,52.432925600000004],[13.1325513,52.432897],[13.1324051,52.43286839999999],[13.1323032,52.432857699999985],[13.132254900000001,52.432847099999975],[13.1322013,52.4328308],[13.1321409,52.4327981],[13.1319559,52.432749799999996],[13.131870000000001,52.4327204],[13.1318285,52.432698300000006],[13.131735899999999,52.432677000000005],[13.131662200000003,52.43262140000001],[13.131617900000002,52.432599399999994],[13.1315267,52.432560099999996],[13.1314784,52.4325454],[13.1314301,52.432538],[13.131287999999998,52.4324808],[13.131235700000001,52.432454599999986],[13.13117,52.432408],[13.1311123,52.43238999999999],[13.131030500000001,52.432353199999994],[13.1307824,52.4322797],[13.130651000000002,52.43223299999998],[13.1304954,52.4321897],[13.130337100000002,52.432157],[13.1301655,52.4321374],[13.1298973,52.43206949999999],[13.1297994,52.43203030000001],[13.129614300000004,52.431996700000006],[13.129444,52.43192889999999],[13.129368900000001,52.4319052],[13.1293166,52.4318929],[13.12922,52.4318528],[13.129157,52.431836499999996],[13.128925,52.431739999999984],[13.1287748,52.431665599999995],[13.1286809,52.43161159999998],[13.128616500000003,52.4315625],[13.1285562,52.43150450000001],[13.1284623,52.43138020000001],[13.1284477,52.431368099999986],[13.1284394,52.4313613],[13.1284127,52.4313393],[13.1283456,52.4312682],[13.1282973,52.43123379999999],[13.1281753,52.43116679999999],[13.1281163,52.43114799999999],[13.128000900000002,52.4311259],[13.127864200000001,52.4311136],[13.127711299999998,52.431115299999995],[13.1274793,52.4311341]]],[[[13.267998149255039,52.55765956475404],[13.265800159152034,52.55744496582877],[13.265692840328313,52.557853234135834],[13.26789083754737,52.558067833972906],[13.273756943342557,52.558640634827604],[13.274835346025313,52.55874593514251],[13.275202060018213,52.55878173652646],[13.275693862232858,52.558829736766775],[13.275695531397648,52.558829897077054],[13.28038438062816,52.55927283584051],[13.281070708013862,52.559339372674394],[13.281646562275153,52.55941078652079],[13.281660538817007,52.55941233477367],[13.285571539251222,52.55979413500775],[13.292331139112836,52.560454135324164],[13.293158576706917,52.56053493903344],[13.293711910807907,52.56058892287551],[13.293871934366715,52.56060463493568],[13.297561539789584,52.56096483564478],[13.302977034068505,52.561493535349314],[13.308772572055748,52.56205945881286],[13.308950481146148,52.562076749985884],[13.309500943625205,52.56213043659997],[13.309701496233354,52.56215003197912],[13.309808903247058,52.56174176798555],[13.309608207558638,52.56172215865446],[13.309057426625161,52.56166844106555],[13.308879542834076,52.56165115236868],[13.303084346495211,52.561085262769005],[13.29766884849768,52.56055656322732],[13.293979410724576,52.560196379246754],[13.29381965703472,52.56018069362011],[13.293819320281244,52.56018066066113],[13.293265846408788,52.56012666323717],[13.292438446966342,52.56004586333241],[13.285678843051414,52.55938586328024],[13.281774875473626,52.55900475011245],[13.281198839640837,52.55893331378129],[13.281184487247367,52.55893172889073],[13.280490290375223,52.55886442922782],[13.280488946925368,52.55886430066374],[13.275800303000487,52.558421381776675],[13.275309345633197,52.55837346404049],[13.274942656339348,52.55833766510373],[13.273864248196801,52.558232364361835],[13.267998149255039,52.55765956475404]]],[[[13.259461006689614,52.587110700112746],[13.259433171826988,52.58713329833353],[13.259409110964098,52.58715745064585],[13.259389056211607,52.58718292406318],[13.25937320103608,52.58720947285446],[13.259361698393484,52.58723684091455],[13.259354659253395,52.5872647642347],[13.259352151528258,52.58729297344925],[13.259354199417903,52.58732119643417],[13.259360783175781,52.58734916093199],[13.259371839299124,52.58737659717834],[13.259387261141187,52.587403240504166],[13.25950075971992,52.58757234090818],[13.259520252779296,52.587597766080464],[13.259543720762991,52.58762191340084],[13.25957094032259,52.587644553048975],[13.259601652403138,52.58766546955325],[13.259635564708566,52.587684463841796],[13.259672354483522,52.58770135513697],[13.259711671585162,52.58771598267617],[13.259753141815667,52.587728207241895],[13.259796370483754,52.587737912486745],[13.259840946161278,52.58774500604093],[13.25988644459918,52.5877494203914],[13.25993243276549,52.587751113524405],[13.25997847296694,52.58775006932545],[13.260024127014969,52.587746297732686],[13.260068960396424,52.58773983464222],[13.260112546409294,52.587730741566496],[13.260270947231277,52.58769234134149],[13.26031316991171,52.58768061072557],[13.260353298311792,52.58766641271053],[13.260390944919783,52.5876498844044],[13.260419772534126,52.58763439511133],[13.260460345621858,52.58763343372931],[13.260505773520723,52.587629647101636],[13.260550384385223,52.587623195170025],[13.26059375768794,52.58761413875403],[13.260749258494835,52.58757643853313],[13.26079167364534,52.58756464639546],[13.260831972886521,52.58755036434302],[13.26086976340677,52.58753373158893],[13.260898480374781,52.58751825069073],[13.261025825123616,52.58763338379627],[13.261052105341328,52.58765405128638],[13.261440545801396,52.587921022815614],[13.261839110191184,52.58835977553633],[13.26183278355903,52.588361740748255],[13.261805390506872,52.58837129907128],[13.261779651106169,52.58838243250674],[13.261755808706972,52.58839503579541],[13.261734088725033,52.58840898978156],[13.261714696510623,52.58842416253939],[13.261697815407066,52.58844041062023],[13.261683605017287,52.58845758040886],[13.261672199694813,52.58847550957558],[13.261663707273424,52.58849402861119],[13.261658208047555,52.588512962429334],[13.26165575401302,52.58853213202196],[13.261656368375283,52.58855135615163],[13.261660045329911,52.58857045306514],[13.261666750117293,52.58858924221172],[13.261676419351154,52.5886075459502],[13.261688961617654,52.588625191228374],[13.26170425833957,52.588642011219314],[13.261722164897243,52.58865784689853],[13.261742511995811,52.58867254854753],[13.261765107265727,52.58868597716938],[13.261789737081482,52.58869800580284],[13.26181616858132,52.588708520722825],[13.26184415186883,52.5887174225156],[13.261873422375652,52.58872462701873],[13.266007837645772,52.58960233085668],[13.266036056191727,52.58960745952216],[13.266064921650273,52.58961100999356],[13.266094196578523,52.589612953065206],[13.266123640165212,52.58961327275364],[13.266153010211642,52.58961196642911],[13.266182065124072,52.589609044837225],[13.266415866113753,52.589578844713586],[13.26644341120144,52.58957451071229],[13.266470227624268,52.58956872485743],[13.26700922887771,52.58943597179876],[13.267575127099827,52.589601795546706],[13.26761726008989,52.58961200168412],[13.267820660865926,52.58965150185909],[13.267840695163764,52.58965496552925],[13.267881495329666,52.58966116555754],[13.267913143057118,52.58966496893033],[13.267945254268975,52.58966684098856],[13.267977512014559,52.589666763254186],[13.268133808943691,52.58966165112954],[13.268453695904316,52.58971389870705],[13.268486062859393,52.58971812128328],[13.268518967526317,52.58972031491481],[13.268552067922196,52.58972045680287],[13.268585020029796,52.589718545472785],[13.268742520719192,52.589704445416295],[13.268768523492733,52.58970145371599],[13.268794039883963,52.58969718233668],[13.268953801666207,52.5896661219974],[13.268988222050835,52.58966514741284],[13.269119155762885,52.589661665138244],[13.269134351035197,52.58966127300277],[13.269319464444033,52.58965656174878],[13.269518798403572,52.58965402991219],[13.269570856521796,52.58965375394767],[13.269877686978514,52.589773844321364],[13.26988495024136,52.589784532289904],[13.26990209663663,52.58980354876268],[13.26991559658448,52.58981674879343],[13.269937497218299,52.58983561058854],[13.269962860272948,52.589852788145016],[13.270020460271791,52.58988748825534],[13.270050095060123,52.58990329416956],[13.270427595570313,52.5900811948032],[13.270451104616777,52.59009129223771],[13.270475988887489,52.59010008277585],[13.270502053050128,52.590107497414834],[13.270529092510296,52.59011347795226],[13.270556895017531,52.590117977442794],[13.270649195401605,52.59013027749982],[13.27068222991994,52.5901336034142],[13.270715651197373,52.590134839733565],[13.270749103832651,52.59013397331082],[13.270782232091026,52.590131013359496],[13.2708146836873,52.59012599135557],[13.270846113532151,52.59011896070292],[13.27089136007297,52.59010719348255],[13.270945929154687,52.590102970539824],[13.27098001623496,52.590099197887874],[13.271013249239019,52.590093234762456],[13.271045249802174,52.59008514905506],[13.271075653591872,52.59007503282312],[13.271104114455802,52.59006300124203],[13.271146357588522,52.5900430280894],[13.271198800717112,52.59001825490449],[13.271219135501717,52.590007809174345],[13.271237997985075,52.58999638470004],[13.27138822277492,52.58989761936795],[13.27161730696565,52.589769400951376],[13.271639633532917,52.58975561735016],[13.271659639778402,52.589740570054985],[13.271677133909192,52.589724403320865],[13.271691948216006,52.58970727213444],[13.271703940680922,52.58968934072819],[13.271712996338762,52.58967078100583],[13.271719028379131,52.58965177089444],[13.27172197897849,52.58963249263857],[13.27172181985438,52.58961313105323],[13.271718552536369,52.58959387175194],[13.27171220835125,52.5895748993675],[13.271702848122573,52.589556395781855],[13.27169056158738,52.58953853838252],[13.27167546653582,52.589521498362025],[13.271657707681799,52.58950543907674],[13.271637455275574,52.58949051448101],[13.271614903471551,52.58947686765111],[13.271590268466962,52.58946462941372],[13.27156378642924,52.58945391709185],[13.271535711231984,52.5894448333801],[13.271396493212162,52.589404982873916],[13.271730217798398,52.589245510870505],[13.271942513357345,52.589401969644186],[13.271964848772507,52.58941682055559],[13.271989548535046,52.58943021086495],[13.272016356456975,52.589442001685725],[13.272044994483423,52.589452070721464],[13.2720751655767,52.58946031353424],[13.272106556797281,52.58946664462802],[13.272138842549754,52.5894709983354],[13.272245043005679,52.58948189838735],[13.272275168141832,52.589484114581985],[13.272305501425173,52.58948460832433],[13.272335777925477,52.58948337530194],[13.272365733208469,52.589480426284055],[13.27239510564548,52.58947578702725],[13.2724236386986,52.589469498050676],[13.272451083161343,52.58946161428201],[13.272477199335297,52.589452204577825],[13.272617999646593,52.58939590437],[13.272643266924907,52.589384705359166],[13.2726666494428,52.5893720788467],[13.272687930604432,52.589358141794804],[13.272706913279857,52.589343023305375],[13.27272342163103,52.589326863424134],[13.272737302740621,52.58930981184319],[13.272748428028406,52.58929202651455],[13.272756694442263,52.589273672186856],[13.272762025412641,52.58925491887926],[13.272764371561715,52.589235940306544],[13.272763711160641,52.589216912269855],[13.27276005033069,52.58919801102845],[13.272753422986414,52.589179411666706],[13.272743890521326,52.58916128647247],[13.272731541239105,52.58914380334117],[13.272716489535473,52.58912712422049],[13.272698874838468,52.589111403610296],[13.272504924444506,52.58895503796917],[13.27263529929382,52.588887976356375],[13.272648686875142,52.5888806945809],[13.273052887054176,52.588648293826644],[13.273079292068457,52.58863119593232],[13.273102184629375,52.58861231294251],[13.273308383960664,52.588419212465936],[13.273403732351715,52.58832986662474],[13.273410497573572,52.58832324508761],[13.27358719685115,52.58814244466783],[13.27359461543719,52.588134435862656],[13.273797814379082,52.58790263536539],[13.273804140321525,52.587895028629845],[13.27408263853872,52.58754142793066],[13.274090192870107,52.58753108748779],[13.27418161402212,52.58739564004201],[13.274393666646354,52.58709239190182],[13.274509997282383,52.58692706792717],[13.274653747660757,52.58672983184166],[13.274944068165789,52.5863313000378],[13.274947338344683,52.58632665146227],[13.27562397106081,52.585329766633336],[13.2757543723874,52.58514577396716],[13.275765846995743,52.585127030624705],[13.275774153952561,52.58510767707672],[13.275779208255496,52.58508791137152],[13.275780958187434,52.5850679357748],[13.275779385845556,52.58504795469993],[13.275774507324362,52.58502817261592],[13.275766372550793,52.585008791955296],[13.275755064773131,52.58499001104256],[13.275740699708969,52.58497202206455],[13.27572784537362,52.584957802059996],[13.275701988468732,52.58492626257964],[13.27568530705339,52.584899105771456],[13.275680915586667,52.58488824706375],[13.275674640612552,52.5848681517267],[13.27566750667741,52.584850013261786],[13.275657598818636,52.58483236486951],[13.275645005182698,52.58481536355507],[13.275629837809143,52.584799160566895],[13.275612231633788,52.5847839000511],[13.274967230391093,52.58427740142862],[13.274963150399241,52.584274456581426],[13.274967341479917,52.58427366599386],[13.27499782654645,52.58426576221626],[13.27502683033637,52.58425600707666],[13.275054050778921,52.584244502173945],[13.275079204377358,52.58423136733048],[13.275114804391782,52.584210767263826],[13.275139007589711,52.58419515381985],[13.275160288633382,52.5841780339107],[13.27517839657974,52.58415960941468],[13.275187396531637,52.584149209392585],[13.275201439133557,52.58413073479169],[13.275212288845434,52.58411147866844],[13.275219830673441,52.58409164512195],[13.275223984684983,52.58407144437133],[13.275224706855735,52.58405109052741],[13.27522310661491,52.584018490529694],[13.275219606221793,52.58399484961614],[13.275211480591594,52.58397163448775],[13.275210054494831,52.583968497125205],[13.275202597754161,52.583933783732235],[13.275195278689303,52.58385876898435],[13.275191990716756,52.583840098163364],[13.275185810127624,52.58382170148445],[13.275176792656747,52.583803744833006],[13.274531323479824,52.582707427876116],[13.274410098404251,52.58248039156341],[13.274401713210898,52.582402223156556],[13.2744270395694,52.5822344491053],[13.274459862730726,52.58215097050621],[13.274553338204088,52.58202196505897],[13.274570442924125,52.58200572040653],[13.274619109581291,52.58198698957266],[13.2747071994738,52.58198169130919],[13.274714157974948,52.58198122658243],[13.27481355841423,52.581973926553765],[13.274844566851337,52.58197071436077],[13.274874919409173,52.58196568931037],[13.274904331151456,52.581958898575564],[13.274932525974194,52.581950405904685],[13.274959239197713,52.58194029102316],[13.27498422005141,52.581928648884855],[13.275007234027914,52.58191558878082],[13.275028065084555,52.58190123331322],[13.275046517671461,52.5818857172443],[13.275062418567254,52.581869186231415],[13.275075618505115,52.581851795459556],[13.275085993573938,52.58183370818445],[13.27509344638146,52.581815094200095],[13.275097906968389,52.581796128244775],[13.275099333465022,52.581776988360595],[13.275097712484163,52.58175785422226],[13.275056310649767,52.58150655431877],[13.2750513816227,52.58148677280503],[13.275043196309273,52.581467395946746],[13.275031838508928,52.58144862210994],[13.275017424498278,52.58143064348695],[13.275000101840599,52.58141364412922],[13.274980047875081,52.58139779806293],[13.274957467901267,52.581383267507576],[13.27493259307727,52.581370201215385],[13.274905678053367,52.58135873294842],[13.274876998365047,52.581348980109446],[13.274846847612375,52.58134104253992],[13.2748155344544,52.58133500149805],[13.274783379449435,52.58133091882692],[13.27474112802613,52.58132690035698],[13.274544729965921,52.58128326565814],[13.274388244367652,52.58124250058645],[13.27422469110535,52.58104456826095],[13.27412723401847,52.580865220267384],[13.27412013548368,52.58073950283807],[13.274118107360328,52.580723213534576],[13.274113878973141,52.58070708178741],[13.274040617656837,52.58048652949177],[13.273996448980537,52.5802648393903],[13.273966051180173,52.58003500559418],[13.273949995740265,52.57990387915667],[13.273976326168281,52.57968216321953],[13.274098237334856,52.57937614512545],[13.274174658695788,52.579255802123036],[13.274197451136812,52.5792245861107],[13.274254733208572,52.579171452281685],[13.274256597899486,52.579169702580266],[13.274370897514796,52.579061202314996],[13.274375606143558,52.57905659466941],[13.274499215829128,52.57893185192177],[13.274761266985527,52.57871342839561],[13.274894158636036,52.57862618967629],[13.27503226013861,52.57853745941047],[13.275055826199027,52.5785205043402],[13.275076121568146,52.578502045946195],[13.275092890082139,52.57848231721026],[13.275160689593916,52.578390217037594],[13.27517067859034,52.57837498534012],[13.275178561104509,52.57835930173716],[13.275184282907702,52.57834327413049],[13.275198682554514,52.57829297408883],[13.275203069036632,52.57826929297349],[13.275202747425617,52.57824546237375],[13.27519898676905,52.578212077270145],[13.275168371348702,52.577720897124316],[13.275165554284222,52.577701352391614],[13.275159571865304,52.577682073918],[13.275150482986502,52.57766325147902],[13.27513837712177,52.577645070360965],[13.275123373443572,52.57762770953671],[13.275105619649628,52.577611339904074],[13.275085290508882,52.5775961226035],[13.27506258614103,52.57758220743188],[13.275037730046515,52.577569731368],[13.275010966906398,52.57755881722416],[13.274876867229072,52.577509817414786],[13.274848099814529,52.57750046902734],[13.274817938129496,52.577492925854806],[13.274786686469865,52.57748726399877],[13.274754660127654,52.57748354058046],[13.274722182210148,52.57748179316469],[13.274689580380315,52.57748203938069],[13.274522081131094,52.57748843935855],[13.274491291620118,52.57749051803882],[13.274460967574717,52.5774943752491],[13.274431385168779,52.577499975860114],[13.274402813822027,52.57750726886475],[13.274375513746374,52.577516187842456],[13.274349733576154,52.57752665156425],[13.27432570810372,52.577538564732436],[13.274303656141152,52.57755181884851],[13.274283778527426,52.57756629320127],[13.27426625629927,52.57758185596611],[13.274251249042358,52.57759836540565],[13.274164252268495,52.57770587625552],[13.274119397842382,52.577740432344996],[13.273914807226179,52.57779337076914],[13.273812382897667,52.57781758153037],[13.273709383407713,52.5778291059553],[13.273581282662658,52.57782458293239],[13.273580076664146,52.577824541721334],[13.273068194098068,52.5778076306406],[13.272749333005686,52.57779020975233],[13.272408470458435,52.5777699831936],[13.272391443200473,52.57776924750162],[13.272063444670534,52.577760347553955],[13.2720544152876,52.5777601791891],[13.271658941582276,52.57775615878042],[13.271275252428337,52.577740968023946],[13.271245801726183,52.577740617894406],[13.270820803638529,52.57774731788082],[13.270788317855473,52.57774882631698],[13.270756243904628,52.57775231095336],[13.270724904887501,52.57775773668694],[13.27069461650242,52.57776504886083],[13.270665683864424,52.57777417381471],[13.270638398431716,52.57778501962695],[13.270613035069694,52.57779747704051],[13.270589849282084,52.57781142056354],[13.27056907463711,52.577826709733515],[13.27055092041458,52.577843190532136],[13.2700050275456,52.57839692918343],[13.269613962353526,52.578530374225],[13.269585661789744,52.57854123449981],[13.269559345939276,52.578553811182715],[13.269535294197997,52.57856797074769],[13.26942478879575,52.57864009501165],[13.26941345388958,52.578642777793746],[13.269192951387852,52.57860435580276],[13.269191988360909,52.57860352496344],[13.269171683272164,52.578589155139746],[13.269149212417867,52.57857603601448],[13.269124782379015,52.57856428819443],[13.269098617747224,52.57855401967959],[13.269070959060025,52.578545324870305],[13.269042060589603,52.578538283699544],[13.269012188005254,52.57853296089801],[13.26898161593113,52.5785294053991],[13.268950625421652,52.57852764988911],[13.268919501377823,52.57852771050669],[13.268888529928189,52.57852958669454],[13.268857995798516,52.578533261204534],[13.268828179694372,52.57853870025623],[13.26880588145394,52.578544234278795],[13.268714962501164,52.57852473552658],[13.268705610763211,52.57851563912188],[13.268687794643322,52.57850003104971],[13.26866760059679,52.57848553728902],[13.268645215259959,52.5784722917916],[13.268620845520568,52.57846041697273],[13.2685947166057,52.57845002257962],[13.268567070000218,52.57844120467735],[13.268538161215007,52.578434044760975],[13.268508257425573,52.57842860900242],[13.268477635002892,52.57842494763891],[13.26818875381683,52.57839912007601],[13.268062221843744,52.57835052249899],[13.268031441412008,52.57834007756583],[13.267998984034772,52.57833172642565],[13.267761076413663,52.57827958748413],[13.267698885487125,52.578233166355055],[13.267677600302381,52.57821877860623],[13.267654106736696,52.57820572837962],[13.267628630172746,52.57819414087001],[13.2676014150161,52.57818412723967],[13.267572722350597,52.57817578355219],[13.2675428274337,52.57816918985086],[13.267512017055981,52.578164409390844],[13.267480586789919,52.57816148803231],[13.267448838154497,52.578160453800606],[13.267417075722777,52.578161316617376],[13.267315675114599,52.578167112554766],[13.267266741207491,52.57815432803159],[13.267061428091566,52.5779976542404],[13.266962525309411,52.57789420243128],[13.266988140798135,52.57782063071031],[13.266993134177293,52.57780190141776],[13.266995157927468,52.577782966796256],[13.266994193419482,52.577764001180114],[13.266990249537564,52.577745179188824],[13.266983362597422,52.57772667411919],[13.266973596011724,52.57770865634992],[13.26696103970613,52.577691291772865],[13.266945809291215,52.57767474026562],[13.266928044997924,52.5776591542196],[13.26690791038637,52.57764467713698],[13.266885590839854,52.57763144230948],[13.266576847211551,52.577465173117965],[13.266418103461499,52.57737960367097],[13.263919132355227,52.576033534538254],[13.263913418249492,52.57602935712964],[13.263903766941153,52.575947015660496],[13.26390135109077,52.575933228888665],[13.26388095046266,52.57584592893825],[13.263874964335121,52.575826987475],[13.263865977514055,52.575808491438096],[13.263854075512814,52.57579061681736],[13.263839371582296,52.575773533689635],[13.263822005633285,52.575757404600466],[13.263802142905053,52.57574238301764],[13.263779972393094,52.57572861187082],[13.263755705050743,52.575716222191765],[13.263729571781976,52.575705331867475],[13.263701821244352,52.575696044518644],[13.2636727174831,52.57568844851365],[13.263505141413853,52.57565049067505],[13.263506936149074,52.57563446441946],[13.26350589372853,52.57561467005326],[13.263501606635097,52.57559503847947],[13.263494117873027,52.575575766604466],[13.263483502559334,52.57555704772672],[13.263469867170219,52.575539069597696],[13.26345334847296,52.575522012538954],[13.263434112153996,52.57550604763343],[13.263412351157015,52.57549133500961],[13.263280551141973,52.575410735263745],[13.263256592859825,52.575397476992364],[13.263230586340516,52.57538573828989],[13.263202790174693,52.575375635877045],[13.263173480747287,52.57536727020445],[13.263142949489387,52.57536072445387],[13.263111499980557,52.57535606371113],[13.263079444930364,52.57535333431901],[13.26304710306916,52.575352563416345],[13.263014795978995,52.575353758668406],[13.262982844896175,52.57535690819045],[13.262951567517291,52.575361980666145],[13.262926970256443,52.57536761991077],[13.262164813100116,52.575057728037244],[13.260940972582024,52.574310307527064],[13.26078945561739,52.57415185651967],[13.260771023309356,52.57413469359765],[13.260749772236197,52.57411878617661],[13.260725931013198,52.57410430538355],[13.260699756118887,52.57409140699808],[13.260671529135903,52.574080229776655],[13.260641553721818,52.57407089395996],[13.26061015234255,52.57406349997936],[13.26057766280348,52.5740581273766],[13.260450468040617,52.574041354448916],[13.260415913359806,52.57403676931347],[13.260203692430771,52.57399348178079],[13.259944442571383,52.57391958350813],[13.259758299364442,52.573864541237405],[13.259467514898919,52.57375250257523],[13.259197025809891,52.57361032053532],[13.259092971890901,52.57353538942123],[13.259002530799277,52.573453243926934],[13.258789548295704,52.57319179479471],[13.258738506038876,52.57301780699222],[13.25873671155397,52.5730121647643],[13.258729511407866,52.5729911647822],[13.258720310102653,52.572970168153105],[13.258707382749112,52.572949913477544],[13.258690885483052,52.572930645382364],[13.258671785400361,52.57291104542637],[13.258654505431004,52.57289511849896],[13.2586347850824,52.57288028107313],[13.258612808177082,52.57286667145362],[13.258588779571154,52.572854416500206],[13.258562923244723,52.572843630445334],[13.25853548021412,52.572834413829206],[13.258506706285326,52.57282685256279],[13.258476869669588,52.57282101712691],[13.258453199173484,52.57281788240692],[13.258417418678976,52.57276577715654],[13.258403334635465,52.57274785408947],[13.258386369345114,52.572730882704626],[13.25837054377522,52.572718135259166],[13.258375805499854,52.57271126824767],[13.258386291120464,52.572693196728814],[13.258420790673323,52.57262309663497],[13.258428433500521,52.57260424883833],[13.25843300600138,52.57258503525964],[13.258434464105889,52.57256564109739],[13.258432793763602,52.572546253290426],[13.258428011078918,52.5725270587162],[13.258406410624971,52.572462058769915],[13.258399546314413,52.572445232842185],[13.258390289395754,52.57242883791733],[13.258378711031254,52.57241300002612],[13.258364900228274,52.57239784091712],[13.258243713085557,52.57227756987928],[13.258178431660136,52.57218819367046],[13.258165987122146,52.57215914357142],[13.258179473439906,52.57214534947387],[13.258192753216825,52.57212822667482],[13.258203283713163,52.5721104084134],[13.25821096834859,52.57209205811526],[13.258215736644777,52.57207334408566],[13.258217544871666,52.57205443796564],[13.25821637644842,52.572035513157886],[13.258212242095368,52.57201674323622],[13.258136540319514,52.57176514342366],[13.258129485153392,52.57174671579885],[13.258119571499108,52.571728783394875],[13.258106890133325,52.57171151040771],[13.258091557174538,52.57169505499526],[13.258073713019774,52.571679567829186],[13.258053521058958,52.571665190715436],[13.258031166178814,52.571652055295765],[13.258006853069931,52.571640281842406],[13.25797998345921,52.57162850299175],[13.257956537256653,52.571602694949796],[13.257946636128391,52.57150286101828],[13.25795722298687,52.57146751696755],[13.258006735023823,52.57140894567402],[13.258019324836294,52.571392174041044],[13.258029295453682,52.571374760724055],[13.258036560154357,52.571356857184654],[13.258041055753127,52.57133861914823],[13.258042743150664,52.57132020524944],[13.25804160767351,52.5713017756524],[13.258037659201575,52.57128349065757],[13.25803093208207,52.57126550930744],[13.258021484830644,52.57124798800324],[13.257901113202234,52.571055514232725],[13.257797160999502,52.57087705849711],[13.257785398851082,52.570859567250224],[13.257770949476262,52.57084284017487],[13.257753944904147,52.57082703010886],[13.257734540510562,52.57081228151095],[13.257712913598322,52.570798729140996],[13.257689261777113,52.57078649682862],[13.257663801157916,52.57077569634183],[13.257636764378354,52.57076642636581],[13.257608398477098,52.5707587716012],[13.257578962636678,52.57075280199031],[13.257548725815392,52.57074857207796],[13.25751796428987,52.57074612051319],[13.25748695913081,52.57074546969616],[13.257469189799982,52.57074613298912],[13.257464598214895,52.5707352429432],[13.257406717330987,52.57062106209056],[13.25740883545834,52.57061610520119],[13.25741375330385,52.57059740811338],[13.257415713549447,52.570578510146845],[13.257414698224805,52.57055958458329],[13.257410716643587,52.5705408049573],[13.257403805317912,52.57052234346499],[13.257344043832198,52.57039187143608],[13.257344347383496,52.57039120978402],[13.257348066670621,52.570378411515186],[13.257376632666167,52.570376275509894],[13.257407588716907,52.57037302764102],[13.257437884463418,52.57036797159775],[13.25746723610997,52.57036115474264],[13.257495368705042,52.570352640932654],[13.257522018717001,52.570342509920955],[13.257546936502807,52.570330856609836],[13.257569888646588,52.57031779016159],[13.257590660146159,52.57030343297608],[13.257609056427075,52.57028791954392],[13.257624905165256,52.570271395186786],[13.257638057901165,52.57025401469589],[13.25764839143042,52.57023594088216],[13.257655808957816,52.57021734305099],[13.257660241003911,52.57019839541619],[13.257661646055752,52.57017927546817],[13.257660010955593,52.570160162311204],[13.257655351024006,52.570141234985755],[13.25764770991622,52.570122670791285],[13.257621512549033,52.57006997683921],[13.257428713008972,52.569682083302595],[13.257357985419555,52.56953992985072],[13.257348789399453,52.569523946931795],[13.2573373825442,52.569508502097285],[13.257295518296798,52.5694577458531],[13.257161853452757,52.56929548983834],[13.257117741587308,52.56924197586118],[13.256924965677833,52.56900790700115],[13.256909927608634,52.56899161692866],[13.256493991549144,52.56858706399784],[13.256294468843892,52.56836919882472],[13.256295060795207,52.568368262477435],[13.256303817465025,52.568348554341156],[13.256309192355548,52.568328401077125],[13.256311128171063,52.56830801753429],[13.256309604279117,52.56828762101629],[13.256304636930295,52.5682674289648],[13.256296279084767,52.568247656641404],[13.25628461984749,52.56822851483284],[13.25626978351811,52.56821020760379],[13.256155095695473,52.568085369772966],[13.256090632104524,52.56797170934845],[13.256077008885793,52.56795141182167],[13.25605978108646,52.56793215823722],[13.256039160574236,52.56791418537076],[13.255936506347664,52.567834513952775],[13.255961678145459,52.56772262287753],[13.256027994282336,52.5674806762062],[13.25603138831309,52.56746391641285],[13.256100084506844,52.566942216193446],[13.256101013003988,52.5669212262941],[13.256098283786642,52.566900294732534],[13.256091927631546,52.56687965750927],[13.25608201620843,52.566859547305825],[13.256068661271726,52.56684019086138],[13.256052013400351,52.56682180641627],[13.25585451263895,52.56662870686613],[13.255836365633064,52.566612763788605],[13.255815741936956,52.56659798111948],[13.255792840096813,52.566584501171114],[13.255767880589827,52.56657245371447],[13.255741103701666,52.56656195472988],[13.255712767213254,52.56655310529045],[13.255069069279166,52.56637580603031],[13.255064018216475,52.56637444617116],[13.254748366361488,52.56629141370844],[13.254713859170106,52.566231356527425],[13.25476844906451,52.566186939414074],[13.254785727356188,52.56617139398632],[13.254800508313151,52.566154920099784],[13.254812658691543,52.56613766626246],[13.254822068961952,52.56611978801328],[13.254828654296663,52.56610144651988],[13.254832355334262,52.56608280712573],[13.25483313871464,52.566064037859604],[13.254830997379587,52.56604530792076],[13.25482595063629,52.56602678615377],[13.254818043983152,52.566008639526395],[13.254807348699503,52.5659910316244],[13.254793961202934,52.56597412117696],[13.254711152271044,52.56588108460243],[13.25458710815582,52.56559732325975],[13.254513357531268,52.56541215914417],[13.254503003039405,52.56539126779383],[13.254488933856159,52.56537119893867],[13.25447132133773,52.56535219700103],[13.253987219593732,52.564891298096214],[13.253968922074879,52.564875614215424],[13.253948209577887,52.56486108835138],[13.25392527824578,52.5648478580593],[13.253900345232637,52.56483604862567],[13.2538736466472,52.56482577188185],[13.253845435317022,52.56481712514499],[13.253815978394316,52.564810190296676],[13.25378555482617,52.56480503300739],[13.253754452713098,52.56480170211479],[13.253722966580925,52.564800229161186],[13.252742425265739,52.564783524297944],[13.252488321794525,52.56473329946527],[13.252469224914538,52.56472991526777],[13.25220318596388,52.56468811246774],[13.251370140173753,52.56414020376776],[13.251347389619374,52.564126639626565],[13.251322567942838,52.564114498900565],[13.25129591393439,52.56410389838551],[13.251267684011044,52.56409494005999],[13.250742085676798,52.56394764067244],[13.25031738373079,52.56382864024418],[13.250132604601312,52.563776846145466],[13.250103544514285,52.56376971483497],[13.250073491412545,52.56376432441271],[13.250042725396954,52.563760725118414],[13.250011533212588,52.5637589504981],[13.249980205576335,52.56375901709157],[13.249949034467447,52.563760924278085],[13.249918310406363,52.56376465428233],[13.249888319747114,52.5637701723399],[13.249859342008552,52.563777427021435],[13.249831647269255,52.563786350711915],[13.249805493650433,52.563796860240764],[13.249466314189918,52.563947958532765],[13.249447671280976,52.56393691456922],[13.24942360104887,52.56392514670979],[13.249397805336022,52.56391482537614],[13.249370517423214,52.56390604390765],[13.249341984085229,52.56389888171814],[13.249312463359237,52.56389340357765],[13.24928222221134,52.56388965902687],[13.249063923154628,52.563869159125595],[13.249031428853208,52.56386712139393],[13.248998763006853,52.56386708479143],[13.248966256628574,52.563869049688954],[13.248934239115519,52.56387299617554],[13.248664240224295,52.56391499600334],[13.24863297698362,52.563920897163875],[13.248602848184449,52.563928687358505],[13.248574160305518,52.56393828734331],[13.24854720516866,52.56394959946458],[13.248522256970375,52.563962508652295],[13.248508558605362,52.563971188029996],[13.248416333110283,52.56386410365313],[13.24839884134652,52.56384616307347],[13.248390018788754,52.563838967330774],[13.24841111899027,52.563824060327185],[13.248430112054471,52.563809277399876],[13.248446718905786,52.56379346344004],[13.248460789846563,52.563776761000454],[13.248472198039238,52.56375932064296],[13.248480840649597,52.56374129958091],[13.248486639773661,52.56372286026225],[13.248489543139822,52.56370416890503],[13.248489524579927,52.56368539399899],[13.248486584265011,52.563666704786826],[13.248480748703631,52.563648269738565],[13.248472070502784,52.56363025503288],[13.248460627893555,52.56361282305916],[13.248446524025807,52.563596130953734],[13.24842988603827,52.56358032918339],[13.248410863912381,52.56356556018896],[13.248304163796057,52.563490360407734],[13.248282674242501,52.56347660901342],[13.248259119346566,52.563464177120295],[13.248233716317547,52.56345317936695],[13.248206699406445,52.56344371716729],[13.248178317745875,52.563435877775305],[13.248148833052804,52.563429733480454],[13.248139693917055,52.56342840928861],[13.248188959828443,52.56321668600672],[13.248234848382545,52.563071368909924],[13.248238673197738,52.56305603990455],[13.248240515456988,52.56304057540126],[13.248248114432117,52.5629013753717],[13.248247435564613,52.56288042732582],[13.248243123503507,52.5628596406353],[13.248235226661892,52.56283924865525],[13.248223833695938,52.56281948030942],[13.248209072509425,52.562800557520205],[13.248191108817675,52.56278269271742],[13.247964008149983,52.56258159322104],[13.247942427822153,52.56256455038174],[13.247917935467107,52.56254903805772],[13.247890821337299,52.56253524007954],[13.247861406753886,52.562523319961535],[13.24760962160001,52.562432925647734],[13.24759989221318,52.56241591939392],[13.247584868987605,52.562396644224314],[13.247566525111818,52.56237846778928],[13.247545074194978,52.56236160174418],[13.247462574105512,52.56230350191328],[13.247441440924758,52.56228996775135],[13.247418306227129,52.56227770937628],[13.24728220639713,52.562212209607424],[13.247258323390769,52.562201750524416],[13.247232984562695,52.562192652199435],[13.247206398062422,52.562184989371666],[13.247178782288236,52.56217882498824],[13.247016082910337,52.56214752512701],[13.246983045147221,52.562142316097535],[13.246949292406955,52.562139250343556],[13.246915197996051,52.562138361772384],[13.24669899896873,52.56213966177502],[13.246682278744997,52.56214002516728],[13.246520074143147,52.56214610517481],[13.24649697290261,52.56213699059111],[13.246467814347577,52.562127884755206],[13.246437297657048,52.56212061727005],[13.246405733952786,52.56211526222845],[13.246373445030544,52.562111874225636],[13.246340760079455,52.562110487802585],[13.246308012326038,52.562111117094005],[13.246142527151697,52.56211940813152],[13.246138472424983,52.562118216506235],[13.246108856098028,52.5621115859261],[13.246078323094112,52.56210673957016],[13.24604716208958,52.56210372325857],[13.246015667697986,52.56210256550914],[13.245984137684783,52.56210327726789],[13.245879038153511,52.5621087772475],[13.24584775462759,52.56211135355949],[13.24581702992439,52.56211577018503],[13.245787154831607,52.56212198532388],[13.245758412096269,52.5621299401541],[13.24573107374883,52.56213955938878],[13.245710569384592,52.56214849785805],[13.245688206438071,52.5621413147709],[13.245658449514524,52.562133944382815],[13.24562764266386,52.56212840299565],[13.245596087753883,52.56212474490788],[13.245564093982125,52.562123005963954],[13.245135795902115,52.562112706026625],[13.24512511633166,52.56211255641956],[13.244549116439352,52.56211026559557],[13.244056795853925,52.56210405583799],[13.243879317865334,52.56209326439482],[13.243711260514505,52.562067616550614],[13.243638438740144,52.5620412290824],[13.243534413940885,52.562003558725884],[13.243523634512117,52.56199032608237],[13.243507300447291,52.56197431307434],[13.243488538138568,52.561959320888924],[13.243467518158813,52.56194548582195],[13.24344443160512,52.561932933649565],[13.243419488361472,52.561921778484844],[13.243392915190695,52.56191212174055],[13.243364953672923,52.56190405120693],[13.243305853872853,52.56188905127054],[13.24327664773379,52.561882619542175],[13.243246566465738,52.561877918716036],[13.243215885585617,52.561874991847304],[13.243184886102018,52.56187386574338],[13.24317648491245,52.56187405117225],[13.243106755402064,52.561850331127246],[13.24308284713599,52.56184296982697],[13.243058024045316,52.56183683534977],[13.24289564175428,52.561801387841406],[13.242883550106392,52.561793405436916],[13.242859786123963,52.56178051624588],[13.242834065306639,52.56176910713251],[13.242806634879887,52.56175928775918],[13.242777758501088,52.561751152507924],[13.242698158775045,52.5617315525915],[13.242667935124995,52.56172514762179],[13.242636823271454,52.56172058794726],[13.242605125767065,52.56171791790917],[13.24257315085951,52.56171716347275],[13.24254120949398,52.56171833197459],[13.242509612289501,52.56172141205134],[13.242478666518368,52.56172637375026],[13.242448673118133,52.56173316882052],[13.242419923765217,52.56174173118215],[13.242392698038515,52.56175197756899],[13.242367260700664,52.56176380833815],[13.242343859123357,52.56177710843906],[13.24232272088175,52.56179174853222],[13.24231257743848,52.561800353495904],[13.24196164299787,52.56173519180474],[13.241843306156062,52.56170889474273],[13.241795048643096,52.56167462320585],[13.241785778958207,52.56166831830043],[13.24170206781385,52.561613776389734],[13.241631078842946,52.561567449013666],[13.24159970106462,52.56154696359496],[13.241556732681781,52.56151895318776],[13.241554735434592,52.56150870811252],[13.241547839706463,52.5614896468534],[13.241537894040725,52.56147109275191],[13.24152499534149,52.561453226580106],[13.241519290362397,52.56144705793794],[13.24151500202803,52.56143349499357],[13.24150554521905,52.56141430339112],[13.241486945023793,52.561382503437144],[13.241474283189277,52.5613639082882],[13.241458584536682,52.56134619409928],[13.241440011788583,52.56132954448067],[13.241418757457366,52.56131413200809],[13.241395041849726,52.56130011643388],[13.241369110783086,52.56128764303112],[13.241341233037684,52.56127684108806],[13.241311697570602,52.561267822567935],[13.241280810520783,52.561260680948536],[13.241248892035916,52.56125549025339],[13.241216272954185,52.5612523042845],[13.24121309093913,52.56125219350631],[13.2411720497803,52.561226490554496],[13.241171472833962,52.561226130147666],[13.241133142633265,52.56120224692568],[13.241100879693924,52.561179260697365],[13.241093217159106,52.561173994118676],[13.241058591182963,52.56115103171515],[13.241016350773064,52.56112123145528],[13.240968265829267,52.561087351653],[13.240957567565255,52.56107802365757],[13.24092237931118,52.56104733406568],[13.24089069648531,52.56101971812569],[13.240886248087353,52.56101566978838],[13.240880715215644,52.56100650698522],[13.240818898134798,52.560904179883636],[13.240808871643251,52.5608894449918],[13.240760130749758,52.56082526203372],[13.240720184916627,52.56073369275681],[13.24068523136908,52.56065377147185],[13.240678816534233,52.56064088445719],[13.24063340356343,52.56055971180919],[13.240620634382458,52.5604826357738],[13.240616079189508,52.5604640390042],[13.240608646392115,52.56044578997002],[13.240598403194694,52.560428053663095],[13.240585442210543,52.560410990439465],[13.240569880624408,52.56039475456958],[13.240561877122722,52.56038724807745],[13.240560598849543,52.5603758368925],[13.2405555575974,52.56035722455544],[13.240547629222366,52.56033898965978],[13.240536885878136,52.5603212981475],[13.240523425334985,52.56030431101547],[13.24042395341853,52.56019270798387],[13.240424543019966,52.5601821971496],[13.240422635030113,52.560163318080384],[13.24041777610861,52.560144636472224],[13.240410010714312,52.56012632324649],[13.240399409897693,52.560108545953895],[13.240386070650638,52.56009146724161],[13.24037011501897,52.56007524336526],[13.240351688985706,52.5600600227592],[13.240330961135388,52.560045944678656],[13.240127261100472,52.559920245073],[13.24010362099898,52.559907032215406],[13.240006411564252,52.55985786354707],[13.239759239927134,52.55971967828131],[13.239737828264563,52.559708705113465],[13.239714945246092,52.559698896791204],[13.239572045555185,52.55964309700382],[13.239568862882965,52.55964187004226],[13.23954649007129,52.55963335541431],[13.239518691986337,52.55960466654337],[13.23941735502829,52.55933695379962],[13.23937714328265,52.55920459733112],[13.239369441471935,52.55918492652601],[13.239358483486308,52.55916583798948],[13.239344383934327,52.55914753135947],[13.239327290280198,52.55913019809616],[13.239307381301359,52.55911401947944],[13.239284865218655,52.559099164713246],[13.239259977518577,52.55908578915576],[13.23923297849039,52.55907403269479],[13.239204150503907,52.55906401828481],[13.239010151073849,52.55900441852757],[13.238977065782056,52.55899562441161],[13.238942582515502,52.55898912437723],[13.238737883346975,52.55895802451932],[13.238724655278787,52.558956192881666],[13.238627955684375,52.55894409293816],[13.238597618964242,52.55894120087117],[13.238566969522855,52.55894006949017],[13.238536281845455,52.5589407089274],[13.238505830759701,52.558943113456245],[13.238475888974481,52.55894726154259],[13.238449889079371,52.55895166152459],[13.238448754146646,52.55895185494363],[13.238418454268487,52.558957054922324],[13.238387989007384,52.55896329100832],[13.23835868541346,52.55897133330473],[13.238330830969355,52.5589811029129],[13.238304698941375,52.55899250398824],[13.238280545698663,52.55900542468075],[13.23825860819813,52.559019738232074],[13.23823910165979,52.559035304219144],[13.238155101430548,52.55910970402872],[13.238137448388045,52.55912722505739],[13.238122875812815,52.559145768495696],[13.238111541245608,52.55916513387978],[13.238103567223225,52.55918511185995],[13.23807973731369,52.55926203163123],[13.238056251924002,52.55930855253107],[13.23803598133272,52.55931871716805],[13.2374840535999,52.55956148091196],[13.236385171563407,52.55992108894488],[13.236379875940587,52.55992099004957],[13.236347440440925,52.55992236841862],[13.236315394137684,52.559925718228314],[13.236284058817343,52.55993100584218],[13.236253749127469,52.55993817816569],[13.236224769417337,52.55994716317933],[13.236062269853258,52.56000396296301],[13.236036065479478,52.560014169403686],[13.236011584725295,52.560025857846824],[13.235989052473569,52.560038920921755],[13.235968675708637,52.56005323863034],[13.235950641614968,52.56006867944911],[13.235935115857615,52.56008510153756],[13.235934512952758,52.56008590944329],[13.23502342537667,52.56040632352036],[13.235009224902635,52.56041161796776],[13.234711731717411,52.5605290289821],[13.234698295139653,52.56053350783585],[13.23469751530029,52.56053376862888],[13.234390516162522,52.560636768233245],[13.234355808912182,52.56065022672372],[13.234341594192042,52.560656544367355],[13.233883718884156,52.560821032959744],[13.233876293312965,52.56082350814738],[13.233862787321371,52.560828270760034],[13.233615787931925,52.56092027041466],[13.233609127972047,52.560922819097875],[13.233436128366101,52.560990818846015],[13.233428191968722,52.56099403994196],[13.233357692717389,52.56102357336657],[13.233314531210642,52.56104065810418],[13.23327154268474,52.561057327102425],[13.233238967437341,52.561066908046456],[13.233216590733,52.561074159143885],[13.233195210865388,52.561082452421175],[13.233152352677896,52.56110054807152],[13.233078518114603,52.56113066475386],[13.233055464440534,52.56114099334445],[13.233033993428824,52.56115251947754],[13.23302985666917,52.56115516959694],[13.233020346659274,52.56115924530656],[13.232992346557714,52.5611712453299],[13.232983266354031,52.56117560451344],[13.232948760038814,52.56118774560572],[13.232931981191266,52.561194344939686],[13.23291555884276,52.56119946545319],[13.23288940352659,52.561209650950794],[13.2328798827443,52.561213762193496],[13.23287940667771,52.561213893497744],[13.232852813692297,52.56122316056101],[13.232816197681094,52.56123735858995],[13.232791877119855,52.56124574994435],[13.232788986574896,52.561246982165336],[13.232787001228163,52.561247294952516],[13.232756217347124,52.561254231903064],[13.232726740812991,52.561263028542236],[13.232685098725693,52.56127708950219],[13.23268431699433,52.56127724683365],[13.232657207079418,52.56128442961455],[13.232631282292147,52.56129308617527],[13.23260101898195,52.56130431287996],[13.232585140037571,52.56130866585848],[13.23256098636396,52.56131702842906],[13.23255279068382,52.56131890660327],[13.232523508955014,52.56132663871506],[13.232512620326226,52.56133032668727],[13.23248110854573,52.56133738155499],[13.232451174658078,52.561345141802306],[13.232433820097011,52.561350954017875],[13.232400614818964,52.56135888362684],[13.232365380399518,52.56136881794417],[13.232360606657386,52.56137061379678],[13.232347179437843,52.56137425507491],[13.232328070175408,52.56137746544722],[13.232295619270808,52.56138528621112],[13.232276271737373,52.56139148747982],[13.23226272591892,52.56139337049987],[13.232235050042474,52.56139884721239],[13.232165050299006,52.56141484714772],[13.2321449061672,52.561420155473144],[13.232114074122306,52.56142590381526],[13.232111859067352,52.561426403740285],[13.232085125499367,52.56142528794282],[13.232053028874027,52.5614258871239],[13.232021186597898,52.5614284167525],[13.231989910519252,52.561432852054516],[13.231959506941482,52.5614391495927],[13.231930273623444,52.56144724769182],[13.231895273728234,52.561458247649064],[13.231868551559641,52.561467652128556],[13.231843416098895,52.56147856102508],[13.23183398164798,52.561483542796665],[13.231816299540016,52.56148613511456],[13.23175429978734,52.56149713506954],[13.23173905007432,52.56150009111992],[13.231695532496685,52.56150925272444],[13.23166000010431,52.56150925272354],[13.231623993440596,52.56150925272767],[13.231582876711874,52.56150646515137],[13.231582285629914,52.561506425412006],[13.23152859589254,52.561502846099884],[13.231455577801835,52.56149620809576],[13.231408198232806,52.56149028565058],[13.2313976749686,52.56148930505371],[13.231367943346271,52.56148521386291],[13.231292943666736,52.56147721390096],[13.231265077127022,52.561474994419484],[13.231257404715626,52.56147479174728],[13.231179634943949,52.561468809456],[13.231163981579831,52.561467839665745],[13.231078981957932,52.56146383968688],[13.231053999972,52.56146325274595],[13.231046000007986,52.561463252746265],[13.231026063378605,52.56146325275323],[13.23102225029541,52.56139694940817],[13.231176534942533,52.56115863138804],[13.2314480211674,52.560907919214074],[13.231464271868404,52.56089117451433],[13.231477744125296,52.56087353770439],[13.231488307549398,52.560855179483184],[13.231495859905761,52.560836277531656],[13.231500328102525,52.56081701479303],[13.231501668898199,52.56079757770223],[13.231499869320011,52.560778154381396],[13.231494946789322,52.56075893281909],[13.231486948952842,52.56074009905097],[13.231475953221329,52.56072183535917],[13.23146206602023,52.56070431850812],[13.231445421759519,52.56068771803384],[13.231426181532699,52.56067219460297],[13.231404531557597,52.56065789845793],[13.231380681373999,52.560644967962766],[13.2313548618156,52.56063352826409],[13.2313273227759,52.56062369007989],[13.231298330789667,52.56061554862797],[13.231268166453322,52.560609182704404],[13.231237121709329,52.56060465392106],[13.231205497020722,52.56060200610914],[13.231173598463224,52.56060126489514],[13.231141734763053,52.560602437452815],[13.231110214309066,52.56060551243363],[13.23107934216817,52.560610460076724],[13.231049417132892,52.56061723249694],[13.23102072882965,52.56062576414811],[13.230993554915734,52.56063597245762],[13.23096815839209,52.56064775862537],[13.225900963881088,52.56324874978467],[13.225878138861054,52.56326165479686],[13.225857448480085,52.56327583349972],[13.225839083227205,52.56329115535636],[13.225823212185578,52.56330747930526],[13.225809981475779,52.56332465505896],[13.225799512910442,52.56334252448761],[13.22579190287269,52.563360923074775],[13.225787221428682,52.56337968143212],[13.225785511682385,52.56339862685882],[13.225786789378622,52.56341758493151],[13.22578850366229,52.56342516055257],[13.225773071745413,52.563438930182166],[13.225755867854664,52.56345879877791],[13.22574819760036,52.563469025693436],[13.225734584416264,52.563486268915355],[13.225734000873127,52.563487071339104],[13.225688346392962,52.56351330063097],[13.225534853914045,52.56356607123473],[13.225507298863256,52.563576690576674],[13.225481631495793,52.56358894129841],[13.225359255496851,52.56365365000786],[13.225242103160193,52.56368130039591],[13.225212460202505,52.56368935755692],[13.225184286357766,52.56369917901563],[13.225157863502686,52.56371066650957],[13.22513345599612,52.563723705107755],[13.22496025604568,52.563826004779926],[13.224937592424656,52.5638408372089],[13.224917539091786,52.56385700534792],[13.224900306687458,52.5638743393691],[13.224886076222074,52.563892657198025],[13.224874997174636,52.56391176642629],[13.224849296837023,52.5639645663562],[13.224841038701506,52.56398574579555],[13.224839273076029,52.56399443912587],[13.224817850415604,52.56400364374353],[13.224792752380118,52.564016970521955],[13.22477002690061,52.564031794100515],[13.224749913137073,52.564047958479414],[13.224732622765117,52.56406529354837],[13.224718337748278,52.56408361687683],[13.22470720842298,52.56410273563384],[13.224699351916286,52.5641224486172],[13.224694850913103,52.56414254837097],[13.224687750540078,52.56419374834842],[13.224686693225651,52.564215192166486],[13.224689454181771,52.56423657958588],[13.22469600091748,52.56425765887628],[13.224706256382861,52.56427818193377],[13.224871454704006,52.56455408234161],[13.224876043973875,52.56456130445618],[13.224961401728551,52.56468819429793],[13.225015860537459,52.56476968386649],[13.225019657232819,52.56477513030163],[13.225039557081708,52.56480253034989],[13.225054329537977,52.564820374791616],[13.225071982445128,52.56483721940773],[13.225092335474178,52.56485289212303],[13.225115180712553,52.56486723283368],[13.225140284787953,52.564880095042696],[13.225233384922685,52.56492309519702],[13.225265154193066,52.564936047123666],[13.225299202290449,52.56494663281606],[13.225388042277121,52.56497034577581],[13.225517043961322,52.56501649595689],[13.225554417195067,52.56504641266124],[13.225620104590165,52.56528660656503],[13.22562601689136,52.56530358945771],[13.225642560719988,52.56534259018852],[13.225616526742565,52.56552363909715],[13.225615293785124,52.56554207509644],[13.225616886082603,52.56556050086875],[13.225621289775477,52.56557875599336],[13.225628466527196,52.565596681535],[13.225759564752725,52.5658683818619],[13.225770457471535,52.56588734021797],[13.22578445020084,52.56590552739994],[13.225801398565286,52.565922755749725],[13.225821127692228,52.56593884750231],[13.225843434015992,52.565953636620144],[13.225868087378222,52.5659669705063],[13.225993557059143,52.56602818017412],[13.226175453092795,52.566119870239135],[13.226197192192812,52.56612992109804],[13.226220240191838,52.56613882348557],[13.226244434117987,52.56614651445281],[13.226521771738158,52.566225823544826],[13.226699020873053,52.56628290384204],[13.226765632091194,52.56630610555684],[13.226756585787015,52.56635280114031],[13.226705330680439,52.566426077498775],[13.226512337723708,52.566550185275766],[13.226496768467243,52.56656095454557],[13.226004767825735,52.56692725350313],[13.225982368855309,52.566946089632694],[13.225963754768987,52.566966398186814],[13.22590027287431,52.56704637471417],[13.225761290515155,52.56722135105529],[13.225677352609493,52.56732709791792],[13.225665332587674,52.567344263590265],[13.225656021834588,52.56736204329574],[13.22564950328599,52.56738027866749],[13.225645835007235,52.56739880727984],[13.225645049675995,52.567417464094895],[13.225647154291035,52.56743608293268],[13.225652130109752,52.56745449795125],[13.22567445303265,52.567518194008166],[13.22569788023359,52.56758678951362],[13.225705295956017,52.56760440049835],[13.225715334853197,52.56762152202228],[13.225727912063656,52.567638009347476],[13.225742921267797,52.56765372309708],[13.22576023558657,52.567668530433515],[13.225844620525168,52.56773409576619],[13.225844808469366,52.567743480344724],[13.225848501607993,52.56776329448537],[13.225855450994944,52.56778278122994],[13.225865585962866,52.56780174240845],[13.225878803448369,52.56781998519538],[13.225894969039954,52.56783732407064],[13.22591391834479,52.567853582706284],[13.225935458660407,52.56786859575967],[13.225959370934312,52.567882210554984],[13.225985411991589,52.56789428863585],[13.226013317007888,52.567904707173504],[13.226042802202567,52.56791336021602],[13.227679307704506,52.56833306199322],[13.227709537849758,52.56833976069501],[13.227740707830868,52.56834460296332],[13.227772511417687,52.568347541225094],[13.227804636154906,52.56834854661327],[13.227836766431954,52.56834760925031],[13.227868586583803,52.56834473834539],[13.227899783992372,52.56833996210368],[13.227930052157978,52.568333327449565],[13.227959093710648,52.56832489956532],[13.22798662333174,52.568314761250825],[13.228012370557131,52.56830301211012],[13.22803608243445,52.56828976757272],[13.22805752600823,52.568275157759565],[13.228076490608567,52.56825932620461],[13.228092789920819,52.56824242844472],[13.228106263815992,52.568224630491365],[13.228116779923809,52.568206107199885],[13.228124081312933,52.56818743344463],[13.228715498189693,52.568199305509445],[13.22903118102822,52.56823763444803],[13.22914573743056,52.568251515159226],[13.229758759489462,52.56839146068789],[13.230424310044983,52.568565345177696],[13.230451472131234,52.56857158098746],[13.230479439985285,52.56857631306589],[13.230507989879882,52.56857950355896],[13.23053689343158,52.568581126944395],[13.230824458331897,52.568589400054385],[13.23107742334712,52.56859756986675],[13.231109938850752,52.56859762603631],[13.231142300376078,52.56859569936405],[13.23176688951077,52.568539145643186],[13.232176277465575,52.56850289100211],[13.23242844321592,52.568480489694686],[13.232538498735867,52.568488164603686],[13.232572922633898,52.56848944133381],[13.232607374509302,52.56848848498147],[13.232869275673806,52.568472684921424],[13.23304794997643,52.56846188044045],[13.233171459222648,52.56845437990123],[13.23332403365321,52.56844518747249],[13.233350998382516,52.56844286322616],[13.23337754836229,52.5684391696238],[13.233423248547437,52.56843156959267],[13.233423653984218,52.5684315019957],[13.233561185067506,52.56840851351408],[13.233731916276922,52.568380024991114],[13.233854154028514,52.5683595522564],[13.233868794629046,52.56835712831574],[13.233902500869002,52.568350321170044],[13.23393478480559,52.56834131091143],[13.234049225427029,52.56830462990944],[13.23414803902043,52.568272989567745],[13.234263712333316,52.56823603001198],[13.23426403490683,52.568235926803396],[13.234549882898776,52.568144343380915],[13.234733772627855,52.56808547862475],[13.234832214952421,52.56805399703984],[13.23517623478733,52.567943837539474],[13.235174453797134,52.567991388602465],[13.235175307620404,52.56801092686726],[13.235179322685827,52.56803031833577],[13.235186459773507,52.568049373568556],[13.235196649163617,52.568067906410676],[13.235209791317349,52.568085735810335],[13.235225757849193,52.56810268758759],[13.235244392781055,52.56811859613603],[13.235265514065956,52.568133306040664],[13.235365354640797,52.56819626878052],[13.235431644100192,52.56823811703387],[13.235434374206797,52.5682514081757],[13.235441147343382,52.56826985270727],[13.235450779462681,52.56828781897498],[13.235463182573767,52.568305142847635],[13.235478243370899,52.56832166606257],[13.235495824268526,52.56833723767129],[13.235515764658114,52.56835171541863],[13.23553788237535,52.568364967042285],[13.235561975364252,52.56837687148116],[13.23558782352307,52.56838731998133],[13.23561519071503,52.5683962170897],[13.235643826925621,52.568403481525905],[13.235673470546663,52.568409046925],[13.235703850766324,52.5684128624437],[13.23594365180129,52.56843576255386],[13.236108958268396,52.56845148223676],[13.236135169780963,52.56845331340564],[13.236161538789581,52.56845384118688],[13.236326264902422,52.56845305585053],[13.236598564138786,52.568454901100324],[13.236779358522359,52.56848010967275],[13.236865987812294,52.56852295453608],[13.237237306584914,52.569004041384076],[13.23752189176761,52.56937292539442],[13.23758650734787,52.569456646316645],[13.237716600941312,52.569625239484004],[13.237731390675995,52.5696422116186],[13.237748814185244,52.56965822895145],[13.237768706939478,52.56967314022888],[13.237790881091168,52.56968680464168],[13.237815127248643,52.5696990931548],[13.23784121645339,52.56970988972593],[13.237868902342143,52.56971909240125],[13.23789792347336,52.5697266142784],[13.23790132782857,52.56972726726351],[13.237892233597833,52.569744825842655],[13.237885630005442,52.569764048871995],[13.237882188449145,52.56978357621509],[13.237881942879987,52.56980321525814],[13.237884895724482,52.56982277228532],[13.237891017860532,52.569842054389525],[13.237900248904513,52.569860871375234],[13.237912497806716,52.56987903763448],[13.23809269138909,52.57011255982521],[13.238658623900715,52.57109319764596],[13.23866786618972,52.57110742709764],[13.238678886781912,52.57112117847779],[13.2389813971385,52.571464297056515],[13.239103233243071,52.57190578951571],[13.23911664687798,52.57195424020524],[13.239223429886389,52.57234118887],[13.239228939250326,52.57235711382472],[13.23923657930569,52.57237270881772],[13.23924629830444,52.57238786821553],[13.239629795351904,52.57292026914613],[13.239642149491683,52.572935587140684],[13.239656625570984,52.57295019904215],[13.239673115755055,52.572963996001896],[13.239691497205103,52.57297687524198],[13.240076718024515,52.57322435254518],[13.240161141045757,52.573293803052344],[13.240172103425756,52.573393188240686],[13.240100560101402,52.57353339512081],[13.240092380226411,52.57355286608511],[13.240087486609807,52.57357274235077],[13.240085929808393,52.5735928185908],[13.240087727580429,52.573894418576266],[13.24009031027834,52.5739186072678],[13.240097731140734,52.57394242171374],[13.240206429382784,52.574202921985325],[13.240216307155581,52.57422234941406],[13.240229407980587,52.57424105596214],[13.240245593280761,52.57425884375088],[13.240264691850747,52.574275524620084],[13.240286501667784,52.57429092211836],[13.240409091791484,52.574368966452006],[13.240805650589182,52.574707314655015],[13.240823288428484,52.57472104107868],[13.240842841970359,52.574733767808574],[13.24086415926096,52.57474539594201],[13.241357659786825,52.57499159679812],[13.241384798579755,52.5750037590467],[13.241413860496522,52.5750141419335],[13.241444532433473,52.57502263359617],[13.24183217321271,52.575115486969786],[13.24252003126594,52.57533410206277],[13.24309685178732,52.575557645766445],[13.243257402389641,52.57566924223406],[13.243279823095548,52.57568334755146],[13.243381123128572,52.57574104774018],[13.243403968034176,52.5757529030971],[13.243428512524744,52.57576342241036],[13.243454546798876,52.57577251576248],[13.243481848320293,52.575780105424776],[13.243510183720067,52.57578612652188],[13.243652984276205,52.5758120266377],[13.243682480039254,52.57581647232783],[13.243712528929203,52.57581921823384],[13.243892029722076,52.575830418290536],[13.243916191319421,52.575831372811834],[13.243940402487638,52.57583122742944],[13.244065603049991,52.575827627418235],[13.244072331992399,52.57582739125037],[13.244398033450933,52.57581389120285],[13.244430480352385,52.57581154198035],[13.244673178014802,52.57578636751812],[13.244806302005989,52.575774690077246],[13.244820326681724,52.575778968283394],[13.244850993960677,52.57578606705527],[13.24488268079412,52.57579124365062],[13.244915063490044,52.57579444518867],[13.244931363561834,52.57579554519417],[13.244961005182947,52.57579671248431],[13.244990697844699,52.575796224067766],[13.24500391363581,52.57579526518795],[13.245005024673045,52.57579667924662],[13.245019812391483,52.57581338954729],[13.2450371621623,52.57582915895455],[13.24505691408523,52.57584384213079],[13.245078886120197,52.57585730374935],[13.245102875765024,52.57586941974191],[13.245128661921777,52.57588007844194],[13.245156006934497,52.5758891816139],[13.245165016964949,52.5758915287087],[13.245145880374704,52.57592440032892],[13.245134143630954,52.57594984504384],[13.245098142914008,52.57605424494164],[13.245093838403475,52.5760697806287],[13.245091577720123,52.57608547577762],[13.245084205466297,52.57617960493829],[13.245054331584281,52.5763555746543],[13.245021343952033,52.57652060268056],[13.24491986626776,52.57687005152409],[13.244915902360898,52.576888994285184],[13.244914956121875,52.57690808164694],[13.244917036378649,52.57692713561254],[13.244947183874235,52.577086531943415],[13.244936511831371,52.57723483998514],[13.244936866606166,52.577256163504735],[13.244951465586617,52.577394763535544],[13.244953942421356,52.57740955241394],[13.24497014191433,52.577479952453245],[13.2449733195401,52.577491334123415],[13.244994919080522,52.57755703417708],[13.24499914525696,52.57756819880885],[13.245043844557436,52.57767239892055],[13.245054428990395,52.577692582800644],[13.245068497690946,52.577711960891996],[13.245085889135343,52.57773031070714],[13.245144788932533,52.5777854108398],[13.245162575703636,52.577800457145834],[13.245182597633056,52.5778144224123],[13.24520467868855,52.577827183855554],[13.245228624733372,52.5778386292759],[13.245245713423232,52.577845323619385],[13.245252283960461,52.57787962240323],[13.24525348071947,52.57788518342142],[13.245272380150997,52.57796428346742],[13.245278073603375,52.57798224059012],[13.245286466017356,52.577999800471936],[13.245307465783942,52.57803720052402],[13.245307591276426,52.578037423588356],[13.245328391046453,52.57807432363995],[13.24534123446508,52.57809370696257],[13.2453573647716,52.57811215610211],[13.245376601736382,52.578129464915186],[13.245424201635224,52.57816776501767],[13.245432279308426,52.57817400022804],[13.245452417025271,52.578188918501795],[13.245552370782448,52.5783512504971],[13.24571998132411,52.57862337068665],[13.245728324059812,52.57863564500531],[13.245903927982024,52.57887127996998],[13.245939735881391,52.57892963757709],[13.245951718143777,52.578946682649004],[13.245966268500423,52.578962969097354],[13.245983259021823,52.578978353725475],[13.246002540323152,52.57899270126567],[13.246023942877658,52.57900588556862],[13.246322235981586,52.57917316915935],[13.246401603890984,52.57925680227108],[13.246367377811374,52.57935022971253],[13.246361886813668,52.579369790017076],[13.246359641645995,52.57938958708168],[13.246360664922541,52.57940942154137],[13.246364946342869,52.57942909365439],[13.246372442795463,52.5794484053136],[13.246383078791723,52.57946716204154],[13.246396747225994,52.579485174948886],[13.246413310454033,52.57950226263679],[13.246432601679045,52.57951825302355],[13.246454426631276,52.579532985077684],[13.246478565524377,52.579546310439596],[13.246504775268713,52.57955809491571],[13.246532791919382,52.57956821982988],[13.246538419078869,52.57956981292034],[13.24655190001021,52.57964709574219],[13.24655777102262,52.57966898324254],[13.246567628408668,52.57969033261609],[13.246581348186524,52.57971087532745],[13.24681734658809,52.58001427589443],[13.246832101797686,52.580031097214366],[13.24684944856021,52.580046974402855],[13.246869225516729,52.580061759768334],[13.246891248701793,52.580075315775446],[13.246915313254675,52.58008751632432],[13.246941195324972,52.5800982479236],[13.246968654154925,52.58010741074627],[13.246997434318988,52.580114919558305],[13.247027268099894,52.580120704511394],[13.24714865322207,52.58014036955679],[13.247131905385418,52.58016851814605],[13.247122974815328,52.58018602078103],[13.247116742847618,52.58020395192537],[13.247113263023538,52.58022215753516],[13.247112565241201,52.58024048120849],[13.24711465549865,52.58025876552899],[13.247119515842181,52.58027685341809],[13.247127104520482,52.58029458948463],[13.247174603921161,52.58038768960297],[13.247186373366047,52.580407107696914],[13.247201410507154,52.580425669964924],[13.247219550585136,52.58044317301842],[13.247296050378344,52.580509073186754],[13.247314908796282,52.580523791917045],[13.247335962012412,52.58053736158312],[13.247359022338905,52.58054966121116],[13.24738388419398,52.58056058114966],[13.247410325934657,52.58057002404698],[13.247438111832759,52.58057790571933],[13.247958613612386,52.58070770627186],[13.247965407664298,52.5807093463776],[13.248523038972085,52.58083955397433],[13.249198330988522,52.58113594045766],[13.249220630839838,52.58114490240309],[13.249428837322448,52.5812212784539],[13.249708067604896,52.581570992299284],[13.24972223371532,52.581586849921756],[13.249738714989391,52.5816018544711],[13.24975737405904,52.58161588088538],[13.250163073698122,52.58189388170811],[13.250182777169426,52.58190625251898],[13.250204174289264,52.58191753118392],[13.250642674831683,52.582129031930045],[13.250673143784542,52.582142068717914],[13.250705863041121,52.58215289452249],[13.250957080777122,52.58222497514896],[13.251185512806167,52.582315764543246],[13.251487948697648,52.58249603652774],[13.25151585374757,52.58251086924822],[13.251546350694516,52.582523669436085],[13.251579042621417,52.58253427049628],[13.252082744215558,52.582675771084645],[13.252088730646081,52.582677408295375],[13.25252763208858,52.58279420878644],[13.252561995538613,52.582801978021564],[13.252597577764947,52.58280733816579],[13.252865478901887,52.58283803831054],[13.252900290438117,52.582840850312834],[13.252935396946658,52.582841355520195],[13.252970387653399,52.58283954802125],[13.253004853139249,52.58283544896517],[13.253187539965325,52.58280739744024],[13.253378188538022,52.58281612320151],[13.253601824571797,52.58293033453057],[13.2536249606496,52.58294111156673],[13.253649589352252,52.58295058214751],[13.253675512441085,52.582958670042956],[13.253914513202838,52.58302517032005],[13.25394159664729,52.58303182636817],[13.253969552527202,52.583036972901546],[13.25399815460036,52.583040568270135],[13.254570389765334,52.58309628661312],[13.254814416100718,52.583221763156466],[13.25522308651409,52.58352006060513],[13.25549658181019,52.58379893670458],[13.255533523309785,52.583846891859736],[13.255554679904623,52.58390349775759],[13.255568356721414,52.583999989012874],[13.255458131714775,52.58428271119933],[13.255456242473615,52.584287861791566],[13.255229837947807,52.58494626114891],[13.255224260596162,52.58496899941547],[13.255223053816188,52.58499197829815],[13.255223449925436,52.5850011894212],[13.255226537299144,52.58507553713578],[13.255211298481095,52.585128871716094],[13.255128794251256,52.58516160699569],[13.255103759668197,52.58517260672234],[13.255080553353809,52.58518500489967],[13.255059385096683,52.5851986894471],[13.255040446261717,52.58521353665509],[13.255023908060162,52.58522941230338],[13.255009920001795,52.58524617287439],[13.254998608543277,52.58526366685061],[13.254990075944862,52.58528173608415],[13.25498439934589,52.58530021722671],[13.254981630067284,52.58531894320593],[13.254981793147488,52.58533774473594],[13.25498839258724,52.58541374474905],[13.25499230632148,52.585435624911405],[13.255013905755654,52.585515024964565],[13.255021863452296,52.58553666836051],[13.255033750360955,52.585557632838146],[13.255073750017463,52.58561713293601],[13.255088369669185,52.58563598043612],[13.255106165463133,52.58565378585777],[13.25515477125322,52.58569709993318],[13.25518615086928,52.585785635002395],[13.25518171077052,52.585828600627124],[13.255108581907228,52.585994954808264],[13.255102190548222,52.58601273124974],[13.255098509212754,52.58603079028089],[13.255076107928552,52.586206490208944],[13.25507516042516,52.58622435264611],[13.255076864560925,52.58624219423698],[13.255081206419762,52.58625986925224],[13.255088150540695,52.58627723332308],[13.255097640207396,52.5862941446203],[13.255159339644006,52.58638974477185],[13.255173966561685,52.58640923453402],[13.255191970157554,52.58642764583662],[13.255213139008571,52.58644476246455],[13.255237224519325,52.58646038340657],[13.255269036307313,52.586478894310716],[13.255355158814476,52.586603516156146],[13.255369048706381,52.58662112727525],[13.255385724133529,52.58663781760001],[13.255405022317163,52.58665342420315],[13.255426754875172,52.58666779473629],[13.255450709660963,52.58668078891714],[13.255476652834352,52.58669227989893],[13.255504331144282,52.58670215550877],[13.25571724705359,52.586769750756766],[13.2558754797686,52.58684997917585],[13.255901048392252,52.586861693779305],[13.256032348647425,52.58691589398217],[13.256061102746916,52.586926484107266],[13.256091499983269,52.58693520737914],[13.256792673549432,52.58711002668331],[13.257010648957586,52.587165540320726],[13.25703806244202,52.587171655401704],[13.25706626698929,52.587176245937115],[13.257197867536517,52.587193846018685],[13.25722514864901,52.58719675786979],[13.25725273796629,52.58719824295673],[13.257280434711934,52.58719829047208],[13.25739573523041,52.587195490464055],[13.25742629648641,52.587193864849965],[13.257456469406925,52.58719048968127],[13.257485984608863,52.587185395091396],[13.25751457858145,52.58717862656463],[13.257758579400079,52.58711262630194],[13.257787956670288,52.58710356715958],[13.257815676295913,52.587092742277136],[13.257841453156441,52.587080262998406],[13.257865022115151,52.58706625768409],[13.257886140746244,52.587050870391444],[13.257904591828439,52.587034259392496],[13.257920185579216,52.58701659554591],[13.257932761606822,52.586998060539656],[13.257942190559927,52.58697884502214],[13.257948375457971,52.58695914664112],[13.257951252688525,52.58693916801076],[13.257954669018805,52.58688258904338],[13.25800454663776,52.58685927552846],[13.258225470989414,52.586779810240415],[13.258467976829927,52.58679269895639],[13.25849909961405,52.58679343963675],[13.258530195712774,52.58679236049895],[13.258560978942956,52.586789471474496],[13.25867547943008,52.586775271416435],[13.25870534255638,52.58677065929685],[13.258734353487979,52.586764343935144],[13.258904954085976,52.586721543763296],[13.258931711473231,52.586713946734434],[13.25895722524499,52.58670490076193],[13.258981284451922,52.58669448063867],[13.259003690171593,52.58668277251907],[13.259024257153156,52.58666987320674],[13.259042815349021,52.586655889354056],[13.25913691514592,52.58657798914586],[13.25915452778007,52.58656179921606],[13.25916944798181,52.58654463506767],[13.259181531835969,52.58652666226383],[13.259190662786887,52.58650805416778],[13.259196752762561,52.58648899027033],[13.259199743024052,52.586469654458796],[13.259204842513974,52.58640035444052],[13.259204794858702,52.58638202097102],[13.25920195974779,52.58636376898171],[13.259196361553697,52.586345755356305],[13.259188048398622,52.58632813492947],[13.259177091740773,52.58631105915602],[13.259163585760044,52.586294674809054],[13.259111585505392,52.58623827493034],[13.259096128334113,52.58622314909811],[13.259078498716711,52.58620893202322],[13.25905883976184,52.58619573911131],[13.258954624594175,52.586131838555026],[13.258844426168062,52.58603463840352],[13.258827546392812,52.5860157058317],[13.258798171774137,52.58590268218174],[13.258792143733322,52.58588484912572],[13.25878344836219,52.58586742935008],[13.258772159377134,52.58585057052748],[13.258738359138583,52.58580607060898],[13.258725199967635,52.58579057803272],[13.258709850518576,52.585775852036384],[13.25869243022359,52.58576200719906],[13.258673074627188,52.58574915124366],[13.258573574619318,52.58568865143507],[13.258553396613163,52.58567737625906],[13.258531730448171,52.585667176849974],[13.258502315754505,52.58565449957478],[13.2585049365077,52.58564265491606],[13.258506009808679,52.58562264085933],[13.258503754424805,52.58560266330402],[13.25849819348822,52.5855829271082],[13.258489384027412,52.58556363465472],[13.258477416382199,52.5855449837758],[13.258462413277218,52.58552716572449],[13.258444528563311,52.5855103632135],[13.258393028433815,52.58546696332608],[13.258373258256757,52.585451907080646],[13.258351174911745,52.585438095007966],[13.258326988307331,52.58542565839444],[13.258309768797554,52.58541842768358],[13.25824363187337,52.58529041153694],[13.258234045145196,52.58521489943943],[13.258262759376164,52.58515636765344],[13.258322296442296,52.58509482984988],[13.258384494927604,52.58506678915139],[13.25904337636629,52.58491522489429],[13.259550362375682,52.584818686525786],[13.259578773176411,52.58481801876041],[13.259648937359138,52.58485025826716],[13.259771560457898,52.58495500604256],[13.259791982055038,52.58497070361393],[13.25981490581704,52.58498506246065],[13.2598400965891,52.584997935286395],[13.259867295960209,52.58500919003869],[13.259896224913991,52.58501871126345],[13.260007973302963,52.5850511501458],[13.259940447665194,52.58511606981044],[13.25992241649007,52.585135817355074],[13.259749115396918,52.58535411692068],[13.259735425372574,52.585374080168634],[13.259725397729666,52.58539483484875],[13.259719152499967,52.585416132536494],[13.259667050636363,52.58567493237959],[13.259664725364217,52.58569438590688],[13.25966555789137,52.58571388432914],[13.259669540122303,52.58573323794531],[13.259730438626027,52.58594423809579],[13.25973808070385,52.58596443977707],[13.259875178784815,52.586256040119565],[13.259881110244768,52.58626735930665],[13.260059708340066,52.58657585974903],[13.260060220152637,52.58657673722587],[13.260219272843209,52.58684740131912],[13.260216611441923,52.58684777789141],[13.260171418701768,52.586857188881226],[13.26014758754602,52.58686298679196],[13.260142544297844,52.58686275611865],[13.260129344384145,52.586862556120714],[13.260082182586789,52.58686327720573],[13.260035374232983,52.586866860634295],[13.260022374314616,52.58686826062601],[13.259977020169064,52.58687456205454],[13.259932903951588,52.586883550690565],[13.2599207040155,52.58688645067356],[13.259873580308474,52.58689950750389],[13.259829086281302,52.58691562755824],[13.259818086315262,52.58692012753424],[13.259780795465764,52.5869370637198],[13.25974642113998,52.58695615222902],[13.25973712114066,52.5869618522029],[13.259734116613663,52.586963884049815],[13.259714030322305,52.58696878341597],[13.25967091728163,52.58698086378763],[13.259630012524676,52.586995518566106],[13.259591729114913,52.58701259976566],[13.259556453646374,52.58703193489798],[13.259524542339895,52.5870533287141],[13.259496317445889,52.587076565175884],[13.25947206399015,52.58710140963755],[13.259469043283953,52.58710535967692],[13.259461006689614,52.587110700112746]]],[[[13.282641145335216,52.59812542773218],[13.282627611464738,52.598137424487035],[13.28247471103574,52.59828832421755],[13.282463173371797,52.59830107094055],[13.282453743118458,52.59831444489289],[13.282446511095788,52.598328317276646],[13.282441546954006,52.598342554493584],[13.282438898502612,52.59835701943184],[13.282438860695487,52.59835881020771],[13.282174152450539,52.5986445635782],[13.282171055430114,52.59864802612494],[13.28187591279331,52.59899001032691],[13.281113750540213,52.59985812943759],[13.280894563495517,52.60008518222538],[13.28082585758789,52.600152170215],[13.280521124415296,52.60043017826895],[13.280121047062638,52.60073963971985],[13.279889698601853,52.600902835592336],[13.279615862691433,52.60107665892719],[13.279169395150374,52.60134322810998],[13.278737031930095,52.601555464650474],[13.27816772861379,52.60181331200646],[13.277618251215666,52.60201651624728],[13.27724260582548,52.602152111647044],[13.276841718188521,52.60226945634242],[13.27642010620206,52.602377235334245],[13.276009068081997,52.60247189325876],[13.275006299348538,52.602685133659094],[13.274186492296076,52.60285975640744],[13.2741740539585,52.60286266880659],[13.273798754831404,52.60295866854853],[13.27379675246159,52.602959252689466],[13.273794681583059,52.60295974031443],[13.273420582424665,52.603060940044145],[13.273408800921262,52.60306438851091],[13.272929301880433,52.60321568811607],[13.272913986273274,52.60322101036455],[13.272350187176922,52.60343580982598],[13.27234163555713,52.603439240802416],[13.272051635945044,52.60356164050393],[13.272044605168603,52.60356473601069],[13.271833505399101,52.60366163578053],[13.271832520396192,52.603662135903534],[13.27183146817855,52.60366258240714],[13.271824316491532,52.60366630133343],[13.271817093414308,52.60366996875935],[13.271816193669558,52.60367052525524],[13.271815218401494,52.60367103240109],[13.271247909891937,52.60399666447787],[13.270998102302176,52.60413899760596],[13.270997164053602,52.604139535369185],[13.270417864218485,52.604473534643],[13.270416099985558,52.604474563299526],[13.269615980616415,52.60494634077056],[13.269270963108683,52.60513675243464],[13.268848687535025,52.60534745136886],[13.268346228910739,52.605559223919464],[13.268131665090824,52.60564233091296],[13.267898297953877,52.605726623990904],[13.267582586204071,52.60583271170099],[13.266836677058857,52.60606490697556],[13.262237312145166,52.60745596287207],[13.262234716165128,52.60745684715744],[13.262232023842616,52.60745761731086],[13.261666824947467,52.607640416835935],[13.26165817654359,52.60764336952237],[13.260705878196033,52.60798606865134],[13.260702798106168,52.607987305069656],[13.260699593861942,52.607988418430985],[13.254482970141307,52.61040177602703],[13.254201042371204,52.610508944370295],[13.254196749205844,52.61051061914717],[13.253310277780049,52.61086540724887],[13.252569388071135,52.611158191578475],[13.252123080206134,52.61132919633023],[13.252122078280888,52.611329582541],[13.251671578983705,52.61150428210488],[13.25126035721551,52.61166379039803],[13.251260089742447,52.61166389431379],[13.250588590784329,52.61192519366207],[13.250587387496482,52.61192566528633],[13.250143088169782,52.6121010648505],[13.25013669438428,52.61210368797074],[13.249752294888404,52.61226748757237],[13.249742798341744,52.612271772549896],[13.249449298625986,52.61241187222148],[13.249443747807131,52.61241461254797],[13.2492764479313,52.61250001235266],[13.249268138057372,52.612504478289026],[13.248994638156008,52.612659177949745],[13.248984074551307,52.61266557664639],[13.248771174504954,52.6128036763624],[13.248762561826986,52.612809608448046],[13.248557961664622,52.6129593081593],[13.248554705648763,52.61296174876362],[13.248442205531362,52.61304814860153],[13.248435658500513,52.61305344332987],[13.248228558165739,52.6132299430191],[13.24822163082842,52.61323621759138],[13.248057530441047,52.61339441733454],[13.248052163995578,52.61339987670248],[13.247945563667221,52.613514476530185],[13.247940883549068,52.613519785706835],[13.247816283067747,52.6136691854997],[13.247809517537132,52.613678101068835],[13.24771001699672,52.61382310089644],[13.247707057911372,52.613827647060866],[13.247646557523996,52.613925846954],[13.247640605067923,52.61393698097136],[13.247544504144093,52.61414798079417],[13.247539674932625,52.61416115631531],[13.247495274181754,52.61431995622886],[13.24749269319888,52.61433316343438],[13.247478292567653,52.61446146340267],[13.247478204340519,52.614464270785724],[13.247477858883068,52.6144670707979],[13.247470257997001,52.61464587077636],[13.247470348488294,52.61464824269933],[13.247470195801128,52.614650613440766],[13.247470596469991,52.61465474269917],[13.247470754237476,52.61465887803835],[13.247471226248582,52.61466123314103],[13.247471456061907,52.614663601576204],[13.247508855035463,52.61487340163523],[13.24751179167833,52.6148850334852],[13.247567990871865,52.61505653357891],[13.24757295999073,52.61506867770193],[13.247602959724702,52.615129577752136],[13.247605369966491,52.615134165897935],[13.247674669444926,52.61525826601326],[13.247678721893736,52.61526493113255],[13.247754921440189,52.61538063125786],[13.247764080545101,52.61539273770542],[13.24792877991984,52.615584437966675],[13.247941058627143,52.615596992313364],[13.248035758427058,52.61568269245522],[13.248041979234692,52.61568803248746],[13.24823007895208,52.615841332760326],[13.248238438363263,52.61584772491887],[13.248347338272744,52.61592592506988],[13.248356018298827,52.61593179438251],[13.248660118219542,52.616125494783496],[13.248669551709801,52.61613114903834],[13.24907435181307,52.61635944954188],[13.2490756487016,52.616360175049564],[13.250342967337668,52.61706339043546],[13.250563822767115,52.61720348342848],[13.25069425177974,52.61728799868425],[13.250851519649164,52.61742080714564],[13.250968948022708,52.61755225881166],[13.251022481426416,52.61763220493679],[13.251057249123926,52.61769376422063],[13.251109922633354,52.61782678721134],[13.251132465299875,52.617913027642345],[13.251140119338766,52.61801350444376],[13.25112816656559,52.618161005612016],[13.251105553949554,52.6182660746861],[13.251072420160915,52.61836025755396],[13.251029747895243,52.61845608359499],[13.250952317953631,52.61859470091732],[13.250889491006403,52.61868641847993],[13.250814960507023,52.61877728136757],[13.250692272094682,52.61891558052166],[13.250551007633929,52.619050431913045],[13.250376620642905,52.61919274727625],[13.250069175615762,52.61941706947593],[13.249775929185166,52.61960627296638],[13.24950942410316,52.6197764204551],[13.249504084330994,52.619779955590495],[13.249087384129973,52.62006605501902],[13.249076650444906,52.62007402860431],[13.24887435018274,52.620236828307235],[13.24886071777606,52.62024918363124],[13.248736017430717,52.62037718343229],[13.248728231347588,52.62038590387283],[13.24862533093174,52.620512203700784],[13.248616718814233,52.620524236574006],[13.24856021845639,52.62061523647432],[13.248555817073374,52.62062305393869],[13.248512116706294,52.62070935385922],[13.248507903610026,52.62071893314082],[13.248464903086663,52.62083373305971],[13.248460950640995,52.62084768713952],[13.248444650232877,52.62093188710643],[13.248443746529666,52.620937626723205],[13.248430045975235,52.62105042669345],[13.248429537556433,52.62106388848059],[13.248436236829152,52.62121038848658],[13.24843680950135,52.6212169890389],[13.248448909034762,52.6213115890569],[13.248450876198497,52.621321816456685],[13.248503987757674,52.62152817677789],[13.248557967602606,52.62174526971611],[13.248571191392656,52.62186283983134],[13.248561662454255,52.62203036800882],[13.248544137856815,52.622108110239225],[13.248492213086125,52.62224386255368],[13.248417349401068,52.62237532283293],[13.248321742590274,52.622492123538024],[13.248209960665081,52.6226190966948],[13.248100761786437,52.622714942599885],[13.248015482612965,52.62278235713076],[13.24777668079496,52.62295922138622],[13.247466546463903,52.623176444034634],[13.247466280975315,52.623176630335124],[13.24590220979992,52.62427620724636],[13.244683538847784,52.62513218464652],[13.244683245755288,52.62513239093329],[13.24394694530416,52.625651689910725],[13.243944148046163,52.6256537028511],[13.24365924781442,52.6258629024483],[13.243656421451465,52.625865021838194],[13.243329721114758,52.626115221367904],[13.243327242215454,52.62611715627886],[13.243002841814967,52.62637525580457],[13.24299898946471,52.62637841693506],[13.242482888649066,52.626815316162265],[13.242478178141027,52.626819468214684],[13.242143877451877,52.627126467699505],[13.242143217237224,52.62712707763335],[13.24198881690759,52.627270577394455],[13.241985313105205,52.627273943106445],[13.241568112039172,52.627688342447165],[13.241565487932363,52.62769126142254],[13.241562636714242,52.62769410043345],[13.241219935569504,52.62807629987383],[13.24121733455998,52.62807957310823],[13.24121450296219,52.628082774706925],[13.241126176059991,52.62819558071064],[13.241013749296284,52.628338586746615],[13.241010689353981,52.628342653809064],[13.240871688653566,52.628535953570314],[13.240869786294464,52.62853868167672],[13.240787885838229,52.62865988153435],[13.240784299273477,52.628665555578465],[13.240575597846776,52.629019755207125],[13.240572624557547,52.62902516490185],[13.24047372373533,52.62921886472212],[13.24046955543983,52.629228223494835],[13.240381054384889,52.62946022332816],[13.240380753284544,52.629461023888666],[13.240313052450242,52.62964362376078],[13.240311057506498,52.62964965253415],[13.240224856112134,52.629945452366925],[13.240224004745777,52.629949528581285],[13.240222911550964,52.629953583383525],[13.240167210107082,52.63025088326987],[13.240166502011732,52.63025532597847],[13.24012500046211,52.63057092588943],[13.24012441121405,52.63057738653901],[13.240116110407474,52.63074008651684],[13.240116007976518,52.63074483306247],[13.240117307153557,52.63091043305771],[13.240117405604574,52.63091383511212],[13.240133404016772,52.63123353512756],[13.240133942833173,52.631239652202865],[13.240154542027579,52.63140285223341],[13.240154594974516,52.63140326333672],[13.240182693919328,52.63161716337873],[13.24018306378185,52.63161967735054],[13.240437206988423,52.63317967617527],[13.240556256353752,52.63394607465472],[13.24055931067415,52.63395895197435],[13.240564424869111,52.63397158514235],[13.240571549687811,52.63398385249412],[13.24058061651581,52.633995635888006],[13.240591538035805,52.63400682184312],[13.24060420906851,52.63401730263206],[13.240618507585527,52.63402697731858],[13.240634295884545,52.63403575272963],[13.240651421915475,52.63404354435261],[13.240669720744773,52.6340502771494],[13.240689016143872,52.63405588627899],[13.24070912228638,52.63406031772193],[13.240729845537746,52.63406352880065],[13.240750986320107,52.63406548859041],[13.240767287355848,52.6340660150146],[13.240885888903064,52.634780325287466],[13.240889079666195,52.63479319035903],[13.24089432771347,52.6348058032048],[13.240901582504964,52.63481804235596],[13.240910774174532,52.63482978994242],[13.240921814202556,52.63484093282809],[13.240934596268424,52.6348513637004],[13.240948997274412,52.63486098210382],[13.240964878531159,52.63486969540729],[13.240982087093316,52.63487741969638],[13.241000457232497,52.63488408058142],[13.241019812033361,52.634889613913984],[13.241039965097427,52.63489396640454],[13.241060722338245,52.63489709613591],[13.241081883850601,52.63489897296679],[13.241103245835793,52.634899578822065],[13.24112460256438,52.63489890786698],[13.24114574835753,52.634896966563254],[13.241166479567916,52.634893773606784],[13.241186596540997,52.63488935974781],[13.241205905537878,52.63488376749454],[13.241224220601172,52.63487705070384],[13.241241365345912,52.63486927406256],[13.24125717465828,52.634860512464556],[13.241271496285753,52.63485085028935],[13.241284192303402,52.63484038058956],[13.24129514044215,52.634829204194624],[13.241304235266304,52.63481742873987],[13.241311389188905,52.634805167629764],[13.241316533315187,52.634792538945916],[13.24131961810604,52.6347796643097],[13.241320613855013,52.63476666771109],[13.241319510974355,52.63475367431449],[13.241050903033747,52.633135974734],[13.241050877064087,52.633135819242106],[13.240970382055732,52.63265666307811],[13.240880843265847,52.63212014578085],[13.240779265066097,52.63147869803619],[13.240741267939699,52.631149403785926],[13.240739396731017,52.630845528581716],[13.240740469793245,52.630689138560065],[13.240764022567348,52.63042261565947],[13.240814288299724,52.63010984149737],[13.24086589987999,52.62990358552556],[13.240948425185232,52.62963987201503],[13.24107177275218,52.6293371240194],[13.241172849697207,52.629133312777874],[13.241257729688407,52.62898227217889],[13.241401000849361,52.62873726288851],[13.241499297391533,52.6286035285467],[13.241499819411542,52.62860281265988],[13.241628719389722,52.62842462339067],[13.241779459825377,52.628235265689334],[13.241845452066315,52.62815795461693],[13.242170734028324,52.62780158367128],[13.242594099207945,52.627391261696374],[13.243263377269034,52.62678805476361],[13.243983251052791,52.62618913450328],[13.244476865258537,52.625811523978996],[13.245049777666884,52.62540299503115],[13.245217395579452,52.6252883088042],[13.245219996583517,52.625286496299196],[13.24641048204612,52.62444153028548],[13.248202261100275,52.62319176020465],[13.248204874242532,52.62318990316868],[13.248530674000618,52.622954002710905],[13.248541352970937,52.622945609939684],[13.248693252722783,52.622815809711476],[13.248701031142993,52.622808687473054],[13.248806930879606,52.622704587306245],[13.248818811892358,52.62269126127226],[13.248945111330915,52.622527961058616],[13.248952782836293,52.62251673250918],[13.249028882325193,52.62238913237409],[13.249033649599344,52.622380154841025],[13.249091949056144,52.622255354733895],[13.249097589627103,52.62223976624229],[13.249137988885243,52.62208396616297],[13.249139968110494,52.622073795319075],[13.249150367719286,52.621994095296756],[13.249150799786513,52.621989969961824],[13.249157399373821,52.621906469946204],[13.249157604925374,52.62189737507241],[13.249154304440177,52.62179967507425],[13.249152496193204,52.62178513889858],[13.249091994831153,52.62150473899641],[13.249090456958008,52.621498695030844],[13.249038660903508,52.62132216059118],[13.249020340959964,52.62122892262826],[13.249011283717834,52.62108795160947],[13.249034699380616,52.62090796555844],[13.249055960761295,52.62084508700379],[13.249099612116193,52.620754582899536],[13.249181809412622,52.620629491179336],[13.249244612723718,52.62055253844704],[13.249301811109532,52.62048943834388],[13.249376771600112,52.62041845543679],[13.249480901350926,52.62033864429168],[13.249481742619267,52.62033799534889],[13.249624678308114,52.620227026717714],[13.249968692486153,52.61999781397484],[13.25022510253485,52.619834490043026],[13.250227921969232,52.61983265979431],[13.25056302186581,52.61961095934284],[13.250570058104776,52.61960606878159],[13.250708057996292,52.61950526858694],[13.25071342499697,52.619501187327856],[13.25100662464261,52.619268986900046],[13.251016112296117,52.61926085770106],[13.251211711879405,52.61907915739855],[13.25122124714861,52.61906941468416],[13.25135774668112,52.61891531446059],[13.251364938821633,52.61890641290362],[13.251457438370478,52.618780212745406],[13.251463028422942,52.61877182807563],[13.251575227680112,52.61858552787676],[13.251581791645558,52.618572631241975],[13.25165429087228,52.61839943110695],[13.251657757017702,52.61838960864005],[13.251700156324002,52.618242508557756],[13.251703084131073,52.618227098330024],[13.25171948326179,52.618050898292594],[13.251719652513858,52.61803802063438],[13.251710851859801,52.617906120644804],[13.251709259956156,52.617894627148964],[13.251681959326566,52.617765127192996],[13.251679099173431,52.617754806375444],[13.251648798762025,52.617666806426065],[13.251640551273091,52.61764908874674],[13.251573643281928,52.61753598095995],[13.251530343081427,52.61745151244388],[13.251521806143503,52.617437638121295],[13.25151077916969,52.617424430145924],[13.251413103720534,52.61732203844462],[13.251333233750024,52.61723187892188],[13.25132367729654,52.617222117339246],[13.251312782613727,52.61721288966827],[13.2511991824746,52.617124889830244],[13.2511959950449,52.6171224791441],[13.25100899486281,52.61698437940617],[13.250991673346004,52.61697301262702],[13.250733673375839,52.616822412953525],[13.250730938144178,52.616820966282404],[13.250728362870133,52.61681941465627],[13.249514748782424,52.616156701044645],[13.24905733343571,52.61588710376521],[13.248769201563691,52.615710157311916],[13.248465227452842,52.6154810637011],[13.248260433160736,52.61527160762266],[13.248136320311986,52.615054917531765],[13.248088832496743,52.61493360249518],[13.248058314982968,52.61483620769796],[13.248019554931474,52.61463573305158],[13.248020368823072,52.61447777649309],[13.24805332785473,52.6143267875736],[13.248102133074717,52.61418093511192],[13.248166690738007,52.61403883256701],[13.248228314964662,52.613943398611006],[13.248228900432496,52.61394248195584],[13.248280702067765,52.61386047769872],[13.248366698490281,52.61375457758865],[13.248485514433623,52.61361671112016],[13.24858644170753,52.61350484954223],[13.248858713016332,52.61327166634596],[13.249011725772043,52.613151127848006],[13.24928732310068,52.612962077280955],[13.249588930567372,52.61277940105261],[13.249944199002863,52.61260147693654],[13.25020274302801,52.612486343155],[13.250672534024059,52.61229814921397],[13.250672795326928,52.61229804437363],[13.250984371209675,52.612172837091],[13.253008881125151,52.61139241190226],[13.254083727994614,52.61098840737968],[13.254086444700146,52.610987369327006],[13.254578635236344,52.61079621166157],[13.254800025267532,52.61071045417866],[13.254800159555232,52.610710396336714],[13.254800302386842,52.61071034665456],[13.26101660211074,52.60829406648692],[13.261989963943822,52.60793013860521],[13.262480182079583,52.60775693528456],[13.266912536489825,52.60641745203938],[13.26691726940459,52.60641597748016],[13.267642143315282,52.60618329560941],[13.268201396999174,52.60601239029042],[13.26821476748559,52.60600794115599],[13.268443867881505,52.60592524094597],[13.268445840196991,52.605924446860044],[13.268447906398613,52.60592374683181],[13.26866580675052,52.60584114662444],[13.268671358002534,52.60583897050274],[13.268925558370565,52.60573597024863],[13.268929776348623,52.60573421735079],[13.26917547667073,52.60562951709619],[13.26918780736454,52.605623855622696],[13.269643107753826,52.60539895510204],[13.26965193702746,52.6053943504501],[13.270003337191369,52.60520095002105],[13.270005178606056,52.60519983181675],[13.270007151289018,52.60519879992254],[13.270823251516596,52.604727598898684],[13.27082427156213,52.60472700610248],[13.271401547340014,52.60438933853219],[13.272196081570643,52.60394116432218],[13.272467257061791,52.603815792243644],[13.272676790487672,52.60372578403854],[13.273080119369235,52.60356523549769],[13.273251251088993,52.6035056739619],[13.273675163564816,52.603366071390724],[13.274030210969707,52.60326510169333],[13.274447737624975,52.603159129928486],[13.275154480436065,52.603004145898566],[13.276247564252696,52.602774743057886],[13.276262922455171,52.60277111858388],[13.276748773059666,52.60264338877542],[13.277149596239672,52.60254531920962],[13.277162662148877,52.60254181521971],[13.277462962788936,52.60245401498772],[13.277474154661434,52.60245049670618],[13.277890755442055,52.6023100963443],[13.27789816709044,52.602307481236686],[13.27827266771879,52.60216928088747],[13.27828060036076,52.60216620903178],[13.278522000709,52.60206820879011],[13.278529488504923,52.602065028944665],[13.27900658907401,52.601853228436084],[13.279018054259357,52.601847772232986],[13.279535354646294,52.60158417162983],[13.279544536110658,52.60157921865489],[13.279823236200999,52.60142011830747],[13.279827346485048,52.60141770949912],[13.28006354651108,52.6012756091961],[13.280068867214906,52.601272294290936],[13.28020866718786,52.601182094105],[13.280212736993008,52.60117939443398],[13.280386336914985,52.601060994196764],[13.280391225145749,52.60105754263947],[13.280670924924971,52.600853042245014],[13.280675979985489,52.600849203581994],[13.280880179743313,52.600688103284675],[13.280885105483145,52.60068406078383],[13.28110170513054,52.60049906045873],[13.28110639157037,52.60049489189839],[13.281315691127913,52.600300891575095],[13.281318392861975,52.60029809754588],[13.28132131733179,52.60029538793198],[13.28154371670629,52.60006548757667],[13.281545085194116,52.6000638995388],[13.281546635599486,52.60006237474316],[13.28180273476925,52.59978047432679],[13.281804644479239,52.59977832569916],[13.282329421453472,52.59917466421056],[13.282661849261515,52.59879444617065],[13.282908731281934,52.59852917706939],[13.283477359439411,52.597986303443626],[13.283559235137814,52.597914557130416],[13.283573368983303,52.597909645036424],[13.283592866829636,52.597901226118644],[13.283610915586673,52.59789168402542],[13.283627341434661,52.59788111065301],[13.2836419861838,52.597869607829516],[13.28370918605316,52.597811107715906],[13.283721908631037,52.597798786212806],[13.283732586550528,52.597785764702294],[13.283741116978801,52.597772168589216],[13.283747417764882,52.59775812881207],[13.283750589250056,52.5977467822011],[13.284127011805127,52.59741400612238],[13.284132244482427,52.59740915625711],[13.284533443513828,52.59701895562782],[13.284539543630606,52.59701264126074],[13.284874742537637,52.59664264071542],[13.28488019302434,52.59663621600068],[13.285204991644477,52.59622631545472],[13.285208798686678,52.5962212407319],[13.285371897846842,52.595991140451275],[13.285373873216068,52.59598826090548],[13.285536872283473,52.595742560621545],[13.285539542147939,52.595738329232624],[13.285847940092745,52.59522342868604],[13.285848415377359,52.595222495184764],[13.285849016776645,52.595221589054454],[13.28604758683605,52.59487423860093],[13.286330936536752,52.594379845796844],[13.286506973279149,52.59408126839716],[13.286659640313978,52.59382953992423],[13.286973144226042,52.59333253980292],[13.287083150166945,52.59316061778537],[13.28709384318042,52.59315458037278],[13.287109692229242,52.59314368638246],[13.287123711537433,52.59313189880804],[13.287135766092092,52.59311933117095],[13.28714573980238,52.593106104505026],[13.287240953862522,52.59296151908088],[13.287469552491496,52.59265407758355],[13.28747833074974,52.59264054031199],[13.287484887900455,52.592626544239764],[13.287489160796646,52.59261222415708],[13.28749110829015,52.592597717974414],[13.287490712877343,52.59258321123614],[13.29169415554708,52.586516340755786],[13.291694824380533,52.58651522539644],[13.291695637907686,52.586514146296096],[13.292815337055366,52.58481339529327],[13.293981795780388,52.58310222460347],[13.294854904696246,52.58183209419647],[13.295297852991517,52.58119026793209],[13.29531083343727,52.581183153713226],[13.295326943636669,52.58117240511293],[13.295341246713615,52.58116074637611],[13.295353604922287,52.58114828978339],[13.295363899247421,52.58113515529928],[13.2959376441653,52.58029999383618],[13.296368553417219,52.57970332305384],[13.296377089893848,52.579689729089225],[13.296383397952182,52.57967569087788],[13.296387416844142,52.5796613436158],[13.29638910786779,52.579646825475265],[13.296388454739933,52.579632276274],[13.296388347793805,52.57963175995041],[13.296667744439832,52.57921110254071],[13.296849610494238,52.578976385178336],[13.297054305410061,52.578747722025945],[13.2973383929385,52.57846206916529],[13.29756170822978,52.578269354954536],[13.297856421975391,52.57803837567395],[13.29817142092722,52.57780837269512],[13.298405327319005,52.577650841531586],[13.29869911982265,52.577468480431115],[13.299270799353058,52.57714395722145],[13.29995106440338,52.576808662067705],[13.300690762097089,52.576468283805184],[13.301049459031821,52.57631890567229],[13.3010734864211,52.5763187491921],[13.301099754639418,52.57631700010959],[13.3011256149551,52.576313690871785],[13.301150818316552,52.57630885334875],[13.301175121999279,52.576302534129006],[13.301198291943543,52.57629479407063],[13.301220105008552,52.576285707715385],[13.301549105444899,52.57613370726997],[13.30156935141081,52.576123362067406],[13.301587835440202,52.5761118577104],[13.301604379521795,52.576099304993065],[13.30161882432761,52.57608582480575],[13.301625863336117,52.57607759128706],[13.302056696532452,52.57587424263705],[13.302058549904539,52.57587327558085],[13.3020605215346,52.57587239961761],[13.30277742223223,52.57551979870369],[13.302779438458353,52.57551870323491],[13.302781585383475,52.57551770418676],[13.303169085693124,52.57531830367865],[13.303178056111223,52.57531345195336],[13.303585756267767,52.5750817513867],[13.303590928274676,52.57507850864931],[13.303596294676003,52.57507538535449],[13.30395279460839,52.574846484825706],[13.303969188876765,52.57483480113348],[13.304581388050883,52.574349700135286],[13.304588015549257,52.5743438781239],[13.304594667820544,52.574338066607794],[13.304855567118357,52.574084466150396],[13.30486122092841,52.57407831947281],[13.304866906215098,52.57407218358145],[13.305235404586233,52.57362448289501],[13.305244074767886,52.57361269401186],[13.30537307391953,52.57341459375982],[13.30537345762357,52.57341400079984],[13.305533956547647,52.573164400485574],[13.305537011097535,52.57315886454039],[13.305540241337564,52.57315336573862],[13.30562994047876,52.57297326555612],[13.30563320938721,52.572966051918264],[13.30571600837375,52.57276355174566],[13.305718808467768,52.572755831803306],[13.305820906791132,52.57243383158449],[13.305823500768033,52.57242382726185],[13.305871099497326,52.572188327154706],[13.305871141091655,52.57218798270029],[13.305871235300184,52.572187642117804],[13.305916834031994,52.571953042014705],[13.3059172794709,52.571949102783556],[13.305918014887256,52.57194517971984],[13.30594619357871,52.571679922593674],[13.305947037391281,52.57167908147227],[13.305958540982507,52.571664588981044],[13.30596765771904,52.57164947927939],[13.305974299803866,52.57163389788253],[13.305978403272524,52.57161799484828],[13.305979928609064,52.571601923331855],[13.305987725255372,52.57105432328606],[13.305987729988377,52.57105186166478],[13.305982126684693,52.5705126616497],[13.305980663197413,52.570496587996814],[13.305976621006973,52.5704806791447],[13.305970039044597,52.57046508830406],[13.305960980700677,52.57044996562282],[13.305954521161812,52.57044177861364],[13.305943456076676,52.570005274551306],[13.305966218385235,52.56940723164948],[13.305990536690848,52.569188356031994],[13.306031239874374,52.568999042997646],[13.306082350559077,52.568822732158644],[13.306127312954654,52.568684631077694],[13.306174718500632,52.56855960787153],[13.3062373288438,52.56843027546789],[13.306361315048896,52.56819518748925],[13.30648569103187,52.56799847170355],[13.306634940397146,52.567810600869365],[13.306804595757638,52.5676266211071],[13.306923467483037,52.56750726950383],[13.307052424465583,52.5673907004903],[13.307064787761009,52.56737824713231],[13.307075088301232,52.56736511533059],[13.30708322688785,52.56735143155213],[13.307086840185486,52.56734279139715],[13.30721835782142,52.567247820218796],[13.307404448662943,52.567130485585224],[13.307579304490202,52.56704135408969],[13.307749785882375,52.56696682661683],[13.307984212609533,52.566878246527544],[13.308277927695864,52.56678922731252],[13.308701196267318,52.566668674206305],[13.309665421108045,52.56641578063257],[13.309672375080314,52.56641370465993],[13.30967941844516,52.566411743779504],[13.309934318954749,52.56633134356988],[13.309947994716437,52.56632664116014],[13.310192195119146,52.56623544093058],[13.310205705735495,52.5662299626201],[13.310218508674119,52.56622388591476],[13.310389708799184,52.56613618571466],[13.310403308005926,52.56612859722187],[13.310415803903899,52.56612033430401],[13.310578803788129,52.566002934075854],[13.310596839018404,52.565987923385094],[13.310681638816668,52.56590582325241],[13.310693690463134,52.56589252056254],[13.310764190160418,52.56580292044397],[13.310768682696958,52.56579682082191],[13.31082958236807,52.565708220716616],[13.31083375070099,52.56570167517591],[13.310886550339806,52.56561177508214],[13.310894100118826,52.56559584230402],[13.310923399751854,52.56551544224872],[13.310926399187133,52.56550539866777],[13.310945498796466,52.56542369862997],[13.310947320981313,52.56541254384508],[13.310947590300085,52.56540133513227],[13.31094228972217,52.56528453513711],[13.310941220738929,52.56527457401981],[13.310921620174222,52.56515897405069],[13.310920033093891,52.56515162817189],[13.31082049818524,52.56477300644474],[13.310725021908253,52.56420831198378],[13.310724935569073,52.56420796794981],[13.310724901991595,52.56420762051794],[13.310685121927065,52.563983854519535],[13.310686102864215,52.563982418749504],[13.310693077547114,52.56396849844838],[13.310697779631486,52.56395422857523],[13.311146569927722,52.5621332275876],[13.311148953872108,52.56211874555402],[13.311148997073474,52.562104190854946],[13.311146699118089,52.56208970366014],[13.311142082138794,52.56207542348907],[13.31113716116994,52.56206547262413],[13.311200744266186,52.56180738514853],[13.311202461244275,52.56179828412277],[13.311319256897727,52.56090948387384],[13.311319950613163,52.56089860244766],[13.31131884913399,52.560599702437294],[13.311318105611937,52.560589044051234],[13.311282104313067,52.56032444410583],[13.31128061501037,52.56031645121904],[13.311252428137907,52.56019749191271],[13.311299405571873,52.56001824879548],[13.311243048149082,52.560012762677424],[13.311207005423995,52.56000923493632],[13.31120654625409,52.56000777526755],[13.311033844250264,52.55956897555733],[13.311031573709498,52.559563689304845],[13.310940872850201,52.55936898945692],[13.310936794415587,52.55936116520968],[13.310808993501219,52.55913996542205],[13.310804161443835,52.55913235764114],[13.310570660166778,52.55879585802301],[13.310566398190685,52.55879010211575],[13.310349697230837,52.55851510246426],[13.310342630463113,52.558506884385935],[13.30984912889354,52.55797878515557],[13.309848536896707,52.55797821827059],[13.309848028982836,52.557977621854356],[13.308381324551709,52.5564443241301],[13.308380887463413,52.55644386925873],[13.307761391480387,52.55580208707831],[13.307153065823275,52.55516378275553],[13.306352911518669,52.55432156623465],[13.305574007229787,52.553481359993654],[13.303851555107592,52.551570729984554],[13.303535939081089,52.55119846143272],[13.30353764797661,52.55119202300035],[13.3035392903111,52.55117595574791],[13.30353834115822,52.55115986773731],[13.30353480966165,52.55114391390488],[13.303528729834385,52.55112824789451],[13.303520160231026,52.551113020578114],[13.303509183383806,52.55109837860253],[13.30270597954879,52.55015268018108],[13.302692701707556,52.55013876446822],[13.302677250248621,52.55012570910579],[13.302659773978913,52.55011363982324],[13.302640441204845,52.55010267285352],[13.302634164270813,52.55009975629116],[13.301756566036383,52.54902100732529],[13.301478905592512,52.54867974131186],[13.301228008282694,52.548358828708274],[13.301227202370752,52.54834551474045],[13.301223646605395,52.54832956292985],[13.301217543116632,52.5483139003953],[13.301208950686936,52.54829867797522],[13.301197952068367,52.54828404226931],[13.300735956632035,52.54774130071963],[13.300623636521838,52.54759819685484],[13.300611083587789,52.547584033584805],[13.30059631387267,52.54757068858844],[13.300579469618011,52.547558290384586],[13.300560713043758,52.54754695837386],[13.30054826788876,52.54754078891327],[13.300098291012466,52.54698649685281],[13.30000710524944,52.54687339969938],[13.299746550170484,52.54652655649063],[13.299745612172234,52.54651066453215],[13.299742080538419,52.546494710741456],[13.299736000854375,52.546479044803334],[13.299727431673334,52.546463817588915],[13.299716455523452,52.546449175744144],[13.299189053005833,52.54582817678051],[13.299175775946495,52.545814261256076],[13.299160325517544,52.545801206113026],[13.29914285051599,52.54578913707867],[13.299123519236037,52.54577817038356],[13.299121399326355,52.54577718532283],[13.2983763608902,52.54481177377357],[13.298080960010145,52.544372275852595],[13.297763984520033,52.54384425122017],[13.297611313456985,52.543532561815674],[13.29761371898638,52.543521208977616],[13.29761451883736,52.5435051179526],[13.297612727890218,52.54348905661228],[13.297608363395568,52.54347317963606],[13.297601467388565,52.54345763992764],[13.29710746676535,52.54252801354528],[13.296948962510518,52.542222087816896],[13.29694333929692,52.542212319062116],[13.296644836985896,52.54174181967122],[13.29663411460685,52.54172710841836],[13.296621078841321,52.54171310878307],[13.296605855232347,52.5416999555887],[13.29658859039259,52.54168777550698],[13.296569450592347,52.54167668583784],[13.296548620158251,52.54166679338002],[13.296544365020099,52.54166515389414],[13.296416547635861,52.54145044985785],[13.296108371379324,52.54087325963456],[13.29610796097001,52.540872498775016],[13.29550598455644,52.53976771867899],[13.295307806641269,52.539395738827984],[13.295307350577735,52.53939489247708],[13.294707080433618,52.53829339081525],[13.294065633343534,52.537064427674416],[13.293946956315636,52.5368234489563],[13.293947250702935,52.536822630594585],[13.293950054959598,52.536808176654404],[13.293950522314566,52.5367936247098],[13.293948648269275,52.53677911490401],[13.293944450874095,52.53676478697427],[13.293937970554417,52.53675077890617],[13.293711368621704,52.536339379328304],[13.293702667937179,52.536325826010575],[13.293691830551849,52.5363128579808],[13.293678960837042,52.536300600127696],[13.293664182736151,52.536289170500396],[13.293654268261882,52.53628288332959],[13.293564354465014,52.53611355787287],[13.29356407923117,52.536113114990506],[13.293563871166546,52.53611265868421],[13.293184003058396,52.53541432336162],[13.292769934565252,52.53465048812085],[13.292768441916227,52.534648129776116],[13.292767184082193,52.534645721051646],[13.292625183147306,52.53441382128646],[13.292620308736788,52.53440652939179],[13.292422407731413,52.5341339297135],[13.292421228757139,52.534132334248405],[13.292289928127897,52.53395773446085],[13.292279837583333,52.53394592136798],[13.292161337230352,52.533822721551495],[13.292161300318943,52.533822687162235],[13.292161269075818,52.53382265074413],[13.292001568601632,52.53365685099139],[13.291992214210953,52.533647969013],[13.291981730740948,52.53363956900325],[13.291782630550106,52.533492569281776],[13.2917715858653,52.533485020801706],[13.291585985823913,52.53336752104529],[13.291572885720697,52.533359890984464],[13.291326285834499,52.5332277912824],[13.291301168380603,52.53321618950439],[13.291076568698807,52.533127289730224],[13.291074119033176,52.533126334250966],[13.290995019151172,52.533095934328934],[13.290981337628619,52.533091091058],[13.290846859175582,52.5330473944444],[13.290836773673455,52.533039116070256],[13.290820730710715,52.53302833986157],[13.290803032936104,52.53301857447527],[13.290783850788664,52.533009913956676],[13.290763369002317,52.53300244171065],[13.290741784826798,52.532996229698334],[13.290629485112822,52.53296792978832],[13.290619805049847,52.53296563666704],[13.290448205515723,52.53292753679086],[13.290443358840465,52.53292649591768],[13.29016245962436,52.53286819610908],[13.290139515124974,52.532864188405284],[13.290116036953027,52.53286157145971],[13.290092251213995,52.532860370474715],[13.290068386975273,52.53286059701631],[13.290045186541697,52.53286221320241],[13.289266709558506,52.53271336566885],[13.288963611622025,52.532651543968186],[13.288963459406293,52.53265144132715],[13.288945792575847,52.53264165523488],[13.288926637909052,52.532632972269525],[13.288906179875186,52.53262547605209],[13.288884615495242,52.532619238774636],[13.288196297341797,52.5324448319668],[13.287937813253272,52.532368050740054],[13.287467201943134,52.532220667619924],[13.287445461721154,52.53221466191943],[13.287422860905137,52.53220998463431],[13.28739961715148,52.53220668080892],[13.287375954308173,52.53220478226058],[13.287366272002822,52.53220458946483],[13.28727545053172,52.532174022163666],[13.287247098035131,52.53216604175078],[13.286719099296288,52.532044642101425],[13.286698790465552,52.532040654842206],[13.286677938568646,52.53203790072442],[13.286656744419062,52.53203640627153],[13.286635412126255,52.53203618587577],[13.286614147130017,52.53203724165965],[13.286593154222057,52.532039563455456],[13.286572635573815,52.53204312890322],[13.286552788789509,52.532047903666],[13.286533805003149,52.532053841760614],[13.286515867037874,52.532060886000366],[13.286499147645314,52.532068968545914],[13.286483807841904,52.53207801155847],[13.286469995358253,52.53208792794941],[13.2864578432164,52.53209862221907],[13.28644746844874,52.532109991376245],[13.286438970970913,52.532121925930305],[13.286432432619513,52.53213431094534],[13.28642791636393,52.532147027147204],[13.286425465699843,52.53215995207223],[13.286425104230284,52.53217296124644],[13.286426835438245,52.532185929384376],[13.28643064265308,52.532198731595734],[13.286436489210969,52.53221124458805],[13.286444318807943,52.532223347854064],[13.286454056042079,52.53223492483234],[13.286465607139583,52.53224586402982],[13.286478860857864,52.53225606009554],[13.286493689556817,52.53226541483528],[13.286509950428046,52.53227383815722],[13.286527486870208,52.53228124893958],[13.286546129997149,52.532287575811985],[13.286565700264413,52.532292757842676],[13.287079054093487,52.53241079043256],[13.287155694310528,52.532436584862296],[13.287156132944103,52.532437014945515],[13.287170663732919,52.53244856126216],[13.287186980385975,52.53245918341884],[13.287204925765167,52.53246877911771],[13.287224327046411,52.532477255946255],[13.28724499738405,52.532484532267276],[13.28771789840755,52.53263263271697],[13.287722498091433,52.532634035925035],[13.287989798698142,52.532713436169125],[13.288002982151356,52.5327170605844],[13.288697983915855,52.53289316114379],[13.288720447089107,52.532898079445424],[13.288743592621339,52.532901631366315],[13.288767197606399,52.532903782699194],[13.288791034713174,52.532904512725295],[13.288814874374998,52.532903814414],[13.288825100227372,52.53290289634536],[13.289130738302749,52.53296523619988],[13.289134653805382,52.53296600977236],[13.289915667517501,52.53311534246313],[13.289923596344396,52.53312002941276],[13.289942279399407,52.5331290866238],[13.28996232827557,52.53313698348051],[13.289983549890312,52.53314364393121],[13.290005739866576,52.53314900383158],[13.290284208283849,52.53320679919544],[13.290448514206762,52.53324327972794],[13.290556014586487,52.53327037022076],[13.290578493408177,52.533275262206644],[13.290601650290515,52.53327878701477],[13.29062526221803,52.53328091069889],[13.290642392775636,52.533281415217495],[13.290769876466953,52.53332283906984],[13.290841050296168,52.533350192881414],[13.291051181127896,52.53343336588378],[13.291279102714423,52.53355546033859],[13.291452654844518,52.53366533330133],[13.291635418836172,52.53380027246199],[13.291786296260003,52.533956913554384],[13.291899229460926,52.5340743265048],[13.29201111835103,52.534223114960525],[13.291995696515324,52.53421017083063],[13.291985946068623,52.534202583130465],[13.291764345880582,52.53404248343789],[13.291748625170548,52.53403227256181],[13.291600425188305,52.53394567274907],[13.291597629136385,52.53394406753063],[13.291421929182533,52.53384496774871],[13.291405919981962,52.5338367726679],[13.2911696202088,52.533727172930874],[13.291160453580297,52.53372314615756],[13.29089605392021,52.53361324643218],[13.29088979017698,52.53361073814948],[13.290688790475183,52.53353323834805],[13.290682665173135,52.53353112572073],[13.290676659115798,52.533528889396806],[13.290385459645512,52.533432089655626],[13.290384371164064,52.5334317302706],[13.289804072235496,52.533241430781246],[13.289784807867354,52.5332358381518],[13.289764737353483,52.53323142393092],[13.2897440539825,52.533228230629604],[13.289722956944958,52.53322628900081],[13.289701649415102,52.533225617743305],[13.289680336594259,52.53322622332159],[13.2896592237347,52.5332280999036],[13.289638514163023,52.53323122941707],[13.289618407322079,52.53323558172324],[13.289599096850287,52.533241114907405],[13.289580768716844,52.53324777568236],[13.289563599430792,52.53325549990171],[13.289547754341173,52.53326421317756],[13.289533386044644,52.53327383159682],[13.289520632915904,52.53328426252939],[13.289509617775053,52.53329540552028],[13.289500446704764,52.53330715325687],[13.289493208028599,52.533319392602486],[13.289487971460378,52.533332005685914],[13.289484787432725,52.533344871036505],[13.289483686611323,52.53335786475416],[13.289484679599529,52.53337086170228],[13.289487756836165,52.53338373671312],[13.289492888687535,52.533396365793166],[13.289500025732755,52.53340862731724],[13.289509099239629,52.53342040319978],[13.289520021826526,52.53343158003221],[13.289532688303865,52.53344205017501],[13.289546976687118,52.533451712794495],[13.289562749371555,52.53346047483375],[13.289579854457463,52.53346825190904],[13.289598127213004,52.53347496912228],[13.290177883202553,52.53366509088411],[13.290462359167739,52.53375965578828],[13.29065424189958,52.533833640499445],[13.290910876671662,52.53394031295232],[13.291134351402276,52.53404396452897],[13.29130096055913,52.534137937194636],[13.291439470986345,52.53421887531332],[13.291648551750232,52.53436993091472],[13.291925783828457,52.534602622353425],[13.292191313748724,52.53488532809583],[13.29225958360871,52.53497162317672],[13.29244086552454,52.535220547725736],[13.292612025544349,52.53553079625633],[13.292991639783006,52.536225398574274],[13.293022922979711,52.53628796555914],[13.293022937807349,52.536287990716765],[13.293022948536796,52.53628801663683],[13.2930575482379,52.53635711669469],[13.293057549366194,52.53635711860661],[13.293057550181839,52.536357120576774],[13.293057999323905,52.5363580174715],[13.293056282292296,52.536363958869536],[13.293054463900482,52.536378471305746],[13.293054987041417,52.536393022542796],[13.293057846679275,52.53640747244436],[13.29306301527644,52.536421681849816],[13.293234613377157,52.53680368217158],[13.293242041275256,52.536817514225696],[13.293251656843807,52.53683083572537],[13.293263367481226,52.536843518376735],[13.293277060408887,52.53685544003838],[13.293292603757244,52.536866485897505],[13.293309847835737,52.536876549575766],[13.29331244885216,52.5368777940173],[13.29335152613831,52.53693316141438],[13.293723497648,52.53759872705722],[13.294137819470278,52.53835342681955],[13.294754307435714,52.53948589391369],[13.294953677525776,52.53989220272824],[13.29495594119157,52.53989654303184],[13.295704577539963,52.54125091127333],[13.296053387680688,52.54194457580929],[13.296050648593809,52.54194914799317],[13.296044064354174,52.541964737847515],[13.296040018100982,52.54198064611091],[13.296038548804555,52.541996719578414],[13.296039670617823,52.54201280345385],[13.296043372739941,52.54202874284066],[13.296049619520184,52.542044384233634],[13.296218617642204,52.54239228458364],[13.296220702262811,52.54239637871131],[13.297028194297146,52.54391198037814],[13.297037574450169,52.54392702877517],[13.297049328789472,52.543941444169725],[13.297063344116086,52.54395508773303],[13.297079485456024,52.543967828069356],[13.297096830201708,52.54397904629913],[13.297408999655936,52.544485107798664],[13.297412306294762,52.54449018259622],[13.297752004184765,52.54498478321811],[13.29775560798289,52.54498977100548],[13.298114606085957,52.545462871654635],[13.298116051451649,52.5454647420627],[13.298436349861639,52.54587184263888],[13.298437464989808,52.545873241109035],[13.299070261994325,52.5466563422427],[13.299397665763683,52.54706144941082],[13.29939842351495,52.54706237877511],[13.299716076103088,52.547448572443294],[13.300062848876589,52.54788496003066],[13.300063365000188,52.547885535690874],[13.300063794816552,52.54788613712667],[13.300822891259347,52.548820238485426],[13.300823249541368,52.5488206298201],[13.300823547239267,52.54882103959014],[13.302226340845394,52.55052124209501],[13.302228280225071,52.55052354236015],[13.303280275804566,52.55174494422468],[13.303282247548346,52.55174718647483],[13.30465314224217,52.5532744888858],[13.304665617639001,52.55328689919157],[13.304680028616781,52.55329850439163],[13.304696236390575,52.55330919272086],[13.304714084870874,52.55331886124412],[13.304733402166818,52.55332741684755],[13.304743728128537,52.553331106254795],[13.305042808979573,52.55361032600289],[13.305835895475102,52.55449147106582],[13.305836738804166,52.55449230782915],[13.305837464879565,52.5544931844926],[13.306630562342967,52.555344185730014],[13.306633155619577,52.555346893232134],[13.307291882144021,52.55601631661131],[13.307925604190864,52.55667011375017],[13.308946044745197,52.55774528094572],[13.309303652931499,52.558137784468215],[13.31001340027503,52.558922501388665],[13.310237078839391,52.55926910398389],[13.310441567446249,52.55964819253123],[13.310535831354402,52.55994354056407],[13.31025228009851,52.55991578542854],[13.31007400972502,52.55989827854885],[13.309257977573358,52.559818375441246],[13.301040631024339,52.559013981072866],[13.300438476949012,52.55895497580808],[13.294592723522388,52.55838278065199],[13.29371808305859,52.55829707673332],[13.293078485754771,52.55823447702841],[13.288553281002553,52.557791476784395],[13.28613809665721,52.55755507843494],[13.282446471846361,52.557193576187515],[13.281675969303262,52.55711817597645],[13.281042381810973,52.557056177231466],[13.27656391162716,52.55661768037082],[13.2765101,52.5568218],[13.27656367597547,52.556617657344795],[13.276384337175083,52.55660017306957],[13.276027585265423,52.5565651778162],[13.275428160241434,52.556506502651125],[13.275085532465827,52.55647133325552],[13.2750292,52.556675200000015],[13.275085523926347,52.55647133237905],[13.27460710629572,52.55642223059424],[13.274391707261424,52.55640013070428],[13.27427909219525,52.55680786925772],[13.274494483273083,52.556829968353284],[13.27497287126032,52.55687906714472],[13.275316768532397,52.556914366882204],[13.27531931150972,52.55691462185405],[13.275919957270746,52.556973416574536],[13.276277022697434,52.55700844253232],[13.276456405672247,52.55702593113206],[13.280934827323811,52.557464423677885],[13.281568427170361,52.55752642369397],[13.282338904526899,52.557601821515995],[13.286030507603533,52.557963321997654],[13.288445705914388,52.55819972195065],[13.29297091362714,52.55864272292658],[13.29361048409289,52.55870532006727],[13.29448509621084,52.558791021295576],[13.300330885910713,52.559363220573],[13.300932984907396,52.55942222050278],[13.309150403993229,52.56022662277048],[13.309966311540204,52.560306513757524],[13.31014443413396,52.56032400616449],[13.3101984,52.5601199],[13.310144604565087,52.56032402287431],[13.310644693925065,52.560372973159545],[13.310685985328947,52.56062082471232],[13.310699393861567,52.56088921626425],[13.310692220064468,52.56115220783876],[13.310271997706668,52.562840621067764],[13.309824122418103,52.56450342912489],[13.309790397839617,52.56460597600682],[13.309654036105902,52.56486856467295],[13.309546604459925,52.56501120264443],[13.309426248614432,52.56512962715237],[13.309389691308535,52.565161216905175],[13.309256469566554,52.56525330457286],[13.309130444498683,52.56533391924523],[13.308974186093268,52.56541982374332],[13.308804934031793,52.56550308850573],[13.308544612967097,52.56561244076229],[13.308538955971216,52.56561489917976],[13.30831155623416,52.565717098935515],[13.308304542794662,52.56572038721275],[13.308052343019181,52.5658436869265],[13.308049224032494,52.56584524092315],[13.307842024190327,52.56595044068235],[13.307836793398495,52.56595318324856],[13.307563593543387,52.5661010829185],[13.307551540885232,52.56610813036377],[13.307313340862718,52.5662585300507],[13.307311436202077,52.566259748020165],[13.307090636156286,52.566402747726215],[13.307075675059245,52.56641353494052],[13.306884074812933,52.56656763465963],[13.306875336274183,52.566575197045],[13.306684535864479,52.566753196749936],[13.306677242018766,52.56676050586369],[13.306436841274614,52.567019905475284],[13.306429929593728,52.56702800213963],[13.306269250411841,52.567233184588446],[13.30625205569338,52.56724210044545],[13.306235469538866,52.56725257396341],[13.306220647982114,52.56726398767264],[13.306207733763321,52.56727623165356],[13.3061968512544,52.567289187990596],[13.30603375038318,52.56750938767967],[13.306029493158123,52.56751549618882],[13.30585579202376,52.56778109584975],[13.305852026895671,52.56778724522466],[13.305680425529964,52.56808764488221],[13.305678417572356,52.56809131327847],[13.305574516641409,52.568289713068516],[13.305570928346851,52.568297247455334],[13.305488027391123,52.568490247283506],[13.305485075780652,52.56849795235248],[13.305409074616433,52.568723352190716],[13.305406881855307,52.56873081923086],[13.305359080839454,52.56892161912583],[13.305358641147551,52.56892345071652],[13.305311640051103,52.569128150612244],[13.305310268623257,52.569135429597914],[13.305275767346096,52.56936942951701],[13.30527482555106,52.569380200631194],[13.305266424639942,52.56968387278784],[13.305257423665145,52.57000214494405],[13.305257399345985,52.5700061613118],[13.305280359012976,52.57142614638933],[13.305279830958227,52.571426770406305],[13.30527008298981,52.571441733097735],[13.305262789039496,52.571457205891306],[13.305258019354396,52.57147303977602],[13.305255819871826,52.571489082263234],[13.305248092624913,52.57162647361709],[13.305233095048894,52.5718082814131],[13.30519678453544,52.572043021582495],[13.305151558665168,52.57227012081663],[13.305097812855099,52.57247265918927],[13.30505276057997,52.572613015498995],[13.305048967790249,52.5726289471422],[13.305047756294298,52.57264502857073],[13.305049137762314,52.57266110491171],[13.305053098892824,52.572677021341164],[13.305053683541122,52.57267842421692],[13.305010976654682,52.57278841967877],[13.304921465402773,52.57295684175225],[13.304766294999268,52.57323961802386],[13.30466430212256,52.5733900778482],[13.304363871820632,52.57379103788518],[13.304067643039318,52.57407823631842],[13.303785870095762,52.57432074728018],[13.303445462083689,52.57456309385151],[13.302988981241477,52.5748542913843],[13.302532806140022,52.575105167622056],[13.30205755117056,52.57534670319178],[13.301591190257987,52.57557661300674],[13.30104145096419,52.57583145209261],[13.300969741409132,52.57586345304659],[13.300951184257334,52.575872619569786],[13.300934191246181,52.57588285007822],[13.300918926027599,52.57589404604723],[13.300905535614383,52.57590609965415],[13.300894358558649,52.5759186592961],[13.299509937307532,52.576568793128395],[13.299503419351604,52.57657197727606],[13.298899519810147,52.576878776573714],[13.298894927702392,52.57688117618103],[13.298502127921216,52.57709227570842],[13.298493712757557,52.57709704471648],[13.298088012814576,52.577339444198266],[13.29807850276993,52.577345497084806],[13.297741102628219,52.57757429662534],[13.297739039873822,52.577575841643835],[13.297736809205686,52.577577297504526],[13.297410508972968,52.577812397047595],[13.29740550677426,52.577816137048224],[13.29709690643634,52.57805563660214],[13.29709589718332,52.578056504374906],[13.297094774452251,52.57805731877311],[13.296852074143237,52.57825201841758],[13.296840331420748,52.578262434269554],[13.296557430716945,52.57854093382436],[13.296551317467461,52.578547345985186],[13.296321916697194,52.57880424561072],[13.296318155824922,52.57880865193462],[13.296128055059018,52.57904195161724],[13.296126957175204,52.57904348343853],[13.296125678870988,52.579044962418465],[13.295784530166669,52.57949153914673],[13.295780455764184,52.579493402397325],[13.295762846180146,52.57950323922557],[13.295746904150215,52.57951408014084],[13.295732783205068,52.579525820739846],[13.295720619337803,52.579538347954866],[13.2957105296942,52.57955154114259],[13.295326427269293,52.58012584039555],[13.295325001076629,52.58012802203882],[13.295295300875415,52.580174521980574],[13.295287740283987,52.580188328703464],[13.295282437661509,52.58020252037358],[13.295279444077211,52.580216960317706],[13.295278788363188,52.58023150947146],[13.295279769831946,52.5802399485783],[13.294199431424572,52.5818701253535],[13.293350794640768,52.583118682608166],[13.293350772021057,52.58311872113464],[13.293350743348167,52.5831187581359],[13.291141425338894,52.58637452610521],[13.289551025376213,52.588641198793916],[13.289079824610871,52.58931279555793],[13.286984859873154,52.592297397642575],[13.28697063502856,52.592305199843736],[13.286954529711634,52.592315953375824],[13.286940232713569,52.59232761647992],[13.286927881722901,52.5923400768346],[13.286917595687477,52.592353214440465],[13.286748994664384,52.59259891411399],[13.286745701849878,52.59260446354271],[13.286742240243553,52.59260997474394],[13.286628539257798,52.5928215745148],[13.286622229806717,52.592835612750456],[13.286618210207422,52.59284996000588],[13.286616519173032,52.59286447810935],[13.286617172991427,52.592879027243754],[13.286618182420964,52.59288389835986],[13.286109713971246,52.593724260478034],[13.286109134512643,52.59372522975364],[13.285791032349966,52.59426382918863],[13.285790296668406,52.59426509488985],[13.285516733936376,52.594743425834515],[13.28531751509917,52.595090533138965],[13.285004756977479,52.5956238292929],[13.284881202564577,52.59581157932869],[13.284805871180824,52.595926031767796],[13.284357557239826,52.59651021596116],[13.283877870245828,52.59701306206716],[13.283742210112178,52.597143260166575],[13.2834438669978,52.59741740419231],[13.282713835744998,52.59808665963271],[13.282712376125826,52.59808712011055],[13.28269233288022,52.598095050008794],[13.282673662622722,52.59810413797778],[13.282656545157566,52.598114296496014],[13.282641145335216,52.59812542773218]],[[13.30832622892198,52.566049744717105],[13.308573405997787,52.56592890024477],[13.308794448361969,52.565829557422354],[13.309058688003724,52.56571855883837],[13.309071872658814,52.56571255984857],[13.309252172815563,52.56562385964312],[13.309261243972278,52.565619140978136],[13.309428044051058,52.56552744077483],[13.309439834120717,52.565520448526826],[13.30957443410026,52.565434348348745],[13.309580108550337,52.56543057532842],[13.309723908477041,52.56533117513089],[13.309738507719487,52.565319908226236],[13.309785607639915,52.56527920815531],[13.309789086041341,52.565275865384585],[13.309792772839561,52.565272606605745],[13.30992367251467,52.565143806399874],[13.309936439721536,52.56512930389527],[13.310055139170856,52.5649717036937],[13.310064832919556,52.56495640013052],[13.310208831753402,52.564679099870105],[13.31021472809746,52.56466515190841],[13.3102515275792,52.5645532518382],[13.310252093417148,52.564550950014265],[13.310252896245142,52.56454867450471],[13.310309560045285,52.56433830093936],[13.310388275190043,52.56480388777061],[13.310389868538417,52.56481127127056],[13.310489404720407,52.56518991201083],[13.310507536783595,52.565296857292154],[13.310512099884843,52.5653974286934],[13.310496783266816,52.56546294394657],[13.310472255911781,52.565530246794324],[13.31042599165606,52.565609018069594],[13.310369437835366,52.56569129451424],[13.310306709397361,52.56577101702534],[13.310236712958554,52.56583878453591],[13.310095539014739,52.56594046415429],[13.309950940063574,52.56601453721455],[13.309727304394869,52.566098057084965],[13.309486262772614,52.56617408585938],[13.308526081577687,52.56642591862692],[13.308519969095942,52.56642759018267],[13.308091270026566,52.566549689859045],[13.308086503556561,52.56655109069207],[13.30778130418821,52.566643590449225],[13.307763534966659,52.566649622991015],[13.307514235370919,52.56674382275457],[13.307502067372972,52.56674877320311],[13.307319067599506,52.56682877301025],[13.307306292819849,52.5668348078658],[13.307116392961873,52.566931607644534],[13.307099541903463,52.56694116478218],[13.306900341885838,52.567066764520554],[13.306890510820077,52.56707339662711],[13.30687997096448,52.5670810076225],[13.307052705227463,52.56689462013324],[13.30723551164991,52.56672407680647],[13.30741551716579,52.56657930157363],[13.307627418464397,52.566442064441176],[13.307858855581353,52.56629593423734],[13.308123227543428,52.56615281314432],[13.30832622892198,52.566049744717105]]],[[[13.275711451743005,52.59512468235729],[13.27570361165836,52.595152488230504],[13.27570028266055,52.595180628068405],[13.275701496785931,52.595208831142635],[13.2757068963199,52.595252431160006],[13.275712655233704,52.59528047245026],[13.275722905121121,52.59530803426582],[13.275737547049037,52.59533485055428],[13.275756439687534,52.59536066245926],[13.275779400673908,52.595385220819246],[13.27580620837274,52.59540828857273],[13.275836604015153,52.59542964304659],[13.275870294196556,52.59544907810574],[13.275906953708807,52.595466406142954],[13.275946228679421,52.59548145988992],[13.275987739987533,52.59549409403192],[13.276031086923673,52.59550418661078],[13.276075851057957,52.59551164020209],[13.276121600279403,52.595516382855656],[13.276167892967333,52.59551836879024],[13.276214282254621,52.59551757883532],[13.276297182794018,52.595513678814605],[13.27634344903029,52.59551009590666],[13.27634554120247,52.59550980394832],[13.276381239363047,52.59550920882032],[13.276465639912358,52.5955053087997],[13.276511613613428,52.595501796556725],[13.276556801017422,52.59549555829871],[13.27660076730437,52.59548665405387],[13.276643089405251,52.59547516950408],[13.276683360073221,52.595461215160356],[13.276721191802558,52.59544492529948],[13.276756220557548,52.59542645667173],[13.276788109275522,52.59540598699255],[13.276816551110272,52.595383713232394],[13.276841272384628,52.59535984972121],[13.276862035223811,52.59533462608612],[13.276878333439239,52.5953087711131],[13.276892888513979,52.59529112773878],[13.276909560057309,52.595264731961294],[13.276921894246849,52.59523746679155],[13.2769297718519,52.59520959581125],[13.276933116725608,52.59518138845825],[13.276931896540786,52.59515311742159],[13.276908494526046,52.59496461749689],[13.276902742304793,52.594936629589704],[13.276892516144759,52.594909119341],[13.276877914392632,52.59488235129908],[13.27685907747168,52.59485658287444],[13.276836186531082,52.59483206186452],[13.276822880096882,52.594820591227815],[13.276818135774034,52.59481411273736],[13.276795220186468,52.59478960290243],[13.276768472932556,52.59476657757181],[13.27673815118578,52.59474525812783],[13.276704546486142,52.594725849550855],[13.276667981936988,52.59470853844852],[13.276628809098442,52.59469349126169],[13.276587404607302,52.594680852664204],[13.276544166555846,52.59467074417196],[13.276499510664479,52.59466326297457],[13.27645386628486,52.594658481001204],[13.276407672272063,52.59465644422874],[13.276361372765352,52.59465717224001],[13.276278173306935,52.594660972219955],[13.276231829712984,52.59466449890632],[13.276225516746154,52.59466537166283],[13.276193552198091,52.59466589620175],[13.27610725275973,52.59466989618059],[13.27606126176966,52.59467341688737],[13.276016058918199,52.594679665769895],[13.275972079529067,52.59468858264861],[13.275929747144161,52.594700081649954],[13.27588946944484,52.59471405203326],[13.27585163432591,52.5947303592573],[13.27581660616016,52.594748846275735],[13.275784722289313,52.5947693350497],[13.27575628977529,52.59479162826212],[13.275731582442983,52.59481551121805],[13.27571083824308,52.594840753912116],[13.275694256960309,52.5948671132436],[13.27568199828918,52.594894335357516],[13.275674180295798,52.59492215808932],[13.275670878280518,52.59495031348967],[13.275672124052427,52.59497853040501],[13.275678023547995,52.595025730424005],[13.27568380181577,52.59505372564226],[13.275694056556844,52.59508124141196],[13.275708689100925,52.59510801295622],[13.275715052326321,52.5951167030681],[13.275711451743005,52.59512468235729]]],[[[13.3893908,52.482846],[13.389343300000002,52.4828783],[13.389315,52.4828975],[13.3892584,52.4829352],[13.389234800000002,52.48295099999999],[13.3890108,52.4831026],[13.388454,52.48347940000001],[13.3883474,52.48342129999999],[13.3882013,52.483520600000006],[13.388233700000002,52.48355529999998],[13.3882742,52.483598500000014],[13.3883133,52.48364190000001],[13.388341900000002,52.48368099999999],[13.3883693,52.483720999999996],[13.388392000000001,52.48375709999999],[13.388411600000001,52.483793699999985],[13.3884339,52.4838351],[13.3883853,52.4838428],[13.3884181,52.4839266],[13.3884647,52.48392059999998],[13.3884775,52.4839673],[13.388487700000002,52.484008899999985],[13.3884941,52.4840591],[13.3884974,52.484111],[13.388497,52.48416410000001],[13.3884916,52.48422329999999],[13.3884901,52.48423369999999],[13.3884853,52.4842668],[13.3887758,52.4842517],[13.3887706,52.4842165],[13.3887559,52.484116799999995],[13.389927200000002,52.48405529999999],[13.3900271,52.4840501],[13.3900291,52.48406849999999],[13.3905186,52.48404259999998],[13.3905277,52.4840421],[13.3905058,52.483890699999996],[13.3904554,52.4838932],[13.3904114,52.4835768],[13.390398,52.483506500000004],[13.3903835,52.4834649],[13.3903666,52.483419300000016],[13.3903475,52.4833831],[13.3903299,52.4833529],[13.3903076,52.48332070000001],[13.3902753,52.48328],[13.3902471,52.4832486],[13.390199000000003,52.483205199999986],[13.3901432,52.48316209999999],[13.3900826,52.48312269999999],[13.3900161,52.48308149999999],[13.3900956,52.4830286],[13.3900808,52.4830199],[13.3911267,52.48231439999999],[13.3912098,52.4823519],[13.3913055,52.482387900000006],[13.3912373,52.4824534],[13.391399100000001,52.482516199999985],[13.3914679,52.482450100000015],[13.391670300000003,52.4825254],[13.3918838,52.4826001],[13.3920985,52.482670999999996],[13.3923066,52.4827338],[13.3922518,52.48280429999999],[13.392425800000002,52.4828547],[13.392479200000002,52.48278599999998],[13.3925847,52.4828163],[13.3926533,52.48283559999999],[13.3928356,52.48288459999999],[13.3930417,52.4829336],[13.3932541,52.4829822],[13.3934135,52.48301649999999],[13.3933734,52.48308949999999],[13.393556400000001,52.483127],[13.3935966,52.48305390000001],[13.3937346,52.4830804],[13.3939699,52.48312299999999],[13.3941364,52.4831498],[13.3943307,52.48317939999999],[13.394521000000003,52.48320599999999],[13.3944954,52.4832816],[13.3946845,52.4833054],[13.3947103,52.483229200000004],[13.394904,52.483252399999984],[13.3951227,52.48327420000002],[13.3954142,52.483298700000006],[13.3956581,52.48331319999999],[13.3956472,52.483391],[13.3958388,52.48340110000001],[13.3958498,52.4833227],[13.3960617,52.483330499999994],[13.3963284,52.4833371],[13.3965592,52.483338399999994],[13.3966734,52.4833385],[13.3967594,52.4833372],[13.396762800000001,52.48341589999999],[13.3969546,52.4834128],[13.3969513,52.483335299999986],[13.3971036,52.483330699999996],[13.3974174,52.48331690000001],[13.3976391,52.4833045],[13.3978537,52.48328929999998],[13.3978711,52.4833659],[13.3980634,52.483349599999976],[13.3980458,52.48327219999998],[13.3981856,52.4832599],[13.3984398,52.483233],[13.3986544,52.483207099999994],[13.3987983,52.483188099999985],[13.3989342,52.4831682],[13.3989633,52.4832438],[13.3991507,52.4832169],[13.398906300000002,52.4825818],[13.3987189,52.482608600000006],[13.398732600000002,52.482644199999996],[13.3985145,52.4826739],[13.398300000000003,52.482700099999995],[13.3981132,52.4827201],[13.3979151,52.48273939999999],[13.3977288,52.482755],[13.3975259,52.4827692],[13.3973272,52.482780500000004],[13.3970689,52.48279159999999],[13.3967312,52.482798800000005],[13.396482200000003,52.4827999],[13.3962015,52.48279589999999],[13.3960034,52.4827891],[13.3956936,52.48277409999999],[13.3954147,52.4827547],[13.395061900000004,52.48272089999999],[13.3947299,52.4826814],[13.3945395,52.482655300000005],[13.3943603,52.48262790000001],[13.394233200000002,52.48260750000001],[13.394039,52.482573900000006],[13.3938902,52.48254549999999],[13.3934548,52.48245629999999],[13.393230300000004,52.48240399999999],[13.3930172,52.4823463],[13.392825,52.4822896],[13.392749000000002,52.48226719999998],[13.3925428,52.48220359999998],[13.3922927,52.482122499999996],[13.392083100000002,52.4820482],[13.3918706,52.48196889999999],[13.391671800000001,52.48188920000001],[13.3914428,52.4817921],[13.3912362,52.48169859999999],[13.3910401,52.481604799999985],[13.3907318,52.481442999999985],[13.390581300000001,52.48135899999999],[13.390433,52.48127299999999],[13.3902627,52.48116809999999],[13.3900993,52.4810618],[13.3899485,52.48095959999999],[13.3897949,52.4808486],[13.3896892,52.480768699999985],[13.3895874,52.48068729999999],[13.3894932,52.480610999999996],[13.3894006,52.4805323],[13.3892968,52.480441700000014],[13.3892005,52.4803515],[13.3890675,52.480221399999984],[13.388941300000004,52.48009090000001],[13.3888287,52.4799663],[13.3887122,52.47982869999999],[13.3885713,52.47964699999999],[13.388429,52.479440700000005],[13.388328,52.47928009999999],[13.3882343,52.4791175],[13.388144,52.4789367],[13.3880577,52.4787454],[13.388015600000001,52.478632799999986],[13.387976,52.478521799999996],[13.3879276,52.47836579999998],[13.387895700000003,52.4782367],[13.387860400000003,52.478082],[13.387826600000002,52.477875299999994],[13.387807100000002,52.4776707],[13.387796,52.477488100000016],[13.3878024,52.47724389999999],[13.3878602,52.4772453],[13.3878679,52.4771283],[13.387786300000002,52.477126299999995],[13.3868061,52.477101999999995],[13.3868024,52.47715769999999],[13.3867983,52.477219],[13.38692,52.47722199999999],[13.3869156,52.4773492],[13.386916100000002,52.4774597],[13.3869229,52.47765799999999],[13.3869348,52.4778048],[13.386815300000002,52.477809599999986],[13.386827700000003,52.4779259],[13.3869478,52.47792109999999],[13.3869693,52.478066899999995],[13.3869955,52.4781986],[13.3870233,52.4783229],[13.3870605,52.478471000000006],[13.386938800000003,52.4784841],[13.3869722,52.4786001],[13.3870982,52.47858659999999],[13.3871451,52.47872480000001],[13.3871964,52.47885759999999],[13.3872647,52.4790187],[13.3873301,52.47915579999999],[13.3872145,52.4791773],[13.3872701,52.47928839999999],[13.387388,52.47926639999999],[13.3874601,52.479399300000004],[13.3875528,52.4795521],[13.387606400000001,52.47963599999999],[13.387729900000004,52.4798152],[13.387614799999998,52.47984669999998],[13.3876916,52.4799513],[13.3878074,52.47991969999999],[13.387846,52.47997199999999],[13.387889,52.48002619999999],[13.3879782,52.480135700000005],[13.388071100000001,52.48024420000001],[13.388173400000001,52.4803564],[13.3882786,52.480467],[13.388169800000002,52.4805085],[13.3882647,52.4806023],[13.3882533,52.480606400000006],[13.3884221,52.4807684],[13.388284700000002,52.48082619999999],[13.3883492,52.4808839],[13.3883173,52.4808975],[13.3883962,52.480966500000015],[13.3884284,52.48095279999999],[13.388493200000001,52.481008800000005],[13.388630700000004,52.480950199999995],[13.3887163,52.4810224],[13.3888189,52.48110429999999],[13.3888285,52.481099],[13.3889449,52.4811879],[13.3890439,52.48113930000001],[13.389182499999999,52.4812407],[13.389019000000001,52.481352199999996],[13.3889178,52.4814213],[13.3886267,52.481617099999994],[13.3885,52.481701400000006],[13.3882076,52.48189880000001],[13.3881377,52.48194639999999],[13.3881223,52.48193640000001],[13.388038500000002,52.48199279999999],[13.3880319,52.4819898],[13.387967500000002,52.4819558],[13.387915,52.48193379999999],[13.3878864,52.481921799999995],[13.3878532,52.4819078],[13.3877951,52.4818873],[13.387729600000002,52.481868],[13.3876249,52.48184069999999],[13.3875617,52.4818272],[13.3874973,52.481817799999995],[13.387422800000001,52.48180749999999],[13.387338,52.481799899999984],[13.3872575,52.48179760000001],[13.3871821,52.48179769999999],[13.3866722,52.4818034],[13.3866735,52.4817748],[13.3865963,52.481773499999996],[13.386423100000002,52.481775599999985],[13.386429800000002,52.4820806],[13.3864608,52.48208119999998],[13.3864806,52.48285889999999],[13.3863299,52.482859699999985],[13.3862606,52.48286],[13.3862626,52.4830381],[13.386327400000003,52.4830315],[13.3864215,52.4830218],[13.3865062,52.48301699999999],[13.3865993,52.483012600000016],[13.3867582,52.48301219999999],[13.3868877,52.48302020000001],[13.3869868,52.48303149999999],[13.3871351,52.48305059999997],[13.387230900000002,52.48306809999999],[13.3873109,52.483083900000004],[13.387412,52.483109799999994],[13.3874652,52.4831241],[13.3875082,52.483135599999976],[13.3876567,52.48303930000001],[13.387555300000002,52.4829795],[13.3883335,52.48245440000001],[13.3884123,52.48240129999999],[13.3884912,52.48234930000001],[13.3885487,52.48238009999999],[13.388484700000001,52.482423099999984],[13.388744100000002,52.482567199999984],[13.3889474,52.4826802],[13.3891609,52.48279879999999],[13.389272800000002,52.482860999999986],[13.3892905,52.48284909999999],[13.3893368,52.4828181],[13.3893908,52.482846]],[[13.3885826,52.4836301],[13.3886472,52.48358439999998],[13.3891317,52.4832598],[13.3891529,52.4832686],[13.3891791,52.48324979999999],[13.3891612,52.4832411],[13.3892174,52.48320270000001],[13.3892243,52.4832065],[13.3892896,52.48323949999999],[13.3893577,52.483278000000006],[13.3894224,52.48332029999999],[13.3894813,52.483362599999985],[13.3895475,52.483421],[13.3896071,52.483483200000016],[13.389655,52.4835434],[13.3896986,52.483611599999996],[13.3897253,52.4836674],[13.3897558,52.4837452],[13.3897709,52.48384179999999],[13.3897824,52.4839352],[13.388736800000002,52.4839901],[13.388727500000002,52.48394339999999],[13.388714800000002,52.4838969],[13.3887018,52.483856],[13.3886865,52.48381569999999],[13.3886601,52.4837597],[13.388633700000003,52.48370859999999],[13.388607200000001,52.4836639],[13.3885826,52.4836301]],[[13.3866892,52.4828574],[13.3866733,52.482215799999985],[13.3869707,52.48221579999999],[13.3869701,52.48224110000001],[13.3870566,52.4822445],[13.3871477,52.48225269999999],[13.387229700000002,52.482263100000004],[13.387295900000002,52.48227479999999],[13.3872597,52.482339999999986],[13.3873073,52.4823494],[13.387343,52.4822845],[13.3874169,52.48230209999999],[13.3874933,52.48232399999999],[13.387566900000001,52.482348099999996],[13.387644300000002,52.4823761],[13.3876659,52.48235519999999],[13.3877423,52.4823886],[13.3877961,52.482415200000005],[13.387858000000003,52.482447999999984],[13.3879281,52.48248709999999],[13.387358900000002,52.482872199999996],[13.3872929,52.482917199999996],[13.387202199999999,52.48290050000001],[13.387121099999998,52.48288749999999],[13.387033300000002,52.48287649999999],[13.3869562,52.48286939999999],[13.3868771,52.4828628],[13.3868091,52.482859299999994],[13.386743400000004,52.48285649999998],[13.3866892,52.4828574]],[[13.3866704,52.4820746],[13.3866654,52.4819427],[13.3866774,52.481943],[13.386677900000002,52.481925800000006],[13.3870193,52.4819222],[13.387244600000002,52.48192079999998],[13.3873197,52.4819238],[13.3873748,52.48192859999998],[13.3874829,52.48194250000001],[13.3875828,52.481962799999984],[13.3876727,52.4819869],[13.3877545,52.482014899999996],[13.3878303,52.482046100000005],[13.3878659,52.482061899999984],[13.3878985,52.48207819999999],[13.3879806,52.4821227],[13.3881059,52.4821909],[13.3882505,52.48226919999998],[13.388224,52.4822877],[13.3881892,52.482310599999984],[13.388161800000002,52.482329],[13.388140500000002,52.48234329999999],[13.3880855,52.48238],[13.388082400000002,52.48238349999997],[13.3879689,52.482319099999984],[13.3878432,52.4822581],[13.3877636,52.482226499999996],[13.3876741,52.48219379999998],[13.3876364,52.4821807],[13.3875883,52.4821669],[13.387533600000003,52.482151099999996],[13.387457,52.482131700000004],[13.3874034,52.482121099999986],[13.387335,52.4821075],[13.3872674,52.482096899999995],[13.3871947,52.482088799999985],[13.3871373,52.482083200000005],[13.3870633,52.482078099999995],[13.3869239,52.482072599999995],[13.386781,52.48207359999999],[13.3866704,52.4820746]],[[13.390236900000001,52.48376599999998],[13.3902558,52.483903699999985],[13.3902302,52.483903799999986],[13.3902322,52.483911999999975],[13.390015800000002,52.483922500000006],[13.3899983,52.48381539999998],[13.389986000000002,52.483739799999995],[13.3899673,52.4836757],[13.389946400000001,52.4836224],[13.389922200000003,52.48357519999999],[13.3898875,52.48351530000001],[13.3898474,52.483459],[13.389814,52.48341789999999],[13.3897716,52.48337130000001],[13.3897456,52.48334520000001],[13.389717200000002,52.48332019999998],[13.389689600000002,52.4832962],[13.3896616,52.4832726],[13.3896243,52.4832451],[13.389581500000002,52.4832154],[13.3895391,52.483187699999995],[13.3894966,52.4831607],[13.3894324,52.4831266],[13.3893745,52.4830958],[13.3893819,52.4830904],[13.3893694,52.48308329999998],[13.3893534,52.48309389999999],[13.3893288,52.48307999999999],[13.389390400000002,52.483039500000004],[13.3894541,52.48299759999999],[13.3894795,52.4830119],[13.389469,52.4830188],[13.3894808,52.483025399999995],[13.3895063,52.483007],[13.3895416,52.482984899999984],[13.3898866,52.483176100000016],[13.3899483,52.483213],[13.3900065,52.4832532],[13.3900541,52.4832904],[13.3900928,52.48332949999999],[13.3901255,52.4833686],[13.3901498,52.483404],[13.390176600000002,52.4834556],[13.3901934,52.4834995],[13.3902062,52.483548199999994],[13.390213200000002,52.48359419999999],[13.390220100000002,52.4836456],[13.390236900000001,52.48376599999998]],[[13.3890795,52.48151060000001],[13.3892646,52.48162079999999],[13.3893753,52.481681200000004],[13.389519800000002,52.4817599],[13.3894902,52.48178019999998],[13.3895172,52.481795899999995],[13.3894884,52.481815299999994],[13.3895011,52.4818228],[13.3888198,52.48228120000001],[13.3887479,52.4822427],[13.388713300000001,52.482265799999986],[13.388305,52.4820366],[13.3883754,52.48198769999998],[13.3885658,52.481858599999995],[13.388625000000003,52.48181849999997],[13.3886631,52.481792600000006],[13.3887135,52.48175809999999],[13.3887878,52.4817074],[13.388828000000002,52.48168029999999],[13.388895600000001,52.48163470000001],[13.3889883,52.481571699999996],[13.3890795,52.48151060000001]],[[13.3895033,52.48270060000001],[13.3895369,52.4826786],[13.3895726,52.4826985],[13.3902888,52.4822195],[13.3902173,52.482179699999996],[13.3902458,52.48216049999998],[13.3904249,52.4822609],[13.3904646,52.482283100000004],[13.3906886,52.4824091],[13.3902694,52.482692],[13.389917100000002,52.482929699999985],[13.3895033,52.48270060000001]]],[[[13.293171200000002,52.554558899999996],[13.293186700000001,52.554589499999985],[13.2931046,52.55465290000001],[13.2931426,52.5547174],[13.2933991,52.554742100000006],[13.2934696,52.5546889],[13.293455800000002,52.55466369999999],[13.293446200000002,52.554646099999985],[13.2934034,52.55458149999999],[13.293390300000002,52.554561500000005],[13.2933833,52.5545514],[13.293447700000002,52.5545583],[13.2935187,52.5545041],[13.293827600000002,52.55427469999999],[13.2938177,52.55424949999999],[13.2938093,52.55422819999999],[13.293991600000002,52.554084299999985],[13.2939611,52.554037300000005],[13.293926700000002,52.553984299999996],[13.2937797,52.5540539],[13.2936306,52.5540951],[13.2934516,52.55410299999998],[13.293222400000001,52.554085699999995],[13.2928081,52.5540511],[13.292610900000001,52.55398809999999],[13.292490500000003,52.55392739999999],[13.292399,52.553828100000004],[13.2923233,52.553724699999975],[13.2922378,52.5535853],[13.292205100000002,52.55345809999999],[13.2922162,52.55338170000001],[13.292276400000002,52.553272299999996],[13.2922485,52.5532486],[13.2922195,52.553224],[13.292194800000003,52.553203],[13.2919778,52.55337189999999],[13.2919043,52.55327090000001],[13.2918751,52.5532254],[13.291972300000003,52.553150999999986],[13.2921421,52.5530234],[13.292154300000004,52.553027199999995],[13.292166900000002,52.55302869999999],[13.292178100000001,52.55302780000002],[13.2921913,52.55302479999999],[13.292202,52.553019],[13.2922115,52.553013299999996],[13.292216400000001,52.553002899999996],[13.292216900000001,52.55299829999999],[13.292215,52.5529915],[13.292208900000004,52.55298389999998],[13.2921998,52.5529781],[13.2921848,52.552971899999996],[13.2921677,52.552970999999985],[13.2921546,52.55297219999999],[13.2920956,52.55287770000001],[13.292177600000002,52.5528584],[13.2921299,52.5527809],[13.2920457,52.5527992],[13.291873,52.552521699999986],[13.2919142,52.5524959],[13.291977,52.5524775],[13.2919003,52.55235679999998],[13.2918476,52.552358999999996],[13.2917533,52.55221639999999],[13.291808,52.5522024],[13.2917643,52.552122099999984],[13.2924757,52.55159739999997],[13.292122,52.551563699999996],[13.2920436,52.5516239],[13.2919814,52.551668],[13.291544,52.5519939],[13.2915298,52.55198609999998],[13.2913737,52.55197179999999],[13.2915,52.5518743],[13.291478400000003,52.5518634],[13.2913178,52.5519852],[13.2911929,52.5520806],[13.2912142,52.55208979999999],[13.291342600000004,52.5519948],[13.2915229,52.55201009999999],[13.2913422,52.55214410000001],[13.291585500000002,52.55252959999999],[13.291578,52.55253129999999],[13.291507000000001,52.552417999999996],[13.291486400000002,52.55242239999998],[13.291567,52.55255340000001],[13.291594500000002,52.552547299999986],[13.2919486,52.5531132],[13.2918,52.5532237],[13.2918051,52.553236500000004],[13.2918138,52.55323669999999],[13.2918301,52.55326329999999],[13.291512300000003,52.553502800000004],[13.291501699999998,52.5534822],[13.2914917,52.5534893],[13.2915217,52.553537299999995],[13.2915376,52.55356159999999],[13.2915621,52.55360199999999],[13.2916188,52.55369709999999],[13.29207,52.554414],[13.2922023,52.554626],[13.2922706,52.554633100000004],[13.2922516,52.5547174],[13.292235300000002,52.55471529999999],[13.2922249,52.55475249999999],[13.2924968,52.55477979999999],[13.2925068,52.5547405],[13.2922833,52.55471920000001],[13.2923063,52.5546357],[13.2927312,52.55467829999998],[13.292923,52.554535400000006],[13.2929671,52.5545393],[13.2930462,52.55454689999999],[13.293171200000002,52.554558899999996]]],[[[13.2914873,52.55522150000001],[13.2914652,52.5552221],[13.2914566,52.555224199999984],[13.2914451,52.55521800000001],[13.291397600000002,52.55513390000001],[13.2917416,52.5548741],[13.2918931,52.554886799999984],[13.291902200000003,52.5548922],[13.291900100000001,52.55490229999998],[13.2919075,52.55491559999999],[13.2919231,52.5549242],[13.2919449,52.5549274],[13.291968200000001,52.554922799999986],[13.291983100000001,52.55491270000001],[13.2919879,52.5549],[13.291980800000003,52.55488599999999],[13.291971200000004,52.5548793],[13.2919537,52.5548741],[13.291935,52.5548737],[13.2919221,52.5548772],[13.2919119,52.5548736],[13.291860699999999,52.5547866],[13.292045900000002,52.554646399999996],[13.2920345,52.55462349999999],[13.292000000000002,52.554619399999986],[13.2919632,52.55456770000001],[13.292007700000003,52.5545366],[13.291947900000002,52.55444330000001],[13.2915028,52.55372729999999],[13.291466500000004,52.55367219999998],[13.2914402,52.553632599999986],[13.2913772,52.55362439999999],[13.2913448,52.55357089999999],[13.291364,52.553554999999996],[13.2913519,52.5535315],[13.2910592,52.5535036],[13.2910037,52.5534211],[13.2910055,52.553412900000005],[13.2910193,52.55340919999998],[13.2910345,52.55339899999999],[13.2910392,52.5533863],[13.2910322,52.5533722],[13.2910163,52.553363399999995],[13.2909925,52.553360199999986],[13.2909707,52.5533645],[13.290954300000001,52.55337680000001],[13.2909511,52.553388599999984],[13.290958400000001,52.553401999999984],[13.2909723,52.5534105],[13.2909733,52.553418899999976],[13.2908764,52.5534867],[13.2903303,52.55343309999999],[13.2902759,52.553349299999994],[13.2902782,52.553341599999996],[13.290291,52.55333910000001],[13.290306,52.55332899999999],[13.2903107,52.55331619999998],[13.290303800000002,52.55330249999998],[13.2902881,52.55329369999999],[13.2902645,52.55329040000001],[13.2902429,52.55329489999998],[13.2902268,52.5533068],[13.2902234,52.553318399999995],[13.2902308,52.55333169999999],[13.2902458,52.55334000000001],[13.2902439,52.553347900000006],[13.2901505,52.55341649999998],[13.2897678,52.5533796],[13.289668600000002,52.553280099999995],[13.2896658,52.55327499999998],[13.289675800000001,52.5532661],[13.2896805,52.5532534],[13.2896736,52.553239899999994],[13.289658200000002,52.553231199999985],[13.2896346,52.55322779999999],[13.289613500000002,52.553232300000005],[13.2895975,52.5532441],[13.2895942,52.55325560000001],[13.2896015,52.5532688],[13.2896169,52.5532772],[13.2896382,52.55328029999999],[13.2896408,52.5532843],[13.289676700000001,52.553402199999994],[13.289433400000002,52.5535831],[13.289285500000002,52.553572],[13.2892727,52.5535653],[13.2892739,52.5535592],[13.289267,52.5535453],[13.2892515,52.5535365],[13.2892277,52.5535334],[13.2892064,52.5535376],[13.28919,52.553549700000005],[13.2891869,52.55356139999999],[13.2891943,52.55357459999999],[13.289209800000004,52.5535831],[13.289231300000003,52.5535863],[13.2892507,52.5535824],[13.2892637,52.553586800000005],[13.289314900000003,52.55367179999999],[13.2889691,52.5539292],[13.288819600000002,52.553919799999996],[13.2888115,52.55391199999999],[13.2888151,52.553905],[13.2888078,52.5538909],[13.2887921,52.5538819],[13.2887681,52.5538785],[13.288746200000002,52.553883099999986],[13.2887297,52.5538952],[13.2887263,52.5539073],[13.288733800000001,52.5539205],[13.2887496,52.55392919999999],[13.2887715,52.553932399999994],[13.288790000000002,52.55392899999998],[13.288798900000002,52.5539336],[13.2888499,52.5540206],[13.2886063,52.5542012],[13.2884076,52.55420329999998],[13.288402600000001,52.5541932],[13.2883881,52.55418499999998],[13.288365800000001,52.554181799999995],[13.2883458,52.554186],[13.2883305,52.55419719999998],[13.2883275,52.554208299999985],[13.2883345,52.55422069999999],[13.288349,52.5542287],[13.2883692,52.554231599999994],[13.2883908,52.5542274],[13.2884027,52.55422070000001],[13.2884161,52.55422140000001],[13.2885908,52.5542591],[13.2887272,52.554479799999996],[13.2886382,52.5545506],[13.2886237,52.5545524],[13.288614400000002,52.5545499],[13.2885914,52.5545466],[13.288570500000002,52.5545509],[13.2885547,52.5545625],[13.2885517,52.55457390000001],[13.2885589,52.5545868],[13.288574000000002,52.55459509999999],[13.2885949,52.5545982],[13.288617200000001,52.55459399999999],[13.2886333,52.554584900000016],[13.288637700000002,52.55457319999999],[13.288647200000002,52.5545703],[13.2887939,52.5545835],[13.288992500000003,52.5548994],[13.2888975,52.5549713],[13.288888500000004,52.554973699999984],[13.2888798,52.554968],[13.2888562,52.5549648],[13.288835,52.5549691],[13.2888187,52.55498109999998],[13.2888156,52.55499269999998],[13.288823,52.5550059],[13.2888384,52.5550143],[13.2888598,52.5550175],[13.2888827,52.55501319999998],[13.2888974,52.555003],[13.2889012,52.554992699999985],[13.2889091,52.554988499999986],[13.289059100000001,52.5550039],[13.2891953,52.55522419999999],[13.289100100000004,52.5553318],[13.2890818,52.5553304],[13.2890616,52.555334400000014],[13.2890461,52.55534589999999],[13.2890431,52.555357],[13.2890502,52.55536949999999],[13.2890648,52.55537759999999],[13.2890852,52.55538060000001],[13.2891071,52.5553763],[13.2891212,52.555366800000016],[13.2891256,52.5553548],[13.289119,52.5553417],[13.289123200000002,52.55533849999998],[13.2892691,52.555263499999995],[13.2896524,52.5553014],[13.2897086,52.555385599999994],[13.2897059,52.5553915],[13.289690000000002,52.555393900000006],[13.2896736,52.5554062],[13.2896702,52.555418],[13.2896777,52.5554314],[13.2896934,52.55544],[13.2897152,52.5554432],[13.289738600000003,52.5554389],[13.2897538,52.5554284],[13.289758600000003,52.55541569999999],[13.289751300000002,52.55540189999999],[13.2897395,52.5553943],[13.2897394,52.55538899999999],[13.2898334,52.555319099999984],[13.2903781,52.555369299999995],[13.290434600000001,52.5554565],[13.290432,52.555462799999994],[13.290419,52.555465299999994],[13.2904021,52.55547759999999],[13.2903989,52.55548989999999],[13.2904065,52.5555035],[13.290422500000002,52.5555123],[13.290444700000002,52.55551549999999],[13.2904685,52.555510899999994],[13.2904838,52.5555005],[13.290488700000001,52.5554875],[13.2904815,52.5554732],[13.290465,52.555464900000004],[13.2904659,52.5554602],[13.2905614,52.55538769999999],[13.290943100000002,52.555425],[13.2910406,52.55552450000001],[13.2910424,52.5555314],[13.2910398,52.55553189999999],[13.291029900000002,52.5555418],[13.291026699999998,52.55555360000001],[13.2910342,52.555567100000005],[13.291050000000002,52.555575699999984],[13.2910718,52.5555789],[13.291095100000001,52.55557439999999],[13.2911104,52.555564100000005],[13.2911152,52.5555513],[13.2911081,52.55553719999999],[13.291092099999998,52.555528300000006],[13.2910745,52.5555249],[13.29107,52.5555199],[13.2910368,52.5554054],[13.2912758,52.5552223],[13.2914274,52.55523529999999],[13.2914365,52.5552414],[13.2914376,52.55525489999999],[13.2914496,52.55526619999999],[13.2914692,52.55527239999998],[13.2914913,52.55527170000001],[13.2915099,52.55526439999998],[13.291519999999998,52.55525239999999],[13.2915189,52.55523889999998],[13.2915069,52.55522760000001],[13.2914873,52.55522150000001]],[[13.2897969,52.5547507],[13.289550600000002,52.55438489999998],[13.2895395,52.5543324],[13.28955,52.5543206],[13.2896146,52.55424790000001],[13.2899632,52.55398120000001],[13.290011500000002,52.55395100000001],[13.2901165,52.553933400000005],[13.290217600000002,52.553942000000006],[13.2903302,52.55395149999999],[13.2906008,52.5539745],[13.2907201,52.5539887],[13.2907783,52.5539956],[13.2908802,52.5540145],[13.290963000000001,52.5540844],[13.2909097,52.5541023],[13.2911135,52.55444819999999],[13.2911183,52.55451260000002],[13.2910762,52.5545547],[13.290811000000001,52.55475449999999],[13.290700400000002,52.554836699999996],[13.2906644,52.55484849999999],[13.2906304,52.55485959999999],[13.2905537,52.554866999999994],[13.2901615,52.5548321],[13.2901022,52.55482380000001],[13.289986,52.554807699999984],[13.2898444,52.554784299999994],[13.2897969,52.5547507]]],[[[13.297478900000002,52.55524589999999],[13.297334700000002,52.55523159999999],[13.297063900000001,52.555204899999985],[13.2970162,52.555383599999985],[13.2970072,52.555417099999985],[13.295568600000001,52.55527509999999],[13.295047700000001,52.5552237],[13.2948238,52.5552015],[13.294744500000002,52.55549789999998],[13.2946597,52.55548950000001],[13.2945879,52.555758],[13.294676400000002,52.5557668],[13.294668800000002,52.55579549999998],[13.2962358,52.5559505],[13.296217900000002,52.556017499999996],[13.296803,52.55607529999998],[13.2968213,52.556007],[13.298030600000002,52.5561226],[13.2976134,52.55546820000001],[13.297478900000002,52.55524589999999]]]]}}]}
