{"type":"FeatureCollection","features":[{"type":"Feature","properties":{"scope":"Exact named lakes/island plus 22m Tegel shore and 32m hero context; old scope retained","areaM2":7017165.35013219},"geometry":{"type":"MultiPolygon","coordinates":[[[[13.275694056556844,52.59508124141196],[13.27568380181577,52.595053725642266],[13.275678023547995,52.595025730424005],[13.275672124052427,52.59497853040501],[13.275670878280517,52.59495031348968],[13.275674180295798,52.59492215808932],[13.27568199828918,52.594894335357516],[13.275694256960309,52.5948671132436],[13.27571083824308,52.594840753912116],[13.275731582442983,52.59481551121805],[13.27575628977529,52.59479162826213],[13.275784722289313,52.5947693350497],[13.275816606160157,52.59474884627574],[13.27585163432591,52.5947303592573],[13.27588946944484,52.59471405203327],[13.275929747144163,52.59470008164995],[13.275972079529067,52.59468858264861],[13.276016058918199,52.59467966576988],[13.27606126176966,52.59467341688737],[13.276107252759727,52.5946698961806],[13.276193552198091,52.59466589620176],[13.276225516746154,52.59466537166283],[13.276231829712984,52.59466449890632],[13.276278173306935,52.59466097221996],[13.276361372765352,52.59465717224001],[13.276407672272063,52.59465644422875],[13.27645386628486,52.594658481001204],[13.276499510664477,52.594663262974585],[13.276544166555846,52.59467074417195],[13.2765874046073,52.59468085266421],[13.276628809098442,52.5946934912617],[13.276667981936987,52.59470853844852],[13.27670454648614,52.594725849550855],[13.27673815118578,52.59474525812783],[13.276768472932556,52.59476657757181],[13.276795220186468,52.59478960290243],[13.276818135774034,52.59481411273736],[13.276822880096882,52.594820591227815],[13.276836186531082,52.59483206186452],[13.27685907747168,52.59485658287444],[13.276877914392632,52.59488235129907],[13.276892516144757,52.594909119341],[13.276902742304793,52.594936629589704],[13.276908494526044,52.594964617496885],[13.276931896540786,52.59515311742159],[13.276933116725608,52.59518138845825],[13.2769297718519,52.59520959581125],[13.276921894246849,52.59523746679155],[13.276909560057309,52.595264731961294],[13.276892888513979,52.59529112773878],[13.276878333439239,52.59530877111311],[13.276862035223811,52.59533462608612],[13.276841272384626,52.59535984972122],[13.276816551110272,52.595383713232394],[13.276788109275522,52.59540598699255],[13.276756220557546,52.59542645667173],[13.276721191802558,52.59544492529948],[13.276683360073221,52.59546121516036],[13.27664308940525,52.59547516950408],[13.27660076730437,52.59548665405387],[13.276556801017422,52.59549555829871],[13.276511613613426,52.595501796556725],[13.276465639912358,52.5955053087997],[13.276381239363047,52.595509208820324],[13.276345541202469,52.59550980394832],[13.27634344903029,52.59551009590666],[13.276297182794018,52.595513678814605],[13.27621428225462,52.59551757883532],[13.276167892967333,52.59551836879024],[13.276121600279403,52.59551638285566],[13.276075851057957,52.59551164020209],[13.276031086923673,52.59550418661078],[13.275987739987533,52.59549409403192],[13.275946228679421,52.59548145988992],[13.275906953708807,52.59546640614296],[13.275870294196556,52.595449078105744],[13.275836604015153,52.59542964304659],[13.275806208372739,52.59540828857273],[13.275779400673906,52.595385220819246],[13.275756439687532,52.59536066245926],[13.275737547049035,52.59533485055427],[13.275722905121121,52.595308034265834],[13.275712655233702,52.59528047245028],[13.2757068963199,52.595252431160006],[13.275701496785931,52.595208831142635],[13.275700282660548,52.595180628068405],[13.27570361165836,52.595152488230504],[13.275711451743005,52.59512468235729],[13.275715052326321,52.59511670306811],[13.275708689100925,52.59510801295622],[13.275694056556844,52.59508124141196]]],[[[13.259524542339895,52.5870533287141],[13.259556453646374,52.58703193489797],[13.259591729114911,52.58701259976565],[13.259630012524676,52.58699551856611],[13.25967091728163,52.58698086378763],[13.259714030322305,52.58696878341597],[13.259734116613663,52.58696388404983],[13.25973712114066,52.5869618522029],[13.25974642113998,52.58695615222903],[13.259780795465764,52.5869370637198],[13.259818086315262,52.58692012753424],[13.259829086281302,52.58691562755825],[13.259873580308474,52.58689950750389],[13.2599207040155,52.58688645067356],[13.259932903951588,52.586883550690565],[13.259977020169064,52.58687456205454],[13.260022374314616,52.58686826062601],[13.26003537423298,52.586866860634295],[13.260082182586787,52.58686327720573],[13.260129344384145,52.586862556120714],[13.260142544297844,52.586862756118656],[13.26014758754602,52.586862986791964],[13.260171418701768,52.586857188881226],[13.260216611441923,52.586847777891414],[13.260219272843209,52.58684740131913],[13.260060220152637,52.586576737225876],[13.260059708340066,52.58657585974903],[13.259881110244768,52.58626735930667],[13.259875178784815,52.586256040119565],[13.25973808070385,52.58596443977707],[13.259730438626027,52.58594423809579],[13.259669540122303,52.58573323794531],[13.259665557891369,52.58571388432914],[13.259664725364217,52.5856943859069],[13.259667050636361,52.5856749323796],[13.259719152499965,52.5854161325365],[13.259725397729666,52.58539483484875],[13.259735425372574,52.585374080168634],[13.259749115396916,52.58535411692069],[13.259922416490069,52.585135817355074],[13.259940447665194,52.58511606981044],[13.260007973302963,52.58505115014581],[13.259896224913991,52.58501871126345],[13.259867295960209,52.58500919003869],[13.2598400965891,52.584997935286395],[13.25981490581704,52.58498506246065],[13.259791982055038,52.584970703613926],[13.259771560457896,52.58495500604256],[13.259648937359138,52.58485025826716],[13.259578773176411,52.584818018760416],[13.259550362375682,52.5848186865258],[13.25904337636629,52.58491522489429],[13.258384494927604,52.5850667891514],[13.258322296442296,52.58509482984988],[13.258262759376164,52.58515636765344],[13.258234045145196,52.58521489943943],[13.25824363187337,52.58529041153694],[13.258309768797554,52.58541842768358],[13.25832698830733,52.58542565839445],[13.258351174911745,52.58543809500797],[13.258373258256757,52.585451907080646],[13.258393028433815,52.58546696332608],[13.258444528563311,52.58551036321351],[13.258462413277218,52.5855271657245],[13.258477416382199,52.5855449837758],[13.258489384027412,52.58556363465472],[13.25849819348822,52.585582927108206],[13.258503754424803,52.58560266330402],[13.258506009808679,52.58562264085933],[13.2585049365077,52.58564265491605],[13.258502315754505,52.58565449957478],[13.258531730448171,52.58566717684999],[13.258553396613163,52.58567737625906],[13.258573574619318,52.58568865143507],[13.258673074627188,52.58574915124366],[13.25869243022359,52.58576200719905],[13.258709850518576,52.585775852036384],[13.258725199967635,52.585790578032736],[13.258738359138583,52.58580607060898],[13.258772159377132,52.58585057052748],[13.25878344836219,52.58586742935009],[13.258792143733322,52.585884849125726],[13.258798171774137,52.58590268218174],[13.258827546392812,52.5860157058317],[13.258844426168062,52.58603463840352],[13.258954624594175,52.586131838555026],[13.25905883976184,52.58619573911131],[13.259078498716711,52.58620893202322],[13.259096128334113,52.58622314909812],[13.259111585505392,52.58623827493035],[13.259163585760044,52.586294674809054],[13.259177091740773,52.58631105915602],[13.259188048398622,52.58632813492947],[13.259196361553697,52.586345755356305],[13.25920195974779,52.58636376898172],[13.259204794858702,52.58638202097102],[13.259204842513974,52.58640035444052],[13.259199743024052,52.586469654458796],[13.259196752762561,52.58648899027033],[13.259190662786885,52.58650805416778],[13.259181531835969,52.58652666226383],[13.25916944798181,52.58654463506767],[13.25915452778007,52.58656179921606],[13.25913691514592,52.58657798914586],[13.259042815349021,52.586655889354056],[13.259024257153156,52.58666987320673],[13.259003690171593,52.58668277251907],[13.258981284451922,52.58669448063867],[13.258957225244988,52.58670490076193],[13.258931711473231,52.586713946734434],[13.258904954085974,52.586721543763296],[13.25873435348798,52.586764343935144],[13.25870534255638,52.58677065929685],[13.258675479430078,52.58677527141644],[13.258560978942956,52.586789471474496],[13.258530195712774,52.58679236049895],[13.25849909961405,52.58679343963675],[13.258467976829927,52.58679269895639],[13.258225470989414,52.58677981024043],[13.258004546637759,52.58685927552846],[13.257954669018805,52.58688258904338],[13.257951252688526,52.58693916801076],[13.25794837545797,52.58695914664112],[13.257942190559929,52.58697884502214],[13.257932761606822,52.58699806053967],[13.257920185579215,52.58701659554591],[13.257904591828437,52.5870342593925],[13.257886140746242,52.587050870391465],[13.25786502211515,52.5870662576841],[13.257841453156441,52.587080262998406],[13.25781567629591,52.587092742277136],[13.257787956670288,52.58710356715958],[13.257758579400079,52.58711262630194],[13.25751457858145,52.587178626564636],[13.257485984608863,52.587185395091396],[13.257456469406923,52.587190489681284],[13.25742629648641,52.58719386484997],[13.25739573523041,52.587195490464055],[13.257280434711932,52.587198290472074],[13.25725273796629,52.58719824295674],[13.25722514864901,52.58719675786979],[13.257197867536517,52.58719384601869],[13.25706626698929,52.587176245937115],[13.25703806244202,52.587171655401704],[13.257010648957586,52.587165540320726],[13.256792673549432,52.58711002668331],[13.256091499983269,52.58693520737915],[13.256061102746918,52.586926484107266],[13.256032348647425,52.58691589398217],[13.255901048392252,52.586861693779305],[13.2558754797686,52.58684997917586],[13.25571724705359,52.58676975075677],[13.255504331144282,52.586702155508775],[13.255476652834352,52.58669227989893],[13.255450709660963,52.58668078891714],[13.255426754875172,52.5866677947363],[13.255405022317163,52.58665342420316],[13.255385724133527,52.586637817600014],[13.255369048706381,52.58662112727525],[13.255355158814476,52.58660351615615],[13.255269036307313,52.58647889431073],[13.255237224519325,52.58646038340657],[13.255213139008571,52.58644476246455],[13.255191970157554,52.58642764583662],[13.255173966561685,52.58640923453402],[13.255159339644004,52.58638974477185],[13.255097640207394,52.5862941446203],[13.255088150540695,52.586277233323095],[13.255081206419762,52.58625986925224],[13.255076864560925,52.586242194236966],[13.25507516042516,52.58622435264611],[13.255076107928552,52.58620649020895],[13.255098509212754,52.58603079028089],[13.25510219054822,52.58601273124973],[13.255108581907228,52.58599495480827],[13.25518171077052,52.585828600627124],[13.25518615086928,52.585785635002395],[13.25515477125322,52.58569709993318],[13.255106165463133,52.58565378585778],[13.255088369669185,52.58563598043612],[13.255073750017463,52.585617132936],[13.255033750360953,52.585557632838146],[13.255021863452294,52.58553666836051],[13.255013905755654,52.585515024964565],[13.25499230632148,52.585435624911405],[13.25498839258724,52.585413744749054],[13.254981793147488,52.58533774473594],[13.254981630067284,52.58531894320593],[13.25498439934589,52.58530021722671],[13.254990075944862,52.58528173608416],[13.254998608543275,52.5852636668506],[13.255009920001795,52.585246172874406],[13.255023908060162,52.58522941230338],[13.255040446261715,52.58521353665509],[13.255059385096681,52.5851986894471],[13.255080553353809,52.585185004899664],[13.255103759668197,52.58517260672234],[13.255128794251256,52.58516160699568],[13.255211298481095,52.5851288717161],[13.255226537299144,52.58507553713578],[13.255223449925436,52.5850011894212],[13.255223053816188,52.584991978298156],[13.255224260596162,52.58496899941547],[13.255229837947807,52.584946261148914],[13.255456242473615,52.584287861791566],[13.255458131714775,52.58428271119933],[13.255568356721414,52.583999989012874],[13.255554679904623,52.58390349775759],[13.255533523309785,52.583846891859736],[13.25549658181019,52.583798936704596],[13.25522308651409,52.58352006060513],[13.254814416100716,52.583221763156466],[13.254570389765334,52.58309628661313],[13.253998154600358,52.583040568270135],[13.2539695525272,52.583036972901546],[13.25394159664729,52.58303182636817],[13.253914513202838,52.58302517032004],[13.253675512441085,52.582958670042956],[13.253649589352252,52.5829505821475],[13.2536249606496,52.58294111156673],[13.253601824571797,52.58293033453058],[13.253378188538022,52.58281612320151],[13.253187539965325,52.58280739744025],[13.253004853139249,52.58283544896517],[13.252970387653399,52.582839548021255],[13.252935396946658,52.582841355520195],[13.252900290438117,52.58284085031283],[13.252865478901885,52.58283803831054],[13.252597577764947,52.5828073381658],[13.252561995538613,52.582801978021564],[13.25252763208858,52.58279420878644],[13.252088730646081,52.582677408295375],[13.252082744215556,52.58267577108464],[13.251579042621417,52.58253427049628],[13.251546350694515,52.58252366943609],[13.25151585374757,52.58251086924821],[13.251487948697648,52.58249603652774],[13.251185512806167,52.582315764543246],[13.250957080777122,52.58222497514896],[13.25070586304112,52.58215289452249],[13.250673143784542,52.582142068717914],[13.250642674831683,52.582129031930045],[13.250204174289262,52.58191753118393],[13.250182777169426,52.58190625251898],[13.250163073698122,52.58189388170811],[13.249757374059039,52.58161588088538],[13.249738714989391,52.5816018544711],[13.24972223371532,52.581586849921756],[13.249708067604896,52.581570992299284],[13.249428837322448,52.5812212784539],[13.249220630839838,52.58114490240309],[13.249198330988522,52.58113594045766],[13.248523038972085,52.58083955397433],[13.247965407664298,52.5807093463776],[13.247958613612386,52.58070770627186],[13.247438111832757,52.58057790571933],[13.247410325934657,52.58057002404698],[13.247383884193978,52.58056058114966],[13.247359022338905,52.58054966121116],[13.247335962012412,52.58053736158312],[13.247314908796282,52.580523791917045],[13.247296050378344,52.58050907318676],[13.247219550585136,52.58044317301842],[13.247201410507152,52.580425669964924],[13.247186373366045,52.58040710769692],[13.247174603921161,52.58038768960297],[13.24712710452048,52.58029458948463],[13.247119515842181,52.58027685341809],[13.24711465549865,52.58025876552899],[13.247112565241201,52.58024048120849],[13.247113263023538,52.58022215753516],[13.24711674284762,52.58020395192537],[13.247122974815328,52.580186020781035],[13.247131905385418,52.58016851814605],[13.24714865322207,52.58014036955679],[13.247027268099894,52.580120704511394],[13.246997434318988,52.580114919558305],[13.246968654154925,52.58010741074627],[13.246941195324972,52.5800982479236],[13.246915313254673,52.58008751632432],[13.246891248701793,52.58007531577545],[13.246869225516729,52.58006175976834],[13.24684944856021,52.580046974402855],[13.246832101797686,52.580031097214366],[13.24681734658809,52.580014275894435],[13.246581348186524,52.57971087532745],[13.246567628408668,52.57969033261609],[13.24655777102262,52.57966898324254],[13.24655190001021,52.57964709574218],[13.246538419078869,52.57956981292033],[13.246532791919382,52.57956821982988],[13.246504775268711,52.57955809491571],[13.246478565524377,52.579546310439596],[13.246454426631274,52.579532985077684],[13.246432601679043,52.579518253023544],[13.246413310454033,52.57950226263679],[13.246396747225992,52.579485174948886],[13.246383078791721,52.57946716204154],[13.246372442795463,52.5794484053136],[13.246364946342869,52.57942909365439],[13.246360664922541,52.57940942154137],[13.246359641645995,52.57938958708168],[13.246361886813668,52.57936979001709],[13.246367377811374,52.57935022971253],[13.246401603890984,52.57925680227108],[13.246322235981586,52.57917316915935],[13.246023942877656,52.57900588556862],[13.246002540323152,52.57899270126567],[13.245983259021823,52.578978353725475],[13.245966268500423,52.578962969097354],[13.245951718143777,52.578946682649004],[13.245939735881391,52.57892963757709],[13.245903927982024,52.57887127996998],[13.245728324059812,52.57863564500533],[13.24571998132411,52.57862337068666],[13.245552370782448,52.57835125049711],[13.24545241702527,52.5781889185018],[13.245432279308424,52.578174000228046],[13.245424201635224,52.57816776501767],[13.245376601736382,52.57812946491518],[13.2453573647716,52.57811215610211],[13.245341234465078,52.57809370696257],[13.245328391046453,52.57807432363995],[13.245307591276426,52.57803742358837],[13.245307465783942,52.57803720052403],[13.245286466017356,52.577999800471936],[13.245278073603375,52.57798224059012],[13.245272380150997,52.57796428346742],[13.24525348071947,52.57788518342142],[13.245252283960461,52.57787962240323],[13.245245713423232,52.577845323619385],[13.245228624733372,52.5778386292759],[13.24520467868855,52.577827183855554],[13.245182597633056,52.5778144224123],[13.245162575703636,52.577800457145834],[13.245144788932533,52.5777854108398],[13.245085889135343,52.577730310707146],[13.245068497690946,52.577711960891996],[13.245054428990395,52.577692582800644],[13.245043844557436,52.577672398920555],[13.24499914525696,52.577568198808855],[13.244994919080522,52.57755703417709],[13.2449733195401,52.57749133412341],[13.24497014191433,52.577479952453245],[13.244953942421356,52.57740955241394],[13.244951465586617,52.577394763535544],[13.244936866606166,52.577256163504735],[13.244936511831371,52.57723483998514],[13.244947183874235,52.57708653194342],[13.244917036378649,52.57692713561255],[13.244914956121875,52.57690808164694],[13.244915902360898,52.576888994285184],[13.24491986626776,52.57687005152409],[13.245021343952033,52.57652060268056],[13.245054331584281,52.5763555746543],[13.245084205466297,52.57617960493829],[13.245091577720123,52.57608547577762],[13.245093838403475,52.576069780628714],[13.245098142914008,52.576054244941645],[13.245134143630954,52.57594984504384],[13.245145880374704,52.57592440032892],[13.245165016964949,52.5758915287087],[13.245156006934497,52.5758891816139],[13.245128661921777,52.57588007844195],[13.245102875765024,52.57586941974191],[13.245078886120197,52.57585730374935],[13.24505691408523,52.575843842130794],[13.2450371621623,52.57582915895456],[13.245019812391481,52.5758133895473],[13.245005024673045,52.57579667924663],[13.24500391363581,52.575795265187956],[13.244990697844699,52.575796224067766],[13.244961005182947,52.57579671248431],[13.244931363561834,52.57579554519417],[13.244915063490044,52.57579444518867],[13.24488268079412,52.57579124365063],[13.244850993960677,52.57578606705527],[13.244820326681724,52.57577896828341],[13.244806302005989,52.575774690077246],[13.2446731780148,52.57578636751812],[13.244430480352385,52.57581154198035],[13.244398033450931,52.57581389120285],[13.244072331992399,52.57582739125037],[13.24406560304999,52.57582762741824],[13.243940402487638,52.57583122742944],[13.243916191319421,52.57583137281184],[13.243892029722076,52.57583041829053],[13.243712528929203,52.57581921823384],[13.243682480039254,52.57581647232782],[13.243652984276203,52.575812026637706],[13.243510183720067,52.57578612652189],[13.243481848320293,52.575780105424776],[13.243454546798876,52.57577251576247],[13.243428512524744,52.57576342241036],[13.243403968034176,52.5757529030971],[13.243381123128572,52.57574104774018],[13.243279823095548,52.57568334755147],[13.243257402389641,52.57566924223406],[13.24309685178732,52.575557645766445],[13.24252003126594,52.57533410206277],[13.24183217321271,52.575115486969786],[13.241444532433473,52.57502263359617],[13.241413860496522,52.5750141419335],[13.241384798579755,52.5750037590467],[13.241357659786825,52.57499159679812],[13.24086415926096,52.57474539594201],[13.240842841970359,52.574733767808574],[13.240823288428482,52.57472104107869],[13.24080565058918,52.57470731465502],[13.240409091791483,52.57436896645202],[13.240286501667784,52.57429092211836],[13.240264691850747,52.574275524620084],[13.240245593280761,52.57425884375088],[13.240229407980587,52.57424105596214],[13.24021630715558,52.57422234941406],[13.240206429382784,52.574202921985325],[13.240097731140734,52.57394242171374],[13.240090310278338,52.57391860726781],[13.240087727580429,52.573894418576266],[13.240085929808393,52.5735928185908],[13.240087486609807,52.57357274235078],[13.240092380226411,52.573552866085116],[13.2401005601014,52.57353339512082],[13.240172103425756,52.573393188240686],[13.240161141045757,52.573293803052366],[13.240076718024515,52.57322435254518],[13.239691497205103,52.57297687524198],[13.239673115755055,52.572963996001896],[13.239656625570984,52.57295019904215],[13.239642149491681,52.572935587140684],[13.239629795351904,52.57292026914613],[13.23924629830444,52.57238786821553],[13.23923657930569,52.57237270881772],[13.239228939250326,52.57235711382473],[13.239223429886389,52.57234118887],[13.23911664687798,52.57195424020523],[13.23910323324307,52.57190578951571],[13.2389813971385,52.571464297056515],[13.238678886781912,52.571121178477796],[13.23866786618972,52.57110742709764],[13.238658623900715,52.57109319764596],[13.23809269138909,52.57011255982521],[13.237912497806716,52.569879037634486],[13.237900248904513,52.569860871375234],[13.237891017860532,52.569842054389525],[13.237884895724482,52.56982277228532],[13.237881942879985,52.56980321525814],[13.237882188449145,52.56978357621509],[13.23788563000544,52.569764048872],[13.237892233597833,52.56974482584266],[13.23790132782857,52.56972726726351],[13.23789792347336,52.5697266142784],[13.237868902342141,52.56971909240125],[13.23784121645339,52.56970988972592],[13.237815127248643,52.5696990931548],[13.237790881091168,52.56968680464168],[13.237768706939477,52.569673140228886],[13.237748814185242,52.56965822895145],[13.237731390675995,52.5696422116186],[13.237716600941312,52.569625239484004],[13.23758650734787,52.569456646316645],[13.23752189176761,52.56937292539442],[13.237237306584914,52.569004041384076],[13.236865987812294,52.56852295453608],[13.236779358522359,52.56848010967275],[13.236598564138786,52.568454901100324],[13.236326264902422,52.56845305585053],[13.236161538789581,52.56845384118688],[13.236135169780963,52.56845331340564],[13.236108958268396,52.56845148223676],[13.23594365180129,52.56843576255386],[13.235703850766324,52.5684128624437],[13.235673470546661,52.568409046925],[13.235643826925621,52.568403481525905],[13.23561519071503,52.568396217089706],[13.23558782352307,52.56838731998133],[13.235561975364252,52.56837687148116],[13.235537882375349,52.568364967042285],[13.235515764658114,52.56835171541863],[13.235495824268526,52.568337237671294],[13.235478243370899,52.56832166606257],[13.235463182573765,52.568305142847635],[13.23545077946268,52.56828781897497],[13.23544114734338,52.568269852707274],[13.235434374206797,52.5682514081757],[13.235431644100192,52.56823811703387],[13.235365354640797,52.568196268780525],[13.235265514065956,52.568133306040664],[13.235244392781055,52.568118596136046],[13.235225757849193,52.56810268758759],[13.235209791317349,52.568085735810335],[13.235196649163617,52.568067906410676],[13.235186459773507,52.568049373568556],[13.235179322685827,52.56803031833577],[13.235175307620404,52.56801092686726],[13.235174453797134,52.567991388602465],[13.23517623478733,52.56794383753948],[13.234832214952421,52.56805399703985],[13.234733772627855,52.56808547862475],[13.234549882898776,52.568144343380915],[13.234264034906829,52.568235926803396],[13.234263712333316,52.56823603001198],[13.23414803902043,52.56827298956776],[13.234049225427029,52.56830462990944],[13.23393478480559,52.56834131091142],[13.233902500869002,52.568350321170044],[13.233868794629046,52.568357128315746],[13.233854154028512,52.5683595522564],[13.233731916276922,52.568380024991114],[13.233561185067506,52.56840851351408],[13.233423653984218,52.568431501995704],[13.233423248547437,52.56843156959267],[13.23337754836229,52.568439169623815],[13.233350998382516,52.56844286322617],[13.23332403365321,52.5684451874725],[13.233171459222648,52.56845437990123],[13.233047949976429,52.56846188044045],[13.232869275673805,52.56847268492142],[13.2326073745093,52.568488484981486],[13.232572922633898,52.56848944133381],[13.232538498735865,52.5684881646037],[13.23242844321592,52.568480489694686],[13.232176277465575,52.56850289100211],[13.23176688951077,52.568539145643186],[13.231142300376076,52.56859569936406],[13.231109938850752,52.56859762603631],[13.23107742334712,52.56859756986677],[13.230824458331895,52.568589400054385],[13.23053689343158,52.568581126944395],[13.230507989879882,52.56857950355896],[13.230479439985285,52.56857631306589],[13.230451472131234,52.56857158098746],[13.230424310044983,52.568565345177696],[13.22975875948946,52.56839146068789],[13.22914573743056,52.568251515159226],[13.22903118102822,52.56823763444803],[13.228715498189692,52.568199305509445],[13.228124081312933,52.56818743344463],[13.228116779923809,52.568206107199885],[13.228106263815992,52.56822463049137],[13.228092789920819,52.56824242844472],[13.228076490608567,52.56825932620461],[13.22805752600823,52.568275157759565],[13.22803608243445,52.56828976757272],[13.228012370557131,52.56830301211012],[13.22798662333174,52.568314761250825],[13.227959093710648,52.56832489956532],[13.227930052157978,52.568333327449565],[13.227899783992372,52.568339962103686],[13.227868586583803,52.56834473834539],[13.227836766431954,52.56834760925032],[13.227804636154906,52.56834854661327],[13.227772511417685,52.568347541225094],[13.227740707830868,52.56834460296332],[13.227709537849758,52.56833976069501],[13.227679307704506,52.56833306199322],[13.226042802202567,52.56791336021602],[13.226013317007888,52.56790470717351],[13.225985411991589,52.56789428863584],[13.22595937093431,52.56788221055498],[13.225935458660407,52.56786859575968],[13.22591391834479,52.567853582706284],[13.225894969039953,52.56783732407065],[13.225878803448369,52.56781998519538],[13.225865585962866,52.56780174240844],[13.225855450994944,52.56778278122994],[13.225848501607993,52.567763294485374],[13.225844808469366,52.56774348034474],[13.225844620525166,52.56773409576619],[13.22576023558657,52.56766853043352],[13.225742921267797,52.56765372309708],[13.225727912063656,52.56763800934748],[13.225715334853195,52.567621522022286],[13.225705295956017,52.56760440049835],[13.22569788023359,52.56758678951362],[13.225674453032648,52.56751819400816],[13.225652130109752,52.56745449795125],[13.225647154291034,52.56743608293268],[13.225645049675995,52.5674174640949],[13.225645835007235,52.567398807279844],[13.225649503285988,52.5673802786675],[13.225656021834588,52.56736204329574],[13.225665332587674,52.567344263590265],[13.225677352609493,52.56732709791792],[13.225761290515155,52.567221351055295],[13.225900272874307,52.56704637471417],[13.225963754768987,52.566966398186814],[13.225982368855307,52.566946089632694],[13.226004767825735,52.56692725350313],[13.226496768467243,52.56656095454558],[13.226512337723708,52.56655018527578],[13.226705330680439,52.56642607749877],[13.226756585787015,52.56635280114031],[13.226765632091194,52.56630610555684],[13.226699020873053,52.566282903842044],[13.226521771738158,52.566225823544826],[13.226244434117987,52.56614651445281],[13.226220240191836,52.566138823485566],[13.226197192192812,52.56612992109804],[13.226175453092795,52.56611987023914],[13.225993557059143,52.56602818017412],[13.225868087378222,52.56596697050631],[13.22584343401599,52.565953636620144],[13.225821127692228,52.565938847502316],[13.225801398565286,52.565922755749725],[13.22578445020084,52.56590552739995],[13.225770457471533,52.56588734021797],[13.225759564752725,52.5658683818619],[13.225628466527196,52.565596681535],[13.225621289775477,52.56557875599335],[13.225616886082603,52.56556050086875],[13.225615293785124,52.56554207509644],[13.225616526742565,52.56552363909715],[13.225642560719988,52.56534259018852],[13.22562601689136,52.56530358945772],[13.225620104590167,52.56528660656503],[13.225554417195067,52.56504641266124],[13.225517043961322,52.56501649595689],[13.225388042277121,52.56497034577581],[13.225299202290449,52.56494663281606],[13.225265154193066,52.56493604712368],[13.225233384922685,52.564923095197024],[13.225140284787951,52.5648800950427],[13.225115180712553,52.56486723283369],[13.225092335474177,52.564852892123035],[13.225071982445128,52.56483721940773],[13.225054329537977,52.564820374791616],[13.225039557081708,52.56480253034989],[13.225019657232819,52.56477513030164],[13.225015860537457,52.5647696838665],[13.22496140172855,52.564688194297936],[13.224876043973875,52.56456130445618],[13.224871454704004,52.56455408234161],[13.224706256382861,52.56427818193378],[13.22469600091748,52.56425765887628],[13.224689454181771,52.564236579585874],[13.22468669322565,52.56421519216649],[13.224687750540078,52.56419374834842],[13.224694850913103,52.56414254837097],[13.224699351916284,52.5641224486172],[13.22470720842298,52.56410273563383],[13.224718337748278,52.56408361687683],[13.224732622765115,52.56406529354837],[13.224749913137073,52.564047958479414],[13.22477002690061,52.56403179410052],[13.224792752380118,52.564016970521955],[13.224817850415604,52.56400364374354],[13.224839273076027,52.56399443912587],[13.224841038701506,52.56398574579555],[13.224849296837023,52.5639645663562],[13.224874997174634,52.56391176642628],[13.224886076222074,52.56389265719802],[13.224900306687458,52.5638743393691],[13.224917539091786,52.56385700534792],[13.224937592424656,52.5638408372089],[13.224960256045678,52.563826004779926],[13.22513345599612,52.563723705107755],[13.225157863502686,52.56371066650957],[13.225184286357766,52.56369917901563],[13.225212460202505,52.56368935755692],[13.225242103160193,52.56368130039591],[13.225359255496851,52.563653650007865],[13.225481631495793,52.56358894129841],[13.225507298863256,52.563576690576674],[13.225534853914045,52.56356607123473],[13.225688346392962,52.56351330063097],[13.225734000873127,52.563487071339104],[13.225734584416262,52.563486268915376],[13.22574819760036,52.56346902569343],[13.225755867854664,52.563458798777916],[13.225773071745413,52.56343893018217],[13.22578850366229,52.56342516055257],[13.225786789378622,52.56341758493151],[13.225785511682385,52.56339862685882],[13.225787221428682,52.563379681432124],[13.22579190287269,52.563360923074775],[13.22579951291044,52.56334252448761],[13.225809981475779,52.56332465505896],[13.225823212185578,52.56330747930526],[13.225839083227205,52.56329115535636],[13.225857448480085,52.56327583349972],[13.225878138861054,52.56326165479686],[13.225900963881088,52.56324874978467],[13.23096815839209,52.56064775862537],[13.230993554915734,52.56063597245762],[13.23102072882965,52.56062576414812],[13.23104941713289,52.56061723249694],[13.231079342168169,52.56061046007674],[13.231110214309066,52.56060551243363],[13.231141734763053,52.560602437452815],[13.231173598463224,52.56060126489515],[13.23120549702072,52.56060200610914],[13.231237121709329,52.560604653921054],[13.231268166453322,52.560609182704404],[13.231298330789667,52.56061554862797],[13.231327322775902,52.56062369007989],[13.2313548618156,52.56063352826409],[13.231380681373999,52.56064496796276],[13.231404531557597,52.56065789845793],[13.231426181532699,52.56067219460298],[13.231445421759519,52.56068771803384],[13.23146206602023,52.56070431850813],[13.231475953221329,52.56072183535916],[13.231486948952842,52.56074009905097],[13.231494946789322,52.56075893281909],[13.231499869320011,52.560778154381396],[13.231501668898199,52.56079757770223],[13.231500328102525,52.56081701479303],[13.231495859905761,52.560836277531656],[13.231488307549398,52.560855179483184],[13.231477744125296,52.56087353770439],[13.231464271868404,52.56089117451433],[13.2314480211674,52.560907919214074],[13.231176534942533,52.56115863138804],[13.23102225029541,52.56139694940818],[13.231026063378605,52.56146325275323],[13.231046000007986,52.56146325274627],[13.231053999972,52.56146325274596],[13.23107898195793,52.56146383968689],[13.231163981579831,52.561467839665745],[13.231179634943949,52.561468809456],[13.231257404715626,52.56147479174729],[13.231265077127022,52.561474994419484],[13.231292943666734,52.56147721390096],[13.231367943346271,52.56148521386292],[13.2313976749686,52.56148930505371],[13.231408198232806,52.56149028565058],[13.231455577801835,52.56149620809577],[13.231528595892538,52.561502846099884],[13.231582285629912,52.56150642541201],[13.231582876711872,52.56150646515137],[13.231623993440596,52.56150925272768],[13.23166000010431,52.56150925272353],[13.231695532496683,52.56150925272444],[13.23173905007432,52.561500091119925],[13.23175429978734,52.56149713506954],[13.231816299540016,52.56148613511456],[13.23183398164798,52.56148354279667],[13.231843416098895,52.56147856102508],[13.231868551559641,52.561467652128556],[13.231895273728233,52.561458247649064],[13.231930273623442,52.561447247691824],[13.231959506941482,52.561439149592694],[13.231989910519252,52.561432852054516],[13.232021186597898,52.56142841675249],[13.232053028874025,52.56142588712391],[13.232085125499367,52.56142528794282],[13.232111859067352,52.561426403740285],[13.232114074122306,52.56142590381527],[13.2321449061672,52.56142015547315],[13.232165050299006,52.56141484714772],[13.232235050042474,52.561398847212395],[13.232262725918918,52.56139337049988],[13.232276271737373,52.56139148747982],[13.232295619270806,52.56138528621112],[13.232328070175408,52.56137746544722],[13.232347179437843,52.56137425507491],[13.232360606657384,52.56137061379678],[13.232365380399518,52.56136881794417],[13.232400614818964,52.56135888362683],[13.232433820097011,52.561350954017875],[13.232451174658078,52.56134514180231],[13.23248110854573,52.561337381554985],[13.232512620326226,52.56133032668727],[13.232523508955014,52.56132663871505],[13.23255279068382,52.56131890660327],[13.23256098636396,52.561317028429066],[13.232585140037571,52.56130866585849],[13.23260101898195,52.56130431287996],[13.232631282292147,52.561293086175276],[13.232657207079418,52.56128442961455],[13.23268431699433,52.56127724683364],[13.23268509872569,52.56127708950219],[13.232726740812991,52.561263028542236],[13.232756217347124,52.561254231903064],[13.232787001228163,52.56124729495252],[13.232788986574896,52.561246982165336],[13.232791877119855,52.56124574994435],[13.232816197681094,52.56123735858995],[13.232852813692297,52.56122316056101],[13.23287940667771,52.56121389349775],[13.2328798827443,52.561213762193496],[13.23288940352659,52.561209650950794],[13.23291555884276,52.5611994654532],[13.232931981191266,52.561194344939686],[13.232948760038814,52.56118774560572],[13.232983266354031,52.56117560451344],[13.232992346557712,52.56117124532991],[13.233020346659274,52.56115924530656],[13.23302985666917,52.56115516959694],[13.233033993428824,52.56115251947753],[13.233055464440534,52.56114099334445],[13.233078518114603,52.56113066475386],[13.233152352677896,52.56110054807152],[13.233195210865388,52.561082452421175],[13.233216590733,52.5610741591439],[13.233238967437341,52.561066908046456],[13.23327154268474,52.561057327102425],[13.23331453121064,52.56104065810418],[13.233357692717387,52.56102357336657],[13.233428191968722,52.56099403994196],[13.233436128366101,52.560990818846015],[13.233609127972045,52.56092281909788],[13.233615787931925,52.56092027041466],[13.233862787321371,52.56082827076004],[13.233876293312965,52.56082350814739],[13.233883718884156,52.56082103295975],[13.234341594192042,52.56065654436736],[13.234355808912182,52.56065022672372],[13.234390516162522,52.560636768233245],[13.23469751530029,52.56053376862888],[13.234698295139653,52.56053350783584],[13.234711731717411,52.5605290289821],[13.235009224902635,52.56041161796776],[13.235023425376669,52.560406323520375],[13.235934512952758,52.56008590944328],[13.235935115857613,52.56008510153756],[13.235950641614968,52.56006867944911],[13.235968675708637,52.56005323863034],[13.235989052473569,52.56003892092176],[13.236011584725295,52.560025857846824],[13.236036065479476,52.56001416940369],[13.236062269853258,52.560003962963016],[13.236224769417337,52.559947163179345],[13.236253749127469,52.559938178165694],[13.236284058817343,52.559931005842174],[13.236315394137684,52.559925718228314],[13.236347440440925,52.559922368418626],[13.236379875940585,52.55992099004958],[13.236385171563407,52.55992108894488],[13.2374840535999,52.55956148091196],[13.23803598133272,52.55931871716805],[13.238056251924002,52.55930855253108],[13.238079737313688,52.559262031631235],[13.238103567223225,52.55918511185995],[13.238111541245608,52.55916513387978],[13.238122875812815,52.559145768495696],[13.238137448388045,52.55912722505739],[13.238155101430548,52.55910970402872],[13.23823910165979,52.559035304219144],[13.23825860819813,52.55901973823208],[13.238280545698663,52.55900542468075],[13.238304698941374,52.55899250398825],[13.238330830969355,52.5589811029129],[13.23835868541346,52.55897133330474],[13.238387989007384,52.55896329100832],[13.238418454268487,52.55895705492233],[13.238448754146646,52.55895185494363],[13.238449889079371,52.55895166152458],[13.238475888974481,52.5589472615426],[13.2385058307597,52.55894311345626],[13.238536281845455,52.55894070892741],[13.238566969522854,52.55894006949018],[13.238597618964242,52.55894120087117],[13.238627955684375,52.55894409293816],[13.238724655278787,52.558956192881666],[13.238737883346973,52.55895802451932],[13.238942582515502,52.558989124377234],[13.238977065782056,52.55899562441161],[13.239010151073849,52.559004418527564],[13.239204150503907,52.55906401828481],[13.23923297849039,52.55907403269479],[13.239259977518577,52.55908578915576],[13.239284865218655,52.559099164713246],[13.239307381301359,52.55911401947945],[13.239327290280198,52.55913019809616],[13.239344383934327,52.559147531359486],[13.239358483486306,52.5591658379895],[13.239369441471933,52.55918492652602],[13.23937714328265,52.559204597331124],[13.23941735502829,52.55933695379963],[13.239518691986337,52.55960466654337],[13.23954649007129,52.55963335541432],[13.239568862882965,52.55964187004226],[13.239572045555185,52.55964309700383],[13.239714945246092,52.55969889679121],[13.239737828264563,52.55970870511347],[13.239759239927134,52.55971967828131],[13.240006411564252,52.55985786354707],[13.24010362099898,52.559907032215406],[13.240127261100472,52.559920245073],[13.240330961135388,52.56004594467866],[13.240351688985706,52.56006002275921],[13.24037011501897,52.56007524336526],[13.240386070650638,52.56009146724161],[13.240399409897691,52.560108545953895],[13.240410010714312,52.56012632324649],[13.24041777610861,52.56014463647223],[13.240422635030113,52.560163318080384],[13.240424543019966,52.5601821971496],[13.24042395341853,52.56019270798388],[13.240523425334985,52.56030431101547],[13.240536885878136,52.5603212981475],[13.240547629222366,52.56033898965978],[13.2405555575974,52.56035722455544],[13.240560598849543,52.5603758368925],[13.24056187712272,52.56038724807745],[13.240569880624408,52.56039475456958],[13.240585442210543,52.560410990439486],[13.240598403194694,52.560428053663095],[13.240608646392113,52.56044578997002],[13.240616079189508,52.5604640390042],[13.240620634382458,52.5604826357738],[13.24063340356343,52.560559711809184],[13.240678816534233,52.56064088445719],[13.240685231369078,52.560653771471856],[13.240720184916627,52.56073369275681],[13.240760130749758,52.560825262033724],[13.240808871643251,52.56088944499181],[13.240818898134798,52.56090417988366],[13.240880715215644,52.56100650698522],[13.240886248087353,52.561015669788375],[13.24089069648531,52.56101971812569],[13.240922379311177,52.56104733406568],[13.240957567565253,52.56107802365758],[13.240968265829267,52.561087351653],[13.241016350773064,52.56112123145528],[13.241058591182961,52.56115103171515],[13.241093217159106,52.56117399411868],[13.241100879693924,52.561179260697365],[13.241133142633265,52.56120224692568],[13.241171472833962,52.561226130147666],[13.2411720497803,52.561226490554496],[13.24121309093913,52.56125219350631],[13.241216272954185,52.5612523042845],[13.241248892035914,52.5612554902534],[13.241280810520783,52.561260680948536],[13.241311697570602,52.561267822567935],[13.241341233037682,52.56127684108806],[13.241369110783086,52.56128764303113],[13.241395041849724,52.56130011643388],[13.241418757457366,52.56131413200811],[13.241440011788583,52.56132954448067],[13.241458584536682,52.56134619409928],[13.241474283189277,52.56136390828821],[13.24148694502379,52.561382503437144],[13.24150554521905,52.561414303391125],[13.24151500202803,52.56143349499357],[13.241519290362397,52.56144705793794],[13.24152499534149,52.561453226580106],[13.241537894040725,52.561471092751916],[13.241547839706461,52.5614896468534],[13.241554735434592,52.56150870811252],[13.241556732681781,52.56151895318775],[13.24159970106462,52.56154696359496],[13.241631078842946,52.561567449013666],[13.24170206781385,52.561613776389734],[13.241785778958207,52.56166831830044],[13.241795048643096,52.56167462320586],[13.241843306156062,52.561708894742736],[13.241961642997868,52.56173519180474],[13.242312577438478,52.56180035349589],[13.24232272088175,52.56179174853224],[13.242343859123357,52.56177710843906],[13.242367260700663,52.56176380833815],[13.242392698038515,52.56175197756899],[13.242419923765217,52.56174173118215],[13.242448673118133,52.56173316882052],[13.242478666518368,52.561726373750275],[13.242509612289501,52.56172141205134],[13.24254120949398,52.56171833197459],[13.242573150859508,52.56171716347275],[13.242605125767065,52.56171791790917],[13.242636823271454,52.561720587947256],[13.242667935124995,52.56172514762179],[13.242698158775044,52.5617315525915],[13.242777758501088,52.561751152507924],[13.242806634879887,52.56175928775918],[13.242834065306639,52.56176910713251],[13.242859786123963,52.56178051624588],[13.242883550106392,52.561793405436916],[13.24289564175428,52.561801387841406],[13.243058024045316,52.56183683534977],[13.24308284713599,52.56184296982697],[13.243106755402064,52.56185033112725],[13.243176484912448,52.56187405117226],[13.243184886102018,52.56187386574339],[13.243215885585617,52.561874991847304],[13.243246566465738,52.561877918716036],[13.24327664773379,52.561882619542175],[13.243305853872853,52.56188905127053],[13.243364953672923,52.56190405120693],[13.243392915190695,52.56191212174055],[13.243419488361472,52.56192177848485],[13.243444431605118,52.561932933649565],[13.243467518158813,52.56194548582195],[13.243488538138568,52.56195932088893],[13.24350730044729,52.561974313074344],[13.243523634512117,52.56199032608238],[13.243534413940884,52.562003558725884],[13.243638438740144,52.5620412290824],[13.243711260514504,52.562067616550614],[13.243879317865334,52.56209326439482],[13.244056795853925,52.56210405583799],[13.244549116439352,52.56211026559557],[13.24512511633166,52.56211255641956],[13.245135795902113,52.56211270602663],[13.245564093982125,52.562123005963954],[13.245596087753883,52.56212474490788],[13.245627642663859,52.56212840299566],[13.245658449514524,52.562133944382815],[13.245688206438071,52.5621413147709],[13.245710569384592,52.56214849785805],[13.24573107374883,52.56213955938879],[13.245758412096269,52.5621299401541],[13.245787154831607,52.56212198532388],[13.24581702992439,52.562115770185024],[13.24584775462759,52.56211135355949],[13.245879038153511,52.5621087772475],[13.245984137684783,52.562103277267894],[13.246015667697986,52.56210256550914],[13.24604716208958,52.562103723258566],[13.246078323094112,52.56210673957016],[13.246108856098028,52.5621115859261],[13.246138472424983,52.562118216506235],[13.246142527151697,52.56211940813152],[13.246308012326038,52.562111117094005],[13.246340760079455,52.562110487802585],[13.246373445030542,52.56211187422563],[13.246405733952784,52.56211526222845],[13.246437297657048,52.56212061727005],[13.246467814347575,52.562127884755206],[13.24649697290261,52.56213699059111],[13.246520074143147,52.56214610517481],[13.246682278744997,52.56214002516728],[13.24669899896873,52.56213966177502],[13.246915197996051,52.562138361772384],[13.246949292406953,52.56213925034356],[13.246983045147221,52.562142316097535],[13.247016082910337,52.56214752512701],[13.247178782288236,52.56217882498824],[13.247206398062422,52.562184989371666],[13.247232984562695,52.562192652199435],[13.247258323390769,52.562201750524416],[13.247282206397129,52.562212209607424],[13.247418306227129,52.56227770937628],[13.247441440924758,52.56228996775135],[13.247462574105512,52.56230350191328],[13.247545074194978,52.56236160174418],[13.247566525111818,52.56237846778928],[13.247584868987605,52.562396644224314],[13.24759989221318,52.562415919393914],[13.24760962160001,52.56243292564774],[13.247861406753886,52.562523319961535],[13.247890821337299,52.56253524007954],[13.247917935467107,52.56254903805772],[13.247942427822153,52.56256455038174],[13.247964008149983,52.562581593221026],[13.248191108817675,52.56278269271742],[13.248209072509425,52.56280055752021],[13.248223833695938,52.56281948030942],[13.248235226661892,52.56283924865525],[13.248243123503507,52.56285964063531],[13.248247435564613,52.56288042732582],[13.248248114432117,52.5629013753717],[13.248240515456988,52.56304057540126],[13.248238673197738,52.56305603990456],[13.248234848382545,52.56307136890993],[13.248188959828443,52.56321668600672],[13.248139693917055,52.56342840928861],[13.248148833052804,52.56342973348046],[13.248178317745875,52.563435877775305],[13.248206699406444,52.563443717167296],[13.248233716317547,52.56345317936695],[13.248259119346566,52.563464177120295],[13.248282674242501,52.56347660901343],[13.248304163796057,52.563490360407734],[13.248410863912381,52.56356556018896],[13.24842988603827,52.56358032918338],[13.248446524025807,52.563596130953734],[13.248460627893554,52.56361282305916],[13.248472070502784,52.56363025503288],[13.248480748703631,52.563648269738565],[13.248486584265011,52.563666704786826],[13.248489524579927,52.56368539399899],[13.248489543139822,52.56370416890503],[13.24848663977366,52.56372286026226],[13.248480840649595,52.56374129958091],[13.248472198039238,52.56375932064295],[13.248460789846563,52.563776761000476],[13.248446718905786,52.56379346344004],[13.248430112054471,52.563809277399876],[13.24841111899027,52.563824060327185],[13.248390018788754,52.563838967330774],[13.24839884134652,52.56384616307347],[13.248416333110283,52.56386410365314],[13.248508558605362,52.563971188029996],[13.248522256970375,52.563962508652295],[13.248547205168657,52.563949599464586],[13.248574160305518,52.56393828734331],[13.248602848184449,52.563928687358505],[13.24863297698362,52.563920897163875],[13.248664240224295,52.563914996003334],[13.248934239115519,52.56387299617555],[13.248966256628574,52.56386904968896],[13.24899876300685,52.56386708479143],[13.249031428853208,52.56386712139393],[13.249063923154628,52.563869159125595],[13.24928222221134,52.56388965902687],[13.249312463359237,52.56389340357766],[13.249341984085229,52.56389888171814],[13.249370517423214,52.56390604390765],[13.249397805336022,52.56391482537614],[13.24942360104887,52.56392514670979],[13.249447671280976,52.56393691456922],[13.249466314189918,52.563947958532765],[13.249805493650433,52.563796860240764],[13.249831647269255,52.563786350711915],[13.249859342008552,52.563777427021435],[13.249888319747116,52.56377017233989],[13.249918310406363,52.56376465428233],[13.249949034467445,52.56376092427809],[13.249980205576335,52.56375901709157],[13.250011533212588,52.56375895049811],[13.250042725396954,52.563760725118414],[13.250073491412545,52.563764324412716],[13.250103544514285,52.56376971483497],[13.250132604601312,52.563776846145466],[13.250317383730788,52.56382864024419],[13.250742085676798,52.563947640672446],[13.251267684011044,52.56409494006],[13.25129591393439,52.56410389838551],[13.251322567942836,52.56411449890057],[13.251347389619374,52.564126639626565],[13.251370140173753,52.56414020376775],[13.25220318596388,52.56468811246774],[13.252469224914538,52.56472991526777],[13.252488321794523,52.56473329946527],[13.252742425265737,52.56478352429795],[13.253722966580925,52.564800229161186],[13.253754452713098,52.56480170211479],[13.25378555482617,52.56480503300739],[13.253815978394316,52.564810190296676],[13.253845435317022,52.56481712514499],[13.2538736466472,52.564825771881836],[13.253900345232637,52.56483604862567],[13.25392527824578,52.5648478580593],[13.253948209577887,52.56486108835138],[13.253968922074877,52.56487561421544],[13.253987219593732,52.564891298096214],[13.25447132133773,52.56535219700103],[13.254488933856159,52.56537119893867],[13.254503003039405,52.56539126779383],[13.254513357531268,52.56541215914417],[13.25458710815582,52.56559732325975],[13.254711152271044,52.56588108460243],[13.254793961202932,52.56597412117696],[13.254807348699503,52.56599103162441],[13.254818043983152,52.5660086395264],[13.25482595063629,52.56602678615378],[13.254830997379587,52.56604530792076],[13.25483313871464,52.566064037859604],[13.254832355334262,52.56608280712573],[13.254828654296661,52.56610144651989],[13.254822068961952,52.56611978801329],[13.254812658691543,52.56613766626246],[13.254800508313151,52.566154920099784],[13.254785727356188,52.56617139398633],[13.254768449064509,52.566186939414074],[13.254713859170106,52.56623135652742],[13.254748366361488,52.56629141370844],[13.255064018216475,52.56637444617116],[13.255069069279166,52.56637580603031],[13.255712767213252,52.56655310529046],[13.255741103701665,52.56656195472988],[13.255767880589826,52.56657245371448],[13.255792840096813,52.56658450117112],[13.255815741936956,52.56659798111948],[13.255836365633062,52.566612763788605],[13.25585451263895,52.56662870686613],[13.256052013400351,52.56682180641627],[13.256068661271726,52.56684019086138],[13.25608201620843,52.566859547305825],[13.256091927631546,52.56687965750927],[13.256098283786642,52.566900294732534],[13.256101013003988,52.5669212262941],[13.256100084506844,52.56694221619344],[13.25603138831309,52.56746391641284],[13.256027994282334,52.56748067620621],[13.255961678145459,52.56772262287755],[13.255936506347664,52.567834513952775],[13.256039160574236,52.567914185370775],[13.25605978108646,52.56793215823722],[13.256077008885793,52.56795141182167],[13.256090632104524,52.56797170934846],[13.256155095695473,52.568085369772966],[13.256269783518109,52.56821020760379],[13.25628461984749,52.56822851483284],[13.256296279084767,52.568247656641404],[13.256304636930295,52.5682674289648],[13.256309604279117,52.56828762101628],[13.256311128171063,52.56830801753429],[13.256309192355548,52.568328401077125],[13.256303817465025,52.56834855434116],[13.256295060795207,52.56836826247745],[13.256294468843892,52.56836919882472],[13.256493991549144,52.56858706399784],[13.256909927608632,52.56899161692866],[13.256924965677833,52.56900790700115],[13.257117741587308,52.56924197586118],[13.257161853452757,52.569295489838346],[13.257295518296797,52.56945774585311],[13.2573373825442,52.56950850209729],[13.257348789399453,52.56952394693181],[13.257357985419555,52.56953992985072],[13.257428713008972,52.569682083302595],[13.257621512549033,52.57006997683921],[13.25764770991622,52.570122670791285],[13.257655351024006,52.570141234985755],[13.257660010955593,52.570160162311204],[13.257661646055752,52.57017927546816],[13.257660241003911,52.57019839541619],[13.257655808957816,52.57021734305099],[13.25764839143042,52.57023594088217],[13.257638057901165,52.57025401469589],[13.257624905165256,52.570271395186786],[13.257609056427075,52.57028791954393],[13.257590660146157,52.57030343297608],[13.257569888646586,52.570317790161596],[13.257546936502807,52.570330856609836],[13.257522018717001,52.570342509920955],[13.257495368705042,52.570352640932654],[13.25746723610997,52.57036115474264],[13.257437884463418,52.57036797159775],[13.257407588716907,52.57037302764102],[13.257376632666167,52.5703762755099],[13.257348066670621,52.570378411515186],[13.257344347383494,52.57039120978402],[13.257344043832198,52.57039187143608],[13.257403805317912,52.57052234346499],[13.257410716643587,52.57054080495729],[13.257414698224805,52.57055958458329],[13.257415713549447,52.570578510146845],[13.25741375330385,52.57059740811338],[13.25740883545834,52.57061610520119],[13.257406717330987,52.57062106209057],[13.257464598214895,52.5707352429432],[13.257469189799982,52.57074613298912],[13.25748695913081,52.57074546969616],[13.25751796428987,52.5707461205132],[13.257548725815392,52.57074857207796],[13.257578962636678,52.57075280199031],[13.257608398477096,52.570758771601206],[13.257636764378354,52.57076642636581],[13.257663801157916,52.57077569634183],[13.257689261777113,52.57078649682863],[13.257712913598322,52.570798729140996],[13.257734540510562,52.57081228151096],[13.257753944904145,52.57082703010886],[13.257770949476262,52.570842840174876],[13.257785398851082,52.570859567250224],[13.257797160999502,52.57087705849711],[13.257901113202234,52.57105551423273],[13.258021484830644,52.57124798800324],[13.25803093208207,52.57126550930744],[13.258037659201575,52.57128349065757],[13.25804160767351,52.5713017756524],[13.258042743150664,52.57132020524944],[13.258041055753127,52.571338619148236],[13.258036560154357,52.57135685718467],[13.25802929545368,52.57137476072406],[13.258019324836294,52.57139217404105],[13.258006735023823,52.57140894567402],[13.25795722298687,52.57146751696755],[13.257946636128391,52.57150286101829],[13.257956537256653,52.571602694949796],[13.25797998345921,52.57162850299175],[13.25800685306993,52.571640281842406],[13.258031166178814,52.57165205529576],[13.258053521058958,52.571665190715436],[13.258073713019774,52.571679567829186],[13.258091557174538,52.57169505499526],[13.258106890133325,52.57171151040771],[13.258119571499108,52.571728783394875],[13.258129485153392,52.57174671579885],[13.258136540319514,52.57176514342366],[13.258212242095368,52.57201674323622],[13.258216376448418,52.572035513157886],[13.258217544871666,52.57205443796564],[13.258215736644777,52.57207334408566],[13.25821096834859,52.57209205811526],[13.258203283713161,52.572110408413394],[13.258192753216825,52.57212822667482],[13.258179473439906,52.57214534947387],[13.258165987122146,52.57215914357142],[13.258178431660136,52.57218819367047],[13.258243713085557,52.57227756987928],[13.258364900228274,52.57239784091712],[13.258378711031252,52.57241300002612],[13.258390289395752,52.572428837917336],[13.258399546314413,52.572445232842206],[13.258406410624971,52.572462058769915],[13.258428011078918,52.5725270587162],[13.258432793763602,52.57254625329043],[13.258434464105889,52.57256564109739],[13.25843300600138,52.57258503525964],[13.258428433500521,52.57260424883833],[13.258420790673323,52.57262309663497],[13.258386291120464,52.57269319672882],[13.258375805499854,52.57271126824767],[13.25837054377522,52.572718135259166],[13.258386369345114,52.57273088270462],[13.258403334635465,52.57274785408948],[13.258417418678976,52.57276577715654],[13.258453199173484,52.57281788240692],[13.258476869669588,52.57282101712691],[13.258506706285326,52.57282685256279],[13.25853548021412,52.57283441382921],[13.258562923244723,52.572843630445334],[13.258588779571154,52.57285441650021],[13.258612808177082,52.57286667145362],[13.2586347850824,52.57288028107313],[13.258654505431004,52.57289511849897],[13.25867178540036,52.57291104542638],[13.258690885483052,52.572930645382364],[13.258707382749112,52.572949913477544],[13.258720310102653,52.572970168153105],[13.258729511407866,52.5729911647822],[13.25873671155397,52.5730121647643],[13.258738506038876,52.57301780699222],[13.258789548295702,52.57319179479471],[13.259002530799277,52.573453243926934],[13.259092971890901,52.57353538942123],[13.25919702580989,52.57361032053533],[13.259467514898919,52.57375250257523],[13.259758299364442,52.573864541237405],[13.259944442571381,52.57391958350814],[13.260203692430771,52.57399348178079],[13.260415913359806,52.57403676931348],[13.260450468040617,52.574041354448916],[13.26057766280348,52.574058127376595],[13.26061015234255,52.57406349997936],[13.260641553721818,52.57407089395996],[13.260671529135903,52.57408022977666],[13.260699756118887,52.57409140699808],[13.260725931013198,52.57410430538355],[13.260749772236197,52.57411878617661],[13.260771023309356,52.57413469359765],[13.260789455617388,52.57415185651967],[13.260940972582024,52.574310307527064],[13.262164813100116,52.575057728037244],[13.262926970256443,52.575367619910764],[13.262951567517291,52.57536198066614],[13.262982844896175,52.57535690819046],[13.263014795978995,52.575353758668406],[13.26304710306916,52.575352563416345],[13.263079444930364,52.57535333431901],[13.263111499980557,52.57535606371113],[13.263142949489387,52.57536072445387],[13.263173480747287,52.57536727020445],[13.263202790174693,52.57537563587703],[13.263230586340516,52.57538573828989],[13.263256592859824,52.575397476992364],[13.263280551141973,52.575410735263745],[13.263412351157013,52.5754913350096],[13.263434112153996,52.57550604763344],[13.263453348472959,52.575522012538954],[13.263469867170219,52.575539069597696],[13.263483502559334,52.57555704772672],[13.263494117873027,52.57557576660447],[13.263501606635097,52.575595038479456],[13.263505893728528,52.57561467005326],[13.263506936149074,52.57563446441946],[13.263505141413853,52.57565049067506],[13.2636727174831,52.575688448513645],[13.263701821244352,52.575696044518644],[13.263729571781976,52.575705331867475],[13.263755705050743,52.575716222191765],[13.263779972393094,52.57572861187082],[13.263802142905053,52.57574238301764],[13.263822005633283,52.575757404600466],[13.263839371582296,52.575773533689635],[13.263854075512812,52.57579061681736],[13.263865977514055,52.575808491438096],[13.263874964335121,52.575826987475],[13.263880950462658,52.575845928938264],[13.26390135109077,52.575933228888665],[13.263903766941153,52.575947015660496],[13.263913418249492,52.57602935712964],[13.263919132355227,52.57603353453826],[13.266418103461499,52.57737960367097],[13.266576847211551,52.577465173117965],[13.266885590839854,52.57763144230949],[13.26690791038637,52.577644677136995],[13.266928044997924,52.5776591542196],[13.266945809291215,52.57767474026561],[13.26696103970613,52.57769129177286],[13.266973596011724,52.57770865634992],[13.266983362597422,52.57772667411919],[13.266990249537564,52.577745179188824],[13.266994193419482,52.57776400118012],[13.266995157927468,52.577782966796256],[13.266993134177293,52.57780190141776],[13.266988140798135,52.57782063071033],[13.266962525309411,52.57789420243128],[13.267061428091566,52.5779976542404],[13.267266741207491,52.57815432803159],[13.267315675114599,52.578167112554766],[13.267417075722776,52.578161316617376],[13.267448838154497,52.578160453800606],[13.267480586789919,52.57816148803231],[13.267512017055981,52.578164409390844],[13.2675428274337,52.57816918985087],[13.267572722350597,52.57817578355219],[13.2676014150161,52.57818412723967],[13.267628630172744,52.57819414087001],[13.267654106736696,52.57820572837963],[13.267677600302381,52.57821877860623],[13.267698885487123,52.57823316635506],[13.267761076413663,52.57827958748415],[13.267998984034772,52.57833172642565],[13.268031441412008,52.578340077565834],[13.268062221843744,52.57835052249899],[13.26818875381683,52.578399120076014],[13.268477635002892,52.57842494763891],[13.268508257425573,52.57842860900242],[13.268538161215007,52.578434044760975],[13.268567070000218,52.57844120467735],[13.2685947166057,52.57845002257962],[13.268620845520568,52.57846041697273],[13.268645215259959,52.57847229179161],[13.26866760059679,52.57848553728902],[13.268687794643322,52.57850003104971],[13.268705610763211,52.57851563912189],[13.268714962501164,52.578524735526585],[13.26880588145394,52.57854423427879],[13.268828179694372,52.57853870025623],[13.268857995798516,52.578533261204534],[13.268888529928189,52.57852958669454],[13.268919501377823,52.57852771050669],[13.268950625421652,52.57852764988911],[13.26898161593113,52.5785294053991],[13.269012188005254,52.57853296089801],[13.269042060589603,52.578538283699544],[13.269070959060025,52.578545324870305],[13.269098617747224,52.57855401967959],[13.269124782379015,52.57856428819443],[13.269149212417867,52.57857603601449],[13.269171683272164,52.57858915513975],[13.269191988360909,52.57860352496344],[13.269192951387852,52.578604355802774],[13.26941345388958,52.578642777793746],[13.26942478879575,52.57864009501165],[13.269535294197997,52.57856797074769],[13.269559345939276,52.57855381118272],[13.269585661789744,52.57854123449981],[13.269613962353525,52.578530374225],[13.270005027545599,52.57839692918343],[13.27055092041458,52.577843190532136],[13.27056907463711,52.57782670973352],[13.270589849282084,52.57781142056354],[13.270613035069692,52.57779747704051],[13.270638398431716,52.57778501962695],[13.270665683864424,52.57777417381471],[13.27069461650242,52.57776504886084],[13.2707249048875,52.57775773668695],[13.270756243904628,52.57775231095336],[13.270788317855473,52.57774882631698],[13.270820803638529,52.577747317880835],[13.271245801726181,52.577740617894406],[13.271275252428337,52.577740968023946],[13.271658941582276,52.57775615878042],[13.2720544152876,52.577760179189106],[13.272063444670534,52.57776034755395],[13.272391443200473,52.57776924750162],[13.272408470458435,52.5777699831936],[13.272749333005686,52.57779020975233],[13.273068194098068,52.5778076306406],[13.273580076664144,52.577824541721334],[13.273581282662656,52.5778245829324],[13.273709383407713,52.57782910595532],[13.273812382897667,52.57781758153037],[13.273914807226179,52.57779337076915],[13.274119397842382,52.577740432344996],[13.274164252268495,52.57770587625552],[13.274251249042358,52.57759836540565],[13.27426625629927,52.57758185596611],[13.274283778527426,52.57756629320127],[13.274303656141152,52.57755181884852],[13.27432570810372,52.577538564732436],[13.274349733576154,52.57752665156425],[13.274375513746374,52.577516187842456],[13.274402813822025,52.57750726886475],[13.274431385168779,52.577499975860114],[13.274460967574717,52.5774943752491],[13.274491291620118,52.57749051803882],[13.274522081131092,52.577488439358554],[13.274689580380315,52.57748203938069],[13.274722182210148,52.57748179316469],[13.274754660127652,52.57748354058047],[13.274786686469865,52.57748726399876],[13.274817938129495,52.577492925854806],[13.274848099814529,52.57750046902734],[13.274876867229072,52.577509817414786],[13.275010966906397,52.577558817224165],[13.275037730046515,52.577569731368],[13.27506258614103,52.57758220743189],[13.275085290508882,52.5775961226035],[13.275105619649628,52.577611339904074],[13.275123373443572,52.57762770953671],[13.27513837712177,52.577645070360965],[13.2751504829865,52.577663251479024],[13.275159571865304,52.577682073918],[13.27516555428422,52.57770135239163],[13.275168371348702,52.57772089712432],[13.275198986769048,52.578212077270145],[13.275202747425617,52.57824546237375],[13.275203069036632,52.57826929297349],[13.275198682554514,52.57829297408883],[13.275184282907702,52.57834327413049],[13.275178561104509,52.57835930173716],[13.275170678590339,52.57837498534012],[13.275160689593916,52.5783902170376],[13.275092890082139,52.57848231721026],[13.275076121568146,52.5785020459462],[13.275055826199027,52.5785205043402],[13.27503226013861,52.57853745941046],[13.274894158636036,52.57862618967629],[13.274761266985525,52.57871342839562],[13.274499215829126,52.57893185192177],[13.274375606143558,52.57905659466941],[13.274370897514796,52.579061202314996],[13.274256597899486,52.579169702580266],[13.274254733208572,52.57917145228169],[13.274197451136812,52.5792245861107],[13.274174658695788,52.57925580212304],[13.274098237334856,52.57937614512545],[13.27397632616828,52.57968216321954],[13.273949995740265,52.57990387915668],[13.273966051180173,52.580035005594176],[13.273996448980535,52.5802648393903],[13.274040617656837,52.58048652949178],[13.274113878973141,52.58070708178741],[13.274118107360328,52.58072321353458],[13.27412013548368,52.58073950283807],[13.27412723401847,52.580865220267384],[13.27422469110535,52.581044568260964],[13.27438824436765,52.581242500586455],[13.274544729965921,52.58128326565814],[13.27474112802613,52.581326900356984],[13.274783379449435,52.58133091882693],[13.2748155344544,52.58133500149805],[13.274846847612375,52.58134104253992],[13.274876998365047,52.581348980109446],[13.274905678053367,52.58135873294842],[13.27493259307727,52.581370201215385],[13.274957467901267,52.581383267507576],[13.274980047875081,52.58139779806293],[13.275000101840599,52.58141364412922],[13.275017424498277,52.581430643486954],[13.275031838508928,52.58144862210994],[13.275043196309273,52.581467395946746],[13.2750513816227,52.58148677280503],[13.275056310649765,52.58150655431878],[13.275097712484163,52.58175785422226],[13.275099333465022,52.581776988360595],[13.275097906968389,52.581796128244775],[13.27509344638146,52.581815094200095],[13.275085993573938,52.58183370818445],[13.275075618505115,52.581851795459556],[13.275062418567254,52.581869186231415],[13.275046517671461,52.5818857172443],[13.275028065084555,52.58190123331322],[13.275007234027914,52.581915588780824],[13.27498422005141,52.581928648884855],[13.274959239197713,52.58194029102316],[13.274932525974194,52.581950405904685],[13.274904331151456,52.581958898575564],[13.274874919409173,52.58196568931038],[13.274844566851337,52.581970714360764],[13.27481355841423,52.581973926553765],[13.274714157974948,52.58198122658243],[13.2747071994738,52.58198169130919],[13.274619109581291,52.58198698957266],[13.274570442924125,52.58200572040653],[13.274553338204086,52.582021965058985],[13.274459862730726,52.58215097050621],[13.274427039569398,52.5822344491053],[13.274401713210896,52.582402223156556],[13.274410098404251,52.582480391563415],[13.274531323479824,52.582707427876116],[13.275176792656747,52.583803744833006],[13.275185810127624,52.58382170148445],[13.275191990716756,52.58384009816337],[13.275195278689303,52.58385876898435],[13.275202597754161,52.58393378373223],[13.275210054494831,52.583968497125205],[13.275211480591594,52.58397163448776],[13.275219606221793,52.58399484961614],[13.27522310661491,52.584018490529694],[13.275224706855735,52.58405109052741],[13.275223984684983,52.58407144437133],[13.275219830673441,52.58409164512195],[13.275212288845434,52.58411147866844],[13.275201439133557,52.58413073479169],[13.275187396531637,52.584149209392585],[13.27517839657974,52.58415960941468],[13.275160288633382,52.584178033910696],[13.275139007589711,52.58419515381985],[13.275114804391782,52.584210767263826],[13.275079204377358,52.58423136733049],[13.275054050778921,52.584244502173945],[13.27502683033637,52.58425600707666],[13.27499782654645,52.58426576221626],[13.274967341479915,52.58427366599388],[13.274963150399241,52.58427445658144],[13.274967230391093,52.58427740142863],[13.275612231633788,52.58478390005109],[13.275629837809143,52.584799160566895],[13.275645005182696,52.58481536355507],[13.275657598818636,52.58483236486951],[13.27566750667741,52.584850013261786],[13.27567464061255,52.5848681517267],[13.275680915586667,52.58488824706376],[13.27568530705339,52.58489910577146],[13.275701988468732,52.58492626257964],[13.27572784537362,52.584957802059996],[13.275740699708969,52.58497202206454],[13.275755064773131,52.58499001104256],[13.275766372550793,52.58500879195531],[13.275774507324362,52.58502817261592],[13.275779385845555,52.58504795469993],[13.275780958187434,52.5850679357748],[13.275779208255496,52.58508791137152],[13.275774153952561,52.58510767707672],[13.275765846995743,52.585127030624705],[13.2757543723874,52.58514577396716],[13.27562397106081,52.585329766633336],[13.274947338344683,52.58632665146227],[13.274944068165789,52.5863313000378],[13.274653747660757,52.58672983184166],[13.274509997282383,52.58692706792717],[13.274393666646352,52.58709239190182],[13.274181614022119,52.58739564004201],[13.274090192870107,52.58753108748779],[13.274082638538719,52.58754142793066],[13.273804140321525,52.587895028629845],[13.27379781437908,52.58790263536538],[13.27359461543719,52.588134435862656],[13.27358719685115,52.58814244466783],[13.273410497573572,52.5883232450876],[13.273403732351715,52.58832986662474],[13.273308383960664,52.58841921246594],[13.273102184629375,52.58861231294251],[13.273079292068457,52.58863119593232],[13.273052887054176,52.588648293826644],[13.272648686875142,52.5888806945809],[13.27263529929382,52.58888797635638],[13.272504924444505,52.58895503796917],[13.272698874838468,52.589111403610296],[13.272716489535473,52.58912712422049],[13.272731541239104,52.58914380334117],[13.272743890521326,52.58916128647248],[13.272753422986414,52.589179411666706],[13.27276005033069,52.58919801102845],[13.272763711160641,52.58921691226986],[13.272764371561715,52.58923594030654],[13.272762025412641,52.58925491887926],[13.272756694442263,52.589273672186856],[13.272748428028406,52.589292026514556],[13.272737302740621,52.58930981184319],[13.27272342163103,52.58932686342412],[13.272706913279855,52.589343023305375],[13.27268793060443,52.589358141794804],[13.2726666494428,52.5893720788467],[13.272643266924906,52.589384705359166],[13.272617999646593,52.58939590437],[13.272477199335297,52.589452204577825],[13.272451083161343,52.58946161428201],[13.272423638698598,52.589469498050676],[13.27239510564548,52.589475787027254],[13.272365733208469,52.589480426284055],[13.272335777925477,52.58948337530194],[13.272305501425173,52.58948460832432],[13.272275168141832,52.58948411458199],[13.272245043005679,52.589481898387355],[13.272138842549754,52.5894709983354],[13.27210655679728,52.58946664462802],[13.2720751655767,52.58946031353424],[13.272044994483423,52.58945207072146],[13.272016356456975,52.589442001685725],[13.271989548535046,52.58943021086495],[13.271964848772507,52.58941682055559],[13.271942513357345,52.589401969644186],[13.271730217798398,52.58924551087051],[13.271396493212162,52.589404982873916],[13.271535711231984,52.5894448333801],[13.27156378642924,52.589453917091866],[13.271590268466962,52.58946462941372],[13.271614903471551,52.58947686765111],[13.271637455275574,52.58949051448101],[13.271657707681799,52.589505439076746],[13.27167546653582,52.589521498362025],[13.27169056158738,52.58953853838252],[13.271702848122573,52.589556395781855],[13.27171220835125,52.5895748993675],[13.271718552536369,52.58959387175194],[13.27172181985438,52.58961313105323],[13.27172197897849,52.58963249263857],[13.27171902837913,52.58965177089444],[13.271712996338762,52.58967078100583],[13.271703940680922,52.589689340728185],[13.271691948216006,52.58970727213444],[13.271677133909192,52.589724403320865],[13.271659639778402,52.589740570054985],[13.271639633532917,52.58975561735016],[13.27161730696565,52.589769400951376],[13.27138822277492,52.58989761936795],[13.271237997985075,52.58999638470004],[13.271219135501715,52.590007809174345],[13.27119880071711,52.5900182549045],[13.271146357588522,52.5900430280894],[13.271104114455802,52.59006300124204],[13.271075653591872,52.59007503282312],[13.271045249802174,52.59008514905506],[13.271013249239019,52.590093234762456],[13.27098001623496,52.59009919788788],[13.270945929154685,52.59010297053983],[13.270891360072968,52.59010719348255],[13.270846113532151,52.59011896070292],[13.2708146836873,52.59012599135557],[13.270782232091026,52.590131013359496],[13.27074910383265,52.590133973310834],[13.270715651197373,52.59013483973357],[13.270682229919938,52.59013360341421],[13.270649195401605,52.59013027749982],[13.270556895017531,52.590117977442794],[13.270529092510296,52.59011347795226],[13.270502053050128,52.59010749741484],[13.270475988887489,52.59010008277585],[13.270451104616777,52.59009129223771],[13.270427595570311,52.59008119480319],[13.270050095060123,52.58990329416956],[13.270020460271791,52.58988748825534],[13.269962860272948,52.589852788145016],[13.269937497218299,52.589835610588544],[13.26991559658448,52.58981674879344],[13.26990209663663,52.58980354876268],[13.26988495024136,52.58978453228991],[13.269877686978512,52.589773844321364],[13.269570856521794,52.58965375394769],[13.269518798403572,52.58965402991219],[13.269319464444033,52.58965656174878],[13.269134351035197,52.58966127300277],[13.269119155762883,52.589661665138244],[13.268988222050835,52.58966514741284],[13.268953801666207,52.5896661219974],[13.268794039883963,52.58969718233668],[13.268768523492733,52.58970145371599],[13.268742520719192,52.5897044454163],[13.268585020029796,52.589718545472785],[13.268552067922196,52.58972045680287],[13.268518967526317,52.58972031491481],[13.268486062859393,52.58971812128328],[13.268453695904316,52.589713898707046],[13.268133808943691,52.589661651129546],[13.267977512014559,52.589666763254186],[13.267945254268975,52.58966684098856],[13.267913143057118,52.589664968930336],[13.267881495329666,52.58966116555754],[13.267840695163764,52.58965496552925],[13.267820660865926,52.58965150185909],[13.26761726008989,52.58961200168412],[13.267575127099825,52.589601795546706],[13.267009228877708,52.58943597179876],[13.266470227624268,52.58956872485743],[13.26644341120144,52.58957451071229],[13.266415866113752,52.589578844713586],[13.266182065124072,52.58960904483723],[13.266153010211642,52.58961196642911],[13.266123640165212,52.58961327275364],[13.266094196578523,52.589612953065206],[13.266064921650273,52.58961100999356],[13.266036056191727,52.58960745952216],[13.266007837645772,52.58960233085668],[13.261873422375652,52.58872462701873],[13.26184415186883,52.5887174225156],[13.26181616858132,52.588708520722825],[13.261789737081482,52.58869800580284],[13.261765107265727,52.58868597716938],[13.261742511995811,52.58867254854753],[13.261722164897243,52.58865784689853],[13.26170425833957,52.58864201121931],[13.261688961617654,52.58862519122837],[13.261676419351152,52.5886075459502],[13.261666750117293,52.588589242211725],[13.26166004532991,52.588570453065145],[13.261656368375283,52.58855135615164],[13.26165575401302,52.58853213202196],[13.261658208047555,52.588512962429334],[13.261663707273424,52.58849402861119],[13.261672199694813,52.58847550957558],[13.261683605017287,52.58845758040886],[13.261697815407066,52.58844041062024],[13.261714696510623,52.58842416253939],[13.261734088725033,52.58840898978156],[13.261755808706972,52.58839503579541],[13.261779651106167,52.58838243250673],[13.261805390506872,52.588371299071284],[13.26183278355903,52.588361740748255],[13.261839110191184,52.58835977553634],[13.261440545801396,52.587921022815614],[13.261052105341328,52.58765405128638],[13.261025825123616,52.58763338379627],[13.260898480374781,52.58751825069073],[13.26086976340677,52.58753373158893],[13.26083197288652,52.58755036434302],[13.260791673645338,52.58756464639547],[13.260749258494835,52.58757643853313],[13.26059375768794,52.58761413875403],[13.260550384385223,52.58762319517002],[13.260505773520723,52.587629647101636],[13.260460345621858,52.58763343372931],[13.260419772534126,52.58763439511133],[13.26039094491978,52.5876498844044],[13.260353298311792,52.58766641271053],[13.26031316991171,52.58768061072557],[13.260270947231277,52.58769234134149],[13.260112546409294,52.587730741566496],[13.260068960396424,52.587739834642214],[13.260024127014969,52.587746297732686],[13.25997847296694,52.58775006932546],[13.25993243276549,52.587751113524405],[13.25988644459918,52.5877494203914],[13.259840946161278,52.58774500604093],[13.259796370483754,52.587737912486745],[13.259753141815667,52.587728207241895],[13.259711671585162,52.58771598267617],[13.259672354483522,52.58770135513697],[13.259635564708566,52.587684463841796],[13.259601652403138,52.58766546955325],[13.25957094032259,52.587644553048975],[13.259543720762991,52.587621913400845],[13.259520252779295,52.587597766080464],[13.25950075971992,52.58757234090818],[13.259387261141185,52.587403240504166],[13.259371839299124,52.58737659717834],[13.259360783175781,52.58734916093199],[13.259354199417903,52.587321196434175],[13.259352151528256,52.587292973449266],[13.259354659253395,52.5872647642347],[13.259361698393482,52.58723684091455],[13.25937320103608,52.58720947285446],[13.259389056211607,52.58718292406318],[13.259409110964098,52.58715745064585],[13.259433171826986,52.587133298333534],[13.259461006689612,52.58711070011275],[13.259469043283953,52.58710535967692],[13.25947206399015,52.587101409637555],[13.259496317445887,52.5870765651759],[13.259524542339895,52.5870533287141]]],[[[13.128000900000002,52.4311259],[13.1281163,52.43114799999999],[13.1281753,52.43116679999999],[13.1282973,52.431233799999994],[13.1283456,52.4312682],[13.1284127,52.4313393],[13.1284394,52.4313613],[13.1284477,52.43136809999999],[13.1284623,52.43138020000001],[13.1285562,52.43150450000001],[13.128616500000001,52.4315625],[13.1286809,52.43161159999998],[13.1287748,52.431665599999995],[13.128925,52.43173999999999],[13.129157,52.431836499999996],[13.12922,52.4318528],[13.1293166,52.4318929],[13.129368900000001,52.4319052],[13.129444,52.431928899999996],[13.129614300000002,52.431996700000006],[13.1297994,52.43203030000001],[13.1298973,52.43206949999999],[13.1301655,52.4321374],[13.130337100000002,52.432157],[13.1304954,52.4321897],[13.130651000000002,52.43223299999999],[13.1307824,52.4322797],[13.131030500000001,52.432353199999994],[13.1311123,52.43238999999999],[13.13117,52.432408],[13.1312357,52.43245459999999],[13.131287999999998,52.4324808],[13.1314301,52.432538],[13.1314784,52.4325454],[13.1315267,52.432560099999996],[13.131617900000002,52.432599399999994],[13.131662200000001,52.43262140000001],[13.131735899999999,52.432677000000005],[13.1318285,52.432698300000006],[13.131870000000001,52.4327204],[13.1319559,52.432749799999996],[13.1321409,52.4327981],[13.1322013,52.4328308],[13.132254900000001,52.43284709999998],[13.1323032,52.432857699999985],[13.1324051,52.43286839999999],[13.1325513,52.432897],[13.132658600000001,52.432925600000004],[13.1328785,52.4329289],[13.1329443,52.432942],[13.1329952,52.43294600000001],[13.133142700000002,52.43294769999999],[13.1332822,52.4329599],[13.133589300000002,52.432967299999994],[13.1337355,52.43298529999999],[13.1337744,52.4329935],[13.1340199,52.433000500000006],[13.1340614,52.4330016],[13.1340796,52.433003199999995],[13.1342116,52.433014699999994],[13.1343068,52.43303680000001],[13.134371200000002,52.4330605],[13.1344248,52.43308590000001],[13.1344476,52.433102199999986],[13.1344984,52.433110000000006],[13.1345201,52.43311330000001],[13.1345657,52.4331202],[13.1346488,52.433160300000004],[13.134672900000002,52.43317499999999],[13.1346984,52.4332216],[13.1347293,52.43325759999999],[13.1348057,52.433320499999994],[13.1348285,52.4333467],[13.134930400000002,52.43341369999999],[13.1349814,52.43348979999998],[13.135008200000001,52.43362139999999],[13.1350216,52.433659899999995],[13.135024300000001,52.433756299999985],[13.1350136,52.4338078],[13.1349801,52.433855300000005],[13.1349698,52.433873399999996],[13.134968,52.433892099999994],[13.1349519,52.43391989999999],[13.1349532,52.434054800000006],[13.1349827,52.434143899999995],[13.134994800000001,52.434174199999994],[13.1349988,52.43418309999999],[13.1350163,52.434201099999996],[13.135027,52.43420929999999],[13.1350525,52.43422240000001],[13.1350967,52.434237100000004],[13.1351021,52.4342461],[13.1350954,52.434304999999995],[13.1351142,52.434353200000004],[13.1351088,52.434363],[13.135079300000001,52.434383499999996],[13.135061900000002,52.43442520000001],[13.135063200000001,52.4344677],[13.1351034,52.4344963],[13.1351276,52.4345225],[13.1351571,52.43457149999999],[13.1351705,52.4346459],[13.1351893,52.4346868],[13.135191900000002,52.4347293],[13.1352282,52.434798],[13.135253600000002,52.43486999999999],[13.1353046,52.43496559999999],[13.1353126,52.435038399999996],[13.1353515,52.4351038],[13.1353569,52.4351365],[13.1353918,52.43518720000001],[13.1353971,52.435228099999996],[13.1354105,52.4352575],[13.1354213,52.4353164],[13.135441400000001,52.43535479999999],[13.135440000000001,52.43536540000001],[13.135462800000003,52.4354529],[13.1354749,52.43547829999999],[13.1354749,52.4355396],[13.1354883,52.4356254],[13.1355017,52.43565489999999],[13.1355299,52.43568020000001],[13.1355353,52.4356892],[13.1355366,52.435699],[13.135536600000002,52.43570880000001],[13.1355299,52.435716199999995],[13.1354856,52.4357423],[13.1354789,52.435753000000005],[13.135474900000002,52.43576199999999],[13.1354736,52.4357922],[13.135483,52.435865799999995],[13.1354535,52.435941799999995],[13.135452100000002,52.435977799999996],[13.1354535,52.43600889999999],[13.1354749,52.436089],[13.135472200000002,52.436119299999994],[13.1354575,52.43614869999999],[13.1354588,52.436278699999995],[13.1354615,52.436287699999994],[13.1354977,52.4363245],[13.1354977,52.436357199999996],[13.135462800000003,52.436386600000006],[13.1354669,52.43640619999999],[13.135452100000002,52.436434],[13.1353945,52.43646269999999],[13.1353784,52.4365019],[13.1353515,52.43652229999999],[13.135297900000001,52.43658609999999],[13.1352496,52.436663],[13.1352228,52.436693199999986],[13.1351785,52.436787200000005],[13.135119500000002,52.43695239999999],[13.1350498,52.43704399999999],[13.1350136,52.43712080000001],[13.1349908,52.437149399999996],[13.1349814,52.43721240000001],[13.1349492,52.4372884],[13.134931800000002,52.4373685],[13.1349345,52.43739059999999],[13.1349613,52.437429],[13.134969300000002,52.43745189999999],[13.134954600000002,52.43748789999999],[13.1349438,52.43750670000001],[13.1349049,52.437550900000005],[13.1348728,52.43760559999999],[13.134845900000002,52.4376302],[13.1348178,52.43769389999999],[13.134757399999998,52.437790400000004],[13.1346998,52.43786399999999],[13.1346703,52.4378812],[13.134628700000002,52.43788769999999],[13.1345925,52.437900799999994],[13.134533900000001,52.43793339999999],[13.1345149,52.437944],[13.1344838,52.4379613],[13.134462399999999,52.4379858],[13.1343578,52.4382335],[13.1343417,52.438307900000005],[13.1342331,52.4384167],[13.134115,52.4385908],[13.1339434,52.4388091],[13.1338964,52.43888179999999],[13.1338723,52.43893740000001],[13.1338347,52.4389677],[13.1337838,52.43905189999999],[13.133769,52.4390854],[13.133762300000003,52.439132],[13.1337208,52.4392064],[13.1337181,52.439217000000006],[13.1337261,52.4392571],[13.1337047,52.4393233],[13.1337114,52.4393715],[13.133702,52.4394018],[13.133700600000001,52.439423899999994],[13.133702,52.439433699999995],[13.1337342,52.4394893],[13.1337368,52.4394991],[13.1337368,52.43950889999999],[13.1337342,52.439518699999994],[13.1337181,52.43953749999999],[13.133714000000001,52.43955789999999],[13.133714,52.43956779999999],[13.1337355,52.4396552],[13.1337529,52.43969770000001],[13.1338173,52.43977790000001],[13.133856200000002,52.439813],[13.133901800000002,52.439867799999995],[13.1339957,52.43993400000001],[13.1340413,52.439946299999995],[13.1340882,52.4399765],[13.1341271,52.4400264],[13.1341888,52.44006889999999],[13.1342491,52.440098299999995],[13.134301500000001,52.44009669999999],[13.1343672,52.440089300000004],[13.1343712,52.440131],[13.134377900000002,52.440139999999985],[13.134458399999998,52.4401825],[13.134516,52.44020129999999],[13.1345496,52.4402365],[13.134544200000002,52.44031009999999],[13.1345536,52.440340299999995],[13.1345831,52.4403902],[13.134563,52.440494799999996],[13.134565700000001,52.4405153],[13.1345871,52.44054390000001],[13.1345911,52.440642799999985],[13.1345482,52.4407393],[13.134532100000001,52.44075559999999],[13.1345201,52.440761300000005],[13.1344892,52.4407646],[13.1344382,52.44076299999998],[13.1344087,52.440758100000004],[13.1342679,52.4407017],[13.1342505,52.4406968],[13.1341673,52.4406968],[13.1341365,52.44068609999999],[13.1340466,52.44064029999999],[13.1338669,52.4406068],[13.1337503,52.44051940000001],[13.1337368,52.44048909999999],[13.133643,52.440446599999994],[13.1335478,52.44036399999999],[13.133534300000003,52.4403567],[13.1334713,52.440346],[13.1334284,52.44033050000001],[13.1333707,52.4402667],[13.1333117,52.44021690000001],[13.133275500000002,52.4401948],[13.1332178,52.440176799999996],[13.1331977,52.4401637],[13.1331334,52.4401122],[13.1331173,52.4400844],[13.1330636,52.44003290000001],[13.1329536,52.4399577],[13.1329469,52.4399487],[13.1328504,52.439869400000006],[13.132804800000002,52.4398212],[13.1327686,52.43979339999999],[13.1326801,52.43976559999999],[13.1326331,52.43973129999999],[13.1325728,52.4396986],[13.132528500000001,52.43968219999999],[13.1324668,52.43966669999999],[13.1324011,52.4396405],[13.1323059,52.439627400000006],[13.1321731,52.4396258],[13.132075200000001,52.4396348],[13.1319585,52.4396397],[13.1319103,52.4396462],[13.131859300000002,52.439664999999984],[13.1317547,52.4397321],[13.1316139,52.439777899999996],[13.1315643,52.4397991],[13.1313846,52.439846499999994],[13.131271900000002,52.439882499999996],[13.1312084,52.43989549999999],[13.1310855,52.4399103],[13.130998,52.43993379999999],[13.1309836,52.4399373],[13.1308615,52.439980599999984],[13.1307864,52.4399978],[13.130668400000001,52.440031299999994],[13.1305557,52.4400444],[13.1304941,52.4400476],[13.130372,52.440068899999986],[13.1300461,52.44016129999999],[13.129972400000002,52.440178499999995],[13.129894600000002,52.440186600000004],[13.129787300000002,52.44018659999999],[13.1297538,52.440185799999995],[13.1295674,52.44016130000001],[13.1293032,52.4401163],[13.1292535,52.44009750000001],[13.1291905,52.4400869],[13.128920900000002,52.439988799999995],[13.1288686,52.439966699999985],[13.1288257,52.439948699999995],[13.128790900000002,52.43992909999999],[13.128743,52.439893899999994],[13.1287265,52.43988169999999],[13.1285991,52.4397345],[13.1285629,52.4397174],[13.128509200000002,52.4396994],[13.1283523,52.43961929999998],[13.1283255,52.4396086],[13.128255800000002,52.4395915],[13.1281471,52.4395792],[13.128030400000002,52.439561199999986],[13.1279553,52.43956119999999],[13.127817200000003,52.439570999999994],[13.127762200000001,52.4395849],[13.1277139,52.43960700000001],[13.1276858,52.439615200000006],[13.1275745,52.43962499999999],[13.127499400000001,52.43964459999999],[13.1274256,52.439670799999995],[13.1273559,52.439707599999984],[13.1272942,52.43975089999999],[13.127209700000002,52.4397901],[13.1271802,52.43982280000001],[13.127156000000001,52.4398351],[13.127090300000003,52.4398482],[13.127001800000002,52.43987919999999],[13.1269254,52.439896399999995],[13.1268382,52.43990870000001],[13.1267551,52.43993319999999],[13.126603500000002,52.43998220000001],[13.1265526,52.440007599999994],[13.126511,52.44002149999999],[13.1264614,52.440028799999986],[13.126375500000002,52.440033699999994],[13.1263313,52.4400444],[13.126278200000002,52.4400674],[13.126253500000002,52.44007139999999],[13.1262039,52.4400738],[13.126173,52.4400722],[13.1260899,52.44005909999999],[13.1260496,52.4400272],[13.1259048,52.4399299],[13.1258471,52.4398555],[13.125824300000001,52.43983999999999],[13.125781400000001,52.439831],[13.1257567,52.439819799999995],[13.1257479,52.43977129999999],[13.125744,52.439760500000006],[13.1257251,52.4397215],[13.1257184,52.43971249999999],[13.125708600000001,52.43970499999999],[13.1256513,52.43966259999999],[13.1256433,52.43965440000001],[13.1256326,52.439636400000005],[13.125607100000002,52.43957669999998],[13.1255373,52.439517099999996],[13.1255133,52.43948950000001],[13.125505100000002,52.4394762],[13.125498400000001,52.4394656],[13.1254891,52.43944759999999],[13.125466300000001,52.43938299999999],[13.1254636,52.43931189999999],[13.1254448,52.4392833],[13.1253952,52.43924239999999],[13.1253952,52.43922109999999],[13.1254032,52.43916389999999],[13.1254274,52.4391034],[13.125434100000001,52.43906499999999],[13.1254207,52.43900529999999],[13.125422000000002,52.43897419999998],[13.1254287,52.438964399999996],[13.125489100000001,52.4389284],[13.125538700000002,52.4388835],[13.1256205,52.4388508],[13.1257184,52.438795999999996],[13.1257291,52.4387878],[13.1258042,52.4387028],[13.1258284,52.438598199999994],[13.1258471,52.4385573],[13.125912800000002,52.43850739999999],[13.125954400000001,52.43849110000001],[13.1260188,52.43847720000001],[13.1260282,52.438468999999984],[13.1260322,52.4384077],[13.1260684,52.43837250000001],[13.1260751,52.4383521],[13.1260698,52.43831120000001],[13.1260885,52.43828089999999],[13.126122100000002,52.4382556],[13.1261503,52.4382467],[13.126195800000001,52.4382425],[13.1262253,52.43823020000001],[13.126236,52.4382213],[13.1262374,52.4381599],[13.1262401,52.43814029999999],[13.1262535,52.4380643],[13.1262656,52.438029900000004],[13.1263232,52.437991499999995],[13.126354100000002,52.437962899999995],[13.1263648,52.43791790000001],[13.1263635,52.437846],[13.1263728,52.4378362],[13.126414400000002,52.437804299999996],[13.1264412,52.43778789999999],[13.1264533,52.4377814],[13.1264681,52.437775699999996],[13.1264828,52.4377724],[13.126515,52.43777],[13.1265271,52.437775699999996],[13.1265365,52.4377929],[13.1265445,52.4378615],[13.126607500000002,52.4378762],[13.1266236,52.4378779],[13.126780500000002,52.43788119999999],[13.126814100000002,52.437884399999994],[13.126844900000002,52.43789100000001],[13.1268583,52.4378967],[13.1268677,52.4379057],[13.1269442,52.437985000000005],[13.1271064,52.43808959999999],[13.127134600000002,52.4381346],[13.1271681,52.438155],[13.1271856,52.438182],[13.1271815,52.4382613],[13.127190900000002,52.43828089999999],[13.1272218,52.4383055],[13.127239200000002,52.438313599999994],[13.1272767,52.43835369999999],[13.1273063,52.43837820000001],[13.1273586,52.43841419999999],[13.127404200000003,52.438442],[13.1275906,52.4385082],[13.1276295,52.4385262],[13.1276952,52.438572799999996],[13.1278199,52.438622699999996],[13.1278682,52.4386603],[13.1279553,52.4387102],[13.1280398,52.438742899999994],[13.1280707,52.438749400000006],[13.1281042,52.438752699999995],[13.128123,52.4387527],[13.1281605,52.438750199999994],[13.1282826,52.43872160000001],[13.128360400000002,52.43868639999998],[13.1284556,52.43865460000001],[13.1284703,52.43864799999999],[13.1284985,52.43863249999998],[13.1285548,52.4385973],[13.128566899999997,52.4385883],[13.1285843,52.43856790000001],[13.1285845,52.438558],[13.1285937,52.43855400000001],[13.1286098,52.4385254],[13.128646,52.43850410000001],[13.1286822,52.43846729999999],[13.128697,52.438408500000016],[13.128705,52.43840029999999],[13.1287546,52.4383725],[13.1288056,52.43837250000001],[13.128833800000002,52.438361099999995],[13.1288499,52.4383341],[13.128899500000001,52.4382932],[13.1289048,52.4382842],[13.1288968,52.4382646],[13.1288686,52.43825559999999],[13.1288566,52.43823919999999],[13.128858,52.438205200000006],[13.1288566,52.4381608],[13.1288646,52.4381379],[13.1289437,52.43805040000001],[13.1289692,52.43798089999999],[13.1290671,52.4378623],[13.129083200000002,52.4378329],[13.1291141,52.43779779999999],[13.1291409,52.4377561],[13.1292012,52.4376956],[13.1292482,52.437611399999994],[13.1292495,52.43754429999999],[13.1292388,52.4374601],[13.1292173,52.4374102],[13.1292106,52.437401200000004],[13.1291972,52.43737999999999],[13.1290738,52.437251599999996],[13.1289692,52.4372083],[13.1288847,52.437180500000004],[13.1288137,52.437134699999994],[13.1286983,52.437075],[13.1286098,52.437021099999995],[13.1284422,52.4369483],[13.1284073,52.436927],[13.1283416,52.4368755],[13.1282665,52.436836299999996],[13.1281511,52.4367603],[13.1281123,52.436742299999985],[13.128084100000002,52.4367357],[13.1278749,52.436738999999996],[13.127718,52.436757799999995],[13.127604000000002,52.436766799999994],[13.1275383,52.436766000000006],[13.127437700000002,52.4367562],[13.127410900000001,52.4367464],[13.1274055,52.436736499999995],[13.127408200000001,52.436675999999984],[13.127427,52.43659259999999],[13.127459100000001,52.4365354],[13.127469900000001,52.43648389999999],[13.127443,52.4363686],[13.1274404,52.4363482],[13.127437700000002,52.436241100000004],[13.1274363,52.4362313],[13.1274109,52.436116],[13.1274055,52.43609560000001],[13.1273787,52.43601949999999],[13.127350500000002,52.435972099999994],[13.1272674,52.4359189],[13.1272499,52.435901],[13.1272325,52.43586340000001],[13.1272016,52.4358421],[13.1271614,52.435823299999996],[13.1270877,52.435797900000004],[13.1269804,52.43575129999999],[13.1268919,52.435729300000006],[13.126646400000002,52.43564179999999],[13.1266317,52.435636900000006],[13.126484200000002,52.43559599999999],[13.1263782,52.43555510000001],[13.1263635,52.4355518],[13.1263138,52.43554290000001],[13.12622,52.4355134],[13.1260362,52.43547740000002],[13.125937,52.435468400000005],[13.1258619,52.4354431],[13.1256849,52.43543],[13.1256111,52.435420199999996],[13.1255132,52.435395699999994],[13.125466300000001,52.4353793],[13.125404600000001,52.435355599999994],[13.1253187,52.435308199999994],[13.1252986,52.43529019999999],[13.1252825,52.435251],[13.1252275,52.435183900000006],[13.125216800000002,52.4351651],[13.1251927,52.43514059999999],[13.125163200000001,52.4351251],[13.125118900000002,52.43511360000001],[13.124999600000002,52.4351103],[13.1248882,52.4350915],[13.1247769,52.435058000000005],[13.12451,52.434995],[13.124426900000001,52.43496729999999],[13.1242338,52.434893699999996],[13.1241265,52.43483809999999],[13.123993700000002,52.434800499999994],[13.1237711,52.43471129999999],[13.1236812,52.434687600000004],[13.123635600000002,52.4346582],[13.1235793,52.43464509999998],[13.1235525,52.434630399999996],[13.1234747,52.43456739999999],[13.1234385,52.43454779999999],[13.1233299,52.4345241],[13.1232159,52.4344808],[13.1231059,52.4344464],[13.123028100000003,52.4344121],[13.1229369,52.4343467],[13.1227344,52.4342469],[13.122616400000002,52.43420849999998],[13.1224099,52.43415699999999],[13.1223133,52.43412260000001],[13.1222503,52.4340908],[13.1221752,52.434032699999996],[13.1221269,52.43401229999999],[13.1219874,52.433984499999994],[13.1218788,52.433959099999996],[13.1218198,52.4339395],[13.121797,52.433927199999985],[13.1217514,52.43388720000001],[13.1216736,52.4338348],[13.1216575,52.4338185],[13.1216334,52.43377919999999],[13.1216025,52.4336967],[13.121554400000003,52.4336538],[13.1215033,52.433587900000006],[13.1213893,52.4334865],[13.121359800000002,52.4334407],[13.1212592,52.43333609999999],[13.1212512,52.4333279],[13.121174700000001,52.433266599999996],[13.1211399,52.433208500000006],[13.121080800000001,52.4331774],[13.1210648,52.433159499999995],[13.1210567,52.43314799999999],[13.1210487,52.433128399999994],[13.1210433,52.4330883],[13.1210393,52.4330793],[13.121024500000003,52.433062199999995],[13.1209105,52.4329951],[13.120875700000001,52.43296159999998],[13.1208529,52.43293130000001],[13.1208475,52.4329215],[13.120812600000002,52.43282670000001],[13.1208032,52.4327866],[13.1207576,52.43270969999999],[13.1207,52.4326394],[13.1206691,52.432616499999995],[13.1206302,52.4325781],[13.1205873,52.4324775],[13.1205779,52.4324366],[13.1204532,52.43226080000001],[13.120446500000002,52.43225189999999],[13.1203996,52.43221510000001],[13.1202681,52.432122699999994],[13.1202266,52.432101399999986],[13.1201689,52.432084999999994],[13.120079,52.4320507],[13.1199959,52.4319959],[13.119928800000002,52.431964799999996],[13.1198658,52.4319428],[13.1198309,52.43192150000001],[13.1197344,52.4318814],[13.119662000000002,52.431844599999984],[13.1196351,52.4318218],[13.1196257,52.4318128],[13.1195533,52.4317187],[13.1195252,52.4316942],[13.1194997,52.431658199999994],[13.1193605,52.4315789],[13.1193305,52.43150750000001],[13.1193234,52.43142400000001],[13.119302,52.43139699999999],[13.1191721,52.4313196],[13.1191636,52.4313109],[13.119155,52.43130130000001],[13.1191493,52.43129169999999],[13.1191493,52.4312709],[13.119157900000001,52.43120909999999],[13.119135,52.4311926],[13.1190423,52.431146399999996],[13.119008,52.4310638],[13.1189609,52.4310377],[13.1189581,52.4309837],[13.1189424,52.43095069999998],[13.118906700000002,52.43091589999999],[13.118901000000001,52.4308959],[13.118889600000001,52.430807999999985],[13.1189096,52.43074359999998],[13.1189467,52.430672200000004],[13.118949500000001,52.430649599999995],[13.1189424,52.430607],[13.118901,52.43052519999999],[13.1188896,52.430437299999994],[13.118901,52.43041469999999],[13.118902400000001,52.43037119999999],[13.118921,52.4303373],[13.1189267,52.4301954],[13.1189467,52.4301302],[13.1189995,52.43003449999999],[13.1189923,52.429964],[13.1189681,52.4299257],[13.1189695,52.42990220000001],[13.118978100000001,52.429881300000005],[13.1190266,52.42982129999999],[13.119033700000001,52.42981089999999],[13.119037999999998,52.4297891],[13.119053700000002,52.4297674],[13.1191265,52.4297195],[13.1191878,52.4296951],[13.1193106,52.429617699999994],[13.119409,52.42957419999998],[13.1195788,52.4295307],[13.119683,52.4295133],[13.1197843,52.429509800000005],[13.119931500000002,52.4295207],[13.1200267,52.4295379],[13.120072300000002,52.4295551],[13.1201488,52.4296074],[13.1203137,52.4296802],[13.1204143,52.4297366],[13.1204814,52.4298008],[13.120504800000003,52.4298507],[13.1205317,52.429885000000006],[13.1206155,52.429920599999996],[13.1206604,52.4299529],[13.1207033,52.4299746],[13.1207315,52.4300183],[13.120757,52.430044499999994],[13.1208488,52.43006859999999],[13.1209038,52.430102599999984],[13.1209461,52.4301414],[13.120991,52.430169600000006],[13.121088,52.43020560000001],[13.1211365,52.43022359999999],[13.1212632,52.430248500000005],[13.1214054,52.43026079999999],[13.1214926,52.430286100000004],[13.1215435,52.4302951],[13.1216776,52.4303074],[13.121935100000002,52.430349899999996],[13.1220467,52.43035359999999],[13.1221564,52.43035729999998],[13.1222999,52.43037040000001],[13.1224354,52.43036949999999],[13.122487500000002,52.430366899999996],[13.1226372,52.430359599999996],[13.1227002,52.4303565],[13.1229597,52.4303528],[13.1230697,52.4303376],[13.1232072,52.43032740000001],[13.123458000000001,52.4302976],[13.1237537,52.430294700000005],[13.1239153,52.43029020000001],[13.1239421,52.430284500000006],[13.123952099999999,52.43027029999998],[13.1239656,52.4302596],[13.1239727,52.430262899999995],[13.1239649,52.430269100000004],[13.1242026,52.4303808],[13.1242661,52.430332099999994],[13.1240274,52.43021989999999],[13.1240202,52.4302256],[13.1240123,52.4302219],[13.1240257,52.4302114],[13.1241144,52.4301586],[13.1241895,52.43013809999999],[13.124396100000002,52.4301046],[13.124448300000001,52.4301005],[13.1245624,52.430102600000005],[13.1246576,52.4300981],[13.1247548,52.430080899999986],[13.125194,52.430067],[13.1253496,52.4300719],[13.125454200000002,52.430081699999995],[13.125509200000002,52.4301038],[13.125578899999999,52.4301659],[13.1256044,52.4302273],[13.1256232,52.43031069999999],[13.1256594,52.430350700000005],[13.1258042,52.4304758],[13.1258163,52.43050120000001],[13.1258914,52.430587],[13.1259236,52.43060909999999],[13.125950400000002,52.43061979999999],[13.1261864,52.43077999999999],[13.126276300000002,52.430818499999994],[13.126335300000001,52.43086589999999],[13.126393000000002,52.430898600000006],[13.1265137,52.430940299999996],[13.12657,52.4309526],[13.1266317,52.430991799999994],[13.126690700000001,52.4310139],[13.126757699999999,52.43104900000001],[13.126853,52.431087500000004],[13.1268905,52.4310981],[13.1270555,52.4311284],[13.1271386,52.4311365],[13.1274793,52.4311341],[13.1277113,52.431115299999995],[13.127864200000001,52.4311136],[13.128000900000002,52.4311259]]],[[[13.171800600000001,52.42122619999999],[13.1718697,52.42131820000001],[13.1719618,52.4213804],[13.1720776,52.421412000000004],[13.1721599,52.4214042],[13.1722598,52.42140419999999],[13.1723604,52.4213909],[13.172472700000002,52.4213371],[13.172614600000001,52.42126139999999],[13.1726221,52.42122739999999],[13.172673000000001,52.42120209999999],[13.1727625,52.42118870000001],[13.172907,52.4211509],[13.1730398,52.421091499999996],[13.173133900000002,52.42106669999999],[13.1733904,52.4209992],[13.173556600000001,52.4209601],[13.173736,52.42091800000001],[13.1738078,52.4208752],[13.1739352,52.420856400000005],[13.1740461,52.4208423],[13.1742231,52.42081279999999],[13.1744685,52.4208392],[13.1745964,52.4209078],[13.1746555,52.4209551],[13.1748523,52.4210649],[13.1751304,52.421221],[13.1751492,52.4212324],[13.1751615,52.4212414],[13.1751737,52.42125269999999],[13.1751852,52.42126339999999],[13.1751963,52.4212716],[13.1752528,52.42132509999999],[13.175261,52.421336200000006],[13.1752423,52.4213667],[13.175372,52.42149229999999],[13.1754246,52.42149119999999],[13.1755045,52.421572],[13.175514600000001,52.4215814],[13.175524,52.4215897],[13.175743600000002,52.4218009],[13.1757205,52.42183099999999],[13.1757932,52.4219024],[13.1758154,52.42192399999998],[13.175833799999998,52.4219418],[13.175906200000002,52.42200789999999],[13.1759558,52.42201039999999],[13.1761133,52.42216289999999],[13.1761358,52.42218509999999],[13.1762479,52.42229589999999],[13.176220400000002,52.42234169999998],[13.176284600000002,52.422413],[13.176293800000002,52.42242349999999],[13.1763034,52.4224343],[13.176401100000001,52.422549499999995],[13.1764551,52.4226122],[13.176464300000001,52.4226228],[13.1764752,52.422635500000005],[13.1765855,52.4227634],[13.176648300000002,52.42276889999999],[13.176659200000001,52.42275969999999],[13.1770084,52.42318219999999],[13.177303400000001,52.4235631],[13.1773607,52.423637199999995],[13.177682400000002,52.424070300000004],[13.1779161,52.42434579999998],[13.1779842,52.4244262],[13.1783697,52.424836299999996],[13.1788837,52.4253817],[13.1789937,52.42551040000001],[13.179556900000001,52.4261043],[13.180479399999998,52.42711940000001],[13.181990700000002,52.42882329999999],[13.1820639,52.42888339999999],[13.1823047,52.42915839999999],[13.1823925,52.4292604],[13.182479400000002,52.42935409999998],[13.1825004,52.42937729999999],[13.182525,52.4294044],[13.182583,52.42946820000001],[13.1826522,52.42954480000001],[13.1826768,52.429573999999995],[13.182866700000002,52.429798999999996],[13.182928,52.4298557],[13.1830603,52.430048299999996],[13.183083400000001,52.43008129999998],[13.1831483,52.43017389999999],[13.183249600000002,52.4304292],[13.1833623,52.43096909999999],[13.183346200000003,52.431515499999996],[13.1832058,52.43179839999999],[13.1831842,52.431842],[13.1830745,52.43206289999999],[13.183029,52.43203],[13.182855300000002,52.43198129999999],[13.182862,52.431960700000005],[13.1825294,52.431921300000006],[13.1825174,52.431937899999994],[13.1825606,52.43194449999999],[13.182512300000003,52.432024999999996],[13.1824214,52.43202130000001],[13.1824175,52.432094800000016],[13.1824343,52.432163300000006],[13.1825113,52.4321696],[13.1824925,52.43220759999999],[13.1824553,52.432282900000004],[13.182381100000002,52.43227509999999],[13.1822613,52.43240689999999],[13.182232800000001,52.43243039999999],[13.1821084,52.4325068],[13.1819803,52.4325653],[13.1819438,52.432581899999995],[13.1818299,52.43262969999999],[13.1817135,52.43266779999998],[13.1816871,52.432675899999985],[13.1816383,52.43268949999999],[13.1812607,52.432688399999996],[13.1811178,52.432726699999996],[13.1810924,52.43273349999999],[13.1810767,52.43274019999999],[13.1810448,52.4327538],[13.181001200000003,52.432772299999996],[13.1808605,52.432762499999995],[13.180858799999998,52.432828900000004],[13.1808577,52.43287099999999],[13.1808569,52.432900599999996],[13.1807682,52.4330609],[13.1806632,52.4331871],[13.1804926,52.433354599999994],[13.1804429,52.4333497],[13.180401400000001,52.433357799999996],[13.1803491,52.43339219999999],[13.1802981,52.4333905],[13.1802592,52.4334093],[13.180241800000001,52.43344449999999],[13.1802646,52.433483800000005],[13.1803075,52.4335083],[13.1802103,52.4336091],[13.1801882,52.433617299999995],[13.1801546,52.4336098],[13.1801017,52.4336162],[13.1800781,52.433646499999995],[13.1801074,52.43367979999999],[13.1799948,52.4337788],[13.179766,52.4339129],[13.1795537,52.4340168],[13.1795014,52.4340245],[13.1794411,52.433981200000005],[13.1793649,52.433995700000004],[13.1793249,52.434047299999996],[13.1793168,52.4340577],[13.179334700000002,52.43410719999999],[13.179306800000003,52.43417560000001],[13.179248099999999,52.43416789999999],[13.179210300000001,52.434179900000004],[13.179209600000002,52.4342038],[13.179245599999998,52.4342334],[13.179163799999998,52.43429329999999],[13.1789803,52.4343815],[13.1787614,52.43445669999999],[13.1785317,52.434496200000005],[13.17809,52.4345136],[13.177576,52.4345338],[13.1775842,52.43461119999999],[13.1775055,52.4347014],[13.1774136,52.4348326],[13.1772775,52.434949],[13.1771996,52.4350086],[13.1675252,52.4327213],[13.167559900000002,52.4326625],[13.1675695,52.432605599999995],[13.1675427,52.432535099999996],[13.1674822,52.432458299999986],[13.1674332,52.432393700000006],[13.1673848,52.4323309],[13.1673301,52.4322452],[13.1673406,52.432141900000005],[13.1673352,52.43212139999999],[13.167324,52.432079499999986],[13.1672389,52.43175900000001],[13.167195500000002,52.4315956],[13.167178100000001,52.4315302],[13.1671252,52.4313308],[13.1671168,52.43129919999999],[13.1671107,52.4312068],[13.167053800000001,52.431067199999994],[13.1669853,52.4310372],[13.1669639,52.43099560000001],[13.166927200000002,52.4309185],[13.1668471,52.4307453],[13.166828600000002,52.430701899999995],[13.1668008,52.43063260000001],[13.1667461,52.4305099],[13.166743400000001,52.43048129999999],[13.166668000000001,52.43033059999999],[13.1666615,52.43020229999999],[13.166662300000002,52.43008669999999],[13.166653900000002,52.4300498],[13.1666163,52.429969799999995],[13.1665705,52.429775400000004],[13.1665489,52.42968379999999],[13.1665312,52.42960870000001],[13.166479100000002,52.42952549999998],[13.166595100000002,52.42933449999999],[13.1666216,52.429196000000005],[13.1668212,52.428747699999995],[13.1668463,52.42855649999999],[13.1668493,52.4285335],[13.1667229,52.428410400000004],[13.1666719,52.4283538],[13.1666343,52.4283282],[13.166355800000002,52.42816330000001],[13.1663128,52.42813619999999],[13.1661505,52.4280947],[13.1659896,52.428052699999995],[13.1659008,52.428030699999994],[13.165549,52.4279909],[13.1654811,52.427964899999985],[13.1653856,52.42793579999999],[13.1651309,52.4278573],[13.1649135,52.42778820000001],[13.1648639,52.4277729],[13.1647871,52.427755399999995],[13.1646252,52.42770269999998],[13.16455,52.427679],[13.164344,52.4276116],[13.1641096,52.42753639999999],[13.163866500000001,52.4274582],[13.1636969,52.427382299999984],[13.1636933,52.42730009999999],[13.163628,52.42724020000001],[13.1634871,52.4272043],[13.1633834,52.4271917],[13.1633068,52.427149400000005],[13.163145700000001,52.42704149999999],[13.1630028,52.4269458],[13.1628041,52.4268075],[13.162674500000001,52.426708999999995],[13.1625942,52.426647],[13.1624953,52.42654339999999],[13.162337500000001,52.42637460000001],[13.1622903,52.4263274],[13.162248900000002,52.4262672],[13.162152700000002,52.4261244],[13.1621007,52.426047499999996],[13.1619401,52.4257826],[13.161897099999997,52.4257102],[13.1618674,52.42530070000001],[13.1616543,52.425260599999994],[13.1616964,52.4251479],[13.1617227,52.4250739],[13.161790100000001,52.42507950000001],[13.161826000000001,52.425007400000005],[13.1618514,52.42495199999998],[13.1618611,52.424931699999995],[13.1618946,52.424842],[13.1619005,52.42482629999999],[13.1619377,52.42465279999999],[13.1619693,52.4245897],[13.1619975,52.4245332],[13.162005700000002,52.424512099999994],[13.1620611,52.4244],[13.1620401,52.4243752],[13.1621029,52.42428359999999],[13.1622558,52.4240644],[13.1622615,52.4240623],[13.1623429,52.4240327],[13.1624053,52.423985099999996],[13.1624765,52.4239057],[13.1625957,52.4237937],[13.162624200000002,52.42376519999999],[13.1627182,52.42367869999998],[13.162799700000003,52.423602300000006],[13.1628135,52.42353039999998],[13.1628944,52.4234781],[13.1630408,52.423383400000006],[13.1631315,52.4233247],[13.163251700000002,52.4232555],[13.1634346,52.42315429999999],[13.1636063,52.4230718],[13.1637474,52.42300399999999],[13.1637845,52.4229916],[13.163907600000002,52.42294489999999],[13.1641474,52.422856599999996],[13.1644889,52.422734199999994],[13.164568,52.42269809999999],[13.164951600000002,52.42254739999999],[13.1650899,52.42251370000001],[13.1653457,52.42245289999999],[13.165497700000001,52.4224089],[13.1656028,52.422383100000005],[13.1656421,52.422372300000006],[13.165719200000002,52.4223867],[13.165453700000002,52.4224552],[13.1657729,52.422436399999995],[13.1658577,52.422414299999986],[13.165889,52.4224068],[13.1661986,52.42234280000001],[13.1662506,52.42233089999999],[13.1664448,52.422293599999996],[13.1669477,52.42220120000001],[13.1672492,52.4221365],[13.1673972,52.4220895],[13.1675922,52.4220464],[13.1679133,52.42199149999999],[13.167964,52.4219808],[13.1685293,52.42188530000001],[13.1688319,52.42183469999999],[13.1691605,52.42177129999999],[13.1695306,52.42170959999999],[13.1697442,52.4216732],[13.169938000000002,52.42164019999999],[13.1702121,52.42159289999999],[13.170306100000001,52.421576599999995],[13.1706471,52.42151760000001],[13.1706998,52.42150869999999],[13.1707526,52.4215184],[13.170945600000001,52.42147779999999],[13.170972,52.4214587],[13.170989800000001,52.42144590000001],[13.1711356,52.4214057],[13.1711483,52.4213929],[13.171196100000001,52.42134459999999],[13.1712432,52.421272399999985],[13.171310900000002,52.42110579999999],[13.1713169,52.4210228],[13.1712996,52.4209527],[13.171273422138752,52.420788559740025],[13.17127162924369,52.4207886553449],[13.171253858539453,52.420789052952216],[13.171236112639649,52.420788354818804],[13.17121857183604,52.420786568037464],[13.171201414336632,52.42078371076122],[13.171184814455128,52.42077981201896],[13.171168940839907,52.42077491142042],[13.171153954760616,52.420769058753876],[13.171140008469695,52.42076231348015],[13.17112724365555,52.42075474412863],[13.171059786772043,52.42071049634641],[13.170910744165331,52.420648209821536],[13.1707733097798,52.42061417842282],[13.170600175379967,52.42057493723661],[13.170599873864123,52.42057486870606],[13.170445873564757,52.42053976862356],[13.170432513492885,52.420536335163625],[13.17023501315885,52.420479635036095],[13.17022305111235,52.42047585371478],[13.170211595655228,52.42047152557711],[13.170055912778096,52.42040755973455],[13.169843286466122,52.4203265403412],[13.169830547938684,52.42032119928795],[13.169818622353272,52.420315197477066],[13.169807601125077,52.42030858091545],[13.169797568736824,52.42030140032231],[13.169750566746822,52.42026461273711],[13.169638159831328,52.4202126201628],[13.169620929287268,52.420203524373434],[13.169579329286954,52.4201785243302],[13.16957843113347,52.42017798069211],[13.169489114858495,52.42012353017716],[13.169390161078232,52.420083341004926],[13.169009542097276,52.41993093347157],[13.169009306830299,52.419930839101234],[13.16882240662124,52.419855738947135],[13.168808089934847,52.41984933361275],[13.168794897803341,52.41984208156887],[13.168079397406844,52.41940703189636],[13.167926606812141,52.419362443150554],[13.167918037897477,52.41935976464616],[13.16780532654484,52.41932212740454],[13.16746218649953,52.41920734737885],[13.167340646804387,52.41916676748507],[13.167339841563102,52.419166496962234],[13.167325641542542,52.41916169695187],[13.167319134564046,52.419159385265104],[13.167047219496675,52.41905797956113],[13.166962983896365,52.41902655832145],[13.166565462079586,52.41889529916208],[13.1662142759076,52.41878566533192],[13.166201538493437,52.41878127282219],[13.166189439854522,52.41877625039521],[13.166140275817625,52.418753966670494],[13.165873511610851,52.41863318274093],[13.165861117053632,52.41862702047438],[13.165849685047245,52.41862019793553],[13.165839309334675,52.418612771069824],[13.165669409509926,52.41847937087272],[13.165657815231762,52.41846909088671],[13.165648241859955,52.418458060481036],[13.165528542325346,52.41829846032399],[13.165527899801438,52.41829759354634],[13.165447900124848,52.418188393441106],[13.16544121864162,52.41817781494777],[13.165436390511104,52.418166866021444],[13.165413336816798,52.41810098123213],[13.164992711101755,52.4179748406944],[13.164770310738831,52.41790814054584],[13.164760958095716,52.41790511962221],[13.164519057756168,52.417821219442125],[13.164501171280682,52.417814108839345],[13.16428349773882,52.41771563294957],[13.164161679368737,52.4176824681383],[13.163903498453454,52.41763923161508],[13.163886171187125,52.41763573152544],[13.163869527982996,52.41763115571613],[13.163853746929268,52.41762555315],[13.16383899688864,52.41761898377658],[13.163825435691383,52.41761151789053],[13.163813208446498,52.41760323537954],[13.163802445989013,52.41759422486934],[13.16369904618038,52.4174975247428],[13.163690468144518,52.417488593794864],[13.16368333058369,52.41747920097859],[13.16367769930603,52.417469432896745],[13.163673626231471,52.41745937961204],[13.16367114891307,52.417449133816724],[13.163670865731884,52.417445722725326],[13.163668604815486,52.41744566315209],[13.163650683775993,52.417444628895154],[13.16363302841072,52.41744248338571],[13.163615822546705,52.417439248962765],[13.163599245330689,52.41743495930299],[13.163583469363811,52.417429659070216],[13.163568658904481,52.4174234034502],[13.16355496815808,52.41741625757624],[13.163523386557106,52.41739799048228],[13.163509849368316,52.41739858551874],[13.163492815738282,52.41739882984957],[13.163475823006639,52.4173980683016],[13.163459029688957,52.41739630797888],[13.163442592440548,52.41739356530248],[13.163426664595082,52.417389865857295],[13.163411394734192,52.41738524415334],[13.163396925301425,52.41737974330383],[13.163383391273458,52.41737341462304],[13.163370918900943,52.41736631714758],[13.163336618905728,52.41734481711126],[13.16332475310368,52.41733657941058],[13.163314318082772,52.41732764697446],[13.163305421917096,52.4173181123157],[13.163298156742714,52.417308074184234],[13.163292597803439,52.41729763654436],[13.163288802671586,52.41728690749798],[13.163286810651744,52.41727599816501],[13.163286642373754,52.41726502153246],[13.163288299579095,52.41725409128432],[13.16329176510292,52.41724332062407],[13.163297003051872,52.41723282110225],[13.163303103386571,52.41722394644803],[13.163167967123014,52.41720504789425],[13.163153048436868,52.417202535856575],[13.163138547176851,52.41719923411491],[13.163124574919415,52.417195168073725],[13.162940736715601,52.41713548779112],[13.162777069652352,52.417094523365975],[13.162761704916146,52.4170901393526],[13.162488704499397,52.41700223916018],[13.162472554738006,52.416996346507425],[13.162457522722793,52.41698943611566],[13.162443779299972,52.41698158652517],[13.162431480669978,52.416972886950646],[13.162420766612179,52.41696343626723],[13.162317291160516,52.41686088768818],[13.162247812925033,52.41681320421694],[13.162018042927535,52.41678838113554],[13.161640098473466,52.41675420317945],[13.161389150819446,52.416731524214],[13.160651184417976,52.416683454356395],[13.160090183076273,52.41664685425576],[13.160073084077109,52.416645216582495],[13.160056329836864,52.41664256226439],[13.16004008162931,52.41663891685152],[13.160024495857106,52.416634315434095],[13.160009722546292,52.41662880230465],[13.159995903902109,52.416622430531746],[13.159983172940178,52.41661526144902],[13.159971652206082,52.41660736406491],[13.15996145259577,52.416598814398306],[13.159956365603536,52.41659353080308],[13.159493573147765,52.4165642518423],[13.159446429093135,52.416576488100326],[13.159429265829807,52.41658031448515],[13.159411547400673,52.416583035017425],[13.159393463828081,52.41658462052066],[13.159375209050465,52.41658505399103],[13.159356978842395,52.416584330779735],[13.159338968714929,52.41658245864298],[13.1593213718188,52.416579457658585],[13.15875367066644,52.41646295738016],[13.158733973324441,52.4164580900445],[13.15820075227769,52.41630287355357],[13.157991191973291,52.41624841260742],[13.157773322562594,52.41620507088968],[13.157757671615222,52.416201446913256],[13.157742652750862,52.4161969323801],[13.157728401144928,52.41619156792275],[13.15771504506707,52.416185401823434],[13.157702704726695,52.416178489579366],[13.15769149119104,52.4161708934034],[13.157681505385503,52.416162681663955],[13.157672837185313,52.41615392826971],[13.15763983727958,52.41611672822758],[13.157632098204852,52.4161068348116],[13.157626042114359,52.416096512026215],[13.157621731612478,52.416085866584474],[13.157607190841501,52.416040092280916],[13.157592597571204,52.41604033244495],[13.157574755779606,52.41603951754628],[13.157557140750633,52.41603760179438],[13.157484840589031,52.41602740176879],[13.157467706497654,52.41602442004241],[13.157451151608301,52.41602039686163],[13.157435344753871,52.41601537325635],[13.157420447138367,52.416009400459245],[13.157406610692858,52.4160025393831],[13.157393976525999,52.41599485999976],[13.157382673484978,52.41598644062635],[13.157372816841473,52.41597736712668],[13.157364507116089,52.41596773203553],[13.157357829053252,52.415957633614916],[13.157353809138048,52.41594918828822],[13.157337464373525,52.415945919321985],[13.156829368632296,52.415844320137964],[13.156812383809278,52.41584031971286],[13.156796163552533,52.415835270436695],[13.156780880545064,52.41582922606483],[13.156766697491596,52.41582225094656],[13.156753765386371,52.41581441933997],[13.156474843115154,52.41562711087475],[13.156071418302231,52.41550246943188],[13.155710368275594,52.41540856089406],[13.155639985862754,52.41539026545686],[13.155639821807934,52.41539022275197],[13.155550904017382,52.41536704417062],[13.15512358564919,52.4152559653363],[13.15510778945805,52.415251278618086],[13.155092833456319,52.41524565494583],[13.155078865807656,52.415239150031354],[13.15482943115651,52.415110502469254],[13.154677016346781,52.41503484036566],[13.15466469802937,52.41502811656702],[13.154653461876185,52.415020717927256],[13.15464340634143,52.41501270927563],[13.154361406777298,52.414764908936526],[13.15435239943983,52.414756120940986],[13.154344814040584,52.41474684460006],[13.154338720708191,52.41473716567667],[13.154334175776516,52.41472717365561],[13.154331221263849,52.41471696091635],[13.15423732380924,52.41426726456383],[13.154201725262961,52.41409686828696],[13.154200438596291,52.41408742396996],[13.154200512612457,52.414077947046245],[13.154201946739198,52.41406851067466],[13.15420483435601,52.41405566598391],[13.154253247073262,52.41383865071251],[13.15427996660767,52.4136320002622],[13.154310680844043,52.41339718579998],[13.154310127745276,52.413302541316085],[13.154280505372354,52.413035105038254],[13.154224012865782,52.41296321954558],[13.15421654698334,52.41295219571003],[13.154211117945959,52.4129407350769],[13.154207792185806,52.412928977887105],[13.154158777600863,52.41267162335742],[13.153915622518296,52.41244753664648],[13.153907428011081,52.412439190109545],[13.153900497543544,52.41243042576231],[13.153894887570868,52.41242131499964],[13.153890643791327,52.41241193203821],[13.153845954890523,52.41229236048667],[13.153802466001821,52.412176288933175],[13.153799520412337,52.41216628076131],[13.15379812917113,52.41215614743935],[13.153798304642622,52.41214597903332],[13.153800045266125,52.41213586592098],[13.153803335569764,52.412125897988574],[13.153808146308004,52.41211616383194],[13.154197548490353,52.411444364396274],[13.154204094097224,52.41143461328889],[13.154212164852023,52.41142529943404],[13.154221683680339,52.411416511776466],[13.15423255967921,52.41140833423582],[13.154244688985255,52.41140084490531],[13.154257955766543,52.41139411530583],[13.154272233328767,52.411388209703084],[13.154287385325123,52.411383184493815],[13.154303267058385,52.41137908766726],[13.154319726862695,52.41137595834685],[13.154336607551906,52.41137382641666],[13.15435374792063,52.41137271223596],[13.154370984283672,52.411372626444845],[13.154388152039136,52.411373569862626],[13.154405087240294,52.41137553347993],[13.15442162816118,52.41137849854484],[13.154437616841005,52.41138243674194],[13.1544529005926,52.41138731046262],[13.154580300420958,52.411432910365626],[13.154594177129463,52.41143842747205],[13.154607147070791,52.411444715703624],[13.154619096037415,52.41145171968919],[13.154629918811871,52.41145937775498],[13.154639520093262,52.41146762246765],[13.15464781533645,52.41147638122809],[13.154654731496525,52.411485576910664],[13.154713231774478,52.41157407683283],[13.154719979305836,52.41158636194042],[13.154724268767037,52.411599053237765],[13.154763186736448,52.41176352345617],[13.155132872528183,52.41196290407203],[13.155145815246685,52.411970641546795],[13.15515739313887,52.411979149370865],[13.155331393348593,52.41212124916634],[13.155340396877111,52.41212934308876],[13.155348163346536,52.41213790283006],[13.15535462878952,52.41214685789002],[13.155633130194436,52.41258545751818],[13.155639741618899,52.41259813798557],[13.15589237771792,52.41321105804977],[13.156035254745454,52.413403697471495],[13.15614944781732,52.41345886235548],[13.156163987754834,52.41346671789471],[13.156177028842567,52.413475502382454],[13.156188413302564,52.413485109539984],[13.156590414077682,52.413866909046085],[13.156598053163949,52.413874897463664],[13.156604544369845,52.41388325686656],[13.156644498005607,52.4139409776011],[13.156695564416035,52.41399805966657],[13.15706867900131,52.41416090644502],[13.157073724032688,52.41416319230311],[13.157457623746346,52.414343691953555],[13.157461251660287,52.414345444425976],[13.157750703059701,52.414489070504835],[13.15797167011596,52.41459822868761],[13.158218705720982,52.41470640498283],[13.158233387858024,52.41471358793607],[13.158246736207634,52.41472168568968],[13.158258599101996,52.41473060623509],[13.158268841751152,52.41474024821496],[13.158310100496672,52.414784031391214],[13.158877752510465,52.41507045132017],[13.158969643839932,52.415089304867976],[13.159043572266315,52.415104369899474],[13.159043913455731,52.4151044396629],[13.159260788763964,52.41514893458106],[13.159401740245439,52.4151778246261],[13.159657615744994,52.41523021959034],[13.159674650014752,52.415234320183636],[13.159690897531654,52.41523947818425],[13.159706183308645,52.41524563804021],[13.159766380442418,52.41527273671977],[13.15980547759369,52.415290335417886],[13.159816067814889,52.41529549708671],[13.159860467795925,52.41531889704356],[13.159860613351926,52.415318973839895],[13.160178428865388,52.415486839240415],[13.160201606231352,52.41549240723445],[13.160216310421626,52.415496422590856],[13.160230354475965,52.41550124115585],[13.160243621351599,52.41550682277178],[13.160256000482617,52.41551312092169],[13.16033111094446,52.41555502669438],[13.160421610921679,52.41560552660373],[13.160434576176534,52.41561356083044],[13.160446097392036,52.41562237950683],[13.160456048410333,52.415631886068695],[13.160464320266975,52.41564197641943],[13.16053051378667,52.41573451468495],[13.16059547900485,52.41580345550065],[13.160634620132123,52.415827139583776],[13.16065406093057,52.41583252866942],[13.160698872893438,52.415831115299746],[13.160737803830777,52.41582429108408],[13.160776299254909,52.415804388709816],[13.160901672165425,52.41568278001974],[13.160911431026165,52.41567425533621],[13.160922487858553,52.41566634530162],[13.160934739761274,52.415659123530894],[13.160948072711214,52.41565265723356],[13.160962362624653,52.41564700658835],[13.160977476512032,52.415642224183024],[13.160993273715611,52.415638354525115],[13.16100960721849,52.41563543362761],[13.161026325012799,52.41563348867386],[13.161043271514327,52.41563253776458],[13.161060289010447,52.415632589749436],[13.161077219127831,52.41563364414462],[13.161200984214187,52.41564506279415],[13.161289149676803,52.415606031827956],[13.161303663980997,52.41560024848538],[13.16131903604081,52.41559536355935],[13.161335117598092,52.41559142416319],[13.161351753551985,52.41558846829094],[13.161362791098595,52.415586861891256],[13.161391226909961,52.415556584681354],[13.161400652635368,52.415547607861946],[13.161411482440528,52.415539244255655],[13.161423610395152,52.41553157566938],[13.161436917871558,52.4155246771118],[13.161451274705003,52.41551861605969],[13.161466540466858,52.41551345179793],[13.161482565838178,52.41550923483961],[13.161499194070204,52.41550600643196],[13.161516262517562,52.415503798152926],[13.161533604229083,52.41550263160232],[13.161551049580796,52.41550251819049],[13.161568427935004,52.41550345902674],[13.161585569309318,52.415505444908526],[13.161602306039265,52.415508456411395],[13.16163111024914,52.41551460079214],[13.161638019808052,52.41550929669863],[13.161649605593857,52.415501257189895],[13.161662438756697,52.41549396025001],[13.161676392646509,52.41548747789191],[13.161691329553037,52.415481874089465],[13.161707102064895,52.41547720414615],[13.16172355452434,52.41547351414923],[13.161740524563406,52.415470840514914],[13.161757844706298,52.41546920962913],[13.161775344022146,52.41546863758689],[13.161792849811874,52.41546913003367],[13.161988849341437,52.41548063000159],[13.162003778502346,52.4154819015182],[13.162385977620596,52.41552470140798],[13.16240271059643,52.41552709553793],[13.162418983188328,52.4155304738674],[13.162434640963056,52.41553480433475],[13.162449535322102,52.415540045842214],[13.162463524911923,52.41554614864585],[13.162476476965427,52.41555305482767],[13.162488268561985,52.4155606988453],[13.162492690176595,52.415564191549464],[13.16267654407801,52.41560126262863],[13.162691132188879,52.41560464838467],[13.16270517392353,52.415608809137325],[13.162718559417385,52.415613712332274],[13.162731183940275,52.41561931960626],[13.162826483878053,52.41566571951768],[13.162839622520995,52.4156727956223],[13.162851549266376,52.415680633257374],[13.162862146622835,52.41568915521418],[13.162871310194685,52.41569827754265],[13.162878949710318,52.415707910378394],[13.162884989911511,52.415717958827926],[13.162889371294824,52.41572832390349],[13.162892050697822,52.415738903498095],[13.162893001724306,52.41574959339151],[13.162892215004389,52.41576028827684],[13.162885539124817,52.4158033117586],[13.163075255292304,52.415945941067335],[13.163084142609147,52.41595322979136],[13.16309199451709,52.41596095025107],[13.163266594975578,52.41614995002992],[13.16327406519227,52.416159005843454],[13.163339633437513,52.416248753036015],[13.163645059460091,52.416464477400126],[13.163781893052587,52.41650615073142],[13.16379514603595,52.41650651232228],[13.163812368728566,52.41650803150484],[13.163829262850504,52.41651058079609],[13.16384566402135,52.41651413539133],[13.164224863320504,52.41660943517118],[13.164240199694579,52.41661382682004],[13.164254776693188,52.41661909740899],[13.164268459977919,52.41662519836557],[13.164281123446473,52.416632073464825],[13.164292650394774,52.41663965934742],[13.164302934592483,52.41664788610363],[13.164311881262012,52.41665667791751],[13.164319407951986,52.416665953765616],[13.164320355602483,52.4166674723056],[13.164324407542662,52.416668292590636],[13.16434024893017,52.416672595281526],[13.164355323221407,52.41667782781932],[13.16445222310595,52.41671542774129],[13.164457693472185,52.41671763865455],[13.16467899324707,52.41681073846652],[13.164693725049013,52.416817662323425],[13.1647071840537,52.41682549522779],[13.164853852827298,52.416920344258585],[13.165038810246449,52.41696175380054],[13.165285039710891,52.4170108847562],[13.165420742931357,52.41702956454435],[13.165801495337963,52.41706959690513],[13.165820469634538,52.417072258227535],[13.165838848820625,52.41707618165498],[13.165856409083219,52.41708131940988],[13.165872936581568,52.417087608927176],[13.16620718148267,52.41723103068329],[13.166287795159825,52.41722829520167],[13.166328199725616,52.41720996937022],[13.166337544398697,52.417206009915056],[13.166548844138038,52.41712251008271],[13.16656543213533,52.41711670849015],[13.166582949152298,52.41711203803852],[13.166601189629914,52.41710855353466],[13.166619939519663,52.41710629586855],[13.166695239340523,52.417099795882486],[13.166713412109361,52.417098809729985],[13.166731654269997,52.417098976461524],[13.166749770712109,52.41710029429384],[13.166767567669973,52.417102749131985],[13.166784854794864,52.41710631472004],[13.166801447190881,52.41711095292203],[13.166817167392505,52.41711661412971],[13.166831847262651,52.41712323779316],[13.16684532979099,52.41713075306842],[13.166923110910261,52.4171788413091],[13.166987992022444,52.41721892956695],[13.166997905614542,52.41722558932038],[13.167062929364432,52.41727311352867],[13.167486541298503,52.41730980283106],[13.167502040346013,52.41731158043345],[13.167517217849976,52.41731419720691],[13.16753195253328,52.41731763224193],[13.167851853296254,52.417402405902166],[13.167901354490951,52.417415479799935],[13.167914847987063,52.417419467610436],[13.167927739205549,52.417424141311095],[13.168211733227984,52.41753733882417],[13.168360527403456,52.41759663644833],[13.168376921378172,52.417604028037275],[13.16839181255215,52.417612525812885],[13.168649998506723,52.41777791650321],[13.168688881989974,52.417802813076456],[13.168812102307836,52.41787477283797],[13.168860756995358,52.417903146366655],[13.168873684067155,52.417911535994676],[13.168885073140828,52.41792072114046],[13.168894794160039,52.417930596916044],[13.16890273611625,52.417941050546816],[13.168910232232648,52.41795247899427],[13.16918127700105,52.41808800110762],[13.169189361215027,52.418092300157085],[13.16930108350514,52.4181554561288],[13.16934708872076,52.41818140002075],[13.169435937146845,52.41821221304824],[13.169724136742989,52.4183123128335],[13.16973592464546,52.418316790922134],[13.169747100361535,52.41832182169459],[13.169962100222934,52.4184268214944],[13.169975266137325,52.418433936062975],[13.169987209218617,52.418441816121806],[13.169997810987512,52.4184503834986],[13.169999086866781,52.41845166138783],[13.170125175930158,52.41849287778736],[13.170137735906268,52.41849740094798],[13.170149642268695,52.4185025426545],[13.170160813729373,52.418508267803176],[13.170401117449892,52.41864213271692],[13.170592742551348,52.41874125241164],[13.170605071350602,52.41874827392183],[13.170616248380389,52.418755982513105],[13.170626171690056,52.41876430787238],[13.170630857778715,52.41876915078989],[13.17071882614632,52.41881382883947],[13.170729134782533,52.41881949749732],[13.17078493478021,52.4188526974396],[13.170797310004957,52.418860861904705],[13.170808243105919,52.41886976269738],[13.170817617644028,52.41887930502368],[13.170843071925251,52.41890853316962],[13.170852718932762,52.41891646088821],[13.171162749330907,52.41907313574749],[13.171193256864457,52.419084511426085],[13.171206318454143,52.41908988488862],[13.171218544541464,52.419095948897066],[13.17122983776541,52.419102655161566],[13.171249222366601,52.419115241669076],[13.171257318567033,52.41911908392947],[13.171306642114084,52.419132732745965],[13.17132130758888,52.41913730650112],[13.171335211877158,52.41914269618726],[13.171468126850412,52.419199701668994],[13.171499669817193,52.41921214911368],[13.171530276064566,52.4192148143833],[13.171548110291427,52.41921694540169],[13.171565491378894,52.41922018676979],[13.171582234920276,52.41922450409797],[13.171598163272858,52.419229851581015],[13.171613107442589,52.41923617248423],[13.171626908877027,52.41924339974521],[13.17163942114751,52.41925145668542],[13.172209001178194,52.41965827180552],[13.172303410572374,52.41967919087356],[13.172317803021508,52.41968282688539],[13.172426212514825,52.419713706580154],[13.17244057354144,52.41971697255689],[13.172701566336668,52.419696051922976],[13.172719225394857,52.419695184888745],[13.172736937641798,52.41969540505792],[13.172754524468747,52.4196967102103],[13.172771808531659,52.41969908718491],[13.172788615539455,52.419702512012506],[13.17280477601155,52.419706950157426],[13.172820126986819,52.419712356865816],[13.172834513666889,52.419718677616814],[13.172847790977084,52.41972584867247],[13.172859825029342,52.41973379772035],[13.17287049447233,52.41974244460275],[13.172879691715163,52.419751702125005],[13.172887324012363,52.41976147693477],[13.172891078524788,52.4197678657932],[13.173174883992269,52.41975894050377],[13.173368233126213,52.41975022840163],[13.173385497100973,52.41974996865607],[13.17340271990201,52.41975074213025],[13.17341973650446,52.41975254141291],[13.173436383859165,52.41975534926378],[13.173452502454928,52.419759138778694],[13.173467937846898,52.41976387364736],[13.173482542136385,52.419769508501375],[13.173496175387987,52.41977598934882],[13.173496980239253,52.41977645593305],[13.173633919267498,52.41977247086594],[13.173699079817752,52.41976725081843],[13.173716504992242,52.419766388982474],[13.173733984124851,52.41976658579791],[13.17375134557989,52.419767839332096],[13.173768418877174,52.419770137276004],[13.173785036366011,52.41977345706511],[13.173801034871403,52.41977776610085],[13.173816257296318,52.41978302207075],[13.173830554164265,52.419789173364],[13.173843785087069,52.41979615957816],[13.1738558201434,52.41980391211219],[13.17386654115453,52.41981235484021],[13.173875842844799,52.41982140485893],[13.173883633875379,52.419830973301735],[13.173889837741218,52.41984096621127],[13.173894393522293,52.41985128546204],[13.173982294447464,52.420098485343175],[13.173985121876251,52.42010884268116],[13.173986288689562,52.42011931902886],[13.173985783828067,52.42012981509961],[13.17398361207527,52.420140231419786],[13.173979794012206,52.420150469271476],[13.173974365822458,52.420160431628126],[13.173967378949246,52.420170024074025],[13.173958899607943,52.42017915569917],[13.173949008158568,52.420187739960774],[13.173937798344207,52.42019569550356],[13.173925376402618,52.42020294693069],[13.173911860059379,52.42020942551841],[13.173897377412192,52.42021506986738],[13.173882065716851,52.4202198264845],[13.172964764056607,52.420471227025565],[13.172947039850786,52.42047539955243],[13.172928684710628,52.42047838300027],[13.172909911364236,52.42048014279225],[13.172890937386633,52.4204806585331],[13.172871982678119,52.420479924245676],[13.172788582479434,52.420473924229405],[13.172778447347428,52.42047301197773],[13.172636794530519,52.42045768079539],[13.172531156458923,52.4204557516854],[13.171886511211529,52.420526792501825],[13.171807553387438,52.420578547725],[13.171787653919873,52.42067561469613],[13.171784703013133,52.42068592515325],[13.171780131432063,52.4206960121947],[13.171773982225645,52.42070578083195],[13.171766313299296,52.42071513907475],[13.171757196869605,52.42072399879747],[13.17174671878431,52.42073227656894],[13.171734977713896,52.42073989443807],[13.171722084222441,52.42074678066806],[13.171708159726453,52.42075287041182],[13.171693335351486,52.42075810632271],[13.171677750697354,52.42076243909451],[13.1716615525235,52.42076582792579],[13.171644893366954,52.42076824090423],[13.171630740165693,52.42076942100329],[13.1716585,52.4209335],[13.171667500000002,52.42107759999999],[13.171800600000001,52.42122619999999]]]]}}]}
