{"type":"FeatureCollection","features":[{"type":"Feature","properties":{"revision":"v1.0.87","scope":"Owner-requested finite west/southwest/east outlines and landscape","urbanLobesCrs84":{"olympiapark":[13.22,52.506,13.281,52.525],"spandau_altstadt_zitadelle":[13.187,52.522,13.223,52.553],"steglitz_dahlem_zehlendorf_mexikoplatz":[13.228,52.426,13.328,52.468],"tierpark_friedrichsfelde":[13.516,52.492,13.542,52.512],"koepenick_altstadt":[13.567,52.438,13.583,52.453]},"sourceBbox":[13.075,52.405,13.71,52.565],"landscapeLimitsCrs84":[[13.08,52.413,13.29,52.52],[13.6,52.413,13.7,52.46]],"forestSelectionLimitCrs84":{"type":"Polygon","coordinates":[[[13.135,52.515],[13.29,52.52],[13.29,52.463],[13.244,52.42700000000001],[13.173,52.415000000000006],[13.137,52.449999999999996],[13.120000000000001,52.47699999999999],[13.135,52.515]]]},"corridorBufferM":85,"landscapeShoreBufferM":40,"roadIds":["OSM-way-100100954","OSM-way-100833935","OSM-way-10098778","OSM-way-1018533067","OSM-way-1021333857","OSM-way-1023950760","OSM-way-1025817545","OSM-way-102945288","OSM-way-1031838770","OSM-way-1031838771","OSM-way-1031838772","OSM-way-1031838773","OSM-way-1033439377","OSM-way-1037399580","OSM-way-1037399581","OSM-way-1037399582","OSM-way-1042165532","OSM-way-1042324563","OSM-way-1044257447","OSM-way-1044276065","OSM-way-1050276923","OSM-way-1050519334","OSM-way-1050526172","OSM-way-1054782548","OSM-way-1054791458","OSM-way-1054791459","OSM-way-1056953878","OSM-way-1058531708","OSM-way-1062653493","OSM-way-1062653494","OSM-way-1062653497","OSM-way-1064807341","OSM-way-1064830458","OSM-way-1064845309","OSM-way-10699438","OSM-way-10699691","OSM-way-1072169602","OSM-way-10735918","OSM-way-1074239344","OSM-way-1077411457","OSM-way-1077411761","OSM-way-10780475","OSM-way-1079242321","OSM-way-1079242322","OSM-way-1079480233","OSM-way-1079985703","OSM-way-1080223375","OSM-way-108037688","OSM-way-108037692","OSM-way-1080556169","OSM-way-1080558899","OSM-way-1081891426","OSM-way-1081891750","OSM-way-1082501354","OSM-way-1083558777","OSM-way-1083558778","OSM-way-1083558791","OSM-way-1083558802","OSM-way-1083558803","OSM-way-1083558817","OSM-way-1083602339","OSM-way-1083602355","OSM-way-1083602356","OSM-way-1083602357","OSM-way-1083753293","OSM-way-1084238969","OSM-way-10855364","OSM-way-10855571","OSM-way-10856059","OSM-way-1085775716","OSM-way-1086433365","OSM-way-1089408498","OSM-way-1089408647","OSM-way-1089434393","OSM-way-1089790140","OSM-way-1089790142","OSM-way-1089790144","OSM-way-1090571661","OSM-way-1092598870","OSM-way-1092817261","OSM-way-1092916620","OSM-way-1092916621","OSM-way-1093065772","OSM-way-1093065777","OSM-way-1093335788","OSM-way-1096750782","OSM-way-1097101109","OSM-way-1098595194","OSM-way-1098595195","OSM-way-1098707979","OSM-way-1099616682","OSM-way-1099616769","OSM-way-1099616797","OSM-way-1099617065","OSM-way-1099617344","OSM-way-1099617346","OSM-way-1099963601","OSM-way-1100549791","OSM-way-1100549792","OSM-way-1101006045","OSM-way-1101006046","OSM-way-1101933798","OSM-way-1102028229","OSM-way-1102028230","OSM-way-1102317489","OSM-way-110335776","OSM-way-110335777","OSM-way-1109037816","OSM-way-1109039493","OSM-way-1109039496","OSM-way-1109040037","OSM-way-1109050473","OSM-way-1109050858","OSM-way-1109051804","OSM-way-1109051854","OSM-way-1109051866","OSM-way-1110710694","OSM-way-1112201500","OSM-way-1112201501","OSM-way-111265280","OSM-way-1112701263","OSM-way-111288184","OSM-way-1113132558","OSM-way-1113560175","OSM-way-1113560176","OSM-way-111495221","OSM-way-1115122394","OSM-way-1115122395","OSM-way-1115511465","OSM-way-1115511549","OSM-way-1115511593","OSM-way-1115513095","OSM-way-1115773043","OSM-way-1115967642","OSM-way-1116474594","OSM-way-1116534172","OSM-way-1116534178","OSM-way-1116728132","OSM-way-1116745330","OSM-way-1116745337","OSM-way-1116887173","OSM-way-1117296153","OSM-way-1117331840","OSM-way-1117331841","OSM-way-1117570129","OSM-way-1117691909","OSM-way-1117782716","OSM-way-1117782755","OSM-way-1118064011","OSM-way-1118064016","OSM-way-1119385702","OSM-way-1119385742","OSM-way-1120450847","OSM-way-1120450848","OSM-way-1120450851","OSM-way-1120586611","OSM-way-1120707190","OSM-way-1120707191","OSM-way-1120707467","OSM-way-1120707534","OSM-way-1123298493","OSM-way-1125004555","OSM-way-1126431629","OSM-way-1126449452","OSM-way-1126460766","OSM-way-1126950922","OSM-way-1127345495","OSM-way-1127345496","OSM-way-1127346977","OSM-way-1127346978","OSM-way-1127406388","OSM-way-1127406391","OSM-way-1131697226","OSM-way-1132632523","OSM-way-1132632525","OSM-way-1132662362","OSM-way-1132673382","OSM-way-1133397567","OSM-way-1133397568","OSM-way-1133397571","OSM-way-1133397575","OSM-way-1133398101","OSM-way-1133398104","OSM-way-1133398105","OSM-way-1133398506","OSM-way-1133398507","OSM-way-1134446238","OSM-way-1134446263","OSM-way-113539945","OSM-way-113539946","OSM-way-1135841074","OSM-way-1135841075","OSM-way-1136651867","OSM-way-1136651868","OSM-way-1136651931","OSM-way-1136651932","OSM-way-1136652307","OSM-way-1136652323","OSM-way-1136652329","OSM-way-1136652600","OSM-way-1136652677","OSM-way-1136652678","OSM-way-1136653625","OSM-way-1136653626","OSM-way-1136653627","OSM-way-1136653628","OSM-way-1138055347","OSM-way-1138055348","OSM-way-1138055350","OSM-way-1144042891","OSM-way-1144042994","OSM-way-1144043331","OSM-way-1144043332","OSM-way-1144043751","OSM-way-1144043752","OSM-way-1144043753","OSM-way-1144043853","OSM-way-1144626148","OSM-way-1144626193","OSM-way-1145638341","OSM-way-1145638360","OSM-way-1146423417","OSM-way-1146426023","OSM-way-1146920603","OSM-way-1146920604","OSM-way-1146920605","OSM-way-1146920606","OSM-way-1146921556","OSM-way-1146921558","OSM-way-1146921559","OSM-way-1146921560","OSM-way-1146921561","OSM-way-1146921641","OSM-way-1146921642","OSM-way-1146922020","OSM-way-1146922021","OSM-way-1146922123","OSM-way-1146922124","OSM-way-1146922388","OSM-way-1146922389","OSM-way-1146922390","OSM-way-1146922391","OSM-way-1146922798","OSM-way-1146922800","OSM-way-1146922937","OSM-way-1146922989","OSM-way-1146923115","OSM-way-1146923117","OSM-way-1146923119","OSM-way-1146923346","OSM-way-1146923352","OSM-way-1146923353","OSM-way-1146923354","OSM-way-1146923355","OSM-way-1146923668","OSM-way-1146923669","OSM-way-1146923673","OSM-way-1146923674","OSM-way-1146923986","OSM-way-1146923987","OSM-way-1146924035","OSM-way-1146924036","OSM-way-1146924516","OSM-way-1146924519","OSM-way-1146924523","OSM-way-1146924524","OSM-way-1146924820","OSM-way-1146924822","OSM-way-1146924823","OSM-way-1146924825","OSM-way-1146924826","OSM-way-1146924827","OSM-way-1146924830","OSM-way-1146924831","OSM-way-1147269973","OSM-way-1147956985","OSM-way-1147956986","OSM-way-1147956987","OSM-way-1148177761","OSM-way-1150926575","OSM-way-1152656009","OSM-way-1153404963","OSM-way-1153404968","OSM-way-1153404996","OSM-way-1153404997","OSM-way-1153493597","OSM-way-1154185517","OSM-way-1154214241","OSM-way-1154228590","OSM-way-1155363960","OSM-way-1156906358","OSM-way-1157160094","OSM-way-1157758185","OSM-way-1157758186","OSM-way-1157758188","OSM-way-1158007655","OSM-way-1158035099","OSM-way-1158940124","OSM-way-1161686692","OSM-way-1161686693","OSM-way-1161686694","OSM-way-1163059322","OSM-way-1163298676","OSM-way-1169647501","OSM-way-1176540861","OSM-way-1177468350","OSM-way-1178558877","OSM-way-1178558879","OSM-way-1178558908","OSM-way-1180667715","OSM-way-1181194333","OSM-way-1182189511","OSM-way-1182189512","OSM-way-1182189513","OSM-way-1182189514","OSM-way-1182257982","OSM-way-1182257983","OSM-way-1182257984","OSM-way-1182257989","OSM-way-1182337594","OSM-way-1182337595","OSM-way-1182337596","OSM-way-1182482950","OSM-way-1182482966","OSM-way-1182482967","OSM-way-1182482983","OSM-way-118336908","OSM-way-1183726904","OSM-way-1183749270","OSM-way-1183749271","OSM-way-1183749272","OSM-way-1184375985","OSM-way-1184375986","OSM-way-1185347585","OSM-way-1185347588","OSM-way-1185347589","OSM-way-1185347592","OSM-way-119506688","OSM-way-1206075460","OSM-way-1207608966","OSM-way-1207608967","OSM-way-1207608968","OSM-way-1207608969","OSM-way-1208071319","OSM-way-1211982368","OSM-way-1212181577","OSM-way-1216086811","OSM-way-1216086812","OSM-way-1216091580","OSM-way-1216103951","OSM-way-1216106245","OSM-way-1216298860","OSM-way-1216300574","OSM-way-1218055420","OSM-way-1218055422","OSM-way-1218055423","OSM-way-1218484467","OSM-way-1218519092","OSM-way-1218983331","OSM-way-1218983332","OSM-way-122048055","OSM-way-122048056","OSM-way-1221232222","OSM-way-1221533725","OSM-way-1221533738","OSM-way-1222783697","OSM-way-1222783704","OSM-way-1222783707","OSM-way-1222784439","OSM-way-1222784818","OSM-way-1222784819","OSM-way-1222784821","OSM-way-1222792303","OSM-way-1222792304","OSM-way-1222792326","OSM-way-1225433556","OSM-way-122749213","OSM-way-122749214","OSM-way-123104620","OSM-way-1232378580","OSM-way-1233300635","OSM-way-1234617246","OSM-way-1242532445","OSM-way-124551392","OSM-way-124551393","OSM-way-1254624862","OSM-way-12620743","OSM-way-12620748","OSM-way-1273315265","OSM-way-1276725087","OSM-way-1288598732","OSM-way-1288598733","OSM-way-1288598734","OSM-way-1288598735","OSM-way-1288598736","OSM-way-1290478203","OSM-way-1290478204","OSM-way-1291744044","OSM-way-1297644647","OSM-way-1299794738","OSM-way-1299794739","OSM-way-1299955229","OSM-way-1300082559","OSM-way-1303559889","OSM-way-1304070576","OSM-way-1304072743","OSM-way-1305583059","OSM-way-1305583060","OSM-way-1306149062","OSM-way-1307485573","OSM-way-1310691381","OSM-way-1316176371","OSM-way-1317364196","OSM-way-1317364197","OSM-way-1317869197","OSM-way-1317876020","OSM-way-1318342705","OSM-way-131834979","OSM-way-131834980","OSM-way-1319269650","OSM-way-1319270526","OSM-way-1319270527","OSM-way-1319270528","OSM-way-1320129710","OSM-way-1324369279","OSM-way-1324369280","OSM-way-1324369281","OSM-way-1324369363","OSM-way-1324369364","OSM-way-1324369365","OSM-way-1324369366","OSM-way-1324369368","OSM-way-1324479052","OSM-way-132613376","OSM-way-132613379","OSM-way-1329190525","OSM-way-1330475934","OSM-way-1330475935","OSM-way-1330475937","OSM-way-1330475938","OSM-way-1330475939","OSM-way-1330475940","OSM-way-1330475941","OSM-way-1330475944","OSM-way-1330475945","OSM-way-1330475949","OSM-way-1330475951","OSM-way-1330475952","OSM-way-1330475953","OSM-way-1330475954","OSM-way-1330475956","OSM-way-1330475958","OSM-way-1330475959","OSM-way-1330475960","OSM-way-1330475967","OSM-way-1330475968","OSM-way-1334179866","OSM-way-1334179867","OSM-way-1335772128","OSM-way-1335772129","OSM-way-1335772130","OSM-way-1335772139","OSM-way-1335772141","OSM-way-1335772144","OSM-way-1335772145","OSM-way-1335772146","OSM-way-1335772147","OSM-way-1335772148","OSM-way-1335935886","OSM-way-1336796148","OSM-way-1336798565","OSM-way-1336799547","OSM-way-1352381623","OSM-way-1353702285","OSM-way-1363523900","OSM-way-1369377154","OSM-way-1373634806","OSM-way-137534614","OSM-way-1378420331","OSM-way-1378420332","OSM-way-137866458","OSM-way-137866467","OSM-way-137866491","OSM-way-137866492","OSM-way-137866497","OSM-way-137928863","OSM-way-1384239453","OSM-way-1384239454","OSM-way-1388900858","OSM-way-1389324714","OSM-way-1389324715","OSM-way-1393090602","OSM-way-1394166950","OSM-way-1394166951","OSM-way-1394173368","OSM-way-1394173371","OSM-way-1394173373","OSM-way-1394173374","OSM-way-139806485","OSM-way-139806486","OSM-way-1408657835","OSM-way-1408657836","OSM-way-1415410310","OSM-way-1416714539","OSM-way-1416714540","OSM-way-1416714541","OSM-way-1416714542","OSM-way-1416714543","OSM-way-1416714544","OSM-way-1416714545","OSM-way-1416714546","OSM-way-1416714547","OSM-way-1418041842","OSM-way-1418041843","OSM-way-1418041844","OSM-way-1418041845","OSM-way-1419933994","OSM-way-1419933995","OSM-way-1419970260","OSM-way-1421986451","OSM-way-1421986453","OSM-way-1423291716","OSM-way-1423323666","OSM-way-1423323668","OSM-way-1423323669","OSM-way-1423323670","OSM-way-1423592359","OSM-way-1423592361","OSM-way-142382927","OSM-way-1424980082","OSM-way-1424980085","OSM-way-1425021785","OSM-way-1425021786","OSM-way-1425021788","OSM-way-1425021789","OSM-way-1425021790","OSM-way-1425021791","OSM-way-1425021792","OSM-way-1425021793","OSM-way-1425021795","OSM-way-1425021796","OSM-way-1425021797","OSM-way-1425021798","OSM-way-1425021799","OSM-way-1425021800","OSM-way-1425021803","OSM-way-1425021804","OSM-way-1425021805","OSM-way-1425021807","OSM-way-1425021808","OSM-way-1425021809","OSM-way-1425021810","OSM-way-1425021811","OSM-way-1425021812","OSM-way-1425021813","OSM-way-1425021814","OSM-way-1425021816","OSM-way-1425021817","OSM-way-1425021818","OSM-way-1425021819","OSM-way-1425021820","OSM-way-1425021821","OSM-way-1425021823","OSM-way-1425021824","OSM-way-1425032658","OSM-way-1425032659","OSM-way-1425032660","OSM-way-1425032664","OSM-way-1425053217","OSM-way-1425053218","OSM-way-1425053219","OSM-way-1425053220","OSM-way-1425063017","OSM-way-1425063042","OSM-way-1425063043","OSM-way-1425366194","OSM-way-1426357907","OSM-way-1426357908","OSM-way-1426357909","OSM-way-1426357910","OSM-way-1426357911","OSM-way-1426699966","OSM-way-1426699967","OSM-way-1426699972","OSM-way-1426699973","OSM-way-1426699975","OSM-way-1426699976","OSM-way-1426699977","OSM-way-1426699978","OSM-way-1426699979","OSM-way-1426699980","OSM-way-1426699983","OSM-way-1426699984","OSM-way-1426699985","OSM-way-1426699986","OSM-way-1426699988","OSM-way-1426699993","OSM-way-1426699994","OSM-way-1426699995","OSM-way-1426699996","OSM-way-1426699997","OSM-way-1427078027","OSM-way-1427078028","OSM-way-1427078030","OSM-way-1427078063","OSM-way-1427078064","OSM-way-1427078065","OSM-way-1427078073","OSM-way-1427078074","OSM-way-1427078075","OSM-way-1427078076","OSM-way-1427121245","OSM-way-1427121246","OSM-way-1427121248","OSM-way-1427121249","OSM-way-1427121250","OSM-way-1427121251","OSM-way-1427121252","OSM-way-1427121253","OSM-way-1427121254","OSM-way-1427121255","OSM-way-1427121258","OSM-way-1427121259","OSM-way-1427121265","OSM-way-1427121267","OSM-way-1427121268","OSM-way-1427121269","OSM-way-1427156181","OSM-way-1427156182","OSM-way-1427156183","OSM-way-1427156195","OSM-way-1427279963","OSM-way-1427279964","OSM-way-1427279965","OSM-way-1427279967","OSM-way-1427279968","OSM-way-1427289141","OSM-way-1427289142","OSM-way-1427289143","OSM-way-1427289144","OSM-way-1427289145","OSM-way-1427289146","OSM-way-1427289147","OSM-way-1427289148","OSM-way-1427289150","OSM-way-1427289151","OSM-way-1427289152","OSM-way-1427289153","OSM-way-1427289154","OSM-way-1427289156","OSM-way-1427289157","OSM-way-1427289159","OSM-way-1427289161","OSM-way-1427289163","OSM-way-1427289166","OSM-way-1427289167","OSM-way-1427289170","OSM-way-1427697986","OSM-way-1427697987","OSM-way-1427697988","OSM-way-1427701335","OSM-way-1427701336","OSM-way-1427701337","OSM-way-1427701338","OSM-way-1427713533","OSM-way-1427713534","OSM-way-1427713535","OSM-way-1427752589","OSM-way-1428315139","OSM-way-1428315141","OSM-way-1428315142","OSM-way-1428315143","OSM-way-1428315144","OSM-way-1428315145","OSM-way-1428315148","OSM-way-1428315149","OSM-way-1428315150","OSM-way-1428315151","OSM-way-1428315152","OSM-way-1428315153","OSM-way-1428315154","OSM-way-1428317900","OSM-way-1428317902","OSM-way-1428317903","OSM-way-1428317904","OSM-way-1428317905","OSM-way-1428317907","OSM-way-1428317908","OSM-way-1428317909","OSM-way-1428317910","OSM-way-1428317911","OSM-way-1428363435","OSM-way-1428364994","OSM-way-1428364995","OSM-way-1428364996","OSM-way-1428535934","OSM-way-1428535935","OSM-way-1428535936","OSM-way-1428535937","OSM-way-1428535942","OSM-way-1428535943","OSM-way-1428535944","OSM-way-1429096346","OSM-way-1429096347","OSM-way-1429096348","OSM-way-1429096349","OSM-way-1429096350","OSM-way-1429096351","OSM-way-1429096352","OSM-way-1429096353","OSM-way-1429096354","OSM-way-1429096355","OSM-way-1429096356","OSM-way-1429096357","OSM-way-1429096358","OSM-way-1429096359","OSM-way-1429096360","OSM-way-1429096361","OSM-way-1429096362","OSM-way-1429096363","OSM-way-1429096364","OSM-way-1429096365","OSM-way-1429096366","OSM-way-1429098223","OSM-way-1429098224","OSM-way-1429098225","OSM-way-1429098226","OSM-way-1429098227","OSM-way-1429098228","OSM-way-1429098229","OSM-way-1429098230","OSM-way-1430009787","OSM-way-1430038139","OSM-way-1430038140","OSM-way-1430038141","OSM-way-1430038142","OSM-way-1430038144","OSM-way-1430038145","OSM-way-1430038146","OSM-way-1430038147","OSM-way-1430038148","OSM-way-1430038149","OSM-way-1430038150","OSM-way-1430038151","OSM-way-1430038152","OSM-way-1430038153","OSM-way-1430186755","OSM-way-1430186756","OSM-way-1430186758","OSM-way-1430186759","OSM-way-1430186761","OSM-way-1430186762","OSM-way-1430186763","OSM-way-1430186764","OSM-way-1430186766","OSM-way-1430186767","OSM-way-1430216909","OSM-way-1430216910","OSM-way-1430216911","OSM-way-1430216912","OSM-way-1430216913","OSM-way-1430216914","OSM-way-1430216915","OSM-way-1430216916","OSM-way-1430216917","OSM-way-1430216918","OSM-way-1430236963","OSM-way-1430236964","OSM-way-1430518087","OSM-way-1430518088","OSM-way-1430518089","OSM-way-1430518090","OSM-way-1430518091","OSM-way-1430518092","OSM-way-1430518095","OSM-way-1430518102","OSM-way-1430518103","OSM-way-1430518104","OSM-way-1430518105","OSM-way-1430518106","OSM-way-1430518107","OSM-way-1430524933","OSM-way-1430524934","OSM-way-1430524935","OSM-way-1430524936","OSM-way-1430524937","OSM-way-1430524939","OSM-way-1430524941","OSM-way-1430524942","OSM-way-1430885412","OSM-way-1430885413","OSM-way-1430885414","OSM-way-1430885415","OSM-way-1430942172","OSM-way-1430942173","OSM-way-1431945873","OSM-way-1431945874","OSM-way-1432014436","OSM-way-1432014437","OSM-way-1432521033","OSM-way-1432558067","OSM-way-1432558068","OSM-way-1432558069","OSM-way-1432558070","OSM-way-1432558071","OSM-way-1432558072","OSM-way-1432558073","OSM-way-1432558074","OSM-way-1432558079","OSM-way-143308525","OSM-way-1435126462","OSM-way-1435135409","OSM-way-1435135410","OSM-way-1435135411","OSM-way-1435930279","OSM-way-1435930281","OSM-way-1435930285","OSM-way-1435930291","OSM-way-143624376","OSM-way-1436952807","OSM-way-1436952808","OSM-way-143742580","OSM-way-1443467469","OSM-way-1443467470","OSM-way-1443467471","OSM-way-1443467472","OSM-way-1443939059","OSM-way-1443939060","OSM-way-1443948736","OSM-way-1443948737","OSM-way-1443948738","OSM-way-1443948739","OSM-way-1443948740","OSM-way-1443948741","OSM-way-1443948742","OSM-way-1443948743","OSM-way-1443948745","OSM-way-1443948746","OSM-way-1443948747","OSM-way-1444943312","OSM-way-1445621091","OSM-way-1445974002","OSM-way-1446798860","OSM-way-1447534208","OSM-way-1448402600","OSM-way-1448402601","OSM-way-1448582446","OSM-way-1448665934","OSM-way-144909690","OSM-way-144909691","OSM-way-1449387896","OSM-way-1449387897","OSM-way-145004810","OSM-way-1453321719","OSM-way-1453335794","OSM-way-1454095598","OSM-way-1454222727","OSM-way-1454222728","OSM-way-1454222729","OSM-way-1454222730","OSM-way-1454226569","OSM-way-1454226570","OSM-way-1454226571","OSM-way-1454226572","OSM-way-1454226573","OSM-way-1454226574","OSM-way-1454226575","OSM-way-1454226576","OSM-way-1454226577","OSM-way-1454229215","OSM-way-1454229216","OSM-way-1454229217","OSM-way-1454229218","OSM-way-1454229219","OSM-way-1454229220","OSM-way-1454229221","OSM-way-1454231214","OSM-way-1454231215","OSM-way-1454231216","OSM-way-1454231507","OSM-way-1454231508","OSM-way-1454231509","OSM-way-1454430840","OSM-way-1454430841","OSM-way-1454430842","OSM-way-1454436062","OSM-way-1455141751","OSM-way-1455141752","OSM-way-1455141753","OSM-way-1455141754","OSM-way-1455141755","OSM-way-1455141756","OSM-way-1455143219","OSM-way-1455143220","OSM-way-1455143221","OSM-way-1455143222","OSM-way-1455143223","OSM-way-1455143497","OSM-way-1455143498","OSM-way-1455143499","OSM-way-1455183764","OSM-way-1455183765","OSM-way-1455183766","OSM-way-1455183767","OSM-way-1455272380","OSM-way-1455272381","OSM-way-1455272391","OSM-way-1455272392","OSM-way-1455298325","OSM-way-1455298331","OSM-way-1455298333","OSM-way-1455403939","OSM-way-1455403940","OSM-way-1455403941","OSM-way-1455403942","OSM-way-1455403943","OSM-way-1455403944","OSM-way-1455403945","OSM-way-1455403946","OSM-way-1455403947","OSM-way-1455403948","OSM-way-1455403949","OSM-way-1455403950","OSM-way-1455403951","OSM-way-1455403952","OSM-way-1455403953","OSM-way-1455403954","OSM-way-1455403955","OSM-way-1455403956","OSM-way-1455403957","OSM-way-1455403958","OSM-way-1455403959","OSM-way-1455403960","OSM-way-1455406227","OSM-way-1455406228","OSM-way-1455406229","OSM-way-1455406230","OSM-way-1455406231","OSM-way-1455406232","OSM-way-1455406233","OSM-way-1455406234","OSM-way-1455406235","OSM-way-1455406236","OSM-way-1455406237","OSM-way-1455406238","OSM-way-1455406239","OSM-way-1455406240","OSM-way-1455406241","OSM-way-1455406242","OSM-way-1455426317","OSM-way-1455426318","OSM-way-1455426319","OSM-way-1455426320","OSM-way-1455426321","OSM-way-1455451300","OSM-way-1455451301","OSM-way-1455451303","OSM-way-1455451304","OSM-way-1455451305","OSM-way-1455451306","OSM-way-1455451332","OSM-way-1455451356","OSM-way-1455451357","OSM-way-1455451358","OSM-way-1455451359","OSM-way-1455451363","OSM-way-1455451364","OSM-way-1455451365","OSM-way-1455451367","OSM-way-1455451368","OSM-way-1455451374","OSM-way-1455451375","OSM-way-1455488311","OSM-way-1455488312","OSM-way-1455488313","OSM-way-1455488314","OSM-way-1455510142","OSM-way-1455510143","OSM-way-1455510144","OSM-way-1455510146","OSM-way-1455510147","OSM-way-1455532775","OSM-way-1455532776","OSM-way-1455532782","OSM-way-1455717158","OSM-way-1455717159","OSM-way-1455717160","OSM-way-1456080046","OSM-way-1456080047","OSM-way-1456080049","OSM-way-1456080078","OSM-way-1456100342","OSM-way-1456100343","OSM-way-1456100347","OSM-way-1456463565","OSM-way-1456463566","OSM-way-1456495385","OSM-way-1456495388","OSM-way-1456495394","OSM-way-1456495395","OSM-way-1456495399","OSM-way-1456495400","OSM-way-1456500294","OSM-way-1456773145","OSM-way-1456774810","OSM-way-1456774811","OSM-way-1456774812","OSM-way-1456774813","OSM-way-1456774814","OSM-way-1456901878","OSM-way-1456901879","OSM-way-1456913302","OSM-way-1456917142","OSM-way-1456917143","OSM-way-1456917144","OSM-way-1456917145","OSM-way-1456917146","OSM-way-1456917147","OSM-way-1456917148","OSM-way-1457137306","OSM-way-1457137307","OSM-way-1457137308","OSM-way-1457137309","OSM-way-1457137310","OSM-way-1457137311","OSM-way-1457137312","OSM-way-1457137313","OSM-way-1457151409","OSM-way-1457151410","OSM-way-1457521548","OSM-way-1457521549","OSM-way-1457521550","OSM-way-1460084100","OSM-way-1462909059","OSM-way-1462909060","OSM-way-1462909061","OSM-way-1462909062","OSM-way-1462909064","OSM-way-1462913746","OSM-way-1462913747","OSM-way-1462913748","OSM-way-1462913749","OSM-way-1462913750","OSM-way-1462913751","OSM-way-1463196456","OSM-way-1463198735","OSM-way-1463199720","OSM-way-1463199721","OSM-way-1463202585","OSM-way-1463206095","OSM-way-1463206098","OSM-way-1463206963","OSM-way-1463207332","OSM-way-1463207333","OSM-way-1470248762","OSM-way-1470249142","OSM-way-1470249143","OSM-way-1470250361","OSM-way-1470250362","OSM-way-1470250364","OSM-way-1470398639","OSM-way-1470398640","OSM-way-1470398641","OSM-way-1470398642","OSM-way-1470398643","OSM-way-1470398644","OSM-way-1472420940","OSM-way-1472420941","OSM-way-1472422626","OSM-way-1472422627","OSM-way-1473936460","OSM-way-147557790","OSM-way-147557791","OSM-way-1479405086","OSM-way-1479405087","OSM-way-1479405088","OSM-way-1484729671","OSM-way-1484729672","OSM-way-1484729673","OSM-way-1485134479","OSM-way-1485134480","OSM-way-14851818","OSM-way-14851819","OSM-way-14851929","OSM-way-14851931","OSM-way-148614165","OSM-way-148614179","OSM-way-148670270","OSM-way-148671116","OSM-way-148701888","OSM-way-148707943","OSM-way-1488508327","OSM-way-1488508328","OSM-way-1488550021","OSM-way-1488550022","OSM-way-1488565107","OSM-way-1488824075","OSM-way-1489131704","OSM-way-1494628731","OSM-way-1494628732","OSM-way-149548868","OSM-way-1497895582","OSM-way-149843723","OSM-way-1506958317","OSM-way-1506958318","OSM-way-1507541790","OSM-way-1507541791","OSM-way-1507544697","OSM-way-1507544698","OSM-way-150908783","OSM-way-150910188","OSM-way-151237812","OSM-way-151237814","OSM-way-151370224","OSM-way-151370225","OSM-way-151370242","OSM-way-151822548","OSM-way-151822549","OSM-way-151822550","OSM-way-152046225","OSM-way-152046230","OSM-way-152046245","OSM-way-152046250","OSM-way-152839434","OSM-way-154381211","OSM-way-1547685454","OSM-way-154834585","OSM-way-154834592","OSM-way-161463133","OSM-way-161463134","OSM-way-161535819","OSM-way-161535820","OSM-way-161584629","OSM-way-161584630","OSM-way-161584632","OSM-way-16215409","OSM-way-163649860","OSM-way-164927495","OSM-way-164927496","OSM-way-164927497","OSM-way-164927501","OSM-way-164927517","OSM-way-165420541","OSM-way-165420542","OSM-way-166482116","OSM-way-169076530","OSM-way-169076546","OSM-way-169457592","OSM-way-169678703","OSM-way-170421828","OSM-way-172431877","OSM-way-172431878","OSM-way-172431879","OSM-way-172431886","OSM-way-172431887","OSM-way-172696041","OSM-way-172696062","OSM-way-172696063","OSM-way-173640273","OSM-way-175760017","OSM-way-176031292","OSM-way-176031307","OSM-way-176031314","OSM-way-177615721","OSM-way-177615722","OSM-way-178690943","OSM-way-180304817","OSM-way-180797802","OSM-way-180797804","OSM-way-180797805","OSM-way-180797806","OSM-way-180892739","OSM-way-181020318","OSM-way-183621689","OSM-way-183621692","OSM-way-183621694","OSM-way-183621699","OSM-way-192107802","OSM-way-192107803","OSM-way-192487125","OSM-way-192487126","OSM-way-192487127","OSM-way-192487128","OSM-way-192487129","OSM-way-192487145","OSM-way-192487148","OSM-way-192497998","OSM-way-192611062","OSM-way-193875628","OSM-way-194071688","OSM-way-196631170","OSM-way-196631171","OSM-way-196631172","OSM-way-198585468","OSM-way-198597176","OSM-way-199387279","OSM-way-199578957","OSM-way-20164468","OSM-way-20164469","OSM-way-20164470","OSM-way-202500050","OSM-way-203986351","OSM-way-203986353","OSM-way-20450423","OSM-way-20450424","OSM-way-207716519","OSM-way-207716520","OSM-way-207716521","OSM-way-207716522","OSM-way-211682744","OSM-way-212440115","OSM-way-212452093","OSM-way-216226951","OSM-way-216981476","OSM-way-217386888","OSM-way-22278115","OSM-way-223013823","OSM-way-223184044","OSM-way-223184050","OSM-way-223184052","OSM-way-223184053","OSM-way-223188529","OSM-way-223188531","OSM-way-223288634","OSM-way-22749845","OSM-way-22753509","OSM-way-22875770","OSM-way-22888470","OSM-way-22955115","OSM-way-23018563","OSM-way-23109078","OSM-way-23133780","OSM-way-23137192","OSM-way-23153987","OSM-way-233764912","OSM-way-233764913","OSM-way-23429867","OSM-way-237122662","OSM-way-23792452","OSM-way-238053685","OSM-way-238053686","OSM-way-238053687","OSM-way-238053688","OSM-way-238053689","OSM-way-238053690","OSM-way-24031072","OSM-way-24038573","OSM-way-241770474","OSM-way-241770475","OSM-way-241770476","OSM-way-241770477","OSM-way-24216750","OSM-way-24245480","OSM-way-24246008","OSM-way-243051801","OSM-way-243461329","OSM-way-243461330","OSM-way-243461331","OSM-way-24348005","OSM-way-24540243","OSM-way-24540244","OSM-way-24566420","OSM-way-24584790","OSM-way-24615395","OSM-way-24615396","OSM-way-24669260","OSM-way-24872855","OSM-way-24891402","OSM-way-24935368","OSM-way-24966649","OSM-way-25000104","OSM-way-25000113","OSM-way-25000121","OSM-way-25000125","OSM-way-25198916","OSM-way-25199875","OSM-way-25199877","OSM-way-25205069","OSM-way-25205070","OSM-way-25205071","OSM-way-25205072","OSM-way-25274110","OSM-way-25307868","OSM-way-25307934","OSM-way-25347597","OSM-way-25356480","OSM-way-25381742","OSM-way-25394870","OSM-way-25394871","OSM-way-25527290","OSM-way-255373839","OSM-way-255373842","OSM-way-255373844","OSM-way-25585757","OSM-way-25760738","OSM-way-25762467","OSM-way-25762471","OSM-way-25892782","OSM-way-25928889","OSM-way-25935854","OSM-way-25942023","OSM-way-26321237","OSM-way-26321404","OSM-way-26411050","OSM-way-26427693","OSM-way-26548430","OSM-way-26634782","OSM-way-266717492","OSM-way-26708272","OSM-way-26708284","OSM-way-26708288","OSM-way-26708309","OSM-way-267234132","OSM-way-26824830","OSM-way-270612853","OSM-way-27604275","OSM-way-27604287","OSM-way-27604363","OSM-way-27604446","OSM-way-27883896","OSM-way-279125376","OSM-way-27959225","OSM-way-279808663","OSM-way-27990093","OSM-way-280114040","OSM-way-280145710","OSM-way-28191099","OSM-way-28191102","OSM-way-283006413","OSM-way-283006414","OSM-way-283006418","OSM-way-283006419","OSM-way-28406021","OSM-way-285484255","OSM-way-28552008","OSM-way-287270951","OSM-way-28764048","OSM-way-28819502","OSM-way-28819507","OSM-way-28819508","OSM-way-29047669","OSM-way-29047671","OSM-way-290551263","OSM-way-29183281","OSM-way-29183285","OSM-way-29277696","OSM-way-29277697","OSM-way-294339097","OSM-way-29490501","OSM-way-29490502","OSM-way-29490504","OSM-way-29596464","OSM-way-30041984","OSM-way-30051049","OSM-way-30082799","OSM-way-30124207","OSM-way-30148409","OSM-way-30148410","OSM-way-30148411","OSM-way-30148412","OSM-way-30217384","OSM-way-30243828","OSM-way-30243829","OSM-way-304196461","OSM-way-30675028","OSM-way-30774711","OSM-way-30808323","OSM-way-30818832","OSM-way-30822543","OSM-way-30897437","OSM-way-30897440","OSM-way-30898941","OSM-way-30898952","OSM-way-30898957","OSM-way-310096987","OSM-way-31012189","OSM-way-310172795","OSM-way-310172796","OSM-way-310172797","OSM-way-310172798","OSM-way-310172799","OSM-way-310172800","OSM-way-310172801","OSM-way-310172802","OSM-way-310172803","OSM-way-310172804","OSM-way-310172805","OSM-way-310172806","OSM-way-310172807","OSM-way-310172808","OSM-way-310172809","OSM-way-310172810","OSM-way-310306833","OSM-way-310306834","OSM-way-310306835","OSM-way-310306838","OSM-way-310306839","OSM-way-310306840","OSM-way-310307464","OSM-way-310307465","OSM-way-31091032","OSM-way-31091036","OSM-way-31091054","OSM-way-31091055","OSM-way-31091957","OSM-way-31091960","OSM-way-31091969","OSM-way-31091970","OSM-way-31094219","OSM-way-31094905","OSM-way-311849673","OSM-way-311849674","OSM-way-312021392","OSM-way-31343609","OSM-way-31482054","OSM-way-31482057","OSM-way-31525569","OSM-way-31525571","OSM-way-31525573","OSM-way-31578135","OSM-way-316317232","OSM-way-316317234","OSM-way-316317237","OSM-way-316317239","OSM-way-316317241","OSM-way-31697057","OSM-way-31719432","OSM-way-317652329","OSM-way-31790954","OSM-way-317948758","OSM-way-318210383","OSM-way-318210385","OSM-way-318210386","OSM-way-318210387","OSM-way-318210388","OSM-way-318276285","OSM-way-318282836","OSM-way-318282842","OSM-way-318282844","OSM-way-318282847","OSM-way-319486939","OSM-way-319496491","OSM-way-319990032","OSM-way-320892561","OSM-way-32204601","OSM-way-322109000","OSM-way-323108961","OSM-way-323108962","OSM-way-323108964","OSM-way-323108965","OSM-way-32346895","OSM-way-32395482","OSM-way-32486911","OSM-way-326259851","OSM-way-32644395","OSM-way-32644397","OSM-way-328408591","OSM-way-328408592","OSM-way-328408593","OSM-way-328408594","OSM-way-328408595","OSM-way-328408597","OSM-way-328408598","OSM-way-32842581","OSM-way-329106565","OSM-way-32934556","OSM-way-329862813","OSM-way-329862814","OSM-way-329983269","OSM-way-329984187","OSM-way-329984188","OSM-way-33066934","OSM-way-330722450","OSM-way-330722451","OSM-way-33078072","OSM-way-33078073","OSM-way-33079618","OSM-way-33079619","OSM-way-33079952","OSM-way-33079953","OSM-way-330922955","OSM-way-330951948","OSM-way-330951949","OSM-way-33116346","OSM-way-331318342","OSM-way-331318343","OSM-way-331749731","OSM-way-331762094","OSM-way-331762097","OSM-way-331762100","OSM-way-331762103","OSM-way-331762104","OSM-way-331762106","OSM-way-332573582","OSM-way-332573583","OSM-way-333118502","OSM-way-335261816","OSM-way-335261817","OSM-way-335384453","OSM-way-338527877","OSM-way-34058754","OSM-way-340966772","OSM-way-340966773","OSM-way-340966774","OSM-way-340966775","OSM-way-341194704","OSM-way-341194705","OSM-way-341194706","OSM-way-343029979","OSM-way-344666999","OSM-way-345582963","OSM-way-345582965","OSM-way-345626798","OSM-way-345626802","OSM-way-34591399","OSM-way-352104871","OSM-way-353713241","OSM-way-353720495","OSM-way-35469254","OSM-way-35469255","OSM-way-35469261","OSM-way-355338476","OSM-way-35721277","OSM-way-35765121","OSM-way-36192323","OSM-way-363443435","OSM-way-363443436","OSM-way-363443437","OSM-way-36513903","OSM-way-365895664","OSM-way-36723939","OSM-way-367793014","OSM-way-367793015","OSM-way-367801237","OSM-way-370609801","OSM-way-371374807","OSM-way-37142858","OSM-way-371851636","OSM-way-37226918","OSM-way-37226919","OSM-way-37226927","OSM-way-37226970","OSM-way-37226971","OSM-way-37291473","OSM-way-37291474","OSM-way-37291475","OSM-way-37292252","OSM-way-373071007","OSM-way-375685718","OSM-way-37686581","OSM-way-37789143","OSM-way-37850654","OSM-way-37850991","OSM-way-379156869","OSM-way-379156875","OSM-way-379523201","OSM-way-379523202","OSM-way-37953847","OSM-way-38095508","OSM-way-38095583","OSM-way-382268843","OSM-way-382268844","OSM-way-382269754","OSM-way-382647882","OSM-way-382712243","OSM-way-382712244","OSM-way-38282310","OSM-way-38282494","OSM-way-383557654","OSM-way-385126058","OSM-way-385542015","OSM-way-385969246","OSM-way-386249198","OSM-way-386249201","OSM-way-38703162","OSM-way-38703163","OSM-way-387454340","OSM-way-387454341","OSM-way-387454361","OSM-way-389190882","OSM-way-389508686","OSM-way-389583434","OSM-way-390271450","OSM-way-391866690","OSM-way-392299812","OSM-way-392299813","OSM-way-392721532","OSM-way-39351130","OSM-way-395077041","OSM-way-395497859","OSM-way-395564713","OSM-way-397859392","OSM-way-399095630","OSM-way-399095631","OSM-way-40191600","OSM-way-40191602","OSM-way-4045243","OSM-way-404955692","OSM-way-404955693","OSM-way-405687679","OSM-way-405695352","OSM-way-405711259","OSM-way-405711262","OSM-way-405711263","OSM-way-405711264","OSM-way-405711265","OSM-way-405719309","OSM-way-405719311","OSM-way-405719313","OSM-way-405719315","OSM-way-405884013","OSM-way-405884014","OSM-way-4068033","OSM-way-4068091","OSM-way-4068118","OSM-way-406852128","OSM-way-406852129","OSM-way-410646532","OSM-way-412910073","OSM-way-412974196","OSM-way-412974198","OSM-way-413336601","OSM-way-41374134","OSM-way-41424937","OSM-way-41424988","OSM-way-414498858","OSM-way-41467134","OSM-way-41556683","OSM-way-416775489","OSM-way-416946593","OSM-way-418365153","OSM-way-419014887","OSM-way-422250308","OSM-way-422250309","OSM-way-423031124","OSM-way-423031125","OSM-way-424340719","OSM-way-424340720","OSM-way-424340721","OSM-way-424340722","OSM-way-426917404","OSM-way-426917405","OSM-way-42694961","OSM-way-42695661","OSM-way-42695663","OSM-way-42714151","OSM-way-42814692","OSM-way-42814694","OSM-way-42815783","OSM-way-42816694","OSM-way-42816695","OSM-way-42816697","OSM-way-428550555","OSM-way-428550556","OSM-way-429217919","OSM-way-42991971","OSM-way-42993021","OSM-way-42993308","OSM-way-42993570","OSM-way-43063527","OSM-way-43063529","OSM-way-431340311","OSM-way-431353980","OSM-way-431353984","OSM-way-431353986","OSM-way-431353989","OSM-way-431353994","OSM-way-431353995","OSM-way-431353996","OSM-way-431551308","OSM-way-431551309","OSM-way-431551338","OSM-way-431551339","OSM-way-43167439","OSM-way-4316780","OSM-way-43169784","OSM-way-431727418","OSM-way-432116461","OSM-way-43336758","OSM-way-43336764","OSM-way-43336788","OSM-way-43336791","OSM-way-43386268","OSM-way-43386276","OSM-way-43660343","OSM-way-437656667","OSM-way-437656668","OSM-way-4387786","OSM-way-4392634","OSM-way-440023433","OSM-way-440392307","OSM-way-440552880","OSM-way-441521935","OSM-way-441521936","OSM-way-4439333","OSM-way-4439811","OSM-way-4441989","OSM-way-4441992","OSM-way-4441993","OSM-way-444311514","OSM-way-4446331","OSM-way-4446332","OSM-way-4446337","OSM-way-4448877","OSM-way-4448878","OSM-way-4448879","OSM-way-4448881","OSM-way-44524551","OSM-way-44527383","OSM-way-4453034","OSM-way-4453035","OSM-way-4453036","OSM-way-446633532","OSM-way-446633536","OSM-way-446659716","OSM-way-4474789","OSM-way-4474790","OSM-way-4475902","OSM-way-4475903","OSM-way-44832941","OSM-way-4484276","OSM-way-4484277","OSM-way-4484278","OSM-way-4484279","OSM-way-44956230","OSM-way-44956231","OSM-way-4497945","OSM-way-4500121","OSM-way-4500122","OSM-way-4500125","OSM-way-450086104","OSM-way-450842520","OSM-way-4514036","OSM-way-4514037","OSM-way-4517370","OSM-way-4539612","OSM-way-454115373","OSM-way-454887268","OSM-way-4550294","OSM-way-455132837","OSM-way-4553964","OSM-way-4553965","OSM-way-4553966","OSM-way-4553968","OSM-way-4553972","OSM-way-4553973","OSM-way-4553974","OSM-way-4553975","OSM-way-456120288","OSM-way-456510898","OSM-way-456510899","OSM-way-456510900","OSM-way-456984734","OSM-way-4571601","OSM-way-457410834","OSM-way-457410836","OSM-way-457489822","OSM-way-457489828","OSM-way-457489838","OSM-way-457489843","OSM-way-4581898","OSM-way-4588826","OSM-way-460382274","OSM-way-46039440","OSM-way-46039447","OSM-way-4605126","OSM-way-460789972","OSM-way-46099491","OSM-way-46099492","OSM-way-46099493","OSM-way-46099496","OSM-way-461390639","OSM-way-4616171","OSM-way-462624002","OSM-way-46839074","OSM-way-4689026","OSM-way-4689192","OSM-way-4689194","OSM-way-4689195","OSM-way-4689508","OSM-way-4694738","OSM-way-4694754","OSM-way-4694793","OSM-way-4694838","OSM-way-469780312","OSM-way-4699430","OSM-way-47160366","OSM-way-4752741","OSM-way-47974154","OSM-way-47974155","OSM-way-47974157","OSM-way-47975008","OSM-way-4804157","OSM-way-48080464","OSM-way-48080504","OSM-way-4810965","OSM-way-481431146","OSM-way-48273133","OSM-way-482878584","OSM-way-48298278","OSM-way-484352976","OSM-way-48435429","OSM-way-4863639","OSM-way-4863644","OSM-way-4863645","OSM-way-4863646","OSM-way-4863647","OSM-way-486932703","OSM-way-4871519","OSM-way-4871596","OSM-way-4871597","OSM-way-4871598","OSM-way-4871606","OSM-way-4875990","OSM-way-48858191","OSM-way-48858192","OSM-way-48917146","OSM-way-48923304","OSM-way-490167485","OSM-way-4906394","OSM-way-4906395","OSM-way-491109137","OSM-way-491109138","OSM-way-491112753","OSM-way-491114052","OSM-way-499658100","OSM-way-499658102","OSM-way-50054448","OSM-way-50054449","OSM-way-50230174","OSM-way-502869472","OSM-way-51069314","OSM-way-511575454","OSM-way-511819451","OSM-way-512433355","OSM-way-515037420","OSM-way-516456554","OSM-way-51872062","OSM-way-51872065","OSM-way-51874066","OSM-way-51889532","OSM-way-51939088","OSM-way-52029277","OSM-way-52029287","OSM-way-52243916","OSM-way-522816510","OSM-way-522816511","OSM-way-52327383","OSM-way-52327386","OSM-way-52327387","OSM-way-52595437","OSM-way-52595438","OSM-way-52976225","OSM-way-52976226","OSM-way-533425053","OSM-way-53458456","OSM-way-5363263","OSM-way-53749091","OSM-way-541438279","OSM-way-544599539","OSM-way-54722077","OSM-way-568757210","OSM-way-568758783","OSM-way-57387792","OSM-way-57396493","OSM-way-57396693","OSM-way-57681404","OSM-way-580507662","OSM-way-580507889","OSM-way-58176707","OSM-way-58520618","OSM-way-58601353","OSM-way-591713659","OSM-way-596072109","OSM-way-59636543","OSM-way-597922452","OSM-way-603999353","OSM-way-603999354","OSM-way-60769279","OSM-way-60769283","OSM-way-610191138","OSM-way-610191139","OSM-way-61231307","OSM-way-61231308","OSM-way-61231309","OSM-way-61389770","OSM-way-61389771","OSM-way-61389772","OSM-way-61389773","OSM-way-616789707","OSM-way-62106886","OSM-way-62127566","OSM-way-622087821","OSM-way-622087824","OSM-way-622097542","OSM-way-622097545","OSM-way-62214794","OSM-way-62214795","OSM-way-62317349","OSM-way-62317351","OSM-way-62317352","OSM-way-62317353","OSM-way-624268785","OSM-way-625964243","OSM-way-625964244","OSM-way-6263126","OSM-way-6274920","OSM-way-627560832","OSM-way-6277268","OSM-way-6277270","OSM-way-6277301","OSM-way-6278772","OSM-way-64308402","OSM-way-648541109","OSM-way-649125480","OSM-way-650917826","OSM-way-650917827","OSM-way-665234743","OSM-way-666708043","OSM-way-672958015","OSM-way-673262195","OSM-way-674216636","OSM-way-674407325","OSM-way-67563834","OSM-way-676788636","OSM-way-678384233","OSM-way-678683419","OSM-way-678691344","OSM-way-679248751","OSM-way-679616035","OSM-way-679714111","OSM-way-679714112","OSM-way-679714114","OSM-way-685460476","OSM-way-685460477","OSM-way-686904355","OSM-way-690566221","OSM-way-690566222","OSM-way-690827778","OSM-way-699217505","OSM-way-699295574","OSM-way-704816410","OSM-way-70553224","OSM-way-70553241","OSM-way-706118834","OSM-way-706118835","OSM-way-70905121","OSM-way-70905122","OSM-way-71001582","OSM-way-71079689","OSM-way-711095141","OSM-way-713482805","OSM-way-713483317","OSM-way-718428117","OSM-way-718428120","OSM-way-718428129","OSM-way-718809954","OSM-way-72175242","OSM-way-723084569","OSM-way-72416933","OSM-way-729687317","OSM-way-749637470","OSM-way-75252111","OSM-way-758672647","OSM-way-760410927","OSM-way-761308714","OSM-way-761308715","OSM-way-7619117","OSM-way-7620920","OSM-way-7737325","OSM-way-7744347","OSM-way-783042657","OSM-way-783042658","OSM-way-785002808","OSM-way-7956187","OSM-way-7956208","OSM-way-799402619","OSM-way-80718772","OSM-way-80937148","OSM-way-80937150","OSM-way-80937151","OSM-way-80937154","OSM-way-80937157","OSM-way-81096600","OSM-way-81370994","OSM-way-81370995","OSM-way-815566002","OSM-way-815566003","OSM-way-815566005","OSM-way-815566006","OSM-way-81631451","OSM-way-81631452","OSM-way-81631453","OSM-way-81639678","OSM-way-820786222","OSM-way-821965928","OSM-way-826099039","OSM-way-827228940","OSM-way-829183401","OSM-way-83036517","OSM-way-83036519","OSM-way-831660641","OSM-way-831660642","OSM-way-832484539","OSM-way-844148742","OSM-way-846978762","OSM-way-846978763","OSM-way-84799537","OSM-way-84960593","OSM-way-85023545","OSM-way-85129346","OSM-way-852412214","OSM-way-853248693","OSM-way-855874110","OSM-way-856407907","OSM-way-856407908","OSM-way-856407914","OSM-way-857864204","OSM-way-860209475","OSM-way-860209476","OSM-way-860227379","OSM-way-860227380","OSM-way-860334844","OSM-way-865642554","OSM-way-865716513","OSM-way-865948246","OSM-way-865948248","OSM-way-871821184","OSM-way-876565556","OSM-way-876578972","OSM-way-87759777","OSM-way-87759779","OSM-way-878366189","OSM-way-880314996","OSM-way-880314997","OSM-way-881325907","OSM-way-881453332","OSM-way-881453333","OSM-way-881598757","OSM-way-881620843","OSM-way-881902282","OSM-way-881902283","OSM-way-881902284","OSM-way-881902285","OSM-way-884805019","OSM-way-886504136","OSM-way-888411999","OSM-way-892015652","OSM-way-892015653","OSM-way-892433009","OSM-way-892433010","OSM-way-893550999","OSM-way-899210973","OSM-way-899413473","OSM-way-899456554","OSM-way-899456555","OSM-way-901108202","OSM-way-907071143","OSM-way-911559764","OSM-way-912706185","OSM-way-913309132","OSM-way-913645520","OSM-way-914150443","OSM-way-915073894","OSM-way-915073895","OSM-way-915073896","OSM-way-922852202","OSM-way-923696879","OSM-way-925962765","OSM-way-930349179","OSM-way-930349181","OSM-way-933997852","OSM-way-934326745","OSM-way-93466596","OSM-way-934737251","OSM-way-934737252","OSM-way-934761746","OSM-way-935142771","OSM-way-935142773","OSM-way-93704162","OSM-way-94366778","OSM-way-965329306","OSM-way-966483434","OSM-way-967248331","OSM-way-967248337","OSM-way-967248338","OSM-way-967256186","OSM-way-968257753","OSM-way-968257754","OSM-way-968257756","OSM-way-968257757","OSM-way-96874145","OSM-way-970172851","OSM-way-973580701","OSM-way-973919633","OSM-way-979387368","OSM-way-979776709","OSM-way-980125900","OSM-way-980136988","OSM-way-980137627","OSM-way-980137825","OSM-way-982221220","OSM-way-9835410","OSM-way-9835412","OSM-way-9835413","OSM-way-985402127","OSM-way-985468026","OSM-way-985571366","OSM-way-9873997","OSM-way-991426479","OSM-way-991426480","OSM-way-991426497","OSM-way-992206428","OSM-way-992206429","OSM-way-993808310","OSM-way-996257101"],"landscapeSources":[{"sourceId":"OSM-relation-3410","name":"Grunewald","wood":true},{"sourceId":"OSM-relation-4219","name":"Hubertussee","wood":false},{"sourceId":"OSM-relation-54741","name":"Düppeler Forst","wood":true},{"sourceId":"OSM-relation-79555","name":"","wood":true},{"sourceId":"OSM-relation-173239","name":"Havel","wood":false},{"sourceId":"OSM-relation-414975","name":"","wood":true},{"sourceId":"OSM-relation-2328945","name":"Halensee","wood":false},{"sourceId":"OSM-relation-3081926","name":"","wood":true},{"sourceId":"OSM-relation-3083656","name":"","wood":true},{"sourceId":"OSM-relation-3761274","name":"","wood":true},{"sourceId":"OSM-relation-4578498","name":"Havel","wood":false},{"sourceId":"OSM-relation-5552479","name":"","wood":true},{"sourceId":"OSM-relation-5563284","name":"","wood":true},{"sourceId":"OSM-relation-5880410","name":"","wood":true},{"sourceId":"OSM-relation-6594517","name":"Pichelswerder","wood":true},{"sourceId":"OSM-relation-7345159","name":"Herthasee","wood":false},{"sourceId":"OSM-relation-9868610","name":"","wood":true},{"sourceId":"OSM-relation-11191679","name":"","wood":true},{"sourceId":"OSM-relation-12843249","name":"","wood":true},{"sourceId":"OSM-relation-13030110","name":"","wood":true},{"sourceId":"OSM-relation-13913225","name":"","wood":true},{"sourceId":"OSM-relation-14141093","name":"","wood":true},{"sourceId":"OSM-relation-14275733","name":"Südparksee","wood":false},{"sourceId":"OSM-relation-18357486","name":"","wood":true},{"sourceId":"OSM-way-4317997","name":"Schlachtensee","wood":false},{"sourceId":"OSM-way-4401084","name":"Koenigssee","wood":false},{"sourceId":"OSM-way-4405171","name":"Lietzensee","wood":false},{"sourceId":"OSM-way-4407809","name":"Dianasee","wood":false},{"sourceId":"OSM-way-4407810","name":"Hundekehlesee","wood":false},{"sourceId":"OSM-way-4407811","name":"Grunewaldsee","wood":false},{"sourceId":"OSM-way-4423275","name":"Kleiner Wannsee","wood":false},{"sourceId":"OSM-way-4435600","name":"Havel","wood":false},{"sourceId":"OSM-way-4436463","name":"Großer Wannsee","wood":false},{"sourceId":"OSM-way-4469529","name":"Krumme Lanke","wood":false},{"sourceId":"OSM-way-4475095","name":"Waldsee","wood":false},{"sourceId":"OSM-way-4556663","name":"Grimnitzsee","wood":false},{"sourceId":"OSM-way-4678354","name":"Teufelssee","wood":false},{"sourceId":"OSM-way-4900146","name":"","wood":true},{"sourceId":"OSM-way-5184098","name":"","wood":false},{"sourceId":"OSM-way-5219050","name":"Lindwerder","wood":true},{"sourceId":"OSM-way-5821088","name":"Sausuhlensee","wood":false},{"sourceId":"OSM-way-9955671","name":"","wood":false},{"sourceId":"OSM-way-9955672","name":"","wood":false},{"sourceId":"OSM-way-10636088","name":"Pichelssee","wood":false},{"sourceId":"OSM-way-14662287","name":"Imchen","wood":true},{"sourceId":"OSM-way-15245403","name":"","wood":false},{"sourceId":"OSM-way-15245426","name":"Toter Mantel","wood":false},{"sourceId":"OSM-way-16089810","name":"Pechsee","wood":false},{"sourceId":"OSM-way-16089834","name":"Barssee","wood":false},{"sourceId":"OSM-way-19657785","name":"","wood":false},{"sourceId":"OSM-way-19795996","name":"","wood":false},{"sourceId":"OSM-way-20210672","name":"","wood":true},{"sourceId":"OSM-way-20447324","name":"Stößensee","wood":false},{"sourceId":"OSM-way-20451759","name":"Hauptgraben","wood":false},{"sourceId":"OSM-way-20451760","name":"Hohler Weg","wood":false},{"sourceId":"OSM-way-22112268","name":"Käuzchensteigteich","wood":false},{"sourceId":"OSM-way-23089797","name":"","wood":false},{"sourceId":"OSM-way-23198661","name":"","wood":true},{"sourceId":"OSM-way-23437253","name":"","wood":true},{"sourceId":"OSM-way-23970599","name":"","wood":true},{"sourceId":"OSM-way-24506747","name":"","wood":true},{"sourceId":"OSM-way-24922654","name":"","wood":false},{"sourceId":"OSM-way-25029435","name":"","wood":false},{"sourceId":"OSM-way-25721840","name":"Himmelsauge","wood":false},{"sourceId":"OSM-way-26189168","name":"","wood":true},{"sourceId":"OSM-way-27110038","name":"Pücklerteich","wood":false},{"sourceId":"OSM-way-27932693","name":"","wood":true},{"sourceId":"OSM-way-28695913","name":"","wood":false},{"sourceId":"OSM-way-29420178","name":"Fischtalteich","wood":false},{"sourceId":"OSM-way-31696429","name":"","wood":false},{"sourceId":"OSM-way-32013606","name":"","wood":false},{"sourceId":"OSM-way-34403275","name":"","wood":true},{"sourceId":"OSM-way-34611136","name":"","wood":true},{"sourceId":"OSM-way-35477013","name":"","wood":true},{"sourceId":"OSM-way-39300490","name":"Krummes Fenn","wood":false},{"sourceId":"OSM-way-42689611","name":"","wood":true},{"sourceId":"OSM-way-42720467","name":"","wood":false},{"sourceId":"OSM-way-44017593","name":"","wood":false},{"sourceId":"OSM-way-44018160","name":"","wood":false},{"sourceId":"OSM-way-44181458","name":"","wood":true},{"sourceId":"OSM-way-44181461","name":"","wood":true},{"sourceId":"OSM-way-48898759","name":"","wood":true},{"sourceId":"OSM-way-48898760","name":"","wood":true},{"sourceId":"OSM-way-48898765","name":"","wood":true},{"sourceId":"OSM-way-49744546","name":"","wood":true},{"sourceId":"OSM-way-51137155","name":"Hauptgraben","wood":false},{"sourceId":"OSM-way-51137156","name":"Kleiner Jürgengraben","wood":false},{"sourceId":"OSM-way-51137159","name":"Hauptgraben","wood":false},{"sourceId":"OSM-way-51137212","name":"Hohler Weg","wood":false},{"sourceId":"OSM-way-51191321","name":"","wood":true},{"sourceId":"OSM-way-52420200","name":"","wood":false},{"sourceId":"OSM-way-58522896","name":"","wood":true},{"sourceId":"OSM-way-67458814","name":"","wood":true},{"sourceId":"OSM-way-67458815","name":"","wood":true},{"sourceId":"OSM-way-71079474","name":"","wood":true},{"sourceId":"OSM-way-71798610","name":"","wood":true},{"sourceId":"OSM-way-72175189","name":"","wood":true},{"sourceId":"OSM-way-72509830","name":"Teich an der Sensburger Allee","wood":false},{"sourceId":"OSM-way-79984345","name":"","wood":false},{"sourceId":"OSM-way-79990123","name":"","wood":false},{"sourceId":"OSM-way-84460001","name":"","wood":true},{"sourceId":"OSM-way-84460004","name":"","wood":true},{"sourceId":"OSM-way-84465252","name":"","wood":true},{"sourceId":"OSM-way-84465256","name":"","wood":true},{"sourceId":"OSM-way-84465259","name":"","wood":true},{"sourceId":"OSM-way-96318966","name":"","wood":true},{"sourceId":"OSM-way-100676935","name":"","wood":true},{"sourceId":"OSM-way-103264475","name":"","wood":false},{"sourceId":"OSM-way-103264479","name":"","wood":false},{"sourceId":"OSM-way-103264483","name":"","wood":false},{"sourceId":"OSM-way-103264506","name":"","wood":false},{"sourceId":"OSM-way-105357010","name":"","wood":true},{"sourceId":"OSM-way-112246426","name":"Vierling","wood":false},{"sourceId":"OSM-way-122572395","name":"","wood":false},{"sourceId":"OSM-way-123267751","name":"Hüttenteich","wood":false},{"sourceId":"OSM-way-143222378","name":"Kleiner Müggelsee","wood":false},{"sourceId":"OSM-way-153021208","name":"Nikolassee","wood":false},{"sourceId":"OSM-way-157043658","name":"Lieper Bucht","wood":false},{"sourceId":"OSM-way-158521683","name":"Havel","wood":false},{"sourceId":"OSM-way-172854583","name":"","wood":false},{"sourceId":"OSM-way-175896421","name":"","wood":true},{"sourceId":"OSM-way-175896423","name":"Unkenpfuhl","wood":false},{"sourceId":"OSM-way-207612573","name":"","wood":true},{"sourceId":"OSM-way-207612902","name":"","wood":true},{"sourceId":"OSM-way-216974033","name":"","wood":false},{"sourceId":"OSM-way-235277181","name":"","wood":false},{"sourceId":"OSM-way-269298098","name":"Froschteich","wood":false},{"sourceId":"OSM-way-270437698","name":"","wood":true},{"sourceId":"OSM-way-272921387","name":"","wood":false},{"sourceId":"OSM-way-277545599","name":"Großer Müggelsee","wood":false},{"sourceId":"OSM-way-277961473","name":"Pfuhl am Bullenwinkel","wood":false},{"sourceId":"OSM-way-283862610","name":"","wood":false},{"sourceId":"OSM-way-283862611","name":"","wood":false},{"sourceId":"OSM-way-286122101","name":"","wood":false},{"sourceId":"OSM-way-286770425","name":"","wood":false},{"sourceId":"OSM-way-300051492","name":"","wood":true},{"sourceId":"OSM-way-300723194","name":"","wood":true},{"sourceId":"OSM-way-300723196","name":"","wood":true},{"sourceId":"OSM-way-300723213","name":"","wood":true},{"sourceId":"OSM-way-300723219","name":"","wood":true},{"sourceId":"OSM-way-300723235","name":"","wood":true},{"sourceId":"OSM-way-300723260","name":"","wood":true},{"sourceId":"OSM-way-300723273","name":"","wood":true},{"sourceId":"OSM-way-300723275","name":"","wood":true},{"sourceId":"OSM-way-300723281","name":"","wood":false},{"sourceId":"OSM-way-300723304","name":"","wood":true},{"sourceId":"OSM-way-300723310","name":"","wood":true},{"sourceId":"OSM-way-300723315","name":"","wood":true},{"sourceId":"OSM-way-300726404","name":"","wood":true},{"sourceId":"OSM-way-316545980","name":"","wood":false},{"sourceId":"OSM-way-322301520","name":"","wood":false},{"sourceId":"OSM-way-322301521","name":"","wood":false},{"sourceId":"OSM-way-322301527","name":"","wood":false},{"sourceId":"OSM-way-322301528","name":"","wood":false},{"sourceId":"OSM-way-322301592","name":"Reinwasserbehälter","wood":false},{"sourceId":"OSM-way-341194654","name":"","wood":false},{"sourceId":"OSM-way-343892754","name":"","wood":true},{"sourceId":"OSM-way-343894448","name":"","wood":true},{"sourceId":"OSM-way-348333116","name":"","wood":true},{"sourceId":"OSM-way-348333117","name":"","wood":true},{"sourceId":"OSM-way-348333118","name":"","wood":true},{"sourceId":"OSM-way-369965040","name":"","wood":true},{"sourceId":"OSM-way-369965042","name":"","wood":true},{"sourceId":"OSM-way-373367052","name":"","wood":true},{"sourceId":"OSM-way-373367053","name":"","wood":true},{"sourceId":"OSM-way-373367054","name":"","wood":true},{"sourceId":"OSM-way-449358850","name":"","wood":true},{"sourceId":"OSM-way-454633724","name":"","wood":true},{"sourceId":"OSM-way-454633725","name":"","wood":true},{"sourceId":"OSM-way-454633726","name":"","wood":true},{"sourceId":"OSM-way-454633727","name":"","wood":true},{"sourceId":"OSM-way-487924908","name":"","wood":true},{"sourceId":"OSM-way-502036010","name":"","wood":true},{"sourceId":"OSM-way-503485828","name":"","wood":true},{"sourceId":"OSM-way-545543460","name":"","wood":false},{"sourceId":"OSM-way-545602098","name":"","wood":true},{"sourceId":"OSM-way-551660582","name":"","wood":true},{"sourceId":"OSM-way-551660583","name":"","wood":true},{"sourceId":"OSM-way-551660584","name":"","wood":true},{"sourceId":"OSM-way-551660585","name":"","wood":true},{"sourceId":"OSM-way-557554928","name":"","wood":true},{"sourceId":"OSM-way-557555518","name":"","wood":true},{"sourceId":"OSM-way-558583854","name":"","wood":true},{"sourceId":"OSM-way-591243959","name":"","wood":true},{"sourceId":"OSM-way-599441266","name":"Finkenteich","wood":false},{"sourceId":"OSM-way-609035553","name":"","wood":false},{"sourceId":"OSM-way-609427706","name":"","wood":true},{"sourceId":"OSM-way-609427707","name":"","wood":true},{"sourceId":"OSM-way-672920671","name":"","wood":false},{"sourceId":"OSM-way-673597536","name":"","wood":true},{"sourceId":"OSM-way-674535575","name":"","wood":false},{"sourceId":"OSM-way-682215144","name":"","wood":false},{"sourceId":"OSM-way-682215145","name":"","wood":false},{"sourceId":"OSM-way-682226550","name":"","wood":true},{"sourceId":"OSM-way-682226551","name":"","wood":true},{"sourceId":"OSM-way-682234797","name":"","wood":false},{"sourceId":"OSM-way-682496135","name":"","wood":false},{"sourceId":"OSM-way-682496137","name":"","wood":false},{"sourceId":"OSM-way-697158033","name":"","wood":false},{"sourceId":"OSM-way-711430437","name":"","wood":true},{"sourceId":"OSM-way-755003321","name":"","wood":false},{"sourceId":"OSM-way-764120878","name":"","wood":true},{"sourceId":"OSM-way-764120879","name":"","wood":true},{"sourceId":"OSM-way-764120880","name":"","wood":true},{"sourceId":"OSM-way-764120881","name":"","wood":true},{"sourceId":"OSM-way-764120888","name":"","wood":true},{"sourceId":"OSM-way-764120889","name":"","wood":true},{"sourceId":"OSM-way-764122629","name":"","wood":true},{"sourceId":"OSM-way-810043739","name":"","wood":true},{"sourceId":"OSM-way-810054473","name":"","wood":true},{"sourceId":"OSM-way-813518096","name":"","wood":true},{"sourceId":"OSM-way-813962250","name":"","wood":false},{"sourceId":"OSM-way-832879439","name":"","wood":true},{"sourceId":"OSM-way-832879440","name":"","wood":true},{"sourceId":"OSM-way-837371905","name":"","wood":false},{"sourceId":"OSM-way-839581286","name":"","wood":true},{"sourceId":"OSM-way-839586951","name":"","wood":true},{"sourceId":"OSM-way-839586952","name":"","wood":true},{"sourceId":"OSM-way-841037777","name":"","wood":false},{"sourceId":"OSM-way-841038790","name":"","wood":false},{"sourceId":"OSM-way-850647802","name":"","wood":true},{"sourceId":"OSM-way-850648249","name":"","wood":true},{"sourceId":"OSM-way-891547378","name":"","wood":false},{"sourceId":"OSM-way-907515728","name":"","wood":true},{"sourceId":"OSM-way-907651455","name":"","wood":true},{"sourceId":"OSM-way-907651456","name":"","wood":true},{"sourceId":"OSM-way-907664588","name":"","wood":true},{"sourceId":"OSM-way-907664589","name":"","wood":true},{"sourceId":"OSM-way-907664591","name":"","wood":true},{"sourceId":"OSM-way-907664598","name":"","wood":true},{"sourceId":"OSM-way-907664600","name":"","wood":true},{"sourceId":"OSM-way-926631323","name":"","wood":true},{"sourceId":"OSM-way-968331676","name":"","wood":false},{"sourceId":"OSM-way-1039620419","name":"","wood":true},{"sourceId":"OSM-way-1039690641","name":"","wood":true},{"sourceId":"OSM-way-1040021198","name":"","wood":true},{"sourceId":"OSM-way-1040507324","name":"","wood":true},{"sourceId":"OSM-way-1042431190","name":"","wood":true},{"sourceId":"OSM-way-1042431193","name":"","wood":true},{"sourceId":"OSM-way-1042431194","name":"","wood":true},{"sourceId":"OSM-way-1046911971","name":"","wood":true},{"sourceId":"OSM-way-1049654721","name":"","wood":true},{"sourceId":"OSM-way-1057580800","name":"","wood":true},{"sourceId":"OSM-way-1057583650","name":"","wood":true},{"sourceId":"OSM-way-1057583651","name":"","wood":true},{"sourceId":"OSM-way-1057583652","name":"","wood":true},{"sourceId":"OSM-way-1057667958","name":"","wood":true},{"sourceId":"OSM-way-1058210224","name":"","wood":true},{"sourceId":"OSM-way-1058210225","name":"","wood":true},{"sourceId":"OSM-way-1058210226","name":"","wood":true},{"sourceId":"OSM-way-1059679783","name":"","wood":true},{"sourceId":"OSM-way-1059679784","name":"","wood":true},{"sourceId":"OSM-way-1060283619","name":"","wood":true},{"sourceId":"OSM-way-1060283622","name":"","wood":true},{"sourceId":"OSM-way-1060285878","name":"","wood":true},{"sourceId":"OSM-way-1060285880","name":"","wood":true},{"sourceId":"OSM-way-1060285883","name":"","wood":true},{"sourceId":"OSM-way-1060296426","name":"","wood":true},{"sourceId":"OSM-way-1060296428","name":"","wood":true},{"sourceId":"OSM-way-1060296429","name":"","wood":true},{"sourceId":"OSM-way-1060296431","name":"","wood":true},{"sourceId":"OSM-way-1060296436","name":"","wood":true},{"sourceId":"OSM-way-1060296438","name":"","wood":true},{"sourceId":"OSM-way-1080591758","name":"","wood":false},{"sourceId":"OSM-way-1091734660","name":"","wood":true},{"sourceId":"OSM-way-1091734661","name":"","wood":true},{"sourceId":"OSM-way-1147367109","name":"","wood":true},{"sourceId":"OSM-way-1147367110","name":"","wood":true},{"sourceId":"OSM-way-1147367111","name":"","wood":true},{"sourceId":"OSM-way-1147367112","name":"","wood":true},{"sourceId":"OSM-way-1147367113","name":"","wood":true},{"sourceId":"OSM-way-1147367114","name":"","wood":true},{"sourceId":"OSM-way-1147367115","name":"","wood":true},{"sourceId":"OSM-way-1147367116","name":"","wood":true},{"sourceId":"OSM-way-1147367117","name":"","wood":true},{"sourceId":"OSM-way-1147367118","name":"","wood":true},{"sourceId":"OSM-way-1158189136","name":"","wood":true},{"sourceId":"OSM-way-1158189137","name":"","wood":true},{"sourceId":"OSM-way-1158189138","name":"","wood":true},{"sourceId":"OSM-way-1158189141","name":"","wood":true},{"sourceId":"OSM-way-1158191128","name":"","wood":true},{"sourceId":"OSM-way-1158194245","name":"","wood":true},{"sourceId":"OSM-way-1158194246","name":"","wood":true},{"sourceId":"OSM-way-1159254774","name":"","wood":true},{"sourceId":"OSM-way-1159254776","name":"","wood":true},{"sourceId":"OSM-way-1159254778","name":"","wood":true},{"sourceId":"OSM-way-1160038430","name":"","wood":true},{"sourceId":"OSM-way-1164542304","name":"","wood":true},{"sourceId":"OSM-way-1164542305","name":"","wood":true},{"sourceId":"OSM-way-1164542307","name":"","wood":true},{"sourceId":"OSM-way-1164555198","name":"","wood":true},{"sourceId":"OSM-way-1164555199","name":"","wood":true},{"sourceId":"OSM-way-1165155322","name":"","wood":true},{"sourceId":"OSM-way-1165155324","name":"","wood":true},{"sourceId":"OSM-way-1165155326","name":"","wood":true},{"sourceId":"OSM-way-1165155327","name":"","wood":true},{"sourceId":"OSM-way-1165155328","name":"","wood":true},{"sourceId":"OSM-way-1165164561","name":"","wood":true},{"sourceId":"OSM-way-1168365514","name":"","wood":true},{"sourceId":"OSM-way-1168365515","name":"","wood":true},{"sourceId":"OSM-way-1168365516","name":"","wood":true},{"sourceId":"OSM-way-1168783303","name":"","wood":true},{"sourceId":"OSM-way-1168783304","name":"","wood":true},{"sourceId":"OSM-way-1168783305","name":"","wood":true},{"sourceId":"OSM-way-1168783306","name":"","wood":true},{"sourceId":"OSM-way-1184055526","name":"","wood":true},{"sourceId":"OSM-way-1184055528","name":"","wood":true},{"sourceId":"OSM-way-1184055534","name":"","wood":true},{"sourceId":"OSM-way-1184055536","name":"","wood":true},{"sourceId":"OSM-way-1186340532","name":"","wood":true},{"sourceId":"OSM-way-1186589257","name":"","wood":true},{"sourceId":"OSM-way-1189192012","name":"","wood":false},{"sourceId":"OSM-way-1189951074","name":"","wood":true},{"sourceId":"OSM-way-1190949393","name":"","wood":true},{"sourceId":"OSM-way-1201756079","name":"","wood":true},{"sourceId":"OSM-way-1201756081","name":"","wood":true},{"sourceId":"OSM-way-1201756082","name":"","wood":true},{"sourceId":"OSM-way-1211936952","name":"","wood":true},{"sourceId":"OSM-way-1211936953","name":"","wood":true},{"sourceId":"OSM-way-1213423854","name":"","wood":true},{"sourceId":"OSM-way-1213538148","name":"","wood":true},{"sourceId":"OSM-way-1216752828","name":"","wood":true},{"sourceId":"OSM-way-1235902428","name":"","wood":true},{"sourceId":"OSM-way-1259367564","name":"","wood":false},{"sourceId":"OSM-way-1267524647","name":"","wood":true},{"sourceId":"OSM-way-1267524648","name":"","wood":true},{"sourceId":"OSM-way-1279677543","name":"","wood":true},{"sourceId":"OSM-way-1279677545","name":"","wood":true},{"sourceId":"OSM-way-1279677546","name":"","wood":true},{"sourceId":"OSM-way-1279677549","name":"","wood":true},{"sourceId":"OSM-way-1283715694","name":"","wood":true},{"sourceId":"OSM-way-1283715695","name":"","wood":true},{"sourceId":"OSM-way-1283715696","name":"","wood":true},{"sourceId":"OSM-way-1283715697","name":"","wood":true},{"sourceId":"OSM-way-1283715699","name":"","wood":true},{"sourceId":"OSM-way-1310997870","name":"","wood":true},{"sourceId":"OSM-way-1313296857","name":"","wood":true},{"sourceId":"OSM-way-1317874937","name":"","wood":true},{"sourceId":"OSM-way-1326110123","name":"","wood":true},{"sourceId":"OSM-way-1326110126","name":"","wood":true},{"sourceId":"OSM-way-1326110128","name":"","wood":true},{"sourceId":"OSM-way-1332049103","name":"","wood":true},{"sourceId":"OSM-way-1332049104","name":"","wood":true},{"sourceId":"OSM-way-1340155312","name":"","wood":true},{"sourceId":"OSM-way-1341824194","name":"","wood":true},{"sourceId":"OSM-way-1359118597","name":"Friedhofsteich","wood":false},{"sourceId":"OSM-way-1455138434","name":"","wood":true},{"sourceId":"OSM-way-1455138435","name":"","wood":true},{"sourceId":"OSM-way-1468785129","name":"","wood":true},{"sourceId":"OSM-way-1468785130","name":"","wood":true},{"sourceId":"OSM-way-1473349520","name":"","wood":true},{"sourceId":"OSM-way-1473349521","name":"","wood":true},{"sourceId":"OSM-way-1473349522","name":"","wood":true},{"sourceId":"OSM-way-1473349523","name":"","wood":true},{"sourceId":"OSM-way-1473349524","name":"","wood":true},{"sourceId":"OSM-way-1473349525","name":"","wood":true},{"sourceId":"OSM-way-1473349526","name":"","wood":true},{"sourceId":"OSM-way-1473349527","name":"","wood":true},{"sourceId":"OSM-way-1473349528","name":"","wood":true},{"sourceId":"OSM-way-1473349529","name":"","wood":true},{"sourceId":"OSM-way-1473349530","name":"","wood":true},{"sourceId":"OSM-way-1473349531","name":"","wood":true},{"sourceId":"OSM-way-1473349532","name":"","wood":true},{"sourceId":"OSM-way-1473349533","name":"","wood":true},{"sourceId":"OSM-way-1473349534","name":"","wood":true},{"sourceId":"OSM-way-1473349535","name":"","wood":true},{"sourceId":"OSM-way-1473349536","name":"","wood":true},{"sourceId":"OSM-way-1473349537","name":"","wood":true},{"sourceId":"OSM-way-1473349538","name":"","wood":true}]},"geometry":{"type":"MultiPolygon","coordinates":[[[[13.087320971280018,52.4140437130789],[13.087349192736609,52.41405514468624],[13.08756739587438,52.41409984544424],[13.087584067576474,52.414100472859005],[13.087598227006504,52.41410589089272],[13.087753529307772,52.414134991392636],[13.087783317723476,52.4141356392247],[13.087809291216768,52.41414458125533],[13.087969393700044,52.41416968169671],[13.08805007565714,52.41418060569126],[13.088195278023882,52.41419720599421],[13.08830209178557,52.41420651947663],[13.088530595666233,52.41422031974972],[13.088631101276217,52.414223897335255],[13.088777703808022,52.41422549738699],[13.08940532181354,52.41412996985261],[13.089870737692,52.41385535092716],[13.090049243228806,52.41347522692589],[13.089893014645511,52.413091453105636],[13.089443920306337,52.412806860293394],[13.088822295082567,52.41269770250762],[13.08872606663511,52.412696652301726],[13.088601437844428,52.41268912550938],[13.088549951436793,52.41268323933087],[13.088523735358919,52.4126791292677],[13.088510587042865,52.41267325530723],[13.088316730195928,52.412578676376036],[13.087724008334586,52.41242044137711],[13.087676644345802,52.41242369785814],[13.087401411854536,52.41230582752056],[13.086862997350256,52.41207516583649],[13.08625532045265,52.41193980606023],[13.085618379522128,52.412008377549434],[13.08512283489414,52.41226250737716],[13.084901465852138,52.4126341040113],[13.085013594025414,52.41302360003573],[13.085429182233538,52.41332662955707],[13.08596768594767,52.41355733283754],[13.08660294647729,52.413829389463494],[13.086675839882924,52.4138606722852],[13.086847214459706,52.413922393060226],[13.087031516603798,52.41397719392718],[13.087119137495291,52.41400075426908],[13.087287339745043,52.41404135493922],[13.087320971280018,52.4140437130789]]],[[[13.157261925861055,52.42619648073947],[13.157296335078124,52.42619765525327],[13.157645534259627,52.42620662383416],[13.157985028430076,52.42634879693535],[13.157997147422554,52.42635577595361],[13.158000915954194,52.42635821617773],[13.158042131956572,52.42639625163769],[13.158240743225043,52.426599426212576],[13.158276991929222,52.42662092857648],[13.15829458147568,52.4266498725915],[13.158442579955867,52.42677727384476],[13.158931174899086,52.427026710247965],[13.159020175966987,52.4270522106545],[13.159657093309697,52.42712165048917],[13.16026547463032,52.42698711059979],[13.160682298487774,52.42668464232124],[13.160795878492097,52.426295294163225],[13.160575788356068,52.42592339254875],[13.160428127996324,52.42584734991703],[13.160361145681001,52.425789691941766],[13.160172934387173,52.425597165742424],[13.160142023015961,52.425567150367726],[13.160025421541109,52.42545955137499],[13.15989227782225,52.425356999145286],[13.15978957763459,52.42529049992781],[13.15973776746403,52.425258862758135],[13.159628367579968,52.42519586354701],[13.159477713487156,52.42512168069722],[13.1588972177116,52.42487858418163],[13.158758868115074,52.42482832432651],[13.15862676958909,52.424787124970585],[13.158572952781592,52.42477037052548],[13.15805859081483,52.42468785296085],[13.157896093614076,52.42468365305879],[13.157418480045026,52.42467138682727],[13.157305022051393,52.42466655397459],[13.157299023710042,52.42464952720664],[13.156850764975454,52.424353350666046],[13.156343747591828,52.424260940452825],[13.156347308056162,52.42424849469421],[13.15621484400723,52.42423433191428],[13.15579912788032,52.42417850213173],[13.15465591414897,52.42402464095304],[13.15464321087892,52.42402499142349],[13.154631809692754,52.42402154860799],[13.154514963348781,52.42400729178601],[13.15332875090795,52.423862118000386],[13.153165220874476,52.42380512945326],[13.152518311798039,52.42380730277835],[13.15195984566141,52.42400692412416],[13.151639459030319,52.42435050716865],[13.151643003170975,52.424745991215794],[13.151969536345867,52.42508740668159],[13.152029736339749,52.425123807126134],[13.152354578793162,52.42526545665281],[13.152406179385466,52.4252810568985],[13.152714855119418,52.425345361597415],[13.154024676306484,52.4255056644939],[13.15413050312212,52.42551857695596],[13.155261994726049,52.42567086101321],[13.155269223585455,52.42567183185215],[13.155283026338433,52.42568658244947],[13.155392825650143,52.425769883341026],[13.155769625890409,52.425961934930456],[13.155983528129603,52.426032936023105],[13.15618925720493,52.42608724858084],[13.156414960474516,52.426132649351956],[13.15667624984334,52.426166825706176],[13.156879053283237,52.4261797259584],[13.156921520028876,52.42618198043707],[13.157261925861055,52.42619648073947]]],[[[13.184619569863333,52.429098950373486],[13.184786342874915,52.42925453721204],[13.1850579979403,52.42933835705459],[13.185239848814525,52.429361563071716],[13.185099064220356,52.42984326978281],[13.185124982440184,52.430028820733355],[13.18529928759672,52.43018155670429],[13.185575219165496,52.43026050244986],[13.18569366321018,52.43027336380979],[13.185814007346943,52.430286524903316],[13.186117446976349,52.43027075670838],[13.186367317294764,52.430164346296095],[13.186496640895855,52.42999581706036],[13.186630126639493,52.42953896660868],[13.186916912014787,52.42957555905996],[13.187222933837942,52.429564728973574],[13.187478484524853,52.42946125197982],[13.187614159056364,52.429293231599374],[13.187677154749236,52.42909815765527],[13.188184435707994,52.4289662559638],[13.188355374526461,52.42889833701028],[13.188571474729546,52.428775136283676],[13.188711706503584,52.42865271673264],[13.188832681517177,52.428478546503484],[13.188979764687563,52.42835007918901],[13.189112817581142,52.428244764358254],[13.189214698896068,52.428119726548125],[13.189253320182434,52.428033281952935],[13.18947539500892,52.42798949801615],[13.189682490233357,52.427843759396644],[13.18973642696893,52.42765355197763],[13.189621658484299,52.4274737077768],[13.187730550948054,52.425933015183986],[13.187632465465132,52.42587049014961],[13.187611665505322,52.42586009021506],[13.187437896749358,52.425799971943526],[13.187415096899686,52.42579497198293],[13.187232012352373,52.425773979923015],[13.187207212553847,52.42577357992806],[13.187073874289995,52.42578074355669],[13.18706507435766,52.4257818435486],[13.186947282849633,52.42580466667936],[13.186925582982626,52.4258104666376],[13.18673379518173,52.42589290538696],[13.186719473243754,52.425902166862876],[13.186695713034268,52.425908049605496],[13.186463478219919,52.426012000551864],[13.186452778196438,52.42601990051092],[13.186322163056929,52.42620472223769],[13.186308070757272,52.42627382425149],[13.186291614530733,52.426334055879956],[13.186268885471481,52.426397451704204],[13.18624517872341,52.42644796828382],[13.186209386210326,52.42651027241295],[13.186171273332814,52.426568085432976],[13.185941237059685,52.42684157958033],[13.185057275383203,52.42786227405983],[13.185021465872486,52.42791256188274],[13.184837362329414,52.42823666099098],[13.184817122704109,52.428281440848835],[13.184602314873912,52.428913239738165],[13.184619569863333,52.429098950373486]]],[[[13.137608148422979,52.45555190524756],[13.137456628581292,52.4553904445163],[13.13705912689568,52.455146121055584],[13.136930015614059,52.45506591730959],[13.136901473072644,52.45504183157529],[13.136877670654213,52.455012254696406],[13.13687074368022,52.45499255329739],[13.136871094302103,52.45498233605294],[13.1368826850903,52.45495238445075],[13.136891709688124,52.454939432604974],[13.13691179926375,52.45492019168371],[13.136960557022784,52.45488934805925],[13.13705308887451,52.45484601903449],[13.13714625727022,52.45481355950885],[13.137231556147272,52.45479020307352],[13.137473768381696,52.45473791861479],[13.137502331764333,52.45473347719891],[13.13753891380738,52.454732049609454],[13.137650043352938,52.454739812318856],[13.137718293879477,52.45473267927793],[13.137729790363462,52.454745968795535],[13.137768186266916,52.45480368005688],[13.137945376316317,52.45494887134817],[13.138215942725616,52.455022875981506],[13.138454203164672,52.45500999953088],[13.138691803367367,52.45513429552319],[13.138968785796708,52.45521488094424],[13.13927452174967,52.45519936002343],[13.14076693181981,52.45487005761049],[13.140983637046821,52.45478583652144],[13.141120991064199,52.4546532522164],[13.141152834790079,52.45449755612603],[13.141039925307991,52.45377875659349],[13.140959114028758,52.45362849166561],[13.140780570530959,52.45351395330913],[13.140538847699212,52.453457307338645],[13.139756386723677,52.45338774231141],[13.139696110285879,52.45338028120208],[13.139772781983726,52.4531112800203],[13.139746824282007,52.45292799847998],[13.1395758722443,52.45277655336164],[13.139304683042855,52.45269659367292],[13.138984585492517,52.45265879399607],[13.138678515153886,52.45267243932442],[13.138493681674007,52.45274976085637],[13.13845445886135,52.45271903378149],[13.138184348734756,52.452648490569025],[13.13753885378732,52.45258819109849],[13.137224029910413,52.452611595791865],[13.136974801822797,52.45273142039174],[13.136863549762174,52.452912866055996],[13.136809877412773,52.4532950386401],[13.13673182079077,52.45329580687041],[13.136730045173067,52.45329582598257],[13.134673503703544,52.45331984031188],[13.134346917369033,52.45338491138625],[13.134135429668822,52.453550288451126],[13.132405428177096,52.456299042074775],[13.132370788373361,52.45647279450924],[13.132474557183194,52.456635948635],[13.132692141649358,52.456749835281045],[13.132971972248347,52.456787461923575],[13.133247725476844,52.45673991053562],[13.13349295762946,52.45665393369988],[13.133495874065442,52.45665290442267],[13.134791431115982,52.45619263510259],[13.134854241006838,52.45617858951926],[13.134868159553253,52.45620661656693],[13.13500695857593,52.45634301714065],[13.135228158049708,52.456469892024565],[13.135523416303245,52.456512596193775],[13.135814258212609,52.456459779506005],[13.135909528794398,52.456424123646315],[13.135917469321573,52.45642858639284],[13.136212554382709,52.45646960282991],[13.136501993423813,52.45641562187507],[13.13671469435436,52.45633482132838],[13.136818611514142,52.456284618201856],[13.136984111556394,52.45618421762564],[13.137183406756662,52.45606325919558],[13.137454087820167,52.455898909083636],[13.137607219081783,52.455738016294],[13.137608148422979,52.45555190524756]]],[[[13.143929269746579,52.456133393747386],[13.144171588998903,52.456230998871696],[13.144460803469004,52.45624598415314],[13.14455840423582,52.45623608408121],[13.144711496043543,52.45620703564675],[13.144841596806934,52.45616983538114],[13.144992062312024,52.456107960188625],[13.145048962369845,52.45607575999799],[13.145123441528662,52.45602475576191],[13.145168141353137,52.45598755558211],[13.14527931285915,52.45581063529742],[13.145227790954221,52.455623759699876],[13.145203390642534,52.45559155980647],[13.14502893373451,52.45545799355035],[13.144773246782291,52.45538871190102],[13.144728547127267,52.45538381194326],[13.144488506649026,52.45538790436545],[13.144403107292623,52.45540030427377],[13.144311374627888,52.45541859067027],[13.14423417511302,52.45543839052701],[13.144106927100065,52.45548316430151],[13.144005227397907,52.455530164000905],[13.143828623845513,52.455662712492725],[13.1437920234141,52.455709812325246],[13.14374156777676,52.45591692951702],[13.143888569799937,52.456106093599104],[13.143929269746579,52.456133393747386]]],[[[13.135502375079414,52.46077016520746],[13.135661775252672,52.46068056467535],[13.135814791820188,52.460541484321304],[13.135847991596114,52.4603751466422],[13.135754164253012,52.46021768333031],[13.135397157078714,52.45988790847976],[13.13576897181875,52.45968991787551],[13.135927471449433,52.459554280952595],[13.135968827390226,52.45938955978513],[13.135966852065085,52.45938586401484],[13.13637030994515,52.45958040932588],[13.136661122153717,52.45965489602376],[13.136973140416023,52.4596269975611],[13.137216802573423,52.459504721936135],[13.138437096933481,52.458442416944465],[13.138540915936968,52.45827191016135],[13.138494808951943,52.458092184596865],[13.138310581570197,52.457949252296295],[13.13774908304262,52.45768955398587],[13.137463760954924,52.45761920945765],[13.137159320015991,52.45764642446725],[13.136918957719017,52.45776376169363],[13.13567325278516,52.45880275667845],[13.13558753575573,52.45893524708007],[13.135207065561172,52.45855570050812],[13.135355139105146,52.458445291355964],[13.135409792023895,52.458271924563],[13.135322758577782,52.45810356767182],[13.134458152413938,52.45724967125007],[13.134265070769958,52.45713222282705],[13.13400608999625,52.45708048295054],[13.133736716585988,52.45710554082196],[13.133514684284812,52.457202025875965],[13.132842287179018,52.45767139273328],[13.132691552597338,52.45749994251498],[13.132459088324023,52.45735583684239],[13.132136047769231,52.457311226688425],[13.131824718518661,52.45738023738232],[13.13162368008028,52.457541017363646],[13.131339897576284,52.457991847984765],[13.13130922765756,52.45818192929691],[13.131442253059943,52.45835478373756],[13.131701432787061,52.4584616281687],[13.13201362086434,52.458472308585975],[13.132241712686454,52.458399459789035],[13.13226885330642,52.45846520996463],[13.134607937977796,52.4606993195652],[13.134863845081334,52.46083390652097],[13.135198733965979,52.460860432059675],[13.135502375079414,52.46077016520746]]],[[[13.132363728246247,52.460024089390735],[13.132222543752022,52.46018011583679],[13.1322214133948,52.4603583888437],[13.132360616642679,52.46051507845839],[13.132506516484433,52.46061117898591],[13.13278304206143,52.46071353933911],[13.133106359308645,52.46071123590585],[13.133378901182164,52.46060496377095],[13.13364560083284,52.46042086278008],[13.133769956741647,52.46028306229142],[13.133786066332918,52.46012602024017],[13.133690845195291,52.459979815258514],[13.133574444559557,52.459875715727854],[13.13330449573677,52.45974406861451],[13.132960122263782,52.459727603279354],[13.13265992840315,52.459831990458376],[13.132363728246247,52.460024089390735]]],[[[13.143495916573047,52.4639598974471],[13.143557699359386,52.46393487432475],[13.143679180230528,52.463850778670405],[13.143700037765003,52.46383794152967],[13.143777011784413,52.463822338653245],[13.143826134571679,52.46380985986251],[13.14389244117323,52.463811889212366],[13.143969581871794,52.46381115824967],[13.144080382768129,52.46380565821361],[13.144081170890049,52.46380561876624],[13.144139446557862,52.463802677846424],[13.144288405242893,52.4638315229945],[13.144400306108663,52.46384352309822],[13.144635944986689,52.463839522298905],[13.144850119131812,52.46377937316087],[13.144927619378821,52.46374467293659],[13.14510936809037,52.46361143735764],[13.145164274084381,52.46354220301502],[13.145311665105792,52.463549774869705],[13.145361832704623,52.46355103949215],[13.145593034588972,52.463550839507995],[13.145881274455302,52.463504499367495],[13.146095398820341,52.463377859446716],[13.146159298370646,52.46331355917245],[13.146198931918212,52.46326605933446],[13.146224230672955,52.463229215924514],[13.146367833952315,52.46328721887208],[13.146440334396871,52.463305619013745],[13.146552005436313,52.4633263094849],[13.146658806251668,52.46333920959491],[13.146898951366126,52.46333771316175],[13.147118131276066,52.463277756462254],[13.147202731554273,52.46324035621956],[13.147281510488671,52.4631985549766],[13.147518110427294,52.46304855413348],[13.147570738244536,52.46296885704199],[13.14763855336938,52.46300590460583],[13.14804116441705,52.46318398336929],[13.14819193491615,52.46328135319723],[13.14843645483386,52.463375995030106],[13.148725268120009,52.46338799970192],[13.148988525753433,52.46331446388851],[13.149162559665376,52.46317317206274],[13.149205281348065,52.46299829513224],[13.149106360307659,52.46283212603208],[13.14714024943013,52.46106603397065],[13.14691224526315,52.46094526047104],[13.146616222846083,52.46090938165381],[13.146329999752188,52.46096782922322],[13.14270191425824,52.462425619498454],[13.141594109179094,52.462870720349756],[13.14136269590547,52.46305112973649],[13.1413573071821,52.46325910476124],[13.141347355639324,52.46326294971809],[13.141276099827333,52.46331689824448],[13.141078220483758,52.46342030456145],[13.140970216012294,52.46349489040607],[13.140914304930059,52.46354642276741],[13.140884195087667,52.46356038340331],[13.140726523932704,52.46362720572904],[13.14069969408752,52.46363927762088],[13.140614194314518,52.463680077362724],[13.140392680088636,52.46391790459522],[13.14038417956077,52.46395860454861],[13.140425438378472,52.464143421721054],[13.14061275493704,52.46429074086425],[13.140654055045358,52.46430984098854],[13.140677054457356,52.464316661128244],[13.140724377741169,52.46437927497599],[13.140946666075482,52.46448396049967],[13.14122305536079,52.46451387146618],[13.141281762712453,52.464511523983454],[13.141311440946902,52.46460696323251],[13.141351340475738,52.46465726340569],[13.141443735844213,52.46471947291741],[13.141447324121833,52.46474245914397],[13.141472923182691,52.46481715925915],[13.141576818672734,52.464958119751664],[13.14176802119627,52.46505940565808],[13.141818838733137,52.465076272809306],[13.141825498187812,52.46508393192588],[13.142024682857823,52.46521679307354],[13.142304383298507,52.465273965693385],[13.142384083941984,52.465277365726834],[13.142750404383605,52.46521835415912],[13.142776708366494,52.46520770179514],[13.142827273088216,52.46519412033312],[13.143006255433374,52.465119412447685],[13.14310315545191,52.46506031210928],[13.143235976765423,52.46490955956298],[13.143411132442251,52.464912409257956],[13.143657170476345,52.46484177186621],[13.143725248603804,52.46478878352558],[13.143733437377007,52.4647862304357],[13.143966883807375,52.464654685293624],[13.144031283371707,52.4645908850185],[13.144117599299376,52.46442570268508],[13.144067301112951,52.464255054525474],[13.144025000543195,52.464197454711034],[13.143829626607955,52.46405184641511],[13.143759126827861,52.464021146619515],[13.143513754504413,52.463959209629365],[13.143495916573047,52.4639598974471]],[[13.146365879633501,52.4619960342562],[13.146369192388617,52.46199866661609],[13.146361696162444,52.46199800931597],[13.146365879633501,52.4619960342562]]],[[[13.129526439193093,52.463584512157986],[13.129382879462755,52.46347476957315],[13.129131456545412,52.46336296081448],[13.128821845999601,52.463345009730965],[13.128700276195861,52.4633799707113],[13.128682515598266,52.46337366494067],[13.128357162195298,52.46332541769938],[13.128041361915578,52.46339333571605],[13.127837275995653,52.46355544757488],[13.127018567102605,52.46485567046507],[13.126983236185605,52.465026063304066],[13.127081350190064,52.46518702409578],[13.127290520232894,52.46530182075004],[13.127338522970142,52.46531749053185],[13.127644366315167,52.4653595207295],[13.127942164855018,52.4652997039187],[13.128147461710553,52.46515500440771],[13.128201125088472,52.46508618893678],[13.129122297633325,52.46531529066005],[13.129411535106332,52.46533948569561],[13.12968423608207,52.46527583195339],[13.129873329880859,52.465139985071694],[13.130469223200521,52.46439418236103],[13.130528247784607,52.46422018473586],[13.130443636692961,52.46405017256492],[13.13023605822037,52.46392567255403],[13.130063395230437,52.46386436159507],[13.12987273758539,52.46378459017818],[13.1297639579271,52.463729733047344],[13.129660957572915,52.46367271109864],[13.129526439193093,52.463584512157986]]],[[[13.15691962502316,52.46594517139981],[13.156857627831132,52.465852459917585],[13.15687137125758,52.46578763457711],[13.156750265575718,52.46561393040814],[13.156626639134656,52.46551827719831],[13.15638925844411,52.46532874995672],[13.156280549601187,52.465277205934235],[13.156357495122487,52.46520476961998],[13.156384299297136,52.465034804371236],[13.15627970094584,52.4648764540286],[13.156221800676585,52.464827254258594],[13.155984428616895,52.46470896972963],[13.155957862985701,52.464706386775944],[13.155946291052521,52.46469589089332],[13.155942312234453,52.464634396398864],[13.15580332791211,52.464485997504454],[13.155738327860908,52.464444197737016],[13.155470930295204,52.46434569704683],[13.155158670501152,52.464344588020296],[13.15471957373549,52.46441668748642],[13.154511532280276,52.46447984156739],[13.153833101337312,52.46480135733293],[13.153625051408769,52.464888661212306],[13.153577093166023,52.46491108159346],[13.153520417493603,52.46494051246365],[13.153494229464401,52.4649201958175],[13.153479809281492,52.46490944297435],[13.153334213328566,52.464805057655624],[13.15325322698007,52.464736940505524],[13.15323745232715,52.464724272045494],[13.153145683303201,52.46465386362717],[13.153050206947116,52.46457975875498],[13.15303675928192,52.464569700414465],[13.152899520446317,52.46447075324035],[13.152768305335515,52.46435800113223],[13.152755073355918,52.46434707433396],[13.152560589443125,52.46419266323392],[13.15283729857695,52.46407270077382],[13.1533578524551,52.46385298581597],[13.153374810457823,52.46384555338821],[13.15400351238022,52.463559551549025],[13.154188970124205,52.46341837324721],[13.154238308557158,52.463239894675084],[13.154139024600322,52.46306935061341],[13.153907223309227,52.46286065155001],[13.153684488218847,52.46274126651502],[13.153394749016904,52.46270329310135],[13.153111434545687,52.46275635491922],[13.1529063455026,52.46288700446312],[13.15283209080413,52.462968101580046],[13.152828174350212,52.462971248762486],[13.152754031815173,52.462987651903596],[13.152610996214726,52.46303372593248],[13.152110054502316,52.463253593398484],[13.151600847932198,52.463459868610315],[13.15159560455985,52.463462017454646],[13.151043006645896,52.46369111593932],[13.151040515808225,52.46369215429288],[13.150630551683676,52.46386399615701],[13.150295816137117,52.46387808068185],[13.150261321538089,52.46388608168075],[13.150169615491562,52.46384481828358],[13.149801042190298,52.46384524962367],[13.149664343141978,52.463872949419624],[13.149517001859738,52.4639175920489],[13.14853013633694,52.46433053532733],[13.148224123024852,52.46445363019648],[13.148214908509566,52.46445741331802],[13.14763200807021,52.46470163259079],[13.147166368274116,52.464880775861054],[13.146987516272958,52.464942610360396],[13.146875991943826,52.464992570422766],[13.146761589722576,52.4650577392851],[13.146656976520426,52.465082572651475],[13.146463377197778,52.46516587210639],[13.146357988962384,52.46522401577751],[13.14635687822616,52.46522479673638],[13.146335905712775,52.46523149529033],[13.14629343982123,52.4652464661955],[13.146048199858086,52.46534145121245],[13.145968775668896,52.46537073974411],[13.145705511897232,52.465448611500705],[13.145626930791238,52.465476627146835],[13.145524331163402,52.46552002686141],[13.145456010166251,52.465567239927566],[13.14526639550334,52.46561811129584],[13.14500397401719,52.46573419317427],[13.144548289115356,52.46592155547965],[13.14422393275066,52.46604485534635],[13.144216398983152,52.46604991373318],[13.144204885907973,52.466052410883265],[13.143839201022132,52.46620367501581],[13.143520651852013,52.466321457609325],[13.142773287047378,52.4665932895039],[13.142702298572408,52.466623642824764],[13.142423502774498,52.46676259555601],[13.142327191719438,52.466754758942805],[13.142113020870491,52.466613212137645],[13.141979382356247,52.4664895244303],[13.141955365672432,52.4664139451053],[13.14191676513556,52.46636034527504],[13.141698317212843,52.46620348439892],[13.141655417376901,52.46618648451589],[13.141438887235635,52.46614078058385],[13.141402362060303,52.46611917380028],[13.141328496988017,52.466093582373404],[13.14123265277986,52.466042986700224],[13.140939743408232,52.46596170276875],[13.14094305215801,52.46594172422861],[13.14079266864768,52.46576112100032],[13.140137668073864,52.465336923351394],[13.13989004939447,52.46524140870436],[13.13959771853875,52.4652305904226],[13.139333029758767,52.46530714610391],[13.13916149606567,52.46545212754928],[13.139125574823817,52.4656296503619],[13.139155472976224,52.46577105049135],[13.13917876233308,52.46583482968967],[13.139213061580588,52.46590012984419],[13.139341724612155,52.46603462216385],[13.139446824496654,52.466103922544065],[13.139679495294533,52.466197928272614],[13.139812702482217,52.466227184806215],[13.139899796161563,52.4662583166883],[13.139827455013391,52.466302757520836],[13.139765254221443,52.46638635723344],[13.139733322425979,52.46644035365719],[13.139694721407107,52.46652665346358],[13.139691171779695,52.46670782278584],[13.13983273400146,52.46686704577988],[13.140160727831118,52.467081141850606],[13.140323816341152,52.46719007283982],[13.140300914496065,52.46721172517629],[13.140286515368558,52.46739864924587],[13.140427876367141,52.467564674407306],[13.140836075873942,52.46783617588958],[13.141098338486966,52.46793697041177],[13.141408078687203,52.46794246557627],[13.141555524351139,52.46789285007075],[13.14164612012535,52.46798253515521],[13.1418982893741,52.4680705992418],[13.14200600648945,52.46807197177802],[13.142706721374624,52.46851166797932],[13.142948102434135,52.46860312370349],[13.143052508743839,52.46860746360552],[13.14316569119586,52.46866775565398],[13.143503592945951,52.46869473774048],[13.143809363438145,52.46860285790587],[13.14403563827286,52.4684738942923],[13.144238572640901,52.4685955476272],[13.144605232013195,52.46862632489039],[13.14468213261187,52.46861762482667],[13.144929168516633,52.46855125347583],[13.145101750703331,52.468424534232476],[13.145108210397717,52.46840778065599],[13.145122811254241,52.46840893980592],[13.145389420018777,52.46839254951329],[13.14561651692332,52.46830569073857],[13.145623979995365,52.46829829167042],[13.145755093692632,52.46829152522971],[13.145937142502202,52.46829948295261],[13.146353005019552,52.46836311642036],[13.146602471730498,52.46845810707752],[13.146675398863561,52.46855567995276],[13.146748119906874,52.46868862339409],[13.146873619584355,52.468818376634935],[13.147101519320044,52.468969377461185],[13.147132092519895,52.468988192669556],[13.147271692599247,52.46906799314207],[13.14755512548869,52.469157633877614],[13.147802927370602,52.46918883414247],[13.148039644134592,52.469183833508076],[13.148123718542593,52.46925258517511],[13.148280418782772,52.46933418568013],[13.148605125529027,52.469418434273976],[13.149111203742686,52.469448644402675],[13.149110478244939,52.46954830301485],[13.149178831456311,52.46971805821811],[13.149370201909562,52.46984806065355],[13.149639349501479,52.469907577092414],[13.149959810303784,52.46992757588893],[13.151206048191215,52.470039232506316],[13.151491465013322,52.47002166547203],[13.15172940599573,52.46992381206211],[13.151863379610985,52.469768904634336],[13.15203427444895,52.469342103765726],[13.152023829739456,52.46914849599177],[13.151850412327134,52.46898629831522],[13.150875039557478,52.468464277506065],[13.150878016356272,52.4684583760865],[13.151846152045087,52.4680505677338],[13.151876116012065,52.4680370723218],[13.152471417551094,52.467750770514755],[13.152481906157593,52.467745606267194],[13.152943407155412,52.46751300482383],[13.152969175245689,52.46749922854143],[13.153331819954476,52.46729366686949],[13.153514717383663,52.4671971372332],[13.153671192500788,52.467066305333006],[13.153717729872376,52.46690679999108],[13.15371341010148,52.46689756214136],[13.153778098269528,52.46688761401128],[13.15394039908148,52.46683211362669],[13.15407766031206,52.46673824906329],[13.15412193213626,52.466741274546855],[13.154266747673867,52.466726728691235],[13.154304664175307,52.466746023673366],[13.154646866698279,52.46682871761964],[13.155002604304313,52.46677114486725],[13.155445730620507,52.46659501316098],[13.155687945372632,52.46651810506062],[13.15575559124709,52.4664833092332],[13.155755869701743,52.46648338138992],[13.156058554663163,52.466509184092395],[13.156341630369385,52.466438825569774],[13.156691431385116,52.466276724533586],[13.156878284567535,52.46612962693538],[13.15691962502316,52.46594517139981]]],[[[13.138256420483819,52.46970502275104],[13.139015521618383,52.46929502027465],[13.139187360675496,52.469133060193684],[13.139197317376503,52.468940168126835],[13.139042524965882,52.46877191949322],[13.138069124754562,52.468175322901104],[13.137721700236598,52.468072082529304],[13.137588301297136,52.46806238261718],[13.137337179494939,52.4680773787452],[13.137119401892964,52.468155202969974],[13.136908302115717,52.46827420226396],[13.13676720813081,52.46839574979423],[13.136718913677994,52.46854179446076],[13.136722110915995,52.46874869445088],[13.136767400793074,52.46888362985044],[13.137210294085905,52.46953253180965],[13.137449703959472,52.46970209838624],[13.13756240444573,52.46974359867857],[13.137919762684062,52.46979375893709],[13.138256420483819,52.46970502275104]]],[[[13.140563436431716,52.47126166359178],[13.140854377211987,52.471317139638785],[13.14132758105521,52.47132893976994],[13.141624858864214,52.471288166821545],[13.141848952411594,52.47116210315532],[13.14193984590513,52.4709845110459],[13.141958842162968,52.47070311091728],[13.141892120639874,52.47052146615084],[13.141685588050644,52.47038454735897],[13.141394613106554,52.47032906005285],[13.140921316950475,52.47031726018403],[13.140624008354678,52.47035804491291],[13.140399909494963,52.470484138972935],[13.140309053279058,52.47066176398646],[13.140290149536785,52.47094316385831],[13.140356910312622,52.47112477576677],[13.140563436431716,52.47126166359178]]],[[[13.144198693350535,52.47311242286195],[13.144317120970358,52.47301022334759],[13.14437407605937,52.4729214237197],[13.144741838050887,52.47301000085846],[13.144777767820923,52.47305548419031],[13.145011936563721,52.473158789106584],[13.145041236748117,52.47316588916173],[13.14510897764852,52.47317946811147],[13.145326179229787,52.47321426839871],[13.145567618710631,52.47322162107197],[13.145876021143799,52.47319182085613],[13.146037205263225,52.47314669656666],[13.14607753639526,52.47314659197829],[13.146136735650254,52.47311883238684],[13.14616454769669,52.47311104620196],[13.146176681002421,52.47310010125856],[13.146376025103354,52.47300662460953],[13.14642996822584,52.47295749411353],[13.14658230743251,52.472977987457526],[13.146897094947368,52.472974719237286],[13.146941283291959,52.47312998262384],[13.147125503093777,52.47326997399255],[13.1473976230128,52.473338090218604],[13.147689747661609,52.47331733586657],[13.147776979458706,52.47329678222453],[13.148577887600343,52.473341359350776],[13.148680898545422,52.47338232723907],[13.148662207591775,52.47348115013653],[13.148658616173579,52.47353381461053],[13.14866131548103,52.473585714617485],[13.14871060389366,52.473718718334105],[13.148749103355676,52.47377231850349],[13.148910168758288,52.47390349309435],[13.148978968875513,52.473938693313954],[13.149128445328458,52.47399441994531],[13.149199945763387,52.47401282008667],[13.149581000754786,52.47402878658534],[13.149652501281992,52.474017086498705],[13.149871937470648,52.47394856832536],[13.1499483376451,52.47391056808835],[13.150130662546179,52.47375327033134],[13.150153777849626,52.47356107491364],[13.149808964581242,52.472511576462885],[13.149692496298675,52.47235849880582],[13.149474468330865,52.47225474766409],[13.14920293449478,52.47222318975404],[13.148830314848192,52.472234319777726],[13.147453814803347,52.47220173055371],[13.147423055504662,52.472201493247205],[13.146548962631776,52.47220869325487],[13.146227284876849,52.472270285650545],[13.146208864140188,52.47228401986422],[13.146202348722442,52.47228045508667],[13.145884087796205,52.47224618361716],[13.145398690826704,52.472276963320695],[13.144041836305773,52.47196228492013],[13.143749895538289,52.47194244308003],[13.14347859096655,52.47201120559069],[13.143295454754323,52.47215145637585],[13.14309375866983,52.47242650257315],[13.142871382539077,52.472366926246096],[13.142573102908232,52.47220250929471],[13.142570401543297,52.47220102944699],[13.142034802123643,52.471909431215046],[13.14199610879606,52.4718901013926],[13.14182940924784,52.47181380189125],[13.141533837565847,52.47174368195435],[13.14122157653528,52.47177735241895],[13.140983200898097,52.471905046783675],[13.140872200253904,52.472008946317935],[13.140776855807925,52.472193589865135],[13.140852139442675,52.47238165829373],[13.141039988176463,52.47249647130852],[13.141051154871707,52.472563709753366],[13.141071954437905,52.472601809846914],[13.141198538091805,52.47273240830624],[13.14124403804174,52.47276240847085],[13.141346987920704,52.47281626313548],[13.141411388149486,52.47284276331557],[13.141450166954398,52.47285741984012],[13.141827068723648,52.47298782077537],[13.142120462009927,52.47303453387215],[13.14212471126333,52.47303382747548],[13.142379521562678,52.47312612846484],[13.142442708825605,52.47314597278624],[13.143361314260604,52.47339287466679],[13.143671788113139,52.47342054290609],[13.143961448657445,52.47334690000696],[13.144148034677299,52.47319285999893],[13.144198693350535,52.47311242286195]]],[[[13.174543910840399,52.48771257006805],[13.174598290735082,52.48752709319005],[13.17457278839924,52.48735069329441],[13.1744705045416,52.48717778716812],[13.17424158297587,52.487058347440254],[13.17394587110248,52.48702359907982],[13.173549319111682,52.487040172171184],[13.173501763487614,52.4866860575647],[13.173465794572262,52.48637489279945],[13.17336687929751,52.48619943207566],[13.17313782532931,52.48607744886806],[13.17286103535752,52.486044018301655],[13.172655959013301,52.48539572838864],[13.172522042065753,52.48522792354918],[13.172471699439297,52.48520724483943],[13.17235171418644,52.484486260371625],[13.17223643331918,52.484306461303106],[13.171985425134153,52.48418899589128],[13.171671079096644,52.48416774020455],[13.171612779555776,52.48417354016237],[13.171289160727731,52.4842058819434],[13.171039073602614,52.48426941071071],[13.170862017033146,52.484394560791834],[13.170795447117849,52.484554857340875],[13.170712605592382,52.48766555655228],[13.170794953280677,52.487854840912874],[13.171027600500683,52.48798969645974],[13.171341518248092,52.48803010949086],[13.174051640246073,52.48791740878035],[13.17434333111667,52.487855786878825],[13.174543910840399,52.48771257006805]]],[[[13.126058849571121,52.48601420478999],[13.12612404793716,52.48615180508452],[13.126269691036224,52.486303876538095],[13.1265161842773,52.4863954600334],[13.126804355465616,52.48640457023489],[13.128041765036702,52.48625476913374],[13.128353325571917,52.48614663038363],[13.128505981025844,52.48611998873615],[13.128749319001733,52.486035205022795],[13.128900945492788,52.48589137255385],[13.128926544644086,52.48572104417308],[13.128917344157427,52.48568354421354],[13.12880192698211,52.48551776036249],[13.128569277198705,52.485406960311494],[13.128277794731426,52.485378956871614],[13.128087796263811,52.48539025679481],[13.128046435674515,52.48539362330265],[13.127813637502493,52.485417723127206],[13.12780731908008,52.485418398849674],[13.126519829133473,52.48556049781064],[13.12622892587316,52.48564799201111],[13.12605798967957,52.485816230913194],[13.126058849571121,52.48601420478999]]],[[[13.156589738912691,52.489680750410685],[13.156556941120954,52.48951550987932],[13.156405743131762,52.48937699355133],[13.156168550742679,52.489294888374125],[13.155896199209998,52.489286791074456],[13.1552096045539,52.48936519049917],[13.154968102723034,52.48942933356276],[13.154796540916834,52.48955131462388],[13.154729222753955,52.489706744152855],[13.154686312173304,52.49050054384337],[13.15476851527299,52.49069593583311],[13.1550101701203,52.49083354770945],[13.155335199553381,52.490870056257855],[13.155909204176792,52.49083405601017],[13.156158966415727,52.49078212684652],[13.156346527415092,52.490668848042105],[13.156434249835478,52.49051695127541],[13.156589738912691,52.489680750410685]]],[[[13.167186289268125,52.49316414493181],[13.166669442504382,52.49332536494943],[13.166562625443936,52.493298717499144],[13.166271869597077,52.493170139180954],[13.166104840599731,52.49302208614401],[13.165890748763474,52.492733003186835],[13.16588395456865,52.492724151666835],[13.162491814584081,52.48845636639694],[13.1622586253772,52.48830272105945],[13.161924738004384,52.48825447673636],[13.161629402081672,52.48826587428602],[13.161554064377063,52.48826877189575],[13.1615103526962,52.48827145526722],[13.160720858979897,52.488338154789496],[13.160405187999936,52.488428384024175],[13.160228352058231,52.48861174592955],[13.160252286435151,52.48882402147512],[13.160910875270956,52.48986322441097],[13.160943609949456,52.489906213743005],[13.161438005322205,52.490457215845474],[13.161620305838415,52.49058052176129],[13.161873949674098,52.49064065314383],[13.162144805566681,52.490624777036665],[13.162347677147924,52.49058252335693],[13.163075496544355,52.49156915248809],[13.162810698793136,52.49163693696507],[13.162567588062476,52.49175252435844],[13.162453365884057,52.49192722499077],[13.162499296571104,52.492113223063846],[13.164302671460494,52.49461643100007],[13.164495124407193,52.49476233723709],[13.16478170227833,52.49482935719896],[13.165084619644523,52.49479929968409],[13.16756738916505,52.49411398668016],[13.169015312839397,52.49521318785752],[13.169020627495799,52.49521716394308],[13.171237121782745,52.49685137233715],[13.171478442470125,52.496957443118994],[13.171773908162141,52.49697805264626],[13.172048219148877,52.49690794854587],[13.175664329485421,52.49522403778938],[13.175850669816757,52.495076613389145],[13.175891200485513,52.49489206766449],[13.17577505314582,52.494719894627295],[13.174854349717934,52.493984498214914],[13.174648200991737,52.49388075106956],[13.17438817012298,52.49384326156294],[13.174163916782536,52.493874676726435],[13.174204451568452,52.4938560126029],[13.175553548179499,52.492838707384905],[13.175670903052305,52.492689970194256],[13.175666987427794,52.49252490021354],[13.175542628098794,52.49237829909669],[13.174760626471626,52.49182230201691],[13.17455269953485,52.491727886081456],[13.174395104231577,52.49170878609627],[13.174367924840471,52.491563498958676],[13.174268422949575,52.49139339940497],[13.174079796784937,52.49123264046304],[13.17378043892907,52.491157074980514],[13.173460894962265,52.49118955885624],[13.172330401529715,52.49151745651605],[13.172303362532901,52.491525826204345],[13.171496891624964,52.49179160022641],[13.171208161907053,52.49188272608179],[13.170581473943766,52.492080521962244],[13.169398802895486,52.492453712221945],[13.168990639178894,52.492582500564886],[13.16841527357638,52.49276398942099],[13.167747247651771,52.492974828811384],[13.167732583890054,52.49297961818872],[13.167186289268125,52.49316414493181]],[[13.17218148029915,52.4929498789426],[13.171925815340419,52.492774716297596],[13.17226680152946,52.492665956722725],[13.172295926763738,52.49265601603313],[13.173073893342044,52.49237253734818],[13.173070357385447,52.49239365157252],[13.172461727310186,52.492614572667186],[13.172235277180654,52.49276362686916],[13.17218148029915,52.4929498789426]],[[13.172757182573013,52.494288368029295],[13.172745963924635,52.49428038718439],[13.173040525323149,52.49420389351161],[13.172757182573013,52.494288368029295]]],[[[13.158949116982116,52.505419558338446],[13.158894620940437,52.505392735532986],[13.158514622128425,52.5052274366352],[13.158492455269633,52.50521825060214],[13.15798185723922,52.50501685199162],[13.15770307612564,52.504960136406645],[13.157414077382919,52.50499263942916],[13.157186749335652,52.50510627593505],[13.15707764058562,52.50527277876968],[13.157113893590742,52.50545072989986],[13.15726151399501,52.50567909191419],[13.157373151718389,52.505942516796196],[13.157579531854768,52.50613519332049],[13.15793513591932,52.50621200122775],[13.158859543459142,52.50622010136261],[13.15913442588297,52.50618128371553],[13.159348216236642,52.50606893356464],[13.15945189264459,52.50590881296871],[13.159421683363705,52.505737637521285],[13.159264516706193,52.5055946572858],[13.158949116982116,52.505419558338446]]],[[[13.22018469678554,52.42461051080817],[13.219836408387062,52.42462241236656],[13.219724109133665,52.42464801217933],[13.219454081232103,52.42477331356533],[13.219367880882231,52.4248457132178],[13.219315228121234,52.42489912620252],[13.219254727448131,52.424974625927995],[13.21919676232994,52.42510312883458],[13.219192061873823,52.42513782880738],[13.219242533290123,52.42531596020053],[13.21926463299827,52.42534576029738],[13.219357708408879,52.42543408726146],[13.219398508334738,52.42546258741253],[13.219627212466932,52.425560729541516],[13.219686712844133,52.42557492965182],[13.220001537696577,52.42559421308156],[13.220133938731339,52.42558011297851],[13.220506964734891,52.42543878965523],[13.220557564536746,52.42539668945196],[13.220647600035676,52.425285762963846],[13.22067439939637,52.42523036283114],[13.220689044006274,52.425192763581975],[13.220721842618335,52.42508256341012],[13.220696551023567,52.42489637324142],[13.220668450497312,52.424848673367364],[13.220509578494864,52.42470382032087],[13.220257896248055,52.42462171071555],[13.22018469678554,52.42461051080817]]],[[[13.206018570256642,52.42660257940478],[13.206100815329282,52.426367680357],[13.206095414999673,52.42634238038048],[13.205991904673652,52.42618086342357],[13.205776732509905,52.426067772189896],[13.205499985026801,52.42602943106334],[13.205468485283166,52.426029831062415],[13.205439712601846,52.42603062763253],[13.205411612829348,52.4260318276249],[13.2051009640084,52.42610228753934],[13.204950661048148,52.426224560921355],[13.204939980437926,52.426220569528084],[13.204923280322532,52.42623726945664],[13.204907710511135,52.42625950157118],[13.204901913014803,52.42626421788129],[13.204891112828703,52.426281817829654],[13.20489194767689,52.426282009277365],[13.20486265294454,52.426323839074435],[13.204861812085657,52.426323665320915],[13.204858200697041,52.426330196407925],[13.204856756964164,52.4263322579037],[13.204850656798238,52.42634625787308],[13.204857776071538,52.426347417108595],[13.20486792015554,52.42658039365953],[13.204876720013123,52.42659389369864],[13.205041096808056,52.4267341894151],[13.205293474856138,52.426811505853806],[13.205311574991539,52.426814005874725],[13.20558600242829,52.426811779764506],[13.205602102548053,52.426809279746],[13.2058819429661,52.426709573924825],[13.205912042956252,52.42669037381733],[13.205956554841844,52.42665844336947],[13.205970654792678,52.42664704331345],[13.20600247036615,52.42661857947353],[13.206018570256642,52.42660257940478]]],[[[13.201856215910048,52.42689905373693],[13.201744533578434,52.42705820645653],[13.201767515060054,52.42723081355681],[13.201919830226638,52.42737683128824],[13.202166143604643,52.42746238412465],[13.20244931142177,52.427467623999405],[13.202838914396029,52.427416123619246],[13.203086831001794,52.42734308350644],[13.20325325241173,52.42720909570405],[13.203301743770183,52.427043494998316],[13.203221689939562,52.42688253705358],[13.203030618483847,52.42676146071423],[13.20284881920188,52.426690661203445],[13.202563651128225,52.4266348487255],[13.20227048751006,52.426672091569905],[13.202045306593408,52.42679273762399],[13.202013744890852,52.42682131948432],[13.201856215910048,52.42689905373693]]],[[[13.284802912386548,52.482770121573225],[13.28451708730257,52.48264918769329],[13.284169341704002,52.482647786116374],[13.284057542504776,52.482668385963485],[13.283976206797032,52.48268748428534],[13.283888807306342,52.48271268410513],[13.28382882906731,52.48273265293415],[13.283741829446159,52.48276575270986],[13.283529830744966,52.482906161335414],[13.283465493375783,52.48309304037666],[13.283485477226895,52.48329080669734],[13.283501331467663,52.48344963031779],[13.283496138172346,52.48349206234002],[13.283477544265873,52.483554186855905],[13.283391281976247,52.48381490847921],[13.283370995337387,52.48386962464819],[13.283362210891,52.48389889582456],[13.283329109036478,52.48404249564656],[13.283323751129837,52.484105665128325],[13.283330349651065,52.48421646514827],[13.283416756972398,52.48439127490804],[13.28363267280274,52.484517630169066],[13.283922410544903,52.48456294231672],[13.284211242890915,52.48451552470269],[13.284301875748168,52.48446120549694],[13.284493605244883,52.48442979723814],[13.28470322221365,52.484308974449355],[13.284793797612245,52.48414189044663],[13.284798763116807,52.48410006095514],[13.284852442125233,52.48394266591519],[13.284933210145677,52.483708339944],[13.284939353992705,52.48368748218822],[13.284951553352233,52.48363768212307],[13.28495588841029,52.48361514375826],[13.284965387516632,52.48354734370381],[13.284967206273139,52.48352862427517],[13.284972504974034,52.48343112423786],[13.284972142475995,52.483401847518486],[13.284967741734851,52.483346247533866],[13.284967160165298,52.483340020633904],[13.284927155224269,52.482968420789],[13.284802912386548,52.482770121573225]]],[[[13.155478951652539,52.41562188468215],[13.155549293041306,52.415640169476106],[13.155897859709835,52.41573083123968],[13.156221542042003,52.41583083584125],[13.156449416289853,52.41598386388811],[13.156701427764519,52.41608353367856],[13.157093442701784,52.4161619215597],[13.157102985352331,52.41617298627532],[13.157275486520874,52.41623240327415],[13.157278022875534,52.41623672661954],[13.157311022561304,52.416273926759985],[13.1576459742029,52.416444402851866],[13.15784673879013,52.41648434188203],[13.158031706321164,52.416532411654906],[13.158557043099094,52.41668533327453],[13.158622701191081,52.416701557814314],[13.159190405032302,52.416818058742415],[13.159419836485219,52.41681261095215],[13.159786491600784,52.416835807973015],[13.160046509876192,52.41689711416384],[13.160607514348571,52.41693371449926],[13.161337235621115,52.41698124735262],[13.161579894399646,52.41700317723101],[13.161952109204949,52.417036837080225],[13.162018399978445,52.417043998818954],[13.162070453888672,52.41709558680004],[13.162296913602972,52.41722493029326],[13.162569914992137,52.417312830934634],[13.162621130982307,52.41732744438921],[13.16276582107886,52.417363659100936],[13.162931548330105,52.417417460002135],[13.16296268924088,52.41742455039391],[13.163041961345671,52.417520556493805],[13.163076261329714,52.41754205661496],[13.163288383630087,52.41762711060404],[13.16335338905893,52.41763294029034],[13.163354519077417,52.417635248409084],[13.163457918439521,52.41773194883087],[13.163794760636481,52.41788197196416],[13.164022796808977,52.41792016032807],[13.164074890975177,52.417934342883164],[13.164256335993487,52.418016429082755],[13.164315957736909,52.41804013120578],[13.16455785886874,52.418124031806016],[13.164589034456425,52.418134101602845],[13.164811435666183,52.41820080209799],[13.165064423034543,52.41827667030359],[13.165072232516746,52.41829127727149],[13.165152231438705,52.418400477622335],[13.165154373165254,52.4184033668877],[13.165274071613933,52.41856296741111],[13.1653446300823,52.41863400225396],[13.16551452949812,52.41876740291101],[13.165628537093598,52.4188354420877],[13.16589521779474,52.418956188524795],[13.16594429790536,52.41897843426809],[13.166027084987359,52.41900981754299],[13.166374038872085,52.419118130300475],[13.166757844860737,52.41924486079845],[13.166832830154869,52.41927283157364],[13.167104780379582,52.41937425058705],[13.167126470376768,52.41938195624788],[13.167140670445301,52.419386756282464],[13.167143354592055,52.41938765802978],[13.167264753569444,52.4194281910068],[13.167607753725518,52.419542924427326],[13.167720724902242,52.41958064856669],[13.167749288055848,52.41958957696062],[13.167838823057728,52.41961570595156],[13.168504624336205,52.42002053803472],[13.168596320523426,52.420066062829],[13.168783221220295,52.420141163342684],[13.168784005445598,52.420141477912026],[13.169163502044789,52.4202934363535],[13.169227347865803,52.42031936682342],[13.169287768769985,52.42035620177752],[13.169290762614814,52.420358013911724],[13.169332362615853,52.420383014055844],[13.169389797819209,52.4204133334838],[13.169459287452403,52.42044547525829],[13.169473160837123,52.42045633375407],[13.169625553372367,52.4205401341652],[13.169832174388116,52.420618865460156],[13.169981983957157,52.42068041825256],[13.170060042557994,52.420707449917536],[13.17025754367145,52.4207641503426],[13.170302077433782,52.42077559527044],[13.170456078431664,52.42081069554545],[13.17045708348905,52.420810923981854],[13.170624464784824,52.420848861258804],[13.170694952896044,52.42086631551201],[13.170714292899403,52.42098759105672],[13.170718098731578,52.42100634066371],[13.17072686427052,52.42104186075529],[13.170725986360114,52.42105400295092],[13.170688862405107,52.421145356805994],[13.170663940196297,52.421156818460695],[13.170635659291495,52.421162767702796],[13.170543217040974,52.42116213470241],[13.170490517426227,52.42117103463661],[13.170486958642808,52.421171643008385],[13.170145961121692,52.42123064257224],[13.170051990091634,52.42124693748322],[13.169779231147373,52.421294006059526],[13.169586413573892,52.42132683876919],[13.169374290738471,52.421362987032985],[13.169005787910226,52.421424420759024],[13.168983511171525,52.421428424991255],[13.168665768494323,52.42148973018066],[13.168374150141293,52.42153849383876],[13.168372663787526,52.421538743661344],[13.167807367919842,52.42163424295524],[13.167772102027854,52.42164093587482],[13.167738000493303,52.421648132845085],[13.167433813227444,52.42170014116358],[13.167392253988789,52.42170827440862],[13.167197255302291,52.42175137409307],[13.167126112152527,52.42177043308338],[13.167015098882343,52.421805687266996],[13.166765586649303,52.42185923095661],[13.166275539758374,52.421949269347415],[13.166268533839064,52.4219505857133],[13.166074335212206,52.42198788543827],[13.166044433875918,52.42199417331658],[13.166001278764732,52.422004049193326],[13.1658503536918,52.42203524827197],[13.165813923171147,52.42202844412804],[13.16540098821354,52.422044362980664],[13.165372582689708,52.42205216907171],[13.165278567450574,52.422075247954005],[13.165246028053918,52.42208394204463],[13.165113016473772,52.4221224453619],[13.1648767987715,52.42217859086195],[13.164872156923495,52.42217970803372],[13.164733857815438,52.422213407788874],[13.164633671601903,52.42224492357632],[13.164250073194518,52.42239562256614],[13.164216193393761,52.422409982383826],[13.164163275922988,52.42243413301876],[13.163849963720793,52.42254642968207],[13.163843969177687,52.422548607515836],[13.163604170273276,52.42263690691448],[13.163597511929975,52.422639395610496],[13.163488175202826,52.422680874200275],[13.163465287315123,52.422688524044105],[13.163383980724973,52.42272131989764],[13.163242885356794,52.422789117420585],[13.16307118998196,52.422871614892316],[13.163039960122541,52.42288772414892],[13.162857060352266,52.422988923544494],[13.162848512788049,52.42299374780799],[13.162728312888895,52.423062947401654],[13.162703974754804,52.42307780341014],[13.162613325701262,52.42313647008307],[13.162467035521765,52.42323109847236],[13.16238619438517,52.42328336010258],[13.162255741736097,52.42345402600871],[13.162226951410696,52.42348101441835],[13.1621343353063,52.42356624008261],[13.162122423068556,52.423577662922746],[13.162098234328397,52.42360185139524],[13.16198354158218,52.42370961526834],[13.161960791010095,52.42373286268806],[13.161918142660687,52.423780422214605],[13.161714813027384,52.4239233662368],[13.161561910865824,52.42414256552176],[13.161560491177115,52.4241446183752],[13.161497690264264,52.42423621808056],[13.161453420420036,52.42438643524582],[13.1614427062515,52.42440811439475],[13.161433499451029,52.424428991548325],[13.161429575956365,52.42443908703759],[13.161406855470355,52.42448460741221],[13.161375335411497,52.42454754619195],[13.16135455806778,52.42460607119894],[13.161321005522021,52.42476255000243],[13.161295275995224,52.42483144133863],[13.161277164010341,52.424839194536254],[13.161147973573998,52.42499756219165],[13.161122332713154,52.42506970495198],[13.161080923463071,52.42518055200147],[13.161088161065598,52.42535801841582],[13.161233413431386,52.42551173631077],[13.161295670902978,52.42553496958004],[13.161309532377784,52.42572612420433],[13.161344264345006,52.425832902487414],[13.161387263548477,52.42590530267982],[13.161388610189807,52.42590754680864],[13.16154920730006,52.42617244752624],[13.161557157517917,52.42618485094974],[13.161609007838173,52.42626153100056],[13.161705057953254,52.42640411113087],[13.161706710390499,52.42640653880734],[13.16174810977284,52.42646673899026],[13.161788481701041,52.426514926811954],[13.16183115371846,52.42655759932409],[13.161984645292678,52.4267217925936],[13.161987313986842,52.42672461751478],[13.162086213180245,52.42682821792951],[13.162133071162158,52.42687018078434],[13.162213370905201,52.426932181093115],[13.162216188984841,52.42693433986976],[13.162345788599227,52.427032840365335],[13.16236218030596,52.4270447605586],[13.162560879952993,52.4271830612932],[13.162568395521914,52.42718819236059],[13.162711284233458,52.4272838854431],[13.162872372853643,52.42739177854559],[13.162912527766343,52.427416199909864],[13.162989127838847,52.42745850016432],[13.163159608998262,52.42751084102046],[13.163175961946184,52.42754922385434],[13.16334945956317,52.42767240833625],[13.16351906005547,52.427748308835945],[13.16359259639792,52.427776377562346],[13.163835697636319,52.427854578133235],[13.163836268996011,52.42785476168213],[13.16406855234842,52.4279292827881],[13.16427244464255,52.427995993327706],[13.16428047020536,52.42799857072072],[13.164352197799388,52.42802117640869],[13.164510649911625,52.42807275420049],[13.164581659403648,52.428092298060484],[13.164627970445284,52.4281028507286],[13.164645329257779,52.42810820537053],[13.164859558468292,52.42817629768681],[13.164866098336818,52.428178344743245],[13.1651207996893,52.42825684532241],[13.165123199692834,52.4282575808203],[13.165193100567581,52.42827888051315],[13.165236760247161,52.428295598545674],[13.165441960005701,52.42834443945219],[13.16573513174521,52.42837760679978],[13.165763622607448,52.42838466534938],[13.165919513123903,52.42842535777697],[13.165923521459018,52.42842639337746],[13.165978480732377,52.42844044648211],[13.166192833270843,52.4285673654497],[13.166207698573205,52.42858386321891],[13.166224718758325,52.42860153982126],[13.166247411148102,52.428623640072395],[13.16623927965669,52.42868557560029],[13.16605405396355,52.42910157875079],[13.166037391032193,52.42915423204507],[13.16601909547489,52.42924984572485],[13.165927677985346,52.42940036612744],[13.165929770071774,52.429654028553756],[13.165958381370146,52.42969971971876],[13.165966711820614,52.429735067252714],[13.16598831138222,52.42982667053111],[13.166034103524929,52.43002104807767],[13.166050964505148,52.43006907640156],[13.1660738754064,52.43011782436798],[13.166073300229652,52.430200777620804],[13.16607357663878,52.430213427415275],[13.16608007493105,52.430341727431674],[13.166105509103156,52.43043574968423],[13.166165620789933,52.430555896490596],[13.166178582640004,52.430604426246845],[13.166231303374708,52.43072268990274],[13.166257311007413,52.43078752397037],[13.166259391269918,52.43079255270567],[13.166277890744194,52.430835952789316],[13.166281067550065,52.430843102846794],[13.166361165488922,52.431016303208814],[13.166362404803296,52.43101894444028],[13.166399103892214,52.43109604460608],[13.166402768993546,52.43110344677295],[13.166424168512291,52.43114504686941],[13.166508253567855,52.431216005458786],[13.16652538473424,52.431258036838365],[13.166529058411692,52.431313695206036],[13.16653619364735,52.43135686146298],[13.166544578403357,52.43138840568014],[13.166597461027761,52.43158775008586],[13.166614890060483,52.431653262681564],[13.166658272899179,52.431816606172944],[13.166743366360743,52.432137097452916],[13.16674346646744,52.43213747322823],[13.166749420293725,52.43215974802511],[13.166742999959675,52.43222290356687],[13.16678209290803,52.43237587449247],[13.166836791994035,52.432461574735946],[13.166852652522596,52.43248411983313],[13.166900285511202,52.43254592559462],[13.166915261498211,52.432565669784495],[13.16635183967548,52.432809437460435],[13.16628897406807,52.43284083103706],[13.166004874314252,52.43300393007796],[13.165954737292832,52.43303653269443],[13.16576213687377,52.43317853195768],[13.165717100001817,52.43321653411989],[13.165566067097236,52.43336325828361],[13.165235780530907,52.43364181415449],[13.165232100875926,52.43364495279509],[13.165058000097613,52.43379515208578],[13.165027318170443,52.433824546137316],[13.164901317148772,52.433959245587246],[13.164888040415297,52.433974254472474],[13.16483893991011,52.434033054251636],[13.164820733346778,52.43405698848087],[13.164787946337501,52.43410458634679],[13.16478747098067,52.43410446988684],[13.164522034371451,52.43407978524437],[13.164266298038653,52.4341297644042],[13.164073535537579,52.434243995998195],[13.163375831301616,52.434908393056965],[13.163375447702105,52.43490875882333],[13.163141245885939,52.43513236869742],[13.16309124631284,52.435172194624954],[13.163038446819142,52.4352052702933],[13.162963335638713,52.435244695834555],[13.16295531149743,52.43524794808751],[13.162806992589932,52.43515552625622],[13.162487395061696,52.43510986342258],[13.162177511030153,52.43517596302668],[13.161873022214682,52.43530839875341],[13.16181395477437,52.4352774255301],[13.161610401508174,52.435207903966756],[13.16137864599818,52.435192178534],[13.161119948085057,52.43520627843964],[13.160988578164115,52.435242885654525],[13.160926989244098,52.435065262082006],[13.160776990863063,52.43489152123319],[13.16049997473307,52.43479189763799],[13.160178636146206,52.43479613088655],[13.158147921030368,52.4351776704266],[13.158096338807118,52.43517756120263],[13.158604056978513,52.43259559683042],[13.158620262426291,52.43251652172131],[13.158986227540979,52.43161179699542],[13.158994324237753,52.431588491211095],[13.159088511826116,52.43126495954553],[13.160208023217162,52.43110319881538],[13.160497977596101,52.43100168987267],[13.160650693779282,52.4308200258459],[13.160616891880618,52.4306168298777],[13.16010004774301,52.42984678931225],[13.159945108970279,52.42942646939534],[13.159882226586817,52.4293413160907],[13.159908615807678,52.42920913907036],[13.16041403967971,52.42899264760848],[13.160625771610329,52.42882680402055],[13.160649462267354,52.42861693385473],[13.160337308883925,52.42779457638285],[13.16016729498131,52.427613921934764],[13.159861890087168,52.42752127589854],[13.159523713306847,52.42754776811059],[13.159266394678758,52.427684496960595],[13.148701132611844,52.437955881791154],[13.148633487995133,52.43790985316096],[13.148593443930668,52.43788512434321],[13.148244276179364,52.43768941360655],[13.147959766731372,52.43748352125649],[13.147909698773221,52.43745151422087],[13.147640898961141,52.437299615124665],[13.147516985778392,52.43724591538785],[13.147193734866011,52.437141215192405],[13.146855492191925,52.43701099695501],[13.146594548198756,52.43681969055421],[13.146239954704757,52.43649898098162],[13.14570243095093,52.43591964932529],[13.145640384126501,52.43586519082612],[13.145561583943778,52.435808091122176],[13.1455053957486,52.43577263197536],[13.14548766871707,52.43576288297317],[13.14533298099666,52.435549663933685],[13.1452966034039,52.43550735779439],[13.144843369481528,52.43505592284985],[13.14447080981961,52.43467619728293],[13.144418338439918,52.43463101699751],[13.143729241831057,52.43412527274274],[13.143529207582606,52.43389950696747],[13.143318136555687,52.433622702757795],[13.143265945906851,52.433489108889525],[13.143286069391214,52.4332755771509],[13.143248237557222,52.43312647680781],[13.143224337145945,52.43308827691434],[13.14321684468089,52.433076888350016],[13.143195644366436,52.433046188443605],[13.143169268900719,52.43301288925708],[13.143132868562693,52.432972389411624],[13.143121905397798,52.432960714879044],[13.14308989667964,52.4329280606405],[13.143068796729173,52.43290180183932],[13.142999739230214,52.432835392488066],[13.142955139095399,52.43280139265881],[13.142929254866655,52.43278297128081],[13.142915505623314,52.432773829758084],[13.142912350263263,52.432771157757706],[13.142859318750775,52.43271955554518],[13.142824083135395,52.43268893372673],[13.142736582843098,52.432620734064336],[13.142657907753897,52.432570345909134],[13.14259360784495,52.43253644611758],[13.142526090474178,52.4325057123545],[13.142446190787929,52.43247451257003],[13.142342364725224,52.43244232534057],[13.14227366516187,52.432426025467514],[13.142261486036105,52.43242323012813],[13.142174486606809,52.43240393028015],[13.142063938704007,52.4323866049501],[13.141977339731005,52.43237839700026],[13.141945640267428,52.43235368110009],[13.141794966118644,52.43227080228674],[13.141414167664767,52.432125003300314],[13.14125643432242,52.432082787708964],[13.141071622372351,52.43205203086406],[13.140936973095194,52.432023233568664],[13.140764615147013,52.43200330830221],[13.140470617532687,52.43199660837858],[13.140305451965324,52.43200718280807],[13.140142553180294,52.432032182623324],[13.140141517420044,52.43203234219015],[13.140016718349525,52.43205164204752],[13.139919900059384,52.432072247325586],[13.139839800542225,52.432094247167825],[13.139790650792389,52.43211592005545],[13.13976622905654,52.43211607920243],[13.13949747886865,52.432157775698336],[13.139402238468167,52.43218856516105],[13.139284738350169,52.43218226827166],[13.139130799998846,52.432173804660884],[13.138894126617652,52.432190395912976],[13.138672028166082,52.43223509558407],[13.13864082348242,52.43224231804643],[13.138520085887722,52.431985870980114],[13.138509270453993,52.43196525569788],[13.13832956700726,52.43165515650296],[13.138319431227515,52.4316389233398],[13.138150028595595,52.43138612409006],[13.138102897184728,52.43133027747744],[13.137754690988027,52.4309936037685],[13.137558098538419,52.43077957978855],[13.13745311079225,52.43069655875424],[13.137238610847767,52.43057035949],[13.137128886297631,52.43051948237009],[13.136857387509536,52.43042188306168],[13.136828210701196,52.43041206314159],[13.136289089196234,52.43024258817896],[13.135944266629894,52.43013411277005],[13.135937601325587,52.430132048587424],[13.135389104266553,52.429964849824806],[13.135340628291981,52.429951705599244],[13.134903962122792,52.42984743459069],[13.134685632932877,52.42978998739762],[13.134472011749002,52.429686559901235],[13.134402953875899,52.429657757348515],[13.134264554501351,52.4296084576988],[13.13425792415362,52.42960613102809],[13.133973825488122,52.42950793173176],[13.13394321471155,52.42949806583219],[13.133704616010178,52.429426566363446],[13.133610454646695,52.429404251548306],[13.13325835713923,52.4293414520591],[13.133161631897927,52.42932947215977],[13.132526636944183,52.429284272570044],[13.132481373039905,52.42928212874094],[13.132256429785015,52.42927680093983],[13.132002286372272,52.4292579303489],[13.131858698251468,52.42921578630714],[13.131823870279918,52.42920639915874],[13.13155217197317,52.42913949967637],[13.13135253401847,52.42911366994211],[13.131151935646754,52.42910946999132],[13.131112993742814,52.42910944307789],[13.130862395781547,52.42911434305739],[13.130596125356737,52.42915920982018],[13.130328926707442,52.42924970919276],[13.1302774642041,52.4292693242607],[13.130076964919835,52.4293548237004],[13.130072652152446,52.42935668042761],[13.130003009845291,52.429386949191354],[13.129882942718899,52.42943143062249],[13.129879960574533,52.42942464333138],[13.129735194770214,52.429268260201916],[13.129259794485133,52.42896706189024],[13.12921621946906,52.42894212080878],[13.12893831991728,52.42879852169971],[13.12887517511674,52.428770078821465],[13.128549076397633,52.42864277970099],[13.128312971483043,52.4285896402947],[13.128140280121142,52.428575060716724],[13.12802597363349,52.42856096665773],[13.127754705352329,52.428480066339844],[13.127611430378465,52.428450553654436],[13.12704275800541,52.42838148074335],[13.126846800381541,52.428348189613665],[13.126739754334434,52.4283363847992],[13.126367357324103,52.42831678498518],[13.126271205898995,52.42831654619841],[13.125245582405444,52.42836539501],[13.124782413770077,52.42838641456328],[13.124630970892094,52.428381934670995],[13.124620568399937,52.42837918995134],[13.124483233980671,52.42832573051216],[13.12439751397254,52.42829814403962],[13.124312514485698,52.428276044208864],[13.124302716134094,52.42827356017627],[13.12419141682635,52.42824606038895],[13.12398404607453,52.42821994820272],[13.123873446973496,52.42821844822329],[13.123799885454119,52.42822026775277],[13.12348988794517,52.428239867618565],[13.123278738974246,52.42827860668659],[13.122872541158605,52.42840790577986],[13.12282876741608,52.42842333540808],[13.122704667941155,52.42847153508408],[13.122646142403635,52.42849748428533],[13.122518042682808,52.4285619838854],[13.122383008001876,52.428659320738824],[13.12229365257128,52.42875363930805],[13.122318146984929,52.42861917127721],[13.122288145170298,52.428479871407156],[13.122236102635739,52.4283723006827],[13.12212960133929,52.42823550114581],[13.1220233120509,52.42814133281223],[13.121882011953286,52.42805113331572],[13.12175738481358,52.42799061152248],[13.121489185995324,52.427893312210166],[13.121311810972541,52.4278290488968],[13.121157933799159,52.42777323628107],[13.12095367650868,52.42766756015027],[13.120939857665745,52.42766062824536],[13.120324318158398,52.42736130498395],[13.12007882107357,52.427117777574075],[13.11964261270061,52.42668526571779],[13.118984855898102,52.42602292384911],[13.118868774522637,52.425938586822966],[13.118123175490847,52.42554088925488],[13.11808734456745,52.42552323756122],[13.117823265334037,52.425403247449765],[13.11739948637155,52.425210657737225],[13.117352586774928,52.425191410054886],[13.117081387940411,52.42509131075869],[13.116639971855651,52.4249284683675],[13.116403504332952,52.42487912921348],[13.116085906857434,52.42485672941725],[13.115964310275364,52.4248558895946],[13.115110417155998,52.42490418927076],[13.114994963856057,52.4249179406263],[13.114511667315679,52.425006939970054],[13.114436578262106,52.42502426377781],[13.114113366192896,52.425114678285695],[13.114098333078278,52.42511722761228],[13.113931984680224,52.425105163883686],[13.1138259804862,52.42510336177488],[13.112261993165337,52.42516316141232],[13.111165232457754,52.42520516382077],[13.111044222975966,52.425217639632635],[13.110104929833053,52.425377538452224],[13.109833250874146,52.4254782452325],[13.109804140457257,52.42551253669545],[13.109789693085954,52.42551563517376],[13.109685178909471,52.42538658090793],[13.109579059805728,52.4252950150382],[13.109234959644837,52.425079416253965],[13.109208375117726,52.425063772664146],[13.108891675413991,52.424888773716546],[13.108866322804168,52.42487554296062],[13.108378323811243,52.42463514448355],[13.10814381924897,52.424565091807324],[13.107666766602888,52.42449656945159],[13.107615664667847,52.424480233330414],[13.107144908591378,52.42428139705338],[13.10708288995465,52.42426744559349],[13.107049203493117,52.42424763602895],[13.107031182242821,52.42421618803231],[13.106819245672128,52.42409774235465],[13.106756813624372,52.42408810404392],[13.106747911812679,52.42407984572634],[13.1066016424616,52.423909863656576],[13.10649904195397,52.42369356474398],[13.106496604970578,52.42368856314434],[13.106367304678994,52.42343006126866],[13.106294469194891,52.42316347037692],[13.10631949059576,52.42287215478514],[13.106320043903803,52.422863904583295],[13.106326417780622,52.422731828549935],[13.106343955763885,52.42271185536484],[13.10636173153014,52.422682615337465],[13.106423748734704,52.42267564569913],[13.106543649551153,52.42264984551014],[13.10675437749078,52.422570825673404],[13.106803577525323,52.42254212550586],[13.10693740327328,52.422424679889815],[13.106985676562157,52.42228462150262],[13.106986176004595,52.422242721494854],[13.106977951538,52.42218012536004],[13.106963450866344,52.42212772542433],[13.106953136131345,52.42209810009467],[13.106924935317934,52.42203110022193],[13.106892816239602,52.42197469607819],[13.106830815392584,52.421889396350174],[13.106791120169996,52.42184389206771],[13.10667211935807,52.42172829255778],[13.10663637464708,52.42169732070643],[13.106575174446428,52.42164982094212],[13.106394610352998,52.42155659699904],[13.106168598734033,52.421514359567915],[13.1058661011556,52.421496859731754],[13.10581253437226,52.42149526250661],[13.105498136930477,52.421494662535764],[13.105360683829897,52.42150435144076],[13.10512188562854,52.4215389511857],[13.105018484740285,52.42156029555809],[13.104912585382772,52.42158909535148],[13.104606355323591,52.42178288497704],[13.104458153043375,52.42200708427625],[13.104417954755812,52.42217586172549],[13.10449291692372,52.42230778675945],[13.10433484307769,52.42243018816689],[13.103904470685993,52.42269226749164],[13.103887309007064,52.42270316743331],[13.103788592395862,52.42276856522283],[13.10319629497649,52.42299702193996],[13.10314224604665,52.42302057668099],[13.103041985317232,52.42306971497676],[13.102358874349097,52.423144102214685],[13.101970893667863,52.423143661771846],[13.101956869724514,52.423143748061435],[13.101495927646122,52.423149944365896],[13.101256580802227,52.423145618256974],[13.100933440704122,52.42319787338858],[13.100671941883116,52.42329517272787],[13.100635140045139,52.42331005042753],[13.10046620256026,52.423384059545036],[13.100349620879596,52.42341366131264],[13.100254392010585,52.42345875776744],[13.100187289103495,52.42342075009009],[13.10010328940831,52.42338655032309],[13.100101924126479,52.4233878036263],[13.100082057204482,52.42337730135737],[13.099988888388678,52.42324606044625],[13.09996394381052,52.42321508611225],[13.099750672933437,52.422979525870396],[13.099677864629246,52.422897715029656],[13.099587826381475,52.422776156307386],[13.099502316165047,52.42265944632903],[13.09947886691984,52.422598767466056],[13.099509361158931,52.422545427330114],[13.09952897971438,52.422350731842165],[13.099379412044179,52.422178427410266],[13.09923251193836,52.4220844279342],[13.099182634310207,52.4220570233287],[13.099140623092577,52.421933984507035],[13.099083160875983,52.42174805054523],[13.099029716678553,52.42165208996597],[13.098942787319084,52.42154736761376],[13.098829745046366,52.42136135568295],[13.098768502300937,52.42121384508687],[13.098605391167894,52.42104271611829],[13.098318800081808,52.42095036452942],[13.097995701559181,52.420964816327455],[13.097734146354787,52.421081685803216],[13.096082741277444,52.422380879310175],[13.096072794253706,52.42238893542643],[13.095858554415887,52.4225676093673],[13.09441745221853,52.42361437820448],[13.094294090918611,52.42376574355954],[13.09429756746902,52.423934842903904],[13.094427114065425,52.424084264816436],[13.094654070679681,52.424180950964356],[13.094928225139018,52.42420351018268],[13.095316485930823,52.424178828466296],[13.095605613290562,52.42424474699974],[13.095760962704803,52.42430126325791],[13.095750486774985,52.42447268409082],[13.095774286052876,52.42453168419814],[13.09584327360325,52.424616877927036],[13.095840580889323,52.42461762524048],[13.095858180657162,52.42464132531748],[13.09588292507419,52.42466584394041],[13.09588709746868,52.42467099646673],[13.095891502871494,52.424674343457404],[13.09593618686768,52.42471861960864],[13.095969086771548,52.42474351973423],[13.09597452533535,52.42474083419919],[13.095999231412543,52.42476077950141],[13.096007048087753,52.42487265187681],[13.096121646391204,52.42500941535841],[13.096151946310732,52.42503191547328],[13.096181863395188,52.42505009012749],[13.096204555852774,52.42531799402644],[13.09630327130743,52.42549950104737],[13.096585769675851,52.425757302191826],[13.0967673931651,52.425863866759045],[13.097467132951481,52.42612565282504],[13.097473164264455,52.42613967194779],[13.097714299529368,52.42627622727942],[13.097934300704672,52.42634352777726],[13.097985289296185,52.42635731898205],[13.098238990910504,52.4264173194499],[13.09835964319801,52.42643715527318],[13.098676245667729,52.42646765554032],[13.098741974215008,52.4264716916412],[13.099114177231488,52.426481691750716],[13.099187631828674,52.426480857445355],[13.09940103355282,52.42647025737637],[13.099584815162132,52.42644243772873],[13.099761016256657,52.42639633739648],[13.0997736628777,52.426392920515525],[13.099794834709776,52.426387017464286],[13.099829223723331,52.42638125729655],[13.099872227176704,52.426372958395596],[13.099918327488496,52.4263628583217],[13.099921555207864,52.42636214465899],[13.099968388359274,52.42635169506587],[13.100066511471374,52.42633040650806],[13.100379164549324,52.42627751474186],[13.100467750846573,52.426257732052434],[13.100662952006523,52.426202931660846],[13.10072757271571,52.426181713003636],[13.101256203825484,52.425981210713324],[13.101615721308237,52.42586459499014],[13.101786513590852,52.42583931087037],[13.102428164835024,52.42583631107226],[13.102884770431391,52.425913221946246],[13.102896631075652,52.4259151385996],[13.103391959837762,52.42599181176074],[13.10409573506766,52.42619943473175],[13.104608101441153,52.42638829734516],[13.10465429343145,52.426403646483834],[13.105067457352707,52.42652664419839],[13.105364356326248,52.426698987799725],[13.105700425579407,52.42693295498782],[13.10619580986152,52.427376066243944],[13.106205339363292,52.42738433781549],[13.106722937031424,52.42782043986406],[13.106761742967363,52.42784976616422],[13.107313506426122,52.42822467538445],[13.107286627388778,52.42829412401694],[13.107292445203823,52.42847348301084],[13.10741163452788,52.428599527997136],[13.10741138604836,52.42868909030635],[13.10732717527497,52.42874989808917],[13.107242455125286,52.42884527918372],[13.107089290302065,52.42886678326375],[13.10685748892093,52.42888909280701],[13.106679956285248,52.428847487789305],[13.106398608023486,52.42882627475294],[13.106133703530977,52.42888797047554],[13.105946775804853,52.42901824407279],[13.105881246044436,52.42918683500994],[13.105900422405167,52.430346650705474],[13.105605273033644,52.430944930075555],[13.10506153747491,52.4318939659068],[13.105041808096455,52.43208890851325],[13.105191734789535,52.4322613911923],[13.105258028967823,52.43228525696784],[13.105368315114479,52.432396513437006],[13.105467858977319,52.4324717904773],[13.105666359073316,52.432586191151344],[13.105723689288038,52.43261526876136],[13.105757421009196,52.43263027878133],[13.10580174084691,52.432673075854844],[13.105771118019687,52.43270523210553],[13.105691425394161,52.43289445201449],[13.105785409286355,52.433081205680466],[13.105850308872355,52.43314260594599],[13.105865894966296,52.43315661603044],[13.106014694262067,52.43328381662206],[13.106099713890313,52.43332449127374],[13.106112277080284,52.433843557350194],[13.10610123666733,52.43400960209028],[13.106100761674176,52.434022087366586],[13.10609725682268,52.43438638730324],[13.106106881118665,52.434453306122286],[13.106159378888403,52.43462840635638],[13.106181175922917,52.434700732309665],[13.106276467227557,52.43484063059643],[13.106712964958257,52.43522493234735],[13.10686942919104,52.43531886623552],[13.107101130027132,52.43541346687964],[13.107155250387102,52.435433089642316],[13.108368056601227,52.43582079247982],[13.108456538814965,52.43584366641529],[13.109047242839694,52.4359626673675],[13.109189150742418,52.43597981023952],[13.109573365002744,52.435996718082805],[13.10956864318881,52.43603973584995],[13.109568268132776,52.43604343873479],[13.109560216831683,52.43613018323319],[13.109441883584344,52.4365737429591],[13.109434348749167,52.43662397390327],[13.109416742002319,52.43713107375236],[13.109537487825781,52.4373570235076],[13.110046585931567,52.437764125489196],[13.110147573527982,52.437827079409246],[13.110936375243922,52.43821088185415],[13.111051393164827,52.43825465532935],[13.111963954146375,52.43851826569991],[13.11263487113693,52.4388010620061],[13.113226826729795,52.4390721298176],[13.11326824124266,52.439089459067],[13.113966844098357,52.439355760921664],[13.114039004706635,52.43937918106805],[13.114547907690785,52.439517582119045],[13.114577450541997,52.43952503575925],[13.115208154586096,52.43967203690846],[13.115242942943617,52.439679391829586],[13.115839393363482,52.439792853230706],[13.116164904381675,52.439917392760655],[13.116208278144265,52.439998724391174],[13.116229311047702,52.44029736197238],[13.116385057790701,52.440525945590394],[13.116728857403343,52.44075324683479],[13.116830373193135,52.44080663760759],[13.117756176423194,52.441190840209174],[13.11786170247315,52.44122560920018],[13.11878570814608,52.441459311000465],[13.119000019982733,52.44148657988106],[13.119177673772821,52.44148855080091],[13.12007488483716,52.44177295499845],[13.120744714531734,52.44198529290816],[13.121250587441162,52.44217044691239],[13.121381980025834,52.442206033721256],[13.12199808433946,52.4423203346466],[13.122244435116789,52.44233287192735],[13.122477468948121,52.442282462614784],[13.122577080180974,52.44224498449964],[13.123454285281705,52.442341951787306],[13.12346021872608,52.442373800196094],[13.123616226441532,52.44251537173775],[13.123861491983957,52.44259702811199],[13.124113893814888,52.44263792844901],[13.124410381274217,52.442638743850615],[13.124669873999375,52.44255110100663],[13.124961801591725,52.44238167474683],[13.125280837498048,52.44239619354958],[13.126013449559132,52.442431324637084],[13.1261234566016,52.44253935553284],[13.126356128371789,52.44266982686029],[13.126665679237833,52.442707992462886],[13.126682424209857,52.44270724824328],[13.127252673289002,52.44268340059759],[13.127495213061108,52.44263094722708],[13.127575113824983,52.44263278823123],[13.127809054713538,52.44267495285224],[13.127931609804387,52.442688637975486],[13.12884523997024,52.44273039863007],[13.129588150580503,52.442912242381496],[13.129831375553376,52.442971824091536],[13.129922594468937,52.44298906860209],[13.1307179646189,52.44309713591467],[13.130950461499516,52.443272422962934],[13.131060779245574,52.44348869376484],[13.131090700775932,52.44353553624296],[13.131943190298637,52.444635939954075],[13.132087318745736,52.44475256272113],[13.13211307067718,52.44476634552223],[13.132114083228693,52.4447864572177],[13.132169435271802,52.44492800578053],[13.132257734168023,52.445043106165464],[13.132309560857346,52.44511058511307],[13.132324696669823,52.445131857431114],[13.132329499914352,52.44513842745116],[13.132509097585777,52.44537762823637],[13.132525507313456,52.44539779244358],[13.13257770680558,52.44545719266618],[13.132590618244265,52.44547113109024],[13.132618018030861,52.44549923120462],[13.132638560479778,52.44552027502456],[13.132657398974086,52.4455396043341],[13.132677144890742,52.4455599428706],[13.13267769753349,52.445560510908805],[13.132771096805795,52.44565631129868],[13.132783452714746,52.44566843081538],[13.132955519215852,52.44582996636593],[13.132965710716455,52.445839899964426],[13.133069951269407,52.44594589369492],[13.133075136046767,52.445951066320724],[13.13322748883555,52.446100221769534],[13.133266742429015,52.446138676738144],[13.133276783834082,52.44614817770648],[13.133340963328076,52.44620685670588],[13.133361214079374,52.44622595301177],[13.133394636126772,52.446257590244166],[13.133396071678682,52.44625894247131],[13.133426024867028,52.44628701900059],[13.133644452406196,52.44651704210331],[13.133647419780372,52.44652013143028],[13.133780518734895,52.44665713198633],[13.133783183805392,52.44665984785057],[13.133839083386258,52.446716248083035],[13.134195408478954,52.446878141018665],[13.134553364599386,52.446934567178175],[13.13487054672638,52.44698861002835],[13.134976829401031,52.447006744044955],[13.1351701256807,52.447041173440944],[13.135177991861758,52.44704253837319],[13.135346693073721,52.44707103860676],[13.135659212686026,52.44707122278418],[13.135758813416011,52.4470545226607],[13.135763082531366,52.447053796279725],[13.136221285867178,52.44697469569496],[13.13627275413546,52.44696422279616],[13.136350954648709,52.44694582266202],[13.13638444132898,52.446937208962],[13.136568542425687,52.446885708593356],[13.136606749649278,52.44687397635769],[13.136670849976714,52.44685247620827],[13.136682330913606,52.446848522465494],[13.13675193124879,52.44682392229631],[13.13675763455151,52.44682188025681],[13.136800693308667,52.44680626407985],[13.136843223517545,52.44679385674792],[13.136876402680363,52.4467833746852],[13.137116241533516,52.446701607539524],[13.137252017907224,52.44667299982673],[13.137253980566086,52.446672583928404],[13.137302780899732,52.44666218385208],[13.137335305835679,52.446654585553226],[13.137443579936951,52.446627020703204],[13.13758253195093,52.446603387292086],[13.137815895025538,52.4465672288692],[13.138076939532743,52.446545949416006],[13.138392655312837,52.44653468045089],[13.13848454970321,52.446532216805906],[13.138586892887629,52.44653282341332],[13.13864876478419,52.44653119872408],[13.138808119690914,52.44652186189768],[13.138920322425342,52.44651955350152],[13.13933897350848,52.44653702810171],[13.139651054446832,52.44655281469902],[13.139693669862593,52.44655402214847],[13.14110778137513,52.446562722326036],[13.14114377091293,52.44656227070443],[13.141859921738126,52.44653987640925],[13.142118667459027,52.446554260715516],[13.142485767300933,52.44657468220814],[13.142942191122426,52.44661007261049],[13.143034785588672,52.446631913719685],[13.143312458195853,52.446746254656574],[13.143328167738373,52.446749690162676],[13.14333804476318,52.446756214468934],[13.144060964606346,52.44702185900754],[13.144838325733417,52.44765049232107],[13.144959361551626,52.44791717907659],[13.144962752349313,52.44792435955466],[13.14505795007216,52.44811835998434],[13.14506954187398,52.4481395626901],[13.145070651996907,52.44814140097194],[13.145065046243806,52.448203647420165],[13.14514812023284,52.448408490739055],[13.145228428979213,52.448490207226506],[13.145345974829786,52.44877874541213],[13.145350589447103,52.44878937631843],[13.145481786053448,52.44907397691126],[13.14558575645509,52.449160465271355],[13.145590166140343,52.44929225053287],[13.145621669356078,52.449401183702676],[13.14590456365533,52.44990688497321],[13.146061006669072,52.45003525558863],[13.146056606005336,52.45013755068045],[13.146139574517742,52.45026898901693],[13.146535535296167,52.45065037015663],[13.146679837653632,52.45079021207933],[13.146839672186251,52.45099005415582],[13.14686439246107,52.45101780077403],[13.14689369223892,52.451047500896024],[13.146895818688298,52.451049639530154],[13.147081377129817,52.451234805090216],[13.147319493526052,52.45148074937099],[13.147319948522961,52.45148121851024],[13.147343848335193,52.45150581861011],[13.147345427082806,52.45150743397127],[13.147374626859627,52.451537134092966],[13.147575326959513,52.451740838385405],[13.147828857697686,52.45199886561057],[13.14813567135267,52.452311979131565],[13.148142087357858,52.45231837448801],[13.148161187226455,52.45233697456678],[13.148367534295064,52.45245800267554],[13.14864290852815,52.452505294356236],[13.148809209880122,52.45250819439221],[13.148817616158187,52.45250830426636],[13.148916066960346,52.45250916119768],[13.148979924186724,52.45251037368284],[13.149144748582247,52.452517002022965],[13.149174856081508,52.45251893839912],[13.149216741613492,52.45252222015438],[13.149247163496709,52.452524114358575],[13.14929598320716,52.452526372926904],[13.14939711972494,52.45253261822801],[13.14947552204464,52.452534248958635],[13.149639599263688,52.45253097289824],[13.149715272247883,52.45253859207539],[13.14995337416506,52.45252419197717],[13.149997770071913,52.452520459362724],[13.150346172794698,52.45248285908829],[13.15037419100072,52.45247940462263],[13.150514964223602,52.45245986306506],[13.150796033487975,52.45245141368305],[13.15101736105037,52.452470947239824],[13.151025989063127,52.45247166893397],[13.151072357959883,52.45247533414993],[13.152791972850011,52.4530821591745],[13.155531769867865,52.454297425903896],[13.155527768622726,52.45429650152614],[13.155235791931895,52.45427692305912],[13.154964691110159,52.45434599167726],[13.154781995327543,52.45448650295154],[13.154756171307632,52.45452191978655],[13.154623852495456,52.45457497709524],[13.154351110739382,52.454457146137365],[13.154043314246957,52.454391691328034],[13.153896698683265,52.45441229812482],[13.150134823577718,52.45279195553578],[13.149822203844579,52.45272662400605],[13.149592065222585,52.45276095490993],[13.149564396977118,52.45272244494217],[13.149388807751377,52.45262300979182],[13.14936600784969,52.45261460985094],[13.149101800664855,52.45257082375414],[13.14907469894708,52.45255949653779],[13.148736127903485,52.45255611481583],[13.148450551057907,52.45266727806196],[13.148418624878614,52.45268989308006],[13.148252757610797,52.45264051935613],[13.147946988592228,52.45265430848032],[13.14769406818083,52.4527601894372],[13.147592349259883,52.45283300017562],[13.147554105977575,52.45285741223879],[13.14729011755151,52.45302465690416],[13.14679162146675,52.453289493704325],[13.146690073710628,52.453377505866],[13.145678240829227,52.4537501893934],[13.145485937577153,52.45386473738643],[13.145396971081242,52.45401955791294],[13.145429871757813,52.45418240603381],[13.145446182661042,52.454209450585765],[13.145557531093662,52.4544122440738],[13.14573836980957,52.45457392044275],[13.14576248436137,52.45458049490147],[13.145807289772984,52.4546368487639],[13.145772939331609,52.45469251478482],[13.14579905565436,52.45485508541483],[13.146011251332812,52.45523728636831],[13.146174420136596,52.45538878573561],[13.146437876630914,52.455472359193145],[13.14673459210891,52.45546674382597],[13.146989075502821,52.455373368294],[13.147691875456204,52.454934965811],[13.147732497552916,52.454909589051454],[13.14816440655192,52.4546443872675],[13.148234084509422,52.45460159071321],[13.148240467205415,52.45462674151104],[13.148280566466005,52.454693941690465],[13.14829990849426,52.454722481625474],[13.148330908101743,52.4547631817608],[13.14852782296957,52.45490639838043],[13.148596823196613,52.4549357985777],[13.148775656453044,52.45498726828844],[13.14885385701408,52.45500056839734],[13.149040868585471,52.45501329877156],[13.149311254973833,52.455005101691455],[13.149457963911496,52.45517505383737],[13.148875157932679,52.45537854678455],[13.148657668884184,52.455510759801186],[13.14857866055975,52.45569187769442],[13.148659607676901,52.45587267584826],[13.149382501848091,52.4566251788769],[13.149539214853439,52.45673185715052],[13.15093421874192,52.45736466129854],[13.151150506554313,52.45742601331311],[13.151388889970367,52.457429906120616],[13.151472344125764,52.457420772863344],[13.151482364270507,52.457422416824706],[13.152093312365707,52.457735217786635],[13.152228944476782,52.45793596797417],[13.15232177038284,52.45802964833392],[13.152940368888201,52.458480850665],[13.152988915275795,52.458512223104606],[13.153274415431307,52.45867582407183],[13.153516794370457,52.458759548551996],[13.153858596812698,52.45881864903484],[13.153969627572362,52.45883097873394],[13.154117728763385,52.45883857880623],[13.15424206142501,52.45883690508097],[13.155137068566923,52.4587666045825],[13.155285548271381,52.458742598752984],[13.155373810190463,52.45872046230587],[13.155890837503685,52.45859756794522],[13.155954532608181,52.4585696395017],[13.156064825359074,52.45867722644573],[13.156449336190121,52.4591370542496],[13.156624153617692,52.45926286238736],[13.156872563762647,52.45932771478559],[13.15714223706983,52.459317949714986],[13.157376364408602,52.45923562426457],[13.158212465138247,52.4587561214417],[13.158395668848142,52.458527185516935],[13.158541456232077,52.45756638468293],[13.15851022332389,52.45741320885127],[13.158376726846427,52.457282149801905],[13.157167226282047,52.45652465407764],[13.15694427018944,52.456437196254974],[13.15668111041265,52.45641834402181],[13.156088415169737,52.45645844374311],[13.155886210495872,52.456495381411834],[13.155592052114319,52.456586850760054],[13.154864653331925,52.45583621924331],[13.154695923803764,52.45563653202017],[13.15522159404231,52.45586301853824],[13.155551811688904,52.455928699130524],[13.155885158942668,52.45586921014876],[13.155963362035497,52.45583765613969],[13.157048257508615,52.45540798849077],[13.157241701360183,52.45528186465342],[13.157276525888733,52.455204210690674],[13.157442732006148,52.455251096677614],[13.157578203068947,52.45526211471595],[13.157663804878723,52.45528472197105],[13.157852825913158,52.45538674409889],[13.158136907686663,52.45547100721691],[13.158451391697852,52.45545343218677],[13.158458147267286,52.45545039485022],[13.158601231247768,52.455495102274575],[13.159180377034218,52.45557735239419],[13.160630627420664,52.45672625840162],[13.16077252218485,52.456805256928845],[13.160776383833698,52.45682248312165],[13.160895282288037,52.45699472223608],[13.161139661162244,52.45710721867179],[13.161451602829304,52.45718394954319],[13.16175504234495,52.45765416192454],[13.161792270066018,52.4577014200256],[13.161914198058556,52.45783105239495],[13.161908762095031,52.45784735959605],[13.16194980005996,52.458068039073396],[13.162791888992796,52.459198242761296],[13.162911365352365,52.459303510923036],[13.16309375724086,52.4594149455286],[13.163174749189384,52.4594644797377],[13.163285056274868,52.459517480212355],[13.163405756787986,52.45956238052747],[13.16341546610558,52.45956591475008],[13.163702467403985,52.45966811547669],[13.163705034918433,52.45966902446994],[13.164319444628543,52.45988528305083],[13.164661393779658,52.460014296820354],[13.164668888655644,52.46001707763861],[13.165189690934154,52.460207078979934],[13.16544245978213,52.46025669148397],[13.16558736094763,52.46026409155436],[13.16567528926825,52.460263327901025],[13.165355796367624,52.46057207354769],[13.164481988511985,52.460405571672254],[13.16421430505551,52.46039371575363],[13.163965830742315,52.460455683774114],[13.163788224223689,52.46057859240316],[13.162839715419317,52.461656588191204],[13.162770192677657,52.46181031877062],[13.162816371879366,52.46196729261149],[13.162969167430957,52.46209662189128],[13.164571967168369,52.46295878792594],[13.16419629506942,52.463252223066426],[13.1640762295393,52.46342751133522],[13.16411920582325,52.46361570004364],[13.164313222792192,52.46376422949009],[13.165957567331999,52.46449641789105],[13.16798625706115,52.46717965255479],[13.166523168847405,52.467916142982496],[13.166030028132909,52.46812768103035],[13.166018814996873,52.46813261199647],[13.16410067870776,52.46899713200447],[13.162748539022923,52.46809599468015],[13.162500370819437,52.46799774941847],[13.162205295786109,52.46798559906533],[13.161937779818455,52.46806260990051],[13.159743361209358,52.46917856052004],[13.158796640883764,52.46965791568558],[13.158777907330508,52.469667814355375],[13.15677893127331,52.470769766630575],[13.156440678674564,52.47084763634917],[13.15534258017785,52.47144803274072],[13.154579904673502,52.47186517984104],[13.1517193205204,52.47341667597643],[13.151546092283265,52.47358271048874],[13.151469190466894,52.473740110107514],[13.151470016672409,52.473740260631175],[13.151420685209391,52.47381364841795],[13.151442333012374,52.473980119578826],[13.151584805917015,52.47412266205903],[13.153344780858816,52.475203872850855],[13.153341329547343,52.47520538974122],[13.153157942383196,52.4753372828449],[13.153096677349241,52.47550620902425],[13.153126919806223,52.47624307578822],[13.153026906007256,52.47654850847984],[13.153052543194722,52.476744549606764],[13.153243267111831,52.47690302656186],[13.153644388931289,52.4770931272629],[13.153519699983423,52.47806960717542],[13.152035421480408,52.47786028407982],[13.151796053772683,52.47785702891531],[13.149532862795288,52.47811198251192],[13.146837310615478,52.47779259858501],[13.146839045378698,52.477766686279466],[13.14681204745244,52.477643429645994],[13.146765046403667,52.47755282985787],[13.146634662902914,52.47743416978642],[13.146631066214637,52.47741549593896],[13.146629150234107,52.477377683022155],[13.1466036555377,52.4772835881324],[13.146524719747676,52.47712609296424],[13.146503167846316,52.47706961403554],[13.14633083663886,52.47688799812741],[13.146021793506609,52.47679608555491],[13.14590699440353,52.47678498565202],[13.145538801351483,52.476822535994046],[13.145509623847763,52.47684127276367],[13.145382183421551,52.47675009645781],[13.145085474598988,52.476636012509275],[13.144940547130851,52.476612504644066],[13.144928540112014,52.47660923527643],[13.144897430134742,52.47658140547784],[13.144858147510181,52.47655010122364],[13.144735447252174,52.47646270168195],[13.144396429656563,52.476343263919475],[13.143656735345385,52.47625896464343],[13.143611375963836,52.476254903671766],[13.143380377809098,52.476239803810465],[13.143012290262153,52.47628990599635],[13.142902690759072,52.476330505719815],[13.142647330919145,52.476528248891626],[13.142576529395049,52.47666324854401],[13.142564265526373,52.476690200356764],[13.14250856377419,52.47683410007242],[13.142577854350732,52.47710296549625],[13.142611754095958,52.4771371656373],[13.142765279676171,52.47722991413439],[13.142666809857284,52.477228939718366],[13.141984914518623,52.47737463864768],[13.141722816236456,52.47748696324685],[13.141595741519202,52.4776664292746],[13.141641271509087,52.4778599637248],[13.141845943565581,52.47801033252867],[13.142405778214279,52.4782451962003],[13.142521790979202,52.47835755051206],[13.142816375185166,52.47850318014496],[13.145417860231136,52.479088217396615],[13.145599352104993,52.479373774151135],[13.145339836602071,52.47957040636288],[13.14488659956915,52.479723469315324],[13.142940982732672,52.47931022325649],[13.142661439665073,52.47929412172005],[13.142401463384946,52.47935888875758],[13.142220162669869,52.47948979882801],[13.142158759369142,52.479657087839726],[13.14222128428873,52.481540384762404],[13.142246872141769,52.48285264435329],[13.141754163392877,52.48288082936958],[13.141302036529764,52.48290669010937],[13.14129356130845,52.48286524179698],[13.141216362071301,52.4819793114941],[13.141172956351872,52.48148062226965],[13.141170635647327,52.48146256090473],[13.140827410635735,52.479444755109895],[13.140799677095027,52.47906239449956],[13.140710292865856,52.47888730312167],[13.140491098348607,52.47876190913906],[13.140431135454772,52.47874214727544],[13.140399022976256,52.47872163940784],[13.140393947881694,52.47872460205803],[13.1402781938369,52.4786434883426],[13.139984096271727,52.478583705983176],[13.139681022124591,52.478623397917325],[13.139452949694865,52.47875156596646],[13.139420018298711,52.47878360160033],[13.139311786711325,52.47888863702516],[13.13914735162789,52.47904836645706],[13.139060007034956,52.47927572245711],[13.139598180514112,52.48253880015887],[13.139583310620603,52.48254533059184],[13.139571906396107,52.48255046724568],[13.138432729326713,52.48307659982091],[13.136612691190651,52.48388906952489],[13.131186735764516,52.48064775856314],[13.130376024859803,52.48001935133227],[13.130373368146374,52.48001813902874],[13.13037204454424,52.480016282217285],[13.129807540787134,52.479583286824216],[13.129792087990985,52.479571669170696],[13.129659967498617,52.47947430305539],[13.12958124718627,52.479416236552325],[13.129509945486332,52.479367977539574],[13.128140744366242,52.47851698779483],[13.12811622988564,52.47850216543941],[13.127592430163233,52.47819406926142],[13.127446087359479,52.478120203464954],[13.127182389149999,52.4780065050804],[13.127057193948009,52.47795901301309],[13.126824396391768,52.47788191420252],[13.126762665026199,52.477872882044785],[13.126674187707192,52.477772959625284],[13.12645692458946,52.477636313929374],[13.125378410705778,52.476927242459276],[13.125344410985827,52.476894992244986],[13.125087046958475,52.4767606727487],[13.124751082796033,52.4767350995058],[13.124447589639917,52.4768267271128],[13.12427690417297,52.47700526303819],[13.12415870054502,52.477304362435916],[13.124158226099349,52.477404735189815],[13.122121065312234,52.47708022558194],[13.12141691752991,52.476966162772435],[13.121362855728103,52.47695428637243],[13.121289641246094,52.47692802704094],[13.12128681334163,52.476930966695065],[13.12128614524661,52.47693074050722],[13.121174750141675,52.476863331698866],[13.121007818665117,52.476836510740085],[13.120856857505206,52.4767854011503],[13.120700049235829,52.476787060580435],[13.120548380562402,52.476762691223755],[13.120381850951453,52.476790427287646],[13.120239413317858,52.47679193407598],[13.120199320314262,52.47678496653681],[13.120180286531111,52.47678175767055],[13.118392314068421,52.476489562787634],[13.11823559394044,52.4764704024021],[13.117972598356356,52.47644880281207],[13.117896043703889,52.476454823641156],[13.11782174739992,52.47644204598119],[13.117487753183447,52.47643944608029],[13.117434255726494,52.47643972799543],[13.116427130588761,52.47645818418527],[13.11603609844362,52.47645818424823],[13.115792680905681,52.47645383622381],[13.115614072291399,52.47644057999963],[13.115394117358036,52.47639700508119],[13.115179219586805,52.47633178170384],[13.114971631620866,52.47624395192455],[13.114811732815168,52.47615879175319],[13.114697278580866,52.47607458755593],[13.11427202939327,52.47557023085799],[13.11392325137506,52.47509329610856],[13.113878029234455,52.475031404880895],[13.112828752570389,52.473596414390634],[13.112825228475316,52.47359376264475],[13.11282430005603,52.4735903949462],[13.112554792570089,52.473230197451805],[13.112552638132573,52.47322733365522],[13.112484336269775,52.47313703428932],[13.11248424623987,52.47313696828474],[13.112484222285524,52.473136883637615],[13.112480667507912,52.4731321866669],[13.112677136903036,52.4728862840178],[13.113106027433734,52.47235484213949],[13.11323220608522,52.47196693734402],[13.113023876252516,52.471592475093],[13.11253686611195,52.47133179083837],[13.11190166871928,52.47125473232147],[13.111288477419107,52.4713819463213],[13.11096590090078,52.47160667724181],[13.110895280128851,52.47156492907169],[13.110765081457174,52.471520729749045],[13.110758297837824,52.47151844362976],[13.110675798693874,52.4714908440544],[13.110587059773309,52.47146389037525],[13.110457561379162,52.471428390947764],[13.110372308928053,52.47140728447435],[13.108585233861216,52.47101089112173],[13.108585084151365,52.471010883183084],[13.108584960978627,52.471010830612585],[13.108307262311554,52.47094927541415],[13.107445842317484,52.47075812627763],[13.107221912738448,52.47070783630997],[13.107214597213067,52.47070620914787],[13.106791503133676,52.47061301071259],[13.10614620896169,52.47057967705125],[13.105560072929359,52.47074784415753],[13.105190144554525,52.47107245359435],[13.105135548486993,52.47146652880663],[13.10541092149854,52.47182447813755],[13.105942482772269,52.47205038754961],[13.106361926682698,52.472142782456714],[13.10658447610237,52.47219276274796],[13.106586965586581,52.472192900873466],[13.106589013998002,52.47219377579566],[13.10745292604891,52.472385479010335],[13.107731088277562,52.47244713735683],[13.109466637705154,52.4728321043863],[13.109620735464691,52.47301002465252],[13.109727450152244,52.47313927004234],[13.109935668578483,52.4734118229497],[13.110045715596431,52.47355716930127],[13.11021270441201,52.47377782994918],[13.110279863585761,52.47386662470164],[13.110546036339425,52.47422239004451],[13.11159282802814,52.47565408406184],[13.111638053547516,52.475715984333895],[13.112001201446198,52.47621260439385],[13.112023679622283,52.476229516950816],[13.112031241830108,52.47625080312618],[13.112534830515102,52.4768481077253],[13.11268446481839,52.47698633184947],[13.11295046337908,52.4771820339872],[13.113090816578293,52.477269863653746],[13.113379217377684,52.47742346565373],[13.113489041288869,52.47747568426772],[13.113828443698432,52.47761928632209],[13.113984143740915,52.4776754546822],[13.114363048077323,52.47779045649561],[13.114533838870543,52.47783302103365],[13.114956845038716,52.47791682246376],[13.115192012622556,52.4779485328619],[13.115547718627674,52.4779749333695],[13.115662107358114,52.47798018885361],[13.115981212875324,52.4779858890036],[13.115999572003952,52.477983234056325],[13.116017796124012,52.47798621568658],[13.11644590354203,52.47798621575635],[13.116483427471874,52.477985872067435],[13.117482600521713,52.47796756212683],[13.11771408858757,52.4779693642152],[13.117822633193473,52.477978278926805],[13.119523764431884,52.47825628262016],[13.119816372568364,52.47830713318926],[13.119925900925983,52.47832295376155],[13.12006330316755,52.4783388540515],[13.120209842149372,52.47833972986855],[13.120063096348442,52.478480188703394],[13.120053200812622,52.478670541331525],[13.121125239597253,52.48138844039681],[13.121988380265178,52.48357648482401],[13.122124623256184,52.483733787590985],[13.122367734429627,52.483831939498536],[13.122658165394439,52.48384689871718],[13.12292477627812,52.48377500103313],[13.123102262177813,52.48363385744903],[13.12314714996353,52.48345804022248],[13.122843605310695,52.48152194400214],[13.122835144365087,52.48148659870505],[13.122825563980294,52.48145695581713],[13.122851473913174,52.481442290876196],[13.122941637502533,52.48156581499767],[13.12320056355587,52.48167604547066],[13.123515529299027,52.481688802201276],[13.124411167040696,52.4815750514637],[13.126304590116307,52.481342779212504],[13.12667395379794,52.48130265940949],[13.127374345718588,52.481429331068064],[13.1273949339306,52.481432807840854],[13.127412144404826,52.48143551003683],[13.127838801100863,52.48198598830653],[13.128026821167847,52.48212389472546],[13.128300589342073,52.482189150945516],[13.128579105437835,52.48216654394854],[13.128590833492485,52.48218085727379],[13.128749283829677,52.482300586730624],[13.128966338529448,52.482366200381534],[13.129122726597588,52.48307771939755],[13.12912282727822,52.483078175245026],[13.129329054922515,52.484007396003534],[13.129060174616045,52.48395747017229],[13.128353580379882,52.48396027020347],[13.12817064464865,52.48397881941999],[13.127819457025923,52.48405050869597],[13.126232287130321,52.484223980859625],[13.125875924585657,52.48424467891061],[13.125559055183567,52.48432419184667],[13.125368289345165,52.484497919697056],[13.125368184478125,52.48470707239563],[13.125436082877846,52.484843572702026],[13.125613150232743,52.485010405034],[13.125908361294067,52.48509429628369],[13.126109962870782,52.485113596452926],[13.1263028108036,52.485112545341],[13.127881799207408,52.48494368565037],[13.128591417081562,52.48489828412691],[13.128829665120477,52.48490638152517],[13.128835214214194,52.48490655409181],[13.129152667883606,52.48491550949954],[13.129267479575994,52.48539808059914],[13.129390813912673,52.48557130375723],[13.12964095991472,52.485682457448675],[13.129696798060102,52.485685795464946],[13.12978068685673,52.48605712882957],[13.129749474133575,52.48606956440443],[13.128192515627251,52.486511805069306],[13.126498491712153,52.486796012924565],[13.126472317994185,52.48669127832378],[13.126346268220109,52.48651808438913],[13.12609347195044,52.48640807876575],[13.125784169122515,52.48639182644658],[13.125105085491537,52.486467624656164],[13.123824828387006,52.48661048267835],[13.123541087748,52.486694549067344],[13.123369082522535,52.48685593287905],[13.123358140238528,52.487048353835945],[13.126177601953842,52.494192997424015],[13.126343925856082,52.49436908634622],[13.127491463456968,52.49503645065725],[13.127748859846081,52.495313812121914],[13.127913846193229,52.49562647291603],[13.128125557216624,52.49671757046476],[13.127782076625873,52.49733717250721],[13.127767522667176,52.497536950213956],[13.127930102734117,52.49771057169492],[13.128032354820258,52.49777105754393],[13.127985001207852,52.49786004912892],[13.127967093630918,52.49803993851838],[13.128094467388019,52.49820253175644],[13.128335119447248,52.49830697512651],[13.1285923823223,52.49836693868347],[13.128203439074602,52.49909866681012],[13.128191079141128,52.499293823633806],[13.12829205708236,52.499549604221734],[13.12842227707014,52.49970273417716],[13.128654390967078,52.49980121349912],[13.132107520211441,52.500606931407894],[13.13234001119271,52.50063038340468],[13.132568964638299,52.50059635481504],[13.133654570989474,52.50028425258528],[13.13395194064076,52.5000903031488],[13.13422603025542,52.49966390400915],[13.136408676826939,52.501633518321064],[13.136497225268831,52.50169636589575],[13.137936626313426,52.50250667073399],[13.137965598882868,52.502521947263126],[13.138625700228589,52.50284774932935],[13.13896094028891,52.502927092652456],[13.139309313644048,52.502872760349916],[13.140323518029426,52.50248445772387],[13.140535500066077,52.50234294485118],[13.140598155153095,52.50215506617474],[13.14055931998732,52.50181279261948],[13.140881307056215,52.50202288971544],[13.141121409675746,52.5021175882536],[13.141406295015479,52.502132162817674],[13.141668883226203,52.50206318162893],[13.141847344905916,52.50192688714292],[13.141994143056312,52.501731086465355],[13.142018049850835,52.50146914857455],[13.141968348794627,52.501376948798345],[13.141876762459967,52.50127095090548],[13.141731961920954,52.501155351469635],[13.141707318415545,52.5011369692912],[13.141350517761087,52.500888070613705],[13.141298116980895,52.500855866673426],[13.140852317486356,52.500614468141926],[13.140788243013747,52.50058430595747],[13.140462044197905,52.50045150686403],[13.140330623259485,52.50041144050085],[13.137629528442858,52.499831461746155],[13.137329253721244,52.49968848798022],[13.135252617695645,52.49828010598374],[13.135243436359609,52.498274021146095],[13.134696835875024,52.49792002310958],[13.134591379094578,52.49786603477863],[13.134052481113107,52.49765013626044],[13.13398381057788,52.497626477624934],[13.13316231514593,52.49738617942397],[13.133059456465478,52.497364291576],[13.134559897188096,52.496686950539065],[13.136462283320126,52.49583803404182],[13.136521647623535,52.49580769510365],[13.136580080223043,52.4957736032413],[13.1384637589201,52.49488600093031],[13.13907886091976,52.49461794641284],[13.142817408083245,52.493376409685766],[13.143250381242746,52.493245484473334],[13.14370557811584,52.49356387541868],[13.145167195317645,52.49460341778616],[13.14571392805561,52.49508374041188],[13.145726085262853,52.49509402858558],[13.146348382750425,52.495601531027],[13.146364674992896,52.495614214763805],[13.146450074762528,52.49567771508822],[13.146467846868543,52.495690323443455],[13.147211465892378,52.49619383141678],[13.150830668746753,52.49874590167107],[13.15092125122191,52.49877825734364],[13.15129849777074,52.499086884208246],[13.151318323041837,52.499102216011856],[13.153526417581775,52.500717524349795],[13.15362004524311,52.500772390811804],[13.154114137345791,52.50100387170613],[13.155057357282493,52.50165761958658],[13.155014643885595,52.50170322816296],[13.155005655965361,52.50187672496506],[13.1551309162916,52.50203257118711],[13.155515356679382,52.50231120714829],[13.154555033568078,52.502825843656474],[13.154292677054123,52.5029664733127],[13.154121321050466,52.503125192424584],[13.15410651632727,52.503315046677336],[13.154252402191483,52.50348297785532],[13.155633200944068,52.50437848281915],[13.155876239762774,52.50447324057411],[13.156163861740705,52.50448625654389],[13.156427147832146,52.50441441187027],[13.156472447948802,52.50439261173258],[13.156496441346878,52.50438042236716],[13.157757071451817,52.50370466890019],[13.161336577587365,52.5060227730278],[13.16153640690269,52.506107475051934],[13.16177528473682,52.50613568801926],[13.162066202946118,52.506132709195164],[13.162113611569572,52.506188837386645],[13.16362464317518,52.50722396791495],[13.163196141275836,52.50743630247724],[13.163016254476757,52.50758854805367],[13.162986612615017,52.50777536201132],[13.163115295101848,52.50794583614874],[13.16350276513799,52.50822898979835],[13.163834319275017,52.508663272936644],[13.163833448946106,52.50882461810242],[13.163879402291817,52.508946445451244],[13.163173803877802,52.50935342277875],[13.163016671396678,52.50950646392922],[13.163006341176777,52.50962773725707],[13.159971215635952,52.51093666301786],[13.156223634449699,52.512327631202],[13.15621633327654,52.512330385581706],[13.154033532539183,52.51316728347525],[13.152864679913773,52.51359186827083],[13.14862775391817,52.515107848772494],[13.146017523085394,52.51403198582842],[13.145960794802166,52.51401132925835],[13.145411597624863,52.51383603054421],[13.145360476088653,52.51382156783432],[13.145013178248167,52.51373536850186],[13.144962447183863,52.51372439590264],[13.143645856424595,52.513480297882275],[13.14355541209002,52.513483655107294],[13.143475353391949,52.5134525492576],[13.142568829865763,52.513258445409306],[13.14286577672291,52.51280230722196],[13.14324231567458,52.512852917424915],[13.143506336234898,52.5128514516588],[13.143742807624683,52.51277979687368],[13.143904260237775,52.5126523372118],[13.144162857021303,52.51231013602004],[13.144209440483568,52.51221699161523],[13.144490626903227,52.511155990116215],[13.144436569126698,52.51093854448649],[13.144185064482269,52.51078099026915],[13.143656467160236,52.510609891519664],[13.1433652503449,52.510568080315984],[13.143077912552123,52.51061890966708],[13.142868514342616,52.510749278446816],[13.142241342924102,52.51141970213599],[13.140384757965816,52.510988488587664],[13.140096502540953,52.510968175697904],[13.139827304611536,52.51103426179159],[13.139642436747385,52.51117072297327],[13.13861274901,52.51249838083255],[13.138220135696901,52.51242035101051],[13.13785806323694,52.512337674661865],[13.137727426208635,52.51233504834335],[13.136748014006583,52.51218200618236],[13.136437042617152,52.51218510135321],[13.136171962026332,52.51228434796197],[13.136026607290447,52.51245210221154],[13.136041466745223,52.512641638070654],[13.136063566269096,52.512683038170216],[13.136204171899566,52.51282406951995],[13.136433255675483,52.51291190241218],[13.138657370671078,52.51337580611137],[13.138687006837444,52.51338145979782],[13.139547371555127,52.513530525672614],[13.139524287342486,52.513648086034884],[13.139644588357939,52.51381932322665],[13.139889212830806,52.51393083822483],[13.141182520958662,52.51424564067153],[13.141442919141332,52.514270321543876],[13.141694915353183,52.51422329486944],[13.14186560538102,52.51412670532503],[13.14276178303168,52.514258164831574],[13.143279969755833,52.51462252515337],[13.143378764804718,52.514677799331764],[13.14377579932536,52.514853734201914],[13.143757962259762,52.51486935763177],[13.143575856367201,52.51517864500839],[13.143545440547072,52.51534344929535],[13.143639510794658,52.51549904896062],[13.14383805225741,52.515612335972456],[13.144098820119964,52.51565920524798],[13.148348429249626,52.5157986807344],[13.148571856244503,52.515770141153936],[13.148792914288908,52.51581326021835],[13.151775052290802,52.51591103345717],[13.152091390310785,52.51586680867743],[13.152102423043285,52.515863094800814],[13.152180053718936,52.51583184926796],[13.154223659188958,52.51485984310072],[13.154417690655539,52.514694818773854],[13.154423101631561,52.51462830875163],[13.15537056122983,52.514250441261694],[13.156219635065817,52.5139587034199],[13.156302568482378,52.513970736835496],[13.156565636874932,52.51393333157348],[13.15703913953922,52.513790130557354],[13.157137355031217,52.51375267663213],[13.157548369322305,52.51355923572758],[13.157956151129213,52.513416445388344],[13.158320981188146,52.51336736892712],[13.158734570542558,52.51331421729121],[13.158877700832006,52.513283658550854],[13.159174202481527,52.513192757907255],[13.159192966223943,52.513186745100114],[13.159778769225369,52.51299074373386],[13.159806121041798,52.51298099983055],[13.160807725444062,52.51260179725775],[13.160828808272605,52.51259342985946],[13.161294988849791,52.51239964782909],[13.162374008004472,52.51334732493098],[13.162600547705125,52.51346561391906],[13.162893000399835,52.51350110359807],[13.163176492291836,52.51344470787193],[13.164064495992456,52.513096705531105],[13.164270466499149,52.51295815674465],[13.164334486584428,52.51277523250825],[13.164239230573994,52.512597442236554],[13.163184576032734,52.51161332576578],[13.16353171352969,52.511475099793074],[13.163784120093469,52.51143865290152],[13.163858786651277,52.511414050275214],[13.163937182464194,52.51146588391653],[13.164238239647696,52.511519987127265],[13.164542122113597,52.51147212327949],[13.166753332847597,52.51069571792042],[13.166973733868245,52.51055956847747],[13.167048429299276,52.510373711200124],[13.167012351174483,52.51030211235212],[13.16839430436463,52.509810220085924],[13.16892149743532,52.5099340567018],[13.169561800341084,52.509872568371485],[13.17006592555713,52.50962397703201],[13.170270660616891,52.50929948122888],[13.171284587307563,52.50908029716812],[13.171369682463308,52.509057132310744],[13.17246028808845,52.508694629780656],[13.172825304488168,52.50857328439735],[13.172845035097904,52.508622346501184],[13.173050321175838,52.5087555217036],[13.173336406727469,52.50880987848186],[13.17362931698912,52.50877136145415],[13.173655817135351,52.50876316139618],[13.17380825799933,52.50869532528581],[13.173833058000442,52.50868002519857],[13.17396546374001,52.5085540416333],[13.17397856351533,52.50853284157063],[13.173997548961454,52.508483320169425],[13.174062052657153,52.508425448930566],[13.174067503396442,52.508219476697825],[13.173909859065246,52.50787777399658],[13.174802294796127,52.507824505391426],[13.17480591281126,52.50784685051167],[13.174916808097331,52.50802384954144],[13.17515978350293,52.508141863765765],[13.175467346846482,52.508168111573625],[13.17574465420195,52.508146384201176],[13.175822198378986,52.50825929090383],[13.176084704616029,52.50837355660775],[13.176406475436451,52.50838640483593],[13.17817741659437,52.50815403325648],[13.178376969217434,52.50815136586901],[13.178457479984681,52.508184686115],[13.178526621982916,52.508214832129894],[13.178769177578861,52.508276622041876],[13.179031636025094,52.5082679087058],[13.179193937204746,52.50823950849515],[13.17941940910326,52.508164540905774],[13.179571218700016,52.508038180432465],[13.179620538803018,52.50788442230069],[13.179606786670025,52.507566258795855],[13.17967263888403,52.50755359869288],[13.179860756129976,52.50744843928853],[13.179958388556612,52.50730461615403],[13.180527063564346,52.50533601315658],[13.180535590591647,52.505287143663516],[13.180555486297244,52.5049650435262],[13.180553991717304,52.50492255495884],[13.180526811084954,52.50471721091331],[13.18050905779753,52.50450137770493],[13.180503668472731,52.50446767250332],[13.180370633080992,52.50390929205375],[13.180195569687386,52.50299822965953],[13.180191295642834,52.502980024971734],[13.18006816107153,52.50253664178543],[13.179998452100449,52.50228022101983],[13.180885235379696,52.50220072203498],[13.181176265646588,52.502121464765274],[13.181216887093836,52.50208548601733],[13.181373748045745,52.50207142092075],[13.181389505860796,52.50206987462864],[13.181495673062066,52.502058554244606],[13.181576872167142,52.502118627410965],[13.181831035899007,52.50218546923534],[13.182107170337902,52.502174114009584],[13.182387121241968,52.502120446403126],[13.182400882721897,52.5021382423761],[13.182506376638738,52.50223231894731],[13.18260187656295,52.50229371928932],[13.182717518865351,52.50236792670297],[13.182728635944564,52.50237659498383],[13.183010189988273,52.50249687445755],[13.183353816860507,52.50250081816444],[13.183355065385511,52.50250060140668],[13.183561456052322,52.5024710096548],[13.183571339666972,52.502469537494314],[13.183788004442818,52.50243605294291],[13.184013259651651,52.50240294456592],[13.18412164019527,52.50238000442611],[13.1854018478049,52.502020401846806],[13.185622967733416,52.50191263199595],[13.18573623946971,52.50175437665246],[13.185725623658382,52.50166608303844],[13.18579859614245,52.50157906946691],[13.185779093019612,52.50138915886224],[13.185767706726361,52.50136889875641],[13.186001844939764,52.50128600791073],[13.186052927426793,52.50134324359953],[13.186127673822917,52.501431232567136],[13.186181848894645,52.5014954437626],[13.186247777623903,52.50164578677126],[13.186269477442906,52.50166868686255],[13.186273952824587,52.501673329194844],[13.18628915270727,52.501688829258306],[13.186410378460344,52.501763354656774],[13.186504191222696,52.50187305120136],[13.18651067053733,52.501880417442955],[13.186672269047989,52.50205911812944],[13.18667268066626,52.50205957253176],[13.186858878962289,52.50226477332223],[13.186860326735427,52.502266359377224],[13.187033325191123,52.50245476010989],[13.187039771957577,52.50246160354514],[13.187504159371219,52.50294226828226],[13.187703656283418,52.5031513292545],[13.187764471401255,52.503203679686486],[13.187939271021623,52.50332878034109],[13.187947218883423,52.50333435150342],[13.18834221824269,52.503605552958255],[13.188381317727945,52.50362995925771],[13.18854518817234,52.50372297536013],[13.188866463267745,52.503907089006404],[13.188869485919298,52.50390880905615],[13.189062386052345,52.504017809705736],[13.189096458763446,52.50403564085874],[13.189164186259344,52.50406843683223],[13.189250180666653,52.504122801419605],[13.189440731960373,52.50424323459028],[13.189591322701425,52.5043383754916],[13.189592633487504,52.50433925534014],[13.189593558414739,52.504339874734086],[13.18971015826645,52.504417775158686],[13.189720158510847,52.50442429194723],[13.18996563890401,52.50458033251308],[13.190182891055466,52.5047315436618],[13.190211032573842,52.504777153207286],[13.190238227980812,52.50480047484974],[13.19034094821651,52.50489779843051],[13.190340716517236,52.504897706364765],[13.19016220462812,52.504850209638256],[13.189948783149923,52.50481762690022],[13.189876044612094,52.504795016869764],[13.189591719430261,52.504797844600965],[13.189530119885578,52.504807844526724],[13.189468631085624,52.504831586871504],[13.189378390436797,52.504846042865104],[13.189168401617541,52.5049089850627],[13.18906630190089,52.50495698475697],[13.189020540247888,52.504980868746536],[13.188955540297707,52.505018468525755],[13.188876408016064,52.50509223508153],[13.188768021298367,52.505129281813616],[13.188611830611206,52.50530362906406],[13.188559128843234,52.50544722879368],[13.188551657488633,52.50558015010084],[13.188560045128847,52.50561361999473],[13.188555993775513,52.50562014922351],[13.18853652967246,52.50565434910932],[13.188460448637029,52.50572161950059],[13.188433200959578,52.50574081206848],[13.188381385915187,52.50577497074007],[13.188348306074795,52.505798772273835],[13.188251905774553,52.50587457189435],[13.188200858433039,52.505922017254946],[13.188095357494142,52.506039316788886],[13.188033142837034,52.506144839721834],[13.188025955940438,52.50616779690327],[13.188005497365575,52.50623306202016],[13.187989525646525,52.50628386993465],[13.18798131446423,52.50631000442863],[13.18797144942612,52.50636051124176],[13.18796784881509,52.50640641121845],[13.187967437868354,52.506434340813904],[13.187970337076798,52.50649354082108],[13.187971314450369,52.50650611746235],[13.187981613162497,52.50660281750156],[13.187984241548943,52.5066206342973],[13.187989941151562,52.50665083432173],[13.18800973782273,52.50671057386282],[13.188084035984188,52.50686567419906],[13.188084262604928,52.50686614607858],[13.188090762445109,52.50687964610799],[13.1880944531283,52.5068870184055],[13.188115294065433,52.50692710578898],[13.18819241934211,52.50707579427516],[13.18828119990757,52.507249766989716],[13.188286162621008,52.50726171981599],[13.188335385398034,52.50743233557959],[13.188342812062427,52.50745410994465],[13.188381958449023,52.50755338358924],[13.188379492192878,52.50763490908697],[13.18838784824706,52.507655401969835],[13.188396304405593,52.50767619483749],[13.18845045150384,52.50773523789044],[13.188572707329264,52.5080706563847],[13.188573051412728,52.50807159447811],[13.188618449878135,52.50819459468338],[13.188618670122077,52.508195189048635],[13.188712566976701,52.508447589473306],[13.188737019583412,52.508496742389525],[13.188783718781272,52.50857104259801],[13.188795145910943,52.50858792749366],[13.188863801211202,52.50868248930621],[13.188896442232242,52.508769701670474],[13.188953797285658,52.50892727091776],[13.188956212270114,52.50899746693873],[13.188909075386025,52.50909492384574],[13.188851829459676,52.50916381885939],[13.188767911343893,52.50921372334808],[13.188748918328637,52.509238210455514],[13.188690318182969,52.50926120615701],[13.188626118189644,52.50930060593182],[13.188587842789046,52.50932649322392],[13.188446442453527,52.509431992679325],[13.188326729660554,52.50958336823371],[13.188292927646623,52.50967842700983],[13.188270360156421,52.509733722833005],[13.188251551055865,52.509752091085545],[13.188171687811002,52.50987776708115],[13.188112885336023,52.51007346677267],[13.188123010307379,52.51014590049869],[13.188116209050031,52.510156052409435],[13.188096808128359,52.51022815230641],[13.188091232709814,52.51031750695324],[13.188099131973685,52.51037300698553],[13.188105622971408,52.51040345660142],[13.188123822150153,52.510467356682724],[13.188137646358927,52.51050425721022],[13.188178245320684,52.510591257394054],[13.188245043492001,52.510671833819906],[13.188260635258528,52.51071287945238],[13.188382408272698,52.510862170470084],[13.188821807194095,52.51118317212898],[13.188849101214164,52.5112017602743],[13.189212600978351,52.51143266156928],[13.189253778924927,52.51145641813405],[13.18953217933512,52.51160221903493],[13.189540344028318,52.51160641715804],[13.189748944410166,52.51171171781943],[13.18978713157353,52.51172944732594],[13.190094032582863,52.51186024820461],[13.190154034637333,52.51188269286255],[13.190396035856393,52.51196149343731],[13.190472997348095,52.51198238971898],[13.190745699145179,52.51204259019423],[13.190799127550076,52.51205266320822],[13.191218230618114,52.512118563753376],[13.191322519594971,52.51212899180497],[13.19150492106913,52.512137091883766],[13.191559939744662,52.51213796291647],[13.191732732259768,52.51213577268294],[13.19174001483477,52.51219972214919],[13.191853786057871,52.512388334352515],[13.19194368567644,52.51246263470698],[13.192236584809184,52.51259121935545],[13.192397799701203,52.51262300527868],[13.192485366920252,52.512716587187604],[13.192572301840904,52.51283303399626],[13.192692170708982,52.51291356443477],[13.192070624837191,52.513039877036725],[13.19077824592996,52.51329415118442],[13.190771712382116,52.513295448692446],[13.190640424792887,52.51332176445454],[13.190504045652542,52.513348495909725],[13.190493528057747,52.513350588751635],[13.190434027090518,52.51336260617829],[13.187638567887895,52.51392271700326],[13.187632342547769,52.513923975277066],[13.186974652268749,52.51405807317282],[13.186970521114405,52.51405892034692],[13.18551681121331,52.514358739606244],[13.185431181233609,52.51437636343398],[13.185431125977958,52.5143763858668],[13.185431059740505,52.51437638844311],[13.185367007011626,52.51438957578226],[13.185348064719484,52.514391902023604],[13.185189276318697,52.5144181259748],[13.185129477194971,52.514430625778914],[13.184994759168564,52.51446424036335],[13.184928659980763,52.51448354007066],[13.184823411624624,52.51453852688508],[13.1846959862652,52.514571738681305],[13.18468649357517,52.5145762850251],[13.184607996603575,52.51458812781131],[13.184564192450809,52.5145961751631],[13.18444892903744,52.514616204836074],[13.18440821315105,52.51463107052088],[13.184360953116691,52.51463366012267],[13.184056457464417,52.51470175906],[13.184012758458971,52.51472051811293],[13.183960121843775,52.51472612527229],[13.183794084448179,52.51477315474493],[13.183754592749521,52.51478394799887],[13.183540254956368,52.514858807161396],[13.183223147773635,52.514996540780146],[13.18298454405388,52.51504266049763],[13.182965401596478,52.51504646407535],[13.18266070609847,52.51510866309943],[13.180334180760589,52.51558442738149],[13.180219328718506,52.5156066597637],[13.180213213539977,52.515609046004066],[13.180205966065406,52.51560929682124],[13.179478667783854,52.51575557623874],[13.179262861980124,52.51579895726658],[13.179144762676804,52.51582271743714],[13.179136730256554,52.515824351848664],[13.17900503219723,52.51585145142366],[13.178838236931439,52.51588579158181],[13.178834149289301,52.51588663794065],[13.178796070316778,52.515894566973444],[13.178698124706749,52.51591486940881],[13.17856339777712,52.515941513491995],[13.17852939763165,52.51594856767185],[13.178419404313713,52.51597246720366],[13.178221696643146,52.51601331585817],[13.178157980044457,52.51602569364731],[13.178001667638698,52.516055692976416],[13.177991889825327,52.51605948771675],[13.177980322624014,52.5160599180491],[13.17761022809387,52.516135416864586],[13.177485293658687,52.5161609269877],[13.17723134329465,52.516210153351736],[13.177208965011888,52.51621463294126],[13.176927335628932,52.51627280294698],[13.17652892485185,52.5163526033938],[13.176524213840922,52.51635355329573],[13.175898523104278,52.51648055130278],[13.175372689005815,52.516587500360146],[13.175281555995968,52.51660604775016],[13.175277179469083,52.516606943931365],[13.174695688034666,52.5167267420528],[13.17468955598168,52.51672801613921],[13.173237277247662,52.51703231137187],[13.173235115824001,52.51703276558319],[13.172817121931859,52.51712086420342],[13.172810811462638,52.517122205724654],[13.171643001905455,52.517372592604936],[13.17134639546787,52.51743441011272],[13.17129945925201,52.517453623262334],[13.171243618036582,52.5174589659742],[13.171060238451128,52.517508570615256],[13.170807113077785,52.517565321942534],[13.170734568768625,52.517581564671424],[13.170733157017473,52.51758188135003],[13.169758668664631,52.51780087505131],[13.169697488094952,52.51781420691877],[13.169687557950644,52.517816399636764],[13.16950709183489,52.517856774725935],[13.169335336160087,52.517894367589776],[13.16930074611006,52.51790229165079],[13.169266436612558,52.51791050570111],[13.169035771917544,52.51796023273019],[13.168700593733623,52.518020932771755],[13.16852332284465,52.518052991324105],[13.168500002337742,52.51806171342802],[13.168472712500982,52.5180628610203],[13.168052596210865,52.518150822467014],[13.167511581723268,52.51826398354914],[13.164545695742138,52.518884721828954],[13.163933529603158,52.51901281461375],[13.163315826757172,52.51914212425994],[13.163218498483591,52.519162111295735],[13.16321728676493,52.51916236055012],[13.163006095251058,52.51920587634117],[13.162780804054826,52.519252192254356],[13.162779153103134,52.519252532439424],[13.16249105734392,52.51931203150667],[13.162438207808073,52.519322965761816],[13.162274177700866,52.51935693405812],[13.162268404812503,52.519359287173614],[13.16226148186824,52.5193596095745],[13.162088058623603,52.51939679273821],[13.161928440072431,52.519430484493014],[13.161862355950866,52.51944445419771],[13.161513128708831,52.5195178077873],[13.161493562612677,52.519522028448755],[13.160910554045419,52.519651113890724],[13.15907709596164,52.52004145032598],[13.159072960421874,52.52004233568138],[13.158800764368767,52.520100934764955],[13.15859875053358,52.52014453168912],[13.15859442075433,52.52014547156178],[13.158538576446634,52.52015766422219],[13.158453180688996,52.52017589581702],[13.158016425199595,52.52026871623697],[13.157197764839,52.5204427288778],[13.155683751580662,52.52076461874735],[13.155338834753014,52.520837520007255],[13.155199265910843,52.520865750525616],[13.155142350084352,52.520877114740905],[13.15508891529073,52.520887729726354],[13.154975301276895,52.520909648503256],[13.154970256902017,52.52091161260939],[13.154964281112514,52.52091180876094],[13.154853383365852,52.520933893104626],[13.153916615018124,52.521114507142855],[13.153896285239787,52.521118543465846],[13.152963899017006,52.521309040478336],[13.152956049728035,52.52131064619972],[13.152895971420278,52.52130908032326],[13.152458970038209,52.521345082777614],[13.15239577098445,52.521357482582815],[13.152382842106,52.52136006660151],[13.15183995013836,52.521470564868316],[13.151815381318583,52.521475738864154],[13.150568987484137,52.52174707189325],[13.150466718054165,52.52176930029471],[13.149289704820234,52.522015637738974],[13.149286317457056,52.522016349965],[13.147832938683644,52.52232334515912],[13.147825749858203,52.52232487853446],[13.146858163887993,52.52253327527584],[13.146824975398436,52.522540746335004],[13.146283582968035,52.52266794435836],[13.146222617606316,52.522683405168934],[13.145474827247497,52.52288730204854],[13.145455741831567,52.52289262334903],[13.145039580390794,52.523011234940356],[13.144517447051589,52.52312528855607],[13.144388212951043,52.523152877825304],[13.144387962015712,52.523152982195846],[13.144387659154612,52.5231529961398],[13.143493372158224,52.52334419314895],[13.143230929517722,52.523400323588554],[13.143169425409097,52.52341348864227],[13.1431630536436,52.523414864318205],[13.143103354505623,52.523427864115085],[13.143101035033634,52.523428370760634],[13.143026714339323,52.52344465502201],[13.142885121447192,52.52347498952923],[13.14052617794817,52.52397182416183],[13.14052347377791,52.52397293874948],[13.140520219424522,52.52397308930995],[13.139144299354975,52.524267594332045],[13.13782498879313,52.52454361752044],[13.137817517452005,52.52454519669885],[13.137499522078496,52.524613095636724],[13.137347228785277,52.52464564529716],[13.137289002104627,52.52465792372704],[13.137286670623356,52.5246584169413],[13.13722527245765,52.52467144676348],[13.136992277169128,52.5247206766821],[13.136811936564444,52.52475878522207],[13.13679450405261,52.52476255709781],[13.136030378711991,52.52493177228093],[13.135354046840323,52.52507165206198],[13.13534558038555,52.52507342367065],[13.134395639822813,52.52527451087702],[13.134084367581174,52.52534038377088],[13.133787959014722,52.525403083608985],[13.132778985099728,52.52561440093511],[13.132777357309834,52.525615069376194],[13.13277540005042,52.52561515546337],[13.132726700761483,52.525625455302176],[13.132678000583022,52.52563575532911],[13.132675203976042,52.52563634906672],[13.1325841768938,52.525655748260185],[13.132456114443253,52.52568297019482],[13.132332980238395,52.52570909256494],[13.132326265769047,52.52571053005771],[13.131839780163629,52.52581562751044],[13.131014607726826,52.525990338086714],[13.128744474417712,52.52647116580936],[13.128743470607002,52.526471581099955],[13.128742260996791,52.52647163601428],[13.128291829120558,52.52656761008169],[13.128142832682236,52.52648507082907],[13.127654357400152,52.52642039343168],[13.127311969553858,52.52629853047165],[13.127271155173664,52.52628461984131],[13.126786260354034,52.52612652229377],[13.125897731455867,52.52605821799234],[13.125684834856902,52.52609001749145],[13.125057836562338,52.5263168786466],[13.124744121025243,52.526718248450635],[13.12472511892018,52.526795148233425],[13.124712900861613,52.52694961073891],[13.124745267400147,52.52732052307221],[13.124076676994044,52.52746177384843],[13.12407348765955,52.52746309110491],[13.12406964742429,52.52746327322388],[13.122909564251797,52.52771306931901],[13.122898347149794,52.52771776156894],[13.122884811260038,52.52771857836698],[13.12284261185606,52.527728278216024],[13.1224819440042,52.527811216686914],[13.122465696433228,52.527818326380256],[13.122445867569189,52.527819904063215],[13.122167011300656,52.52789011595463],[13.12210225307026,52.52790633004797],[13.122062999559084,52.52791663892329],[13.122037922235613,52.527923536405844],[13.121936755494364,52.52794785458679],[13.121804669800133,52.52797674828484],[13.121794292882695,52.52798113566817],[13.121781732080647,52.5279819205512],[13.121763054128643,52.52798625912742],[13.12169509003073,52.52799949282115],[13.121250969084258,52.52808522408306],[13.121053351295695,52.52812031069396],[13.120577764393119,52.528184398718984],[13.120482584922529,52.52819265277673],[13.120131987000349,52.52820839289774],[13.119306793174088,52.52822817967588],[13.119260905878006,52.528229281778195],[13.11924343129625,52.528229776022705],[13.11917053149095,52.528232149076466],[13.11903873392827,52.528235936940504],[13.118420973599289,52.528356160866046],[13.11798453437672,52.528648657847434],[13.11784636042449,52.52903505596109],[13.118043482527701,52.5294118212157],[13.118523088537728,52.52967799833034],[13.119156667784738,52.529762262955565],[13.119292370136076,52.529758362910364],[13.119300169357349,52.52975812389826],[13.119368235922709,52.52975590820352],[13.119405252255612,52.52975501916969],[13.120251822881372,52.52973472001332],[13.12029456611673,52.52973324847944],[13.120708873266931,52.52971464822635],[13.12079325724465,52.5297091015101],[13.12097776036539,52.529693101266105],[13.121022781498224,52.52968139381805],[13.121071676375655,52.52968271685975],[13.12163418550973,52.52960691566865],[13.121671743078291,52.529595012286556],[13.121714059657997,52.52959445752232],[13.121965263527485,52.529549856820005],[13.12199312358222,52.52954469535341],[13.12245263049908,52.52945599395966],[13.122455612829269,52.529455415755066],[13.12255781436364,52.529435515442465],[13.122622681423215,52.5294216780052],[13.122662054346018,52.52941253231511],[13.122800945933072,52.52938214973544],[13.122817429988368,52.52937518026312],[13.122837358455763,52.52937379302611],[13.122975060361057,52.529340692512854],[13.122983682061644,52.52933859750218],[13.122995082217708,52.529335797458856],[13.123016128906494,52.529326147387955],[13.123042115867436,52.52932355912324],[13.123073533446329,52.52931491772834],[13.123119662866285,52.52930336784652],[13.123121943752077,52.52930279515689],[13.123384019100104,52.52923680822794],[13.123726288755604,52.52915810030142],[13.123756073498699,52.529151254037444],[13.124900254737641,52.52890488143299],[13.125727448331471,52.52873012202569],[13.125730168673956,52.528729545156],[13.126510080035928,52.52856354255916],[13.127471904857646,52.52835837053166],[13.128274229393103,52.528190256667486],[13.12828469414837,52.52818803229466],[13.128344116898399,52.528175221405604],[13.128517271268974,52.52813806758146],[13.128697602665115,52.52809972234628],[13.12876942980507,52.528084431450736],[13.12956744587611,52.52791439833226],[13.131836288650517,52.52743384292059],[13.13266511758441,52.52725835778188],[13.132672540559174,52.527256770162886],[13.133159393675143,52.52715159309274],[13.133279534796904,52.527126105635254],[13.133409164634353,52.52709855061939],[13.133500211539422,52.52707914741812],[13.13354751332942,52.527069143127264],[13.13359442150799,52.52705922208569],[13.134603442808043,52.52684789439101],[13.134607063554618,52.526847132272465],[13.134905367909875,52.5267840312849],[13.135216927797767,52.526718097386464],[13.13616280466413,52.526517870001605],[13.136847576262836,52.52637624437578],[13.136872798502086,52.52637084408828],[13.137640815967007,52.5262007666544],[13.137812357636612,52.526164517370546],[13.13804613943617,52.5261151211644],[13.138047741707002,52.52611478187436],[13.138108777233896,52.52610182898384],[13.13816831195188,52.52608927469713],[13.138173253370999,52.5260882256299],[13.138327473421162,52.52605526405463],[13.13864156415714,52.52598819870106],[13.139961343691008,52.525712076786455],[13.139969673844217,52.52571031389838],[13.141346817168124,52.525415546448315],[13.143705969745687,52.52491866667662],[13.143708800911423,52.524917499659914],[13.143712208126475,52.52491734144428],[13.14386111028999,52.524885440945305],[13.143864901280839,52.52488386044944],[13.143869477416201,52.52488362803687],[13.143946819181389,52.5248666817956],[13.144002176938553,52.524854627328935],[13.14406003631896,52.52484224238155],[13.144322114364703,52.52478618979053],[13.145216077284621,52.52459506164802],[13.145349302291649,52.52456662032301],[13.145357819577768,52.52456478095896],[13.14592052804203,52.52444186381391],[13.146404532699478,52.524346583399144],[13.146404683378904,52.52434652397071],[13.146404862585081,52.524346518426796],[13.146730167449526,52.524282417420004],[13.146757672992093,52.524276782015676],[13.148068892091489,52.5239977776498],[13.149202091164272,52.52375657758946],[13.152851920112266,52.522980087608],[13.153303007734381,52.52288557674779],[13.153517788576448,52.52282626492342],[13.153648585368364,52.52278065081922],[13.153759743949948,52.5227579112017],[13.154681790640524,52.52256952637807],[13.155614011393109,52.52238978882528],[13.155625229713749,52.52238759035888],[13.155736229384905,52.5223654856888],[13.155849412741754,52.522343649960156],[13.155859567569845,52.52234166180073],[13.155918968455714,52.52232986161543],[13.155920756066081,52.52232950559452],[13.155980856960927,52.5223175054061],[13.155985433630685,52.52231658564392],[13.156135235851648,52.522286285168484],[13.156151084667094,52.52228300757352],[13.156504989834295,52.52220820640246],[13.156507132776449,52.52220775214123],[13.158022101628987,52.52188565841532],[13.15884062417011,52.52171167469163],[13.159278194427495,52.52161868091202],[13.15927987033537,52.52161832392647],[13.159370271650339,52.521599023624475],[13.159378591921326,52.521597227180074],[13.15943642924976,52.52158459934882],[13.159634907468694,52.52154176511226],[13.159904586406668,52.52148370778989],[13.161743344111578,52.52109224214095],[13.161749964309324,52.52108949355767],[13.16175794261386,52.52108907209259],[13.162338496413348,52.520960529893586],[13.162679089543769,52.52088898969276],[13.162681424081594,52.52088849775728],[13.162747849093334,52.520874455873454],[13.162910075478772,52.520840213590915],[13.16291268598206,52.5208391359771],[13.16291582891685,52.52083898959949],[13.163085795135562,52.52080254757298],[13.163242971459237,52.52076999849929],[13.16329468078769,52.52075930000725],[13.163581634539508,52.52070003668083],[13.163806512169726,52.520653805701485],[13.164018320379938,52.52061016294841],[13.164118515888427,52.52058958706556],[13.164121670724189,52.52058830818128],[13.164125449709392,52.520588149370255],[13.164746371112308,52.52045816569196],[13.165358492451329,52.520330082021225],[13.16832415864988,52.51970938846854],[13.168865239287305,52.51959621331988],[13.16926076623193,52.51951340016263],[13.169412791448245,52.519485907120476],[13.169779349841287,52.519419524134825],[13.16984022577715,52.51940745870709],[13.170121329850556,52.51934685775929],[13.170161567682195,52.51933770683446],[13.170198668741968,52.51932882443323],[13.17035717994065,52.51929413033894],[13.17036092012106,52.51929254825979],[13.170365453217606,52.519292299480696],[13.170545098216559,52.519252107999726],[13.170607126391001,52.519238591394604],[13.170618742863402,52.51923602054725],[13.171598351095438,52.5190158757139],[13.171670446083002,52.51899973354524],[13.171962659492364,52.51893421842713],[13.172038294993937,52.518915532829865],[13.17220849555044,52.51886949301999],[13.172458022001628,52.51881748755245],[13.172468384849676,52.51881529679244],[13.173638249489144,52.51856446877441],[13.174052016934375,52.518477260755084],[13.175500193702353,52.51817382439906],[13.176076446475685,52.51805510531147],[13.17616504096028,52.51803707451361],[13.176689660627597,52.517930372113426],[13.177312644888453,52.51780392322837],[13.177714193775584,52.51772349407761],[13.17772514370849,52.51772126666033],[13.178001092987023,52.51766426978343],[13.178252972938203,52.517615444658745],[13.178271219243193,52.51761181358713],[13.178404752951254,52.517584547517224],[13.178764048392194,52.51751125158845],[13.178911746925252,52.51748290537856],[13.17891591516562,52.51748210052897],[13.178992616317188,52.517467200294696],[13.179014350435644,52.51746284437011],[13.179232153640655,52.517417843664504],[13.179250614133673,52.51741393128156],[13.179352898193274,52.51739170679165],[13.179478916847623,52.51736678483296],[13.179486546506116,52.517363766640145],[13.179495620252434,52.5173634021843],[13.17960272182666,52.51734120183626],[13.179604363171267,52.517340860838964],[13.179641221056288,52.51733318605357],[13.179805679544117,52.51729932691933],[13.179933270849741,52.51727307234595],[13.1800469012217,52.5172502112052],[13.18026265388549,52.517206840785605],[13.180983577181252,52.51706184333907],[13.18110138541829,52.51703903867248],[13.181120627444539,52.517035209218975],[13.183455834349688,52.51655766871941],[13.18375066477,52.51649748340724],[13.184065327264198,52.5164366620509],[13.18420547705694,52.51642493541837],[13.18441678397596,52.516395713784384],[13.184788389547426,52.51632321264454],[13.184805410878337,52.51631980966583],[13.184967515740185,52.516286615792296],[13.185293542291484,52.51622041298857],[13.18539254521837,52.51620097102337],[13.18540468160235,52.51619854597135],[13.185458768786699,52.51618755183357],[13.185524055566862,52.51617435660519],[13.185526014222,52.51617395964425],[13.185748638487535,52.516128715795375],[13.18576988913023,52.516130247158166],[13.185974111050536,52.51613472174931],[13.186088613033712,52.51613152171212],[13.186227555037426,52.51610459590465],[13.186373322787656,52.516103278187494],[13.186439723815974,52.51609177800611],[13.186490632694753,52.51608224289084],[13.186905838855207,52.515998541576685],[13.186905883731406,52.515998523602875],[13.186905937326337,52.51599852172295],[13.1872575425426,52.51592762060977],[13.187257602650687,52.51592759653065],[13.187257674440419,52.51592759400742],[13.187419776844987,52.515894893494014],[13.187425279534088,52.515893774815204],[13.187564501315098,52.51586525268563],[13.18791118454702,52.515797652317154],[13.187915612557019,52.515795916384036],[13.18792086787075,52.515795737636246],[13.188634178473253,52.51565273539042],[13.18939821995016,52.5154995469958],[13.1895997300939,52.5154591649687],[13.191278769611655,52.515122576815415],[13.191431884329967,52.51509191389425],[13.191566459646928,52.515064960307335],[13.191694978091604,52.51503998659719],[13.191698367773734,52.51503932467364],[13.19176140343776,52.5150269550287],[13.191875839649109,52.51500458477063],[13.191877414361391,52.5150042762416],[13.191891720940133,52.5150014668328],[13.19188751050358,52.51500465087573],[13.191839602821966,52.515046685219545],[13.191801602539694,52.515085685055375],[13.191731556527923,52.5151951620508],[13.191710455769643,52.515256161941835],[13.191704657992911,52.51538526838599],[13.191718857265174,52.515441368448876],[13.191755243675606,52.51552175264763],[13.19176497796752,52.51553637960362],[13.191748674595425,52.5155369471772],[13.191588675890102,52.51554554711938],[13.191478661518856,52.51555796409429],[13.191411462007961,52.51556966400746],[13.191404040611928,52.51557098830363],[13.1913575409462,52.5155794882406],[13.191226073596741,52.515614653547935],[13.191161673897867,52.51563795338811],[13.190994639213507,52.515728402846804],[13.19093693902376,52.515774302618546],[13.190885886397115,52.515822422365076],[13.190826385847563,52.515889722100994],[13.190792792338657,52.515934938675834],[13.190747991555758,52.51600833846103],[13.190724603426885,52.516056844411835],[13.190705602772926,52.516109744314114],[13.190702525676992,52.51625452688823],[13.190732124480006,52.51634852702128],[13.190790724932453,52.51644972031871],[13.190887723971663,52.516560820733694],[13.19096654711522,52.516630074343425],[13.19099088009689,52.51664684840863],[13.1910034195981,52.51666883543191],[13.191026600786369,52.51674997331419],[13.191040838577553,52.5168319167131],[13.191040448249701,52.51684122839602],[13.191109284931086,52.51701926210809],[13.19131280443453,52.517153593076884],[13.19159832881192,52.517209451151466],[13.19171051489288,52.517213089894746],[13.19200033522353,52.51717715941331],[13.192225056187649,52.51705987074998],[13.192328092470918,52.516890757829394],[13.192353082671223,52.516742182728414],[13.192402031609218,52.51672576597174],[13.192543789663826,52.51665935442004],[13.19254435315457,52.516658995400945],[13.19257654243321,52.51664617757464],[13.192635919991089,52.51661914022783],[13.192787620277832,52.516540539744504],[13.192818546366343,52.51652332585782],[13.193085246473776,52.51636392493524],[13.193093613704534,52.51635882258165],[13.1932186861381,52.516281006344265],[13.193426468759482,52.516188173282806],[13.193493939926594,52.51616630869666],[13.193543822553178,52.516151096239504],[13.193812776858811,52.51598359882784],[13.193857243910411,52.51592641295704],[13.193886244742838,52.51592463147431],[13.194080850498969,52.515891436654165],[13.194155450931518,52.51586973649918],[13.194263298131414,52.51582915937091],[13.194307198250234,52.515808359238726],[13.194345508044346,52.51578855543468],[13.194454508158538,52.51572715506982],[13.194528903207152,52.515676489992224],[13.19462410283961,52.515597789609906],[13.194724506696765,52.51546420734908],[13.194755705671085,52.515380707189344],[13.194770296562988,52.51529274405912],[13.194767195433492,52.515208344064305],[13.194732047375796,52.51509384380673],[13.194710219575738,52.51505711749543],[13.194894246692185,52.51498928321835],[13.194991510857951,52.514955618368155],[13.19502672908261,52.514942411711864],[13.195148141676526,52.514893221912004],[13.195273130378434,52.51484390983218],[13.195337359196696,52.51481460423735],[13.19546925943007,52.514745403813926],[13.195579961233804,52.51466795745602],[13.19558759891655,52.51466074768339],[13.195644639365389,52.51464224041312],[13.195753639847029,52.51460114013389],[13.195847400603322,52.51455729388837],[13.195921000666555,52.51451509363953],[13.19603280868165,52.51442744462786],[13.196127507856893,52.514323244210665],[13.196143054282658,52.51430491662223],[13.196212053488246,52.514217516307504],[13.196226133632237,52.51419825577355],[13.196286332727299,52.514108955489945],[13.196310210354003,52.51401327589678],[13.196483017441242,52.51397960293482],[13.196487413270289,52.513977880346566],[13.196492629761153,52.51397770377761],[13.196892535706375,52.513897602519435],[13.196923052734034,52.51389122309144],[13.196962490033854,52.51388263107811],[13.197234105826746,52.51382549500064],[13.197240060029367,52.51382304256062],[13.197247220386597,52.513822686476345],[13.197414222795546,52.51378628590721],[13.197478153209111,52.51377113456122],[13.197588613599963,52.513742808124256],[13.197643069610992,52.5137531790552],[13.197873857705323,52.513759500005435],[13.197874161218671,52.5137596997929],[13.19786771551414,52.51378261821997],[13.197968909282244,52.513954757847685],[13.198000409112595,52.51398275797466],[13.198229572339294,52.51410074161484],[13.198239835797684,52.514127622839],[13.198286280901373,52.51420756131991],[13.198340707953976,52.51433294484042],[13.198346457079298,52.51434529382354],[13.198405650715461,52.51446431297469],[13.198465193270344,52.51462965338602],[13.198502905539987,52.51469940914037],[13.198533505125992,52.51474110927483],[13.198756714808471,52.5148981943529],[13.19877981490138,52.51490709441477],[13.19881500817093,52.514914075841986],[13.198860110086786,52.51495021344731],[13.199041400303564,52.51511792320955],[13.199062418766292,52.515146688499726],[13.199077105862903,52.51516532793674],[13.199114705467856,52.515209728098505],[13.199152166810242,52.51524795496878],[13.199290701364797,52.515371274824076],[13.199404029188456,52.5154731554543],[13.199468140426099,52.51553366877232],[13.199520824846296,52.515576130717406],[13.199608261005583,52.5156366976659],[13.199643467185147,52.51567531630694],[13.199675407596624,52.51570336861206],[13.199757085285878,52.51580512541138],[13.199891041877331,52.51602097717684],[13.19992870526181,52.51611785791325],[13.199947094360118,52.516240462745166],[13.199956278167898,52.51627879223369],[13.200009776118803,52.516440592474815],[13.20002793440432,52.51648237119888],[13.20014083202089,52.51669067170793],[13.200163533249482,52.51672613524479],[13.200227232404018,52.51681193552434],[13.200307784351539,52.51689114635971],[13.20037558416494,52.516941746617796],[13.200510296986009,52.51701549389132],[13.200582797262266,52.517044294089565],[13.200688505334178,52.51707754932786],[13.200762205800892,52.51709524946562],[13.20094411253146,52.51711964254037],[13.201049113383117,52.51712334257795],[13.201165875720644,52.51712037711732],[13.201332277044466,52.517105977013536],[13.201392654491578,52.51709877355853],[13.201674156597944,52.51705577323905],[13.201691019121379,52.51705303495988],[13.201899620643843,52.51701713469326],[13.201954515242495,52.51700588393636],[13.202101016198348,52.51697088368058],[13.202163760502769,52.51695324042626],[13.20224816094678,52.51692574023349],[13.202329221720472,52.51689387153814],[13.20243072200589,52.516846371235],[13.20254567844172,52.51677503381226],[13.202618978162207,52.51671463351828],[13.202654658481116,52.51668156984879],[13.202712938220122,52.51662048834853],[13.20273783723695,52.516596742303925],[13.202822984117482,52.51653109227802],[13.202931918460887,52.51639675909396],[13.202953573436726,52.51634490124918],[13.203132616329961,52.51609674182994],[13.203172327876935,52.51601858898681],[13.203206826470835,52.51590708880651],[13.203199015547739,52.51575213150362],[13.203169914689793,52.515682031635514],[13.203151445134642,52.515659930319124],[13.203184323108198,52.51564760101761],[13.20330261359085,52.51558916680325],[13.203420738908207,52.51551344502705],[13.20346949091169,52.51563954068678],[13.203473045476642,52.515648246799515],[13.203806500863019,52.51642357646277],[13.203979138286757,52.516853793343884],[13.204145718531175,52.517028993093646],[13.204203104301307,52.51706224372551],[13.204296935372643,52.51727961483185],[13.204334195789984,52.517368939805856],[13.204531447112542,52.517558189747774],[13.204874181349542,52.51763930983859],[13.205725352183588,52.51766681882674],[13.20599833236332,52.517635669640256],[13.20621762402859,52.51753171904251],[13.206334537609122,52.51737804752695],[13.20632311570533,52.517208775023065],[13.2060661264831,52.51666146017583],[13.205938332995355,52.51628785730232],[13.205935431317153,52.51627983380631],[13.205849467505896,52.51605440708898],[13.205981737808495,52.516051143325825],[13.206170539144134,52.516014643055534],[13.206325233965867,52.51596001320948],[13.206388932908512,52.51598842856105],[13.206743071267848,52.51605772100447],[13.206995683994114,52.516056080789085],[13.20709149663458,52.5160761519911],[13.207321632395786,52.51609486410683],[13.207545757219208,52.51605789980313],[13.207710558142075,52.516007799447685],[13.20790008375551,52.515916443155625],[13.208013618216953,52.515786377663346],[13.208048611844044,52.515712949856436],[13.208310829139698,52.515791822213416],[13.208520830826446,52.515804022326996],[13.20879120365728,52.51578098133771],[13.209015549566187,52.51568608450878],[13.209085492063329,52.515638482259206],[13.20922436205831,52.51560833827598],[13.209261441940859,52.515599416638494],[13.20946759625506,52.51554483053243],[13.209530752056372,52.515572791404246],[13.20975415572138,52.51563345726792],[13.209894256782542,52.51565165742177],[13.210172618876834,52.51564678091017],[13.210416235235575,52.51556447813577],[13.210570712940884,52.51542312516722],[13.210650711498747,52.51528922478247],[13.210653099422732,52.51504705069675],[13.210603541441714,52.514960892580255],[13.210681792325168,52.51486809324412],[13.210678187662815,52.5147943852538],[13.210764496276106,52.51480913044261],[13.21130663529229,52.514931095071574],[13.211634376434283,52.51500644481806],[13.21258077543425,52.51522379084098],[13.212771360439081,52.51524669153634],[13.213423165749912,52.515258191676814],[13.21365096215567,52.51523456414137],[13.21384635965218,52.515159322809694],[13.21398472654998,52.51507903529043],[13.213408451808554,52.51561145552637],[13.212908169412737,52.51604772134599],[13.212284670378848,52.5164527779802],[13.212264487794114,52.516466584652655],[13.212084655281505,52.51659616818542],[13.212043182911787,52.51659826812672],[13.211793126785823,52.51670359311846],[13.211774826752611,52.51671669304921],[13.211722794396051,52.516778398178474],[13.211575048504757,52.516834575312636],[13.211266509863888,52.51690886969112],[13.211080066144035,52.516929347896955],[13.210748913320959,52.51704100243047],[13.210647913225571,52.517108602060276],[13.210596163546295,52.51714859801535],[13.210457331527643,52.517273120507575],[13.210356674252186,52.51745072439925],[13.210416643645777,52.51763504843071],[13.210620859092085,52.51777573920199],[13.210913533740626,52.51783436259714],[13.211107790238794,52.51784063135049],[13.211411947833156,52.51780022907514],[13.211610718196367,52.51768751554709],[13.211609114472529,52.517688569711936],[13.211731053440051,52.51767326762394],[13.2118476482048,52.51765073230756],[13.212072798531079,52.517590909094885],[13.212170336394234,52.517600073123916],[13.2121955204277,52.5176870996632],[13.212399942279701,52.517831590709655],[13.212696787919688,52.51789189705957],[13.214059540602625,52.517935846362455],[13.21449716135151,52.51794995645577],[13.214497590165895,52.51794997028114],[13.21530307497503,52.517975937065906],[13.216046801534336,52.517999908028855],[13.21634356192468,52.5180094715668],[13.219813497403644,52.51812123981548],[13.219938657386484,52.518105093375944],[13.220000022548497,52.51811730313578],[13.220000012976893,52.52200041835593],[13.187000000000001,52.52199999999999],[13.187,52.55299999999999],[13.223,52.553],[13.223000064773311,52.53801253125113],[13.223088581125245,52.53802472960723],[13.223088852684151,52.538023996963226],[13.223093343216815,52.538025434478854],[13.223336848832629,52.53805889409156],[13.227869722952855,52.5386830641574],[13.227869791477389,52.53868306249664],[13.227869852186602,52.538683081945585],[13.228359387704783,52.538750445678325],[13.228519021205074,52.53877245753823],[13.228668319866824,52.53879412688223],[13.229183662146552,52.5388690450851],[13.229441842466246,52.53890988028106],[13.229612341064339,52.53893727580261],[13.229777778855048,52.53899947900571],[13.229921898173309,52.53908177438007],[13.23028974378001,52.53933365739844],[13.230395691823349,52.53940622288853],[13.230432617905464,52.539430438027885],[13.230729617580895,52.53961694026609],[13.23078305809663,52.53964856146469],[13.230897858299155,52.53971256228122],[13.230919121415592,52.53971929340317],[13.230932756438015,52.53973130485462],[13.231010856702556,52.539771705388354],[13.231218675600841,52.5398589026242],[13.231324476701054,52.5398943031692],[13.231954507426364,52.539988346211885],[13.232577247712593,52.539877713972096],[13.233025828022763,52.539592051505196],[13.233180051856468,52.53920790425018],[13.233042066691167,52.538919159303546],[13.23314217139293,52.53888081276454],[13.233445288996409,52.53853116712909],[13.233421079254883,52.53813595339024],[13.233076037099737,52.53780106864007],[13.232502619857556,52.537616242835384],[13.232172773031714,52.53757031993858],[13.232112521818642,52.537561896676216],[13.232007799598222,52.53754729587227],[13.232001121771477,52.53754637652529],[13.231993835532922,52.53754538616472],[13.23169426981764,52.53750372216057],[13.231408569959367,52.53746395009717],[13.230907554562966,52.537394162013435],[13.230402695661871,52.537323853942326],[13.230396999023464,52.53732398342032],[13.23039193616908,52.53732238585999],[13.230177244775305,52.537293696219756],[13.229885529104875,52.537252175423745],[13.229883118291223,52.537251833812476],[13.229755520319983,52.53723383413277],[13.229755044853608,52.53723384412536],[13.229754624729923,52.537233708006326],[13.229362839915403,52.537178624305625],[13.22913631806925,52.53714674943482],[13.228970886424243,52.53712345910232],[13.228885324893508,52.5371114605481],[13.228884318383216,52.53711131676119],[13.228881963955747,52.53711136223998],[13.228879883640516,52.53711068840798],[13.228304238617207,52.53702979628693],[13.223970776570019,52.5364205308991],[13.223713703547554,52.5363843488393],[13.223713534007166,52.53638435245429],[13.223713384195834,52.53638430391818],[13.223537686990857,52.536359604358005],[13.223525757643637,52.536357964659295],[13.223385101092422,52.53633907053108],[13.22325044444348,52.53632097639012],[13.22317774285229,52.536311222487356],[13.223175931523754,52.536310980330285],[13.223118794007654,52.53630336859945],[13.223000064445698,52.53628746960996],[13.223000047982348,52.529597406450264],[13.22329847915627,52.52961583844386],[13.223338251340413,52.52961790502659],[13.223523154520828,52.52962570518888],[13.223551473285431,52.5296267034721],[13.223738576518564,52.52963200359194],[13.22376737258149,52.52963261697801],[13.224019476951302,52.529636217078675],[13.224044841266613,52.52963642259002],[13.224304445772706,52.52963692263846],[13.224359966985482,52.529636278905194],[13.224734073470962,52.52962687880049],[13.224791243854135,52.52962464267009],[13.225173250427002,52.52960434237936],[13.225219302285513,52.529601371074776],[13.225494506969849,52.52958047075852],[13.225536421590919,52.52957684792395],[13.225860227027418,52.5295454474372],[13.225901274488704,52.52954103871264],[13.226297381025306,52.52949433797967],[13.226382154931745,52.52948246740042],[13.228237370879524,52.52918096477952],[13.228445961069436,52.52914706637045],[13.228937915073168,52.5290670575937],[13.229060242147463,52.52904718568327],[13.229064646616319,52.52904564010744],[13.22906972802257,52.52904562038045],[13.229196362499769,52.52902439839097],[13.229317264984177,52.5290041982188],[13.229808340803293,52.52892221893378],[13.230312305399147,52.528838043926754],[13.231983615074293,52.52857134338877],[13.231983974659686,52.52857121848482],[13.231984388471115,52.52857121980631],[13.232029389180415,52.52856401969247],[13.232066329506088,52.52855773913061],[13.232136667202168,52.528545069605585],[13.232202195374432,52.52853399788239],[13.232239111957838,52.52852792715448],[13.232491525358288,52.528487486254754],[13.23274589650535,52.528452205789776],[13.232777486969374,52.52844756064416],[13.232931533745242,52.528423615550686],[13.233102080753621,52.52839717028704],[13.233109528774758,52.52839600052298],[13.233440233993475,52.528343399691245],[13.23351100289456,52.52833077562403],[13.233798416356223,52.52827385400162],[13.2340711326233,52.528229015267286],[13.236709234609993,52.52779563130799],[13.236712950478314,52.527795017085616],[13.237642565010816,52.52764041464132],[13.237654657263837,52.527638363798474],[13.238117364433025,52.527558362534265],[13.238122125557236,52.52755753312968],[13.238587632743576,52.52747583183896],[13.238617312243269,52.527470379329905],[13.238918916787377,52.52741247841747],[13.238929958152468,52.5274103244241],[13.239564167614125,52.527284622445826],[13.239594613715985,52.52727832326969],[13.240628628693422,52.527055319775904],[13.240639082270292,52.52705094206627],[13.240651702357288,52.527050187654744],[13.240800904465265,52.52701598712125],[13.240808843653193,52.52701414851593],[13.240857144329409,52.52700284833993],[13.240890572667352,52.52699468959178],[13.24096966786981,52.52697457599816],[13.241698124268186,52.52679668870806],[13.241709102840932,52.52679167574186],[13.241722682566527,52.52679050643301],[13.241856484343442,52.526755805898],[13.241864347661677,52.52675374722575],[13.242375554375984,52.52661864514719],[13.242386491631668,52.526615716754186],[13.242900098270498,52.52647641461774],[13.242925850486122,52.526469216130415],[13.243605558921843,52.52627351315299],[13.243620948649443,52.5262690035698],[13.24424645620903,52.52608250074712],[13.24461960029096,52.525971024742574],[13.244984257837013,52.52587125969507],[13.24546874090888,52.525750231856755],[13.245609622304194,52.525717851437044],[13.24613653810592,52.525487354556795],[13.246403900283026,52.52512704797855],[13.24638392253009,52.52500385931185],[13.281000000000002,52.525000000000006],[13.281000007935397,52.507763477592604],[13.281163043616301,52.50785918811711],[13.281437795455124,52.50790676598212],[13.28171694144324,52.50786992177932],[13.28191442201058,52.507767893090396],[13.282139672196033,52.50771526865461],[13.282300572769882,52.50764676820404],[13.282523770196825,52.50746307970061],[13.282652567475102,52.50722137907138],[13.282680103400079,52.5071344527614],[13.282696201473337,52.506989152665454],[13.282685647942925,52.50689302102104],[13.28258904429229,52.50660412145804],[13.28253600790543,52.50653752785849],[13.282533515154926,52.506466829432725],[13.282330539142624,52.50629401141014],[13.282003061712292,52.5062213753573],[13.281915262425441,52.506218775384475],[13.28163168301694,52.506253770477954],[13.281409585050305,52.50636691026875],[13.281353463084784,52.50645287645786],[13.281145684926642,52.50635644974387],[13.281000001675055,52.506343929102066],[13.281000000000002,52.50599999999999],[13.27473774240711,52.506001448732064],[13.27484849183184,52.50592228740469],[13.274916333547601,52.50595652813205],[13.275258199534468,52.50597733253888],[13.275342200184049,52.50596713246336],[13.27564025438993,52.50587091080816],[13.275803034424175,52.505690716356625],[13.275777232309219,52.505485561977785],[13.275678830624516,52.50532926241771],[13.275568561434241,52.50521889985969],[13.275335761068657,52.505059600716066],[13.275124787102756,52.504967564080594],[13.274869490836243,52.504939717209744],[13.27461933012835,52.50498145479033],[13.273843734220499,52.50523315302395],[13.273636542327393,52.50534541795513],[13.273536350734773,52.505503057421095],[13.273565317087542,52.50567121085648],[13.27367251504299,52.50585491133846],[13.273812559439804,52.505989514349274],[13.273844367900663,52.506001628390564],[13.258433087807134,52.50600366562588],[13.258235717525542,52.505256113883725],[13.257783420966485,52.50355153427179],[13.25775391222042,52.5034834602703],[13.25769401114862,52.503385360538665],[13.257542363485701,52.50324717069846],[13.257305031143238,52.50316541013891],[13.257032794842502,52.50315757260981],[13.25678390298039,52.50322533503851],[13.255707244379437,52.50372795127056],[13.254240195724437,52.50257607480931],[13.25517005292065,52.50213681233137],[13.255352853828594,52.50199136818383],[13.255394408150876,52.5018098319226],[13.255283917406102,52.501639385543605],[13.255239239428146,52.50160233816278],[13.256945767316056,52.50075372568206],[13.257122914379783,52.50060497082493],[13.25715637040332,52.50042221833272],[13.257037385603017,52.50025327279913],[13.256238597074228,52.49963098690847],[13.256167511017802,52.499575598233555],[13.255924335252207,52.49946391979394],[13.255622283749107,52.499441203982634],[13.255341957884944,52.49951351241738],[13.255285078502196,52.49954051635205],[13.252583407794335,52.49743019417624],[13.255586274963338,52.49601356743331],[13.255589418452889,52.496012073988034],[13.258435221212784,52.49465052409396],[13.259799830116476,52.49571232302661],[13.261513565386831,52.49706503614128],[13.261742740536308,52.49717430474989],[13.262029638529855,52.497203347065934],[13.262304342096668,52.49714508543725],[13.262964744714354,52.49687878365923],[13.26297109679356,52.49687618590411],[13.263104197294393,52.49682098553841],[13.263112083576722,52.496817657300035],[13.263214083934043,52.49677385701282],[13.263413901998463,52.496625173172546],[13.263459589981181,52.49643490431385],[13.263338080298478,52.49625747857089],[13.261991607609387,52.495212942754726],[13.261950051887641,52.49512325731992],[13.26185326660822,52.49500439948413],[13.261680286872563,52.494864617079955],[13.259986801218838,52.49349574063025],[13.25997540774536,52.49348682572156],[13.259505106359038,52.49313052752096],[13.259157442552214,52.493002999712445],[13.257877665183702,52.49285305076612],[13.258133391431693,52.49208643774851],[13.258169282807607,52.492023202638684],[13.258324003943633,52.491750486048595],[13.25857453822855,52.491363032235725],[13.258829162847972,52.49105969413526],[13.259397076170979,52.49049500667425],[13.25948267496681,52.49028174956962],[13.259480081530397,52.49027778953309],[13.259519141869212,52.49028000411294],[13.259802444576732,52.4901970194323],[13.260224145259802,52.48997241806697],[13.26039266987436,52.489820577456975],[13.260416577718312,52.48963775216224],[13.26028964944746,52.48947151485437],[13.260031046526207,52.48928181803101],[13.260090839003917,52.489257386026146],[13.26029740706393,52.489110038339795],[13.260348549062886,52.488918630647035],[13.260229387374581,52.48873885216533],[13.257036576008392,52.48621466456524],[13.256936622227881,52.48616954845997],[13.256959605011929,52.48603589846711],[13.256842340240619,52.4858691723611],[13.256203938028026,52.48536767483487],[13.256202415548549,52.48536648400348],[13.254973282514916,52.48440922389691],[13.251971187382669,52.482017947878646],[13.250675628126436,52.48085883730098],[13.250669073656347,52.48085309385467],[13.247322907181006,52.477980753514586],[13.242660964440773,52.473833247329914],[13.242613035029427,52.47379609857416],[13.241248233055398,52.47287060357196],[13.241234436315109,52.472861564793824],[13.241014294861717,52.47272222044583],[13.240871592989013,52.472593707009814],[13.240841215950594,52.47255868888254],[13.240821661098693,52.47252460834103],[13.240818126921454,52.4724747518904],[13.240688636525228,52.4722649164068],[13.238216229187424,52.470388225867794],[13.238214792151792,52.47038713934694],[13.236731887915901,52.46927034500502],[13.236605241671567,52.469214512605475],[13.23654255973392,52.46912772491131],[13.236102513823349,52.468796353981915],[13.235262571486665,52.468002847535885],[13.235557187939417,52.468002953636855],[13.237058118430193,52.46927536562454],[13.237068552235517,52.469283939079354],[13.237394651039706,52.46954374034854],[13.23740260413039,52.46954993485156],[13.237764103040897,52.46982523623646],[13.237995104422787,52.469931714178436],[13.238281274934735,52.46995810487701],[13.238371315836284,52.469938231981104],[13.239049417058428,52.47045802597931],[13.241067082011124,52.47209613351598],[13.241069814789913,52.47209833445805],[13.244660401470162,52.47496694844768],[13.244726896942575,52.47501170621188],[13.246549298093731,52.47604811236395],[13.246569623928005,52.47605914718426],[13.248962676145034,52.47729904336702],[13.24982527688669,52.47782660092504],[13.252492182020047,52.47983095768293],[13.253175126161075,52.48048537242654],[13.253750066296885,52.48109623622054],[13.254164326300875,52.48172252701537],[13.254155297498219,52.48172733724501],[13.25405503091904,52.481896967452236],[13.254102278772146,52.482074983542255],[13.255065265371332,52.48341248778538],[13.255070682531418,52.483419789459575],[13.25578053360477,52.48434886320127],[13.255778948775976,52.484352216130894],[13.25582578889428,52.48462183161639],[13.256165585580536,52.485008633068524],[13.256167897246167,52.485011238649406],[13.256474494372652,52.48535343995475],[13.256529535124482,52.485404148376816],[13.256670597241248,52.48551286655717],[13.256849336169179,52.48565870166063],[13.256851469270705,52.48565964773354],[13.25685275581488,52.48566146394791],[13.256998555271242,52.48577806451636],[13.257300567342714,52.485904845922825],[13.257666922454575,52.485898031957355],[13.257804223380964,52.48586773173455],[13.258053251922263,52.485762097763285],[13.258183181368912,52.485594828154575],[13.258159568303055,52.48541026675405],[13.258093506395562,52.48529564346286],[13.25800431997663,52.48511443197959],[13.257959236708642,52.48501883093799],[13.257897497961178,52.48468621755395],[13.257897033347028,52.48468378833404],[13.257895891894536,52.484677991508136],[13.25796578147722,52.48465911003369],[13.258014381731593,52.48464320992238],[13.25813416499451,52.484591339249306],[13.258166865031038,52.48457303914033],[13.258229684566642,52.48453191834542],[13.258427084022681,52.484380517576874],[13.258501993137674,52.48430599124566],[13.258677046406312,52.484072031477986],[13.258817331030205,52.48395674640091],[13.258922850289132,52.48389666321754],[13.258941391514508,52.48389037755597],[13.259225538368216,52.483832414203675],[13.259337843831677,52.48380118187408],[13.25959084502221,52.48371018124929],[13.259745059390582,52.483630038371174],[13.25983655919176,52.48356273802124],[13.259850031883653,52.483552450771434],[13.259946270780404,52.483476141337924],[13.260034162492104,52.48341460788611],[13.260083480706195,52.48337481037767],[13.260273412601215,52.48319713970019],[13.26029511571421,52.48317859050047],[13.26034020364086,52.48313334388165],[13.260383049630386,52.48308220762401],[13.260828091452217,52.482551569550466],[13.260838108473529,52.48253903201386],[13.260893026050486,52.482466770912794],[13.26100986949602,52.482325128753466],[13.261023183359665,52.482307863227405],[13.261074735262055,52.482236129666624],[13.261128874931389,52.48216817969847],[13.261186456034956,52.48203860920577],[13.261195434145735,52.48196769133115],[13.26121039220033,52.48191012729855],[13.261229926047394,52.481839313727875],[13.261235366624948,52.48174497338779],[13.261220865416474,52.481653473448674],[13.261203718697217,52.48159545957213],[13.261181618085647,52.48154485967242],[13.261087980613887,52.481425283696325],[13.261008580266335,52.481358984010285],[13.26090730935076,52.48129966527502],[13.260923592908032,52.48124052814246],[13.260913247515616,52.481178239121256],[13.260918766485696,52.481024062294566],[13.26092401685669,52.48098503328153],[13.260917961831193,52.48089642330182],[13.26088716038072,52.480783723439465],[13.260848723693096,52.480702913726034],[13.260786201423693,52.48061260544844],[13.260763198542191,52.480558658318294],[13.26071300138865,52.48042304439264],[13.260576518749792,52.480261913751576],[13.260482718612334,52.48019821409533],[13.260264002168647,52.48010489006764],[13.260154460077603,52.480094585452704],[13.260151760676,52.48009328682238],[13.260074117312579,52.480061681326376],[13.259911118094015,52.48000618172576],[13.259839648973585,52.479985556316265],[13.259577450634163,52.47992265680488],[13.259439500983559,52.479900872027834],[13.259426506382766,52.479899820080355],[13.259813532166236,52.47945582446272],[13.259828318725598,52.479437641231065],[13.260164337017915,52.47899336409836],[13.260483249912813,52.478836661578605],[13.260493164335763,52.47885031674793],[13.26051810467287,52.47888070314955],[13.260849801733071,52.47924120455412],[13.260885969234128,52.47927574125248],[13.261466243900461,52.479765846035036],[13.261609791373212,52.47989323958023],[13.261758343818467,52.480025175329665],[13.261811811708483,52.48008176491381],[13.262026424538636,52.48021311158419],[13.262319714951706,52.48026164496165],[13.262613587213929,52.48021444181653],[13.26331426007434,52.47997051144617],[13.263635921005859,52.48023064291553],[13.263871301194838,52.48034378449698],[13.264167393582099,52.48037158186382],[13.264447571947828,52.48030684127419],[13.265081062839492,52.480031305346834],[13.265253692099297,52.47995662358204],[13.265681606149597,52.47978279798642],[13.265866523788553,52.47971552217082],[13.2660636502315,52.47964825197999],[13.266195843775456,52.47961833841899],[13.266452727570046,52.479504507876584],[13.266575523609736,52.47932580041798],[13.266549678059372,52.47922032651418],[13.266891629418094,52.479111787599535],[13.268183044545026,52.47870755173035],[13.268275471809385,52.478671625473766],[13.268901073499734,52.47837512359143],[13.268908149435996,52.47837171663803],[13.268996470767766,52.4783285179147],[13.272255258890679,52.47678337730356],[13.272442075330247,52.47663100103437],[13.272475314119298,52.476441742251],[13.272345661525334,52.47626864303878],[13.272089455419973,52.476160216023786],[13.27184712318228,52.476149798654475],[13.271839008205536,52.47549498982078],[13.275123686135093,52.475458288289445],[13.275428421675796,52.47540237042155],[13.275641013800024,52.47525780048967],[13.27569937947098,52.47506679780933],[13.27564407447278,52.47468889803865],[13.275566831894551,52.47454039482137],[13.275459037289172,52.474427001885395],[13.275422543214837,52.47438860858992],[13.275200501981258,52.47425522380046],[13.274898093892386,52.47420967126332],[13.273730639795554,52.474228082337326],[13.271781421878662,52.47423599493073],[13.271732607948962,52.474126307748605],[13.271520229439679,52.473995896692585],[13.27123002752335,52.4739466786755],[13.270594893936138,52.47394191592456],[13.269981485837489,52.473455835503856],[13.269967796971313,52.473445395448394],[13.269572397974951,52.47315507115286],[13.26905784835208,52.47274954830972],[13.269422202040236,52.47275064402143],[13.269449808832261,52.47275033162971],[13.270572976319741,52.472721517363325],[13.271197330018039,52.47271994544103],[13.271205427024999,52.47271989103049],[13.273309944182268,52.47269689099239],[13.273615682799623,52.47264066723537],[13.273828402440623,52.472495253559636],[13.27388554347336,52.47230341603356],[13.27330679431813,52.46858081845817],[13.273294029081333,52.46853310046037],[13.273094351281909,52.468010467953206],[13.276228751604819,52.46801055643237],[13.276230328729817,52.46808297154736],[13.276234625825886,52.468281259686556],[13.27629775987827,52.46843855105156],[13.27646751587758,52.4685629658252],[13.27670945419049,52.46862926255347],[13.277058246845348,52.46867124650509],[13.277058319692307,52.46867336611117],[13.277068208920564,52.46896379175762],[13.277068208920564,52.46896379175762],[13.277105777623815,52.47006709173823],[13.27714043431701,52.47108256726979],[13.277143217053048,52.4711691071346],[13.27714325527347,52.47117025203408],[13.277174423933701,52.47207078482226],[13.277206991001652,52.47303161760949],[13.277207185437613,52.4730320266737],[13.277207019616561,52.473032440409945],[13.277211336394437,52.47315349455458],[13.277203699592073,52.47337812694362],[13.277200816208275,52.47345770566772],[13.277200685778862,52.473461801996834],[13.277182967481767,52.474107301653355],[13.27718287095682,52.47411150966552],[13.277180938070517,52.47421640034566],[13.277179370154931,52.47426150407736],[13.27648035418432,52.47427002278302],[13.276221210363193,52.47431026181339],[13.276170010639731,52.4743264616993],[13.27599723712911,52.47440931206292],[13.275936937038233,52.474451511837465],[13.2758058256345,52.47460986154448],[13.275792025168052,52.47464776147386],[13.275842234807081,52.47488911665537],[13.275876134442743,52.47492971680156],[13.276018434256105,52.47503987517784],[13.276218944051239,52.475108390372256],[13.276306244650753,52.47512569051067],[13.276361252933842,52.475131783889545],[13.276558544168829,52.47529777098281],[13.27691127956828,52.47536540786433],[13.277236982224006,52.475362407862896],[13.277250575478917,52.475360040870136],[13.277417390364798,52.47544359909354],[13.277431821463777,52.47546479620384],[13.277826772984607,52.475778255381684],[13.27842548799867,52.47592913348924],[13.279067535754786,52.4758770011146],[13.27958087238654,52.4756358276482],[13.279827947616377,52.47527023763313],[13.27982010273282,52.475234217801805],[13.27986100727026,52.47519038616686],[13.279857351687042,52.47479489545327],[13.27982438662246,52.47472143183053],[13.279824673284685,52.47471459003755],[13.280141671619123,52.474478184582175],[13.280152487705948,52.47446395581412],[13.280170918191356,52.47445621127283],[13.281298215917307,52.47363640698441],[13.281298631213994,52.47363610462388],[13.28240442894945,52.4728301004131],[13.282444998000063,52.472773101876236],[13.282513373507097,52.472742001240015],[13.282947972551687,52.47242169957706],[13.283074985527511,52.472252794776196],[13.283072525063405,52.472236576727916],[13.283076700114005,52.47223476457112],[13.2830958865696,52.472226073720066],[13.283152186723203,52.47219947355104],[13.283247690621817,52.47214270356657],[13.283310090473318,52.472096103326464],[13.28337025218659,52.472041709559385],[13.283411751818603,52.47199560937639],[13.283459426729847,52.47192310766711],[13.283509099798723,52.471915541796356],[13.283541899939495,52.471902941711214],[13.283600154651007,52.47187741344965],[13.283636354733366,52.47185941333734],[13.283727113346293,52.471803085883614],[13.283755857855642,52.471780801458664],[13.283790501170694,52.471757007397365],[13.283842639170174,52.47170799316977],[13.283894512670871,52.471665099236304],[13.283988193080688,52.47154772449461],[13.283991058561979,52.471541424326745],[13.284046007712819,52.47151285064599],[13.284127040757758,52.47146140674398],[13.284144888411575,52.471447552027584],[13.284198996994105,52.471420880809845],[13.284301298042942,52.471355943370305],[13.284371097783499,52.47129874309136],[13.28441585549749,52.47125609218608],[13.28444949549635,52.47121843499024],[13.284500083384152,52.47116758349576],[13.284526346757021,52.471129391910786],[13.284617865569041,52.47112462223603],[13.284869329592958,52.4710164417491],[13.286019327092328,52.47017033735236],[13.286096628231086,52.47007311195302],[13.286236415211654,52.470010005452075],[13.286857313902871,52.469555403083305],[13.286859742146085,52.46955361344745],[13.28737694096273,52.46916991146299],[13.28738718483596,52.46915629694565],[13.287416641745544,52.469143566096925],[13.288958591652888,52.468010061959205],[13.328,52.467999999999996],[13.328,52.42600000000001],[13.2361009986056,52.426003148797676],[13.23623771445928,52.42595683603185],[13.236440858754367,52.425842840837774],[13.236536682943981,52.42568477322383],[13.236504124275454,52.42551737935446],[13.236350340986583,52.42537745510423],[13.236109137725068,52.425295757781576],[13.23365685278528,52.424881912614225],[13.233363236841363,52.42487885252777],[13.233103799074643,52.424962957616124],[13.232943216176093,52.42511326094769],[13.232921521933758,52.42529229248464],[13.232948183963552,52.42538269657226],[13.23300410452587,52.4254835032304],[13.23317240275277,52.42568330395411],[13.233417975933474,52.425835770403374],[13.233761765662953,52.42587594534963],[13.234085368254553,52.42585344519187],[13.234218972421829,52.425830293804445],[13.234206350852512,52.42583967993672],[13.23408951239209,52.42600241875614],[13.231551270314208,52.4260014486911],[13.231939487930559,52.425268709173736],[13.232099403573649,52.42516248345771],[13.232238943191334,52.425001879565784],[13.23223207794586,52.424820075230905],[13.232080565709056,52.42466357859943],[13.231823166294907,52.424572423322466],[13.231121467597577,52.42445398209271],[13.230829774751594,52.424404745223065],[13.22971892415252,52.42421722943377],[13.22942551837717,52.4242141295611],[13.229166183858586,52.4242980821312],[13.229005481589292,52.42444818735581],[13.228938600366687,52.424568579609854],[13.228938278779953,52.4245691601178],[13.228772275459244,52.424869659311106],[13.22875283097265,52.42491402713359],[13.228682128287879,52.42512962676715],[13.22867447817616,52.42515936684518],[13.228647875226889,52.425301283829924],[13.226967054663543,52.424766859930436],[13.227342790450205,52.42432477389319],[13.227408425156638,52.42414267372132],[13.227316035997944,52.423964965089766],[13.227090473923298,52.42383944519419],[13.226694317639286,52.42371454301885],[13.226581308452085,52.42368752324927],[13.221469482607512,52.42282431725748],[13.221158046443328,52.42282402000781],[13.22103124876234,52.42286989669769],[13.220320903704375,52.42263921652435],[13.220201623404035,52.4226101815239],[13.21845572590086,52.42231528169649],[13.218172184273374,52.42231076867995],[13.217918163234312,52.42238791645005],[13.217752748082859,52.42252878050505],[13.217714415406146,52.422700595789074],[13.217812082903237,52.42286339759242],[13.218023033884478,52.4229793173699],[13.218480735449942,52.42312807430815],[13.222235561113317,52.424346582784224],[13.222237380535347,52.42434717068245],[13.224345291278413,52.42502537562964],[13.224345834979232,52.42502555033234],[13.224477335651207,52.42506775064039],[13.22447998985677,52.42506859714731],[13.227315604528968,52.42596730372754],[13.227316360584805,52.425967542910286],[13.228000002063766,52.426183430614046],[13.228000037158518,52.42959599461431],[13.227964850218422,52.42958784458737],[13.227079270882715,52.429382673141674],[13.226207352132576,52.429180592562275],[13.225773764019358,52.42908009561079],[13.22576284422354,52.42907760013846],[13.225658016532101,52.429053984080774],[13.225339245615077,52.428982029197975],[13.224852365277728,52.428869664968744],[13.224766573686809,52.42884939558581],[13.224703524532007,52.42883444991248],[13.224597260393892,52.428809321720166],[13.22459703332614,52.42880930676757],[13.224596848862836,52.42880922445766],[13.224470734899581,52.42877943384747],[13.224365420127974,52.428754443976366],[13.22430362283982,52.42873980239828],[13.224300909624848,52.42873916178101],[13.224238010478366,52.428724362025896],[13.224235368592309,52.42872419078502],[13.224233214314808,52.42872324042779],[13.224168070211174,52.42870809994665],[13.219416890013767,52.427602277620984],[13.219406146792965,52.42760160518788],[13.219397288334157,52.42759782928022],[13.219150062603395,52.42754315823019],[13.219077281527055,52.42752627377721],[13.218967571096842,52.427500855514324],[13.218963986633517,52.42750002888651],[13.218920676182242,52.42749008719818],[13.218459071143107,52.42738374760284],[13.218237978935791,52.427332826510984],[13.218237889832821,52.42733282112726],[13.218237817063738,52.42733278923688],[13.217245367827221,52.42710430158626],[13.215915322935114,52.426798015164344],[13.215590216858057,52.42672315803453],[13.215330876214047,52.42666215421876],[13.21528899177401,52.426652275842514],[13.215232997143836,52.42663908285555],[13.215232614488738,52.426639057948385],[13.215232303337103,52.42663891953184],[13.215173204139129,52.42662501976189],[13.215171123969633,52.42662453181883],[13.215129067694043,52.42661469299481],[13.215072590266047,52.426601375637226],[13.214249881646882,52.42640729777429],[13.214244228240753,52.426406928330444],[13.214239605125337,52.42640490518329],[13.211286598467487,52.4257264138945],[13.211202280329985,52.42570391351217],[13.21113770854931,52.4256841816273],[13.211027815908235,52.42564876616541],[13.210937622707018,52.425616317600884],[13.210676969083568,52.425513009849176],[13.210595565701608,52.42547985601765],[13.21058966211927,52.42547863636359],[13.210585502082784,52.42547580001535],[13.210500502766376,52.42544190050922],[13.209830284858672,52.42517489580637],[13.209591828030163,52.425079893307256],[13.2095421610835,52.425060086377556],[13.208947869729766,52.42482337173045],[13.20879795890529,52.42476358744391],[13.206584610147322,52.42388181430719],[13.206146957385085,52.42370741396694],[13.20609654288132,52.423687307724386],[13.206010433574205,52.423652924024324],[13.20592329692592,52.423618190463536],[13.205921478551696,52.42361782701116],[13.205920196841609,52.42361695873773],[13.205667698898534,52.42351696019792],[13.20566761661795,52.423516943916205],[13.205667558668516,52.4235169046695],[13.205005976338784,52.423254965634065],[13.204580687505524,52.423085229503506],[13.2045792782804,52.42308466789254],[13.20452097875115,52.42306146823077],[13.204519719961135,52.42306096796628],[13.203505883508049,52.42265857363463],[13.203321039618842,52.4225849751719],[13.203319100250097,52.422584204540996],[13.20301060464553,52.42246186757171],[13.202321545185235,52.4221752860949],[13.202294581487761,52.42216953675109],[13.2022749908123,52.422156834389604],[13.200929821240493,52.42164923204217],[13.199828002379324,52.42119885283068],[13.199802569443174,52.421188727677446],[13.199401672834759,52.42103332996234],[13.199380364347046,52.421025416976434],[13.199443377357056,52.42089983761181],[13.19938864838711,52.42072847796977],[13.198946581780246,52.42015151479795],[13.199633050110466,52.41966753437077],[13.199763848942613,52.41950711993567],[13.199751723806257,52.41932803011079],[13.199599689713585,52.419174773707354],[13.199345532144818,52.41908543881466],[13.197947509556313,52.418849017540076],[13.19782799824144,52.4188503140395],[13.197687911484842,52.418805114507535],[13.1974228711455,52.41876029040678],[13.19707548049544,52.41876668995459],[13.19679466916818,52.41889189570296],[13.19667852231446,52.419092174644724],[13.196647721218682,52.41955395063567],[13.196662637360298,52.41961834624655],[13.196652620512179,52.419623752503306],[13.196594945041047,52.41965956671507],[13.196552346043381,52.419690010240146],[13.196532085267151,52.419690141741654],[13.196257902860875,52.41979824684888],[13.196245963117937,52.41980662135886],[13.196184741214594,52.41978490855804],[13.196073008392167,52.41974536094544],[13.196072254388447,52.419744380751],[13.19590206758038,52.4196140335698],[13.195845642201949,52.41958709048966],[13.195880593959421,52.41949832411529],[13.19576651490775,52.4193043604176],[13.19561631427253,52.41917996100899],[13.195601784299912,52.41916842340693],[13.195472983913671,52.41907032389979],[13.195209850603373,52.41895629369372],[13.195122072184196,52.41893738097684],[13.195183520922674,52.418716949158],[13.195161826607183,52.41854306631873],[13.195008865242567,52.418395877491335],[13.194760621163265,52.418310008000134],[13.193946084081206,52.41817222666112],[13.193608858138472,52.41817655079042],[13.193330992271678,52.418293462287764],[13.19325183352086,52.41841245288035],[13.189897610899184,52.418245227699224],[13.189914134036314,52.417978123182465],[13.190012052437542,52.417844051679964],[13.189991554457789,52.41766950142469],[13.189838713055575,52.41752154331036],[13.1895897370686,52.417435228267486],[13.176504276898715,52.41522034572967],[13.176236451476676,52.415213757699505],[13.175991670166626,52.415280540997905],[13.175062549444982,52.415712085649595],[13.174028071958176,52.414877565621175],[13.17371641155434,52.414748248479164],[13.17315695030479,52.414653500178446],[13.17278747822463,52.41466476087362],[13.172502122942111,52.414808712004536],[13.170816556781656,52.41644894732865],[13.170727672863347,52.41661678212122],[13.170780053567379,52.41679026527479],[13.17096108970056,52.41692763070545],[13.172238460612574,52.41751479549198],[13.173107179717997,52.41795478767815],[13.173378087151903,52.418031753448204],[13.173547670136031,52.418023581420655],[13.173607997744567,52.418177055312206],[13.173775437474635,52.418301583727896],[13.17602451354,52.41936133363346],[13.176053661735153,52.419624468475824],[13.17609624340564,52.41966324909925],[13.176099688761447,52.41972442989982],[13.176442207528787,52.42005992846401],[13.17673109141459,52.42015394969018],[13.17603648223355,52.4204518538836],[13.17583050221445,52.42060917524846],[13.175795317123931,52.420809541544955],[13.175941982067256,52.420990010177185],[13.176066181925288,52.42107231062698],[13.176113976155849,52.42110059003882],[13.17623137632069,52.42116259041956],[13.176272324953288,52.42118234678921],[13.176495325631947,52.42128044743907],[13.176563379753649,52.42130627631975],[13.177275283352936,52.42153697800028],[13.177554233074977,52.42157883821224],[13.177832340006146,52.421534931917684],[13.178043261958754,52.42141573292783],[13.178136877188098,52.42132798894459],[13.178198544969021,52.421303656714294],[13.178299949869798,52.4212934060263],[13.178451624607684,52.421302578609875],[13.178721770089423,52.42123138259653],[13.178824870368734,52.42118248228677],[13.179017588337253,52.421020408824944],[13.179038491817533,52.420820441216314],[13.178881090575192,52.42064468693264],[13.178085062426476,52.42015599306356],[13.178096792691663,52.42015058647447],[13.178098146374063,52.420150333859134],[13.178307119705897,52.42024345744724],[13.178576193593363,52.420309324664466],[13.180419108139102,52.420458725994415],[13.180760274889565,52.42042361724638],[13.1810101135336,52.4202773008259],[13.181082155470044,52.420070417186515],[13.181072022093586,52.42000082827033],[13.181065543368735,52.419945025069474],[13.181063276827642,52.419923306817125],[13.181063220979341,52.41992277780929],[13.181047938212599,52.41977965703602],[13.181043856535045,52.41974083623159],[13.18103095650403,52.41961985051541],[13.181566629864884,52.41960944819898],[13.182020515060547,52.41961445778842],[13.182350938926886,52.41962613657916],[13.182776592291315,52.41964645580327],[13.18337757054077,52.41969368135924],[13.18324522162954,52.42032326741387],[13.183241963904049,52.420343097051486],[13.183233863004123,52.42041139700336],[13.183286286585009,52.42058785511587],[13.18347160580833,52.420726878176005],[13.18374371116645,52.42079387495802],[13.184983620957585,52.420893575846186],[13.185284122143214,52.420869586206315],[13.185525184678811,52.42075730208155],[13.185642792334976,52.42058654176342],[13.18565849349323,52.42051739415109],[13.18575746214323,52.42011094361328],[13.1857597689796,52.42010040121885],[13.185801282447024,52.419886672473744],[13.18663050428002,52.419950803301994],[13.188695452551025,52.420110407199154],[13.188993489708933,52.42008606774487],[13.189035391124907,52.42006659929399],[13.189035440357026,52.420066602719665],[13.18908550165908,52.420069638993894],[13.189490256709652,52.42010125776344],[13.190476145823075,52.4202064874863],[13.191255406608422,52.42031352432105],[13.191683303505695,52.42038132727567],[13.191719911864737,52.420387976576286],[13.191758448494895,52.420413178311556],[13.192298064325389,52.420779624506814],[13.193021294030228,52.421279304901326],[13.193490996462858,52.42160413970587],[13.193647479821632,52.42166984201608],[13.1935999139631,52.42183952222998],[13.1936095542041,52.42185562417034],[13.19346546302711,52.421882933089535],[13.193224721269235,52.421904581283634],[13.193009041999007,52.421951510251766],[13.192263945446049,52.42222320839682],[13.192048508056004,52.42236027672589],[13.191739440291236,52.42270785134068],[13.191693076570482,52.42275421455242],[13.191675724100863,52.42276820736934],[13.191617441010886,52.42280511977995],[13.190724388968276,52.42323265105521],[13.189840230570255,52.423570220759494],[13.189525152056811,52.42366677538699],[13.1894041772365,52.42371614776042],[13.189151077671395,52.4238498469466],[13.189084363460582,52.42389130428487],[13.188977163239251,52.42396970387639],[13.188925546203413,52.4240138352214],[13.1888103495864,52.42412993905408],[13.188644798252964,52.424271319669245],[13.188453029099453,52.42442797066731],[13.188379180466596,52.424507826017845],[13.1882543785669,52.424695225429346],[13.18822628204914,52.42491232589448],[13.188408342076091,52.42509951649306],[13.188431457144532,52.42511207847811],[13.18843263490292,52.42515076333076],[13.188582935842849,52.42530764565511],[13.190415170646322,52.42642762095456],[13.190751654788937,52.42667880111554],[13.190998548770853,52.42678727650155],[13.191301068701815,52.42680588729482],[13.191578369720025,52.426729659965545],[13.191756346804437,52.426578965318996],[13.191785675808148,52.426531888013066],[13.191975948170072,52.42627139403277],[13.191978185988342,52.426268291084966],[13.192194199422417,52.42596489752023],[13.192383627743796,52.425788619882475],[13.192561648011582,52.42584142846306],[13.19285198479902,52.425832973963985],[13.192865907845906,52.42583036634911],[13.192909787605894,52.42583612804907],[13.193221234080067,52.425825296180435],[13.193479810664506,52.425718620476026],[13.193612774986242,52.42554611100433],[13.193615163587328,52.42553770144115],[13.194123438854941,52.425297287904016],[13.194236066250504,52.42524764583738],[13.194266943708389,52.42523306056997],[13.194462744126431,52.42513405995704],[13.194498212728341,52.42511459394405],[13.194726582134969,52.424978647197136],[13.194971047580516,52.424834397878946],[13.19497452507868,52.424832328926946],[13.19514622514467,52.42472932833325],[13.195154688497674,52.424724146794844],[13.195374588479682,52.42458674601791],[13.195407483492705,52.42456439440892],[13.195473883345585,52.424515294154666],[13.195519093416566,52.424476994175485],[13.195608292837218,52.42438989379661],[13.195657192026385,52.42433058498372],[13.195721590990987,52.424230384678125],[13.195737897475466,52.42420145154593],[13.195759996952594,52.42415605143651],[13.195778943943317,52.42410248153027],[13.195788928373966,52.424058092702836],[13.195798178343166,52.424017825864595],[13.19580009732127,52.424014771553516],[13.195980163549184,52.42385926502147],[13.196068971127703,52.423799569056364],[13.196090539273467,52.42378840750278],[13.196097441651641,52.423788944030164],[13.196251966182869,52.42380150781588],[13.196267506823046,52.4238026429167],[13.19653910898948,52.42382024307778],[13.196627444005175,52.42382188509337],[13.196718644746129,52.42381938507987],[13.196874606608361,52.42380203570919],[13.197012313309392,52.42377458732106],[13.197162458314814,52.42385234386023],[13.19735026039464,52.42391777480017],[13.197415960834233,52.423931674910314],[13.197719567702164,52.42394495274913],[13.197761168024153,52.423940052713164],[13.197895230988934,52.423913770260825],[13.19796223138682,52.4238949701263],[13.198012551647693,52.42387901267444],[13.198233272283272,52.423800543292565],[13.198382346309215,52.423842626089794],[13.198674472610024,52.42387466506622],[13.19895499317356,52.42381541677629],[13.199152469441483,52.42367996966106],[13.19932746764966,52.42347086887498],[13.199390327585197,52.423331386840786],[13.199802962554669,52.423963629251716],[13.199897893869817,52.42411300793976],[13.20008976296183,52.42426883829178],[13.20067376446486,52.424540740053956],[13.200981877024725,52.42461303562002],[13.201096649713188,52.42459864416237],[13.20124252026216,52.42472497556578],[13.2014790111367,52.424803036728804],[13.201513392090929,52.424808730795355],[13.201796860489722,52.4249758448253],[13.201928849903359,52.42513063913083],[13.201972929822578,52.42523629851141],[13.2020904542462,52.42560251831515],[13.202192943604265,52.42574561352042],[13.20238503046826,52.42584863234256],[13.202686931941734,52.42594973307265],[13.20296109414348,52.42599390959888],[13.203237209795859,52.42595454132042],[13.203451112823767,52.42584077696481],[13.203553095432138,52.4256790539438],[13.20351945957959,52.4255069543527],[13.20350525933229,52.42548405441609],[13.203497219856525,52.42547177583498],[13.203430134500792,52.425374540136566],[13.203428256573998,52.42530724303426],[13.203446714252332,52.425040709076164],[13.203388523958981,52.42486890159978],[13.203204265831447,52.42473438424181],[13.203146619307626,52.424720279152275],[13.20303283475074,52.42458147442014],[13.203111221121215,52.42458113103119],[13.20316880531106,52.42459242868874],[13.203229720915255,52.424584372287256],[13.203280374240439,52.424604538800466],[13.203285981865067,52.42460675832593],[13.203549620563749,52.42471049702382],[13.204370671632496,52.425038263055114],[13.20448305084166,52.42508329438396],[13.204559315806787,52.425113856310105],[13.20468263944559,52.42516448525477],[13.204691774708259,52.42516639548669],[13.204698231763086,52.42517078357061],[13.206625359928742,52.42593660104838],[13.208065636734789,52.426510077931525],[13.208111090310668,52.4265282398461],[13.208113751123411,52.42652930008046],[13.208521454424703,52.426691302443515],[13.208952999404284,52.42686268088183],[13.208980111799303,52.426874166151435],[13.20906601075289,52.42690828651469],[13.209147309756982,52.426940606819336],[13.209185574402879,52.42695522490504],[13.209202493732741,52.4269614317624],[13.20947197124651,52.42706879435219],[13.209524847301491,52.427088733893974],[13.209755749519482,52.427171035135295],[13.209850840591162,52.42720165843938],[13.210053143002341,52.42726015936951],[13.210127339120138,52.4272798451382],[13.210381342516277,52.42734134615098],[13.210400201360267,52.427345804812326],[13.21326700557611,52.428007292347196],[13.213460973373735,52.42805216934591],[13.213471411041553,52.42805455176907],[13.213655810522484,52.428096069706754],[13.213974847408533,52.42818622305076],[13.214021232070847,52.428191125586835],[13.214059506219657,52.42820787685177],[13.214130007187208,52.42822407712095],[13.214134774364641,52.42822516579314],[13.214177074948529,52.42823476595298],[13.21417847241918,52.42823508253065],[13.214226521921189,52.42824594755687],[13.214281978237668,52.42825870160087],[13.214284454954427,52.42825926937632],[13.214328655562625,52.4282693695443],[13.214333514571369,52.42827047284862],[13.21438498845087,52.42828208649119],[13.214424762589779,52.42829109937567],[13.21442538632025,52.42829113501184],[13.214425897688606,52.428291356208604],[13.214999105617165,52.428420858366444],[13.215124223098336,52.428444649138754],[13.215247856247617,52.42846387676828],[13.215662453654694,52.428560248836355],[13.215664269481636,52.428560361972025],[13.215665752502359,52.42856101238211],[13.216254023545515,52.42869659086924],[13.217697737500638,52.42903023287489],[13.217929473077364,52.4290841920446],[13.217934960224245,52.42908453587751],[13.217939458399613,52.429086487315004],[13.217985792090717,52.42909700003145],[13.218097927701836,52.429122611323955],[13.21817338966253,52.429139808019215],[13.21817485377855,52.42914014102845],[13.218240082178514,52.42915494866868],[13.221136261473248,52.42982744729618],[13.221648912035734,52.429946471365],[13.221322321141116,52.43011938939152],[13.221161228860602,52.43020471372339],[13.22113861656434,52.43021664520712],[13.221137672545526,52.43021749434709],[13.221136162317254,52.43021794360445],[13.221055662603598,52.4302606430529],[13.221039252487621,52.4302695026411],[13.220995229687334,52.4302936927101],[13.220876489410871,52.43035740871956],[13.2202799160406,52.43067749137756],[13.219641570791122,52.431020012388196],[13.219641566747377,52.43102001609124],[13.219641560216333,52.43102001806236],[13.219510360651242,52.4310904171572],[13.219451635995355,52.43112193465234],[13.219382330185821,52.431158704888304],[13.219252930680968,52.431227416293844],[13.219252813614544,52.431227522306706],[13.219252625542303,52.431227578375825],[13.219067626193686,52.43132587710694],[13.218902645900329,52.43141357210045],[13.218844599202683,52.43144446257793],[13.218841787164006,52.43144701507959],[13.218837281243283,52.431448387692086],[13.218651127362795,52.431549021191465],[13.218625975035263,52.43156255723764],[13.21862101893256,52.43156523869686],[13.218471045997509,52.43164681395206],[13.218416377813039,52.43167213056856],[13.21839191505149,52.431681654883654],[13.218345715184487,52.431695008306946],[13.218272478089164,52.43171234887526],[13.218265811214767,52.43171394084089],[13.21818773564162,52.43173274192844],[13.218068386544639,52.4317605836695],[13.218063553454138,52.431762721291],[13.218057625165216,52.43176312891902],[13.21792688984143,52.431794474767415],[13.217850378235795,52.43181225951796],[13.21784195221449,52.43181423941763],[13.217597755602204,52.43187223851898],[13.217587509159662,52.43187470394216],[13.21753250393863,52.43188811020927],[13.216753509098282,52.43207721442136],[13.216753497522493,52.432077219687685],[13.21675348318965,52.4320772207109],[13.216629084897388,52.43210742024389],[13.21662896527959,52.432107474665244],[13.21662881717349,52.43210748525948],[13.215946212165003,52.43227330601162],[13.215094414836887,52.43247733434244],[13.215094236822901,52.43247741455811],[13.215094017047774,52.43247742966966],[13.214925519374976,52.43251782904425],[13.214854598821029,52.432534833944004],[13.214852311118799,52.432535384061644],[13.214773112209594,52.43255448376611],[13.214771384882384,52.43255490123645],[13.214601672188348,52.43259600735643],[13.214420459739516,52.432639813594356],[13.214420324433874,52.43263987496669],[13.21442015705613,52.432639886792494],[13.213724066628757,52.43280828418762],[13.21361709972289,52.432834197158705],[13.213432589234653,52.43287887540685],[13.213432532776231,52.43287890104607],[13.213432462908804,52.432878906000724],[13.213341465298873,52.432900947450165],[13.212071830447583,52.43316613562157],[13.211976253321328,52.43318453919057],[13.21186160793163,52.43320659341934],[13.211817206165406,52.43321156375577],[13.211806506888802,52.433214665928375],[13.211794687807961,52.4332142151637],[13.211695837236043,52.433226430011246],[13.211582019381446,52.43322878224816],[13.211491504758373,52.433230576410885],[13.211205735426063,52.43323357639301],[13.211205572876226,52.43323360485165],[13.21120540881277,52.43323357984747],[13.210886314333397,52.43323697983854],[13.210755996033809,52.43323838219627],[13.210628368095472,52.43323978247744],[13.21028837636749,52.43324337821226],[13.210288355217376,52.43324338191692],[13.210288333870075,52.4332433786621],[13.210024141530285,52.433246177562985],[13.209814600828222,52.43324837592451],[13.209718855092921,52.433249375373016],[13.209541629409854,52.43325128095221],[13.209381947021914,52.43325297972594],[13.209296464182458,52.43325393352707],[13.20921954559849,52.433254401981856],[13.20920101946463,52.43325459874235],[13.208976873776573,52.43325799492458],[13.20850073241998,52.43326509114416],[13.207788766801519,52.43327579523139],[13.207726640920743,52.43327674367542],[13.207626562608528,52.4332778940151],[13.207328033594688,52.43328118886313],[13.207327731743332,52.43328124188613],[13.207327426920369,52.43328119564821],[13.206948352548109,52.433285490885666],[13.206797288302335,52.433287140296606],[13.206713204248343,52.43328771166083],[13.206630737491945,52.4332882930446],[13.206457294830399,52.433288980554394],[13.206315041259769,52.43328958284532],[13.206299003737195,52.43328971363782],[13.206257933844244,52.433290209657535],[13.205943505645013,52.43329390533651],[13.205217855351874,52.433302404868115],[13.205217792550215,52.43330241594564],[13.205217729098862,52.433302406350414],[13.204716437771307,52.43330830632708],[13.204716362730569,52.43330831956814],[13.204716286909322,52.43330830810791],[13.204625401126005,52.43330938427326],[13.204131172735671,52.433314261928395],[13.203757229539555,52.43331785951606],[13.203507888772902,52.433320365804676],[13.203141258489117,52.43332396321544],[13.203069780004856,52.43332466301602],[13.20306969839064,52.43332467724234],[13.203069616070097,52.43332466462751],[13.202674451655447,52.43332856433843],[13.20247118409671,52.433330564051175],[13.202468017411057,52.43333111620248],[13.20246481925719,52.4333306365706],[13.202256322864013,52.433333336556686],[13.202256283078976,52.433333343627744],[13.202256242839013,52.43333333759449],[13.20158625442926,52.43334203754949],[13.201586098382325,52.433342065289594],[13.201585940539296,52.433342041648636],[13.201357702528407,52.433345039557025],[13.201203763223353,52.43334703749558],[13.20120177232136,52.43334739140435],[13.20119975706214,52.43334709341446],[13.201079788124588,52.43334888550078],[13.200966277142017,52.43335052223503],[13.200679520172901,52.43335357392956],[13.200479703189066,52.43335556714727],[13.20016628929035,52.4333587723869],[13.200165791448848,52.43335885940103],[13.200165289023367,52.43335878286008],[13.200025737395107,52.43336027807831],[13.199571776719523,52.43336494281393],[13.199547562847847,52.43336512086059],[13.199377122536706,52.43337352275051],[13.199239724844883,52.43338612255723],[13.199115795183037,52.43340143925294],[13.199001796983563,52.433419238972824],[13.198878637749045,52.43344266705388],[13.198802338832504,52.433459866786365],[13.198694401129956,52.43348777781619],[13.198585902457253,52.43351957733543],[13.198516119693672,52.43355615834185],[13.198429144340311,52.43357436155518],[13.19833614509909,52.43361256101721],[13.198256195989051,52.43364828923649],[13.198175196420715,52.43368758871146],[13.198090736244316,52.433732477305306],[13.19803983632269,52.433762076937505],[13.198012189922878,52.43377866034895],[13.197908589929359,52.43384275957492],[13.197846405241085,52.433884176792795],[13.197756904896945,52.433948376074184],[13.19771301383612,52.433981706460656],[13.197621235070814,52.43405554289826],[13.197519368503134,52.43413313649109],[13.196849398506666,52.43386856480894],[13.196848635022269,52.433868414383824],[13.196848096144612,52.4338680511976],[13.196790897186496,52.433845524355526],[13.19636170402095,52.4336756427185],[13.196007011393569,52.43353518614511],[13.196003459383224,52.433533784762936],[13.195642724625012,52.43339198992923],[13.195593687213792,52.43337269338368],[13.195472434051409,52.43333063124727],[13.195370835215552,52.433299831731944],[13.1951915234757,52.43325567227814],[13.195090924954686,52.43323627260943],[13.194935157884466,52.43321283112978],[13.194714708224355,52.43318870087597],[13.194540657102833,52.43316937291056],[13.194524681703447,52.433167664224605],[13.194434283194267,52.43315836439567],[13.194434107297559,52.43315837464518],[13.19443394656195,52.43315832979308],[13.194252849548988,52.43313973013531],[13.194252197892736,52.433139768216094],[13.194251602115342,52.43313960241261],[13.194184978430757,52.43313280207937],[13.193968135397382,52.433110452898006],[13.193958694090458,52.43309151368791],[13.193725634846912,52.4324847907105],[13.193755847921755,52.43248298057064],[13.193883448723222,52.43245028033403],[13.193997178201284,52.43241159089398],[13.194430779679669,52.432222889664374],[13.194626988644163,52.43207622436988],[13.194673986437646,52.431888958981894],[13.194558725533073,52.43171308926062],[13.194349895190332,52.43154435052002],[13.193934028933104,52.43116357526384],[13.193813367841546,52.43108298566371],[13.193650168183025,52.43100278617219],[13.19339452117939,52.430930142012805],[13.193112935665958,52.43093855220892],[13.192870093189654,52.431026084885005],[13.192721776349552,52.43117263329528],[13.192702055595806,52.43134453422024],[13.192911299828355,52.43208082527271],[13.19266409777007,52.432174239435646],[13.19260794136779,52.43221134254513],[13.192572943332797,52.432233237739005],[13.192446985475465,52.432351810975135],[13.192429185193761,52.4323792108908],[13.192427790635037,52.43238553058907],[13.192429419823466,52.4322487183678],[13.192426004250319,52.43220732404287],[13.192081678782651,52.43026722550386],[13.191979629069323,52.430100558734665],[13.191759323270846,52.42998422038474],[13.191286425808856,52.4298401214505],[13.19101873884464,52.429802369182354],[13.190689441525539,52.4298041691921],[13.190432378814911,52.42984188962333],[13.190252779817923,52.42989658923658],[13.190123491656733,52.42995012186897],[13.188703393644094,52.43072461721426],[13.188527650109089,52.430897981458905],[13.188534456164385,52.4311018870133],[13.18872162413564,52.43127072515902],[13.189713147109105,52.431768572921385],[13.189654079080377,52.43183531576175],[13.18965203201212,52.432009268375815],[13.189679482439582,52.432078689450705],[13.189668574115089,52.43208606357124],[13.189538845712166,52.43222939691372],[13.18952660726113,52.43239303054486],[13.189547770062468,52.43246248569022],[13.189475521600942,52.43244483542466],[13.189141329076833,52.43242619940009],[13.188844846279519,52.43252228481227],[13.188616646363043,52.43265938402238],[13.188450669639806,52.432850070976485],[13.188483663220403,52.433015599311105],[13.188375831758153,52.43294634116473],[13.188002618184253,52.432836112999546],[13.186415380284378,52.432748473270266],[13.186540043368652,52.43267439476477],[13.18658620916567,52.43264357498737],[13.18660678718566,52.43262812278579],[13.186656096078766,52.43261461074031],[13.186791196293449,52.432542310302395],[13.186937082913387,52.43242340895902],[13.186991829847475,52.43227860238426],[13.186993529117084,52.432223702369214],[13.186973608291066,52.43217214063209],[13.186969324064249,52.432114606496626],[13.186939335257104,52.43208343031611],[13.186926421954203,52.43205000618612],[13.186871086941764,52.432012479594654],[13.186825842732272,52.43196544371939],[13.186021265529426,52.431462840069415],[13.185933745838149,52.43135008500506],[13.185748931762294,52.43121371514636],[13.185480035699676,52.43114780876715],[13.18519228349494,52.43116835264733],[13.185161664753467,52.43117550618612],[13.185011613453678,52.431127109946225],[13.18468446607354,52.43108699760445],[13.184546067189599,52.43109459755341],[13.184256491993024,52.43116026234454],[13.184061263667953,52.431306553355185],[13.184055621682521,52.43132892499525],[13.183966921386784,52.43139974901034],[13.183936793983422,52.431438292122536],[13.183950422079882,52.43097557301658],[13.18394578628815,52.430923591726355],[13.183833079244899,52.430383692214775],[13.183821236002899,52.430344452050555],[13.183719932869327,52.43008915250858],[13.18368897757955,52.430032312843004],[13.183624128201373,52.42993978669701],[13.183601863520659,52.42990798057085],[13.18347033325765,52.429716504578586],[13.18341872487101,52.429657468680446],[13.183374900543022,52.42961693340338],[13.18319963110072,52.42940927103209],[13.183175130260938,52.429380189146265],[13.183167104615244,52.42937099287861],[13.183097903979906,52.42929439317223],[13.183097144085288,52.42929355466974],[13.18303923297686,52.429229853273284],[13.18301489394303,52.42920304110736],[13.182994065254348,52.4291800306642],[13.182991088438097,52.42917678185961],[13.182908737295264,52.429087987799036],[13.182825232112044,52.42899097854817],[13.182823277844093,52.42898872763246],[13.182582475489019,52.428713728660256],[13.182535688656953,52.428668686150125],[13.182487671220757,52.42862926237193],[13.18099645698074,52.42694802925634],[13.180993548875312,52.42694479027175],[13.18007104051119,52.42592969418088],[13.18006572941275,52.42592397377013],[13.179508998137626,52.425336902405455],[13.179404974295649,52.42521519618238],[13.179393312117208,52.42520221057568],[13.178879468910084,52.42465698368375],[13.178500542416572,52.42425388173142],[13.178438362862533,52.42418047252866],[13.178211555768765,52.42391310197856],[13.177896193061315,52.42348854066817],[13.177892397088826,52.423483532700565],[13.177835096383744,52.42340943295013],[13.177539940625104,52.42302833764681],[13.177533306000662,52.42302004793648],[13.1771841021868,52.42259754944189],[13.176993749664144,52.42246585855042],[13.17698506723376,52.42245574246359],[13.176983799718545,52.422454273905885],[13.176975039513524,52.422444180764174],[13.176922341383062,52.42238299322368],[13.17683001031764,52.422274125381364],[13.176832999739041,52.42225962364528],[13.176748053198489,52.422106763168244],[13.176635952400877,52.42199596363209],[13.176613208121667,52.42197352265087],[13.176610566106154,52.42197094038354],[13.176453065041654,52.42181844103195],[13.176318433090268,52.421737621834836],[13.17631294443186,52.42173231221114],[13.17629884006571,52.421718589198726],[13.176239901373403,52.42160801340543],[13.17602029991458,52.42139681430792],[13.176007500914823,52.42138502401424],[13.176002184484869,52.42138032976607],[13.176002068448469,52.42138022177292],[13.175927864596355,52.42130518294402],[13.175799209245797,52.42123016575046],[13.175796957125332,52.42118820511897],[13.175788757016331,52.421177105154875],[13.175746853284737,52.4211300732611],[13.175690352924335,52.42107657349237],[13.175668408873204,52.42105826292511],[13.175665177180152,52.421055256076315],[13.175664504031529,52.42105463117958],[13.175652303958216,52.42104333122925],[13.17561278545435,52.421010863092704],[13.175600485424303,52.421001863139054],[13.175563327712277,52.4209771216978],[13.175544527710821,52.42096572176321],[13.175528118500528,52.4209561481964],[13.175250018716584,52.420800049127834],[13.175248710939782,52.420799317278814],[13.175090836173027,52.42071123523261],[13.175063725665737,52.42068953782246],[13.174984222929877,52.4206375200527],[13.174856323089566,52.420568920470984],[13.174570411298475,52.42048509541955],[13.174325013193897,52.42045869564707],[13.174068430843187,52.42046591371658],[13.173908771306563,52.42049252365117],[13.173880154132597,52.42049616209093],[13.17405045362313,52.420449488115715],[13.174261611786603,52.42035161780474],[13.17438105982222,52.420207007435245],[13.17438454748567,52.42004501682611],[13.174296644401776,52.41979781722233],[13.174168065492786,52.41963990643318],[13.17393212008352,52.4195383900697],[13.173645599799734,52.4195177027076],[13.17359733116359,52.41952156954047],[13.173543902050525,52.4195231243969],[13.173337977308076,52.41949922799488],[13.173149180157951,52.419507735003215],[13.173036857812422,52.41951126746921],[13.17297440281759,52.41947753560338],[13.172648054863025,52.41944650638938],[13.172503572944972,52.41945808783703],[13.17249164210665,52.419454689417634],[13.172451709176281,52.419444601042606],[13.17195213550753,52.419087788342246],[13.171748982353389,52.419019585876754],[13.171755393928485,52.41901351214907],[13.171698021273164,52.41899087189141],[13.17157160467393,52.418936653600525],[13.171476372438809,52.41890344229488],[13.171474950658682,52.418903048860635],[13.171407588047742,52.4188696377904],[13.171402262836935,52.41886765212547],[13.171164113081122,52.418747302815966],[13.171072014259257,52.41867232428153],[13.171016214267008,52.41863912447391],[13.170981852170156,52.418620229027404],[13.170884361356286,52.41857071479023],[13.170858606848777,52.418549107592284],[13.170672756501945,52.41845297525782],[13.170438044094793,52.41832222552688],[13.17031925169395,52.41827092571179],[13.170232984071585,52.41824272634057],[13.170218999104291,52.41823017122975],[13.170003999566307,52.41812517189706],[13.169927454358644,52.418093475843165],[13.169639255704832,52.417993376558975],[13.169591360778767,52.4179767663556],[13.169580343342368,52.4179705532702],[13.169468802378626,52.417907500032484],[13.169441855023866,52.41789316992895],[13.169203550445642,52.4177740183183],[13.169144854977251,52.41772102071526],[13.16909630602068,52.41769270895364],[13.168980038291021,52.41762480972347],[13.168947726679466,52.4176041211199],[13.168689573502236,52.417438752154936],[13.168585289802618,52.41738578783662],[13.168436509220342,52.417326495757116],[13.168152529142827,52.41721330404574],[13.16806458040005,52.41718443248806],[13.168015309752423,52.41717141949581],[13.16769564053838,52.417086707293834],[13.167544270505745,52.417060609405326],[13.16727280237649,52.41703709757328],[13.167215734692638,52.41700183716014],[13.167137997629139,52.41695377635812],[13.166907854528453,52.41686591718454],[13.16663769824111,52.41685058625211],[13.166562398838241,52.4168570862056],[13.166325415309885,52.41691113331627],[13.166248790879159,52.416941413205244],[13.166109387021905,52.41688159606671],[13.165871250543441,52.41682155630881],[13.16550087577473,52.41678261509612],[13.165394331489706,52.41676794910052],[13.165173466432746,52.416723879209485],[13.165086374457095,52.416704380514865],[13.16500627850853,52.41665258353319],[13.164912309250647,52.416603394540054],[13.16469101000104,52.41651029516684],[13.164672775493974,52.41650292549115],[13.164575875878826,52.41646532575126],[13.164572586443624,52.41646482073861],[13.164381343206175,52.41637665040551],[13.164002145542321,52.4162813511394],[13.163955939285549,52.416277984550675],[13.163902329840294,52.41626165758017],[13.163690643252513,52.416112142692434],[13.163649882743941,52.41605635194528],[13.163624981830857,52.41602616597527],[13.163450380302587,52.4158371667124],[13.163394582673517,52.4157871362569],[13.163281167652764,52.41570187104583],[13.163257764513077,52.4156094670486],[13.163082877955992,52.41546883130887],[13.162987578163403,52.415422431604114],[13.162805445910422,52.415362241979274],[13.162666643837422,52.415334254906604],[13.162460124784989,52.41527713798087],[13.162077927724132,52.41523433834822],[13.162028164128259,52.41523009998575],[13.16183216569637,52.41521860009273],[13.161546341402806,52.415245513669255],[13.161521783101277,52.41525692238639],[13.161470270602331,52.415253609248836],[13.161218138104058,52.41531109809241],[13.161102109572893,52.41538692670333],[13.161096992850021,52.41538836219711],[13.160806156290962,52.41541338043839],[13.16073583722906,52.41545100163714],[13.160699068069212,52.41541962152787],[13.16060856814515,52.415369121830025],[13.160533433272368,52.415327202587775],[13.160434588562271,52.415289562009626],[13.160129676179487,52.41512851234269],[13.160129190993302,52.415128256355985],[13.160084791056528,52.41510485649981],[13.160049490372685,52.415087651013636],[13.160010399961076,52.41507005539494],[13.159950209422501,52.415042959754715],[13.159788318121459,52.41499156518207],[13.159532499788105,52.41493918196756],[13.159391661506387,52.41491031514869],[13.159174843822358,52.4148658320902],[13.159173706529707,52.414865599546765],[13.15910017844288,52.414850616108545],[13.159080938445278,52.41484666860603],[13.158629533288183,52.414618904001856],[13.15862547106797,52.414614593266094],[13.158458350809997,52.41450178290959],[13.158221032097982,52.4143978618967],[13.158009708553733,52.414293467923315],[13.157720603890679,52.414150014327234],[13.157708510863237,52.414144172778556],[13.157324611817726,52.41396367394374],[13.157307795079427,52.41395605445176],[13.157012735480722,52.41382727547857],[13.156983580048514,52.413785155341415],[13.156936478745342,52.41373066274698],[13.156534476161656,52.41334886439329],[13.156404591089812,52.413261374105296],[13.156368814103772,52.4132440908804],[13.156282458028166,52.413127659235776],[13.156211336602015,52.41295511699684],[13.156095387660738,52.412814664986975],[13.155892467418349,52.412717934748805],[13.155641432341383,52.41268344860156],[13.154458390898407,52.412683148918966],[13.154152895035896,52.41273539706805],[13.153936248091174,52.41287709138161],[13.1538715111571,52.41306698846712],[13.153898592390357,52.41331150336236],[13.153899036299885,52.413387584977094],[13.153869688983397,52.41361193319249],[13.153843857292298,52.41381170136541],[13.15379704832789,52.41402151894559],[13.153794189606856,52.41403423458146],[13.153793450480192,52.41412875994521],[13.15382904563685,52.414299147545705],[13.153922937150032,52.41474883537648],[13.154023554363178,52.41490866241504],[13.154305552910255,52.4151564635454],[13.15441758617877,52.41523023412587],[13.154567002205214,52.415304407795055],[13.154813484370848,52.41543153299271],[13.154962550940661,52.415487584280285],[13.155389678837944,52.415598613728804],[13.155478404800832,52.41562174233176],[13.155478951652539,52.41562188468215]],[[13.219004534670896,52.51054487530531],[13.218945577543247,52.51053014574698],[13.218774703501332,52.510293133532834],[13.218744384799892,52.5102697799655],[13.218803799051912,52.51027942266599],[13.218866099560262,52.510279822673745],[13.219201800776172,52.51021838214469],[13.219397559962355,52.510137824660376],[13.219980980632846,52.510569686689756],[13.220000017847504,52.5105775842128],[13.220000020333758,52.51162257145396],[13.21990613697115,52.51166755693186],[13.219277999211537,52.51145105270992],[13.219264172526513,52.51137480218925],[13.21933095610086,52.51134004963472],[13.219434848446165,52.51117336243702],[13.219394686680563,52.51099672116742],[13.21919178351736,52.51069422206846],[13.219004534670896,52.51054487530531]],[[13.229440297012516,52.50567487247146],[13.229339998606525,52.505660772722244],[13.229201293234604,52.505646226620804],[13.229020300238595,52.505633584701485],[13.229077325836936,52.50529506612748],[13.229078085108046,52.505290239053146],[13.229133080147433,52.50491393873837],[13.229135398772845,52.50487985568708],[13.229134096992338,52.50474675567779],[13.229131147838947,52.50471290942548],[13.229104275131407,52.50454992172004],[13.229121121843336,52.50454839184494],[13.229348975656196,52.50444667671591],[13.229473131856684,52.5042919566014],[13.229554713168506,52.50406225413878],[13.24055074054639,52.50473644597388],[13.240731549269006,52.50474752201851],[13.24128355547802,52.50478179760662],[13.242040579227366,52.50482870533782],[13.242041850749043,52.50482878327139],[13.24337219152902,52.50490942522882],[13.24349572295682,52.504917164555756],[13.243500162412339,52.50491743232867],[13.24752682763519,52.5051508481353],[13.248910987663253,52.50525047030165],[13.248920491879156,52.50525110662593],[13.24967119789459,52.50529760705345],[13.249674886764495,52.50529782838745],[13.249927721077706,52.50531250847012],[13.2503134578912,52.50533657974529],[13.250315750695254,52.50533672005633],[13.250521896296899,52.50534908681326],[13.251393848987897,52.505402410599],[13.251551252071398,52.505412266970104],[13.251553602851027,52.505412411265546],[13.253099933665512,52.50550540721765],[13.253509455355974,52.505530102525],[13.253838140425659,52.505549871590354],[13.253916401259202,52.505554687730076],[13.25450615568827,52.50600386378001],[13.231838133344342,52.50600245970537],[13.230156916673469,52.50590083044884],[13.23013203136706,52.50588764808811],[13.230022475960679,52.50583581499432],[13.229984302833941,52.50581973702233],[13.229964929196376,52.50581155926397],[13.229676394622356,52.50572096401352],[13.229582995933667,52.50570046435741],[13.229440297012516,52.50567487247146]],[[13.19465877399862,52.4362495630254],[13.194592268053018,52.436204792094394],[13.193956668456252,52.43584329423824],[13.193951036788423,52.43584013267358],[13.193487237211267,52.435583134217175],[13.193485781659936,52.43558233036484],[13.192970182166034,52.43529853207488],[13.192826117217646,52.43525423592131],[13.192519542779173,52.43509416381514],[13.191483673392465,52.43454920335379],[13.19148161952219,52.43454812782503],[13.191138186897861,52.43436911993129],[13.191230981421029,52.434378652229114],[13.191503897241157,52.434406723053364],[13.191742542029731,52.43443130711091],[13.191744360884591,52.43443120138073],[13.191746024692561,52.434431662783716],[13.191924230043378,52.434449704076776],[13.191961748721434,52.434453789450366],[13.191986974759619,52.43445637382687],[13.192202232886375,52.43447704500903],[13.192660799572556,52.43452170569995],[13.193025276452708,52.43456296004456],[13.193035481311215,52.43456246825631],[13.193044789973221,52.43456507106829],[13.193179492194066,52.43457897132394],[13.193181082028978,52.4345791347376],[13.193222821310105,52.434583408053165],[13.193535850216458,52.43461553922965],[13.19377023923971,52.434639696917316],[13.193771258047413,52.434639637746066],[13.193772189439104,52.434639896946294],[13.193839166763938,52.434646733402445],[13.194019477740605,52.434665252400194],[13.194101713883523,52.434673712553355],[13.19426933786448,52.43469232686256],[13.194270958638434,52.4346922453801],[13.194272430670916,52.43469266785616],[13.194351802100313,52.43470135587706],[13.194649342832072,52.434818312248524],[13.195002371627906,52.43495811175422],[13.195002494272192,52.4349581360227],[13.195002580650808,52.434958194508724],[13.19543308416053,52.43512859699831],[13.195435483548813,52.435129544343],[13.195493232571767,52.43515228811106],[13.196228933700423,52.435442820427426],[13.196559795718533,52.43557853215528],[13.196698705754901,52.4356355545655],[13.196851092612112,52.435689017419854],[13.19692749350615,52.4357116177775],[13.19706605410759,52.43574650655649],[13.197116554828066,52.435757106735295],[13.197261811245735,52.435781723353884],[13.197329312328698,52.435790523511585],[13.19750802367109,52.43580568534457],[13.197545324310989,52.435807185376056],[13.197614953583521,52.43580879604092],[13.197664254436088,52.435809096053774],[13.197735193815847,52.43580829705688],[13.197784094660259,52.435806897040486],[13.19784114889212,52.43580282980346],[13.196969395463512,52.43664114385253],[13.196881342099518,52.43687447485034],[13.196917548648154,52.43706979920628],[13.196829000849,52.43716569488232],[13.196817348283199,52.43733345194399],[13.1969316111183,52.43748614969137],[13.201418932936642,52.44098599387377],[13.217410767519135,52.45357570987026],[13.228000058237768,52.46198880515972],[13.228000056687984,52.46217965316501],[13.223938997104586,52.45899125635744],[13.20670535785603,52.445309655764014],[13.206701261358548,52.44530644017354],[13.19663582839261,52.43749537896568],[13.19639307464842,52.43738421166157],[13.196091971909091,52.43736173263393],[13.19606078999622,52.43736978876331],[13.19465877399862,52.4362495630254]],[[13.200068217058677,52.434888126413455],[13.200208609847506,52.4348866224218],[13.200520756860186,52.43488343017129],[13.200721000666702,52.43488143275809],[13.200721677169621,52.434881314703745],[13.200722359801315,52.43488141874792],[13.201013664841259,52.4348783187401],[13.201021381522581,52.43487822204572],[13.20113928356203,52.434876522034905],[13.20125883829588,52.43487473644486],[13.201410940041837,52.43487276240203],[13.201639502978958,52.43486976032275],[13.202309317821836,52.434861062832134],[13.202514598961343,52.434858404550276],[13.202714719798145,52.43485643585457],[13.203109902431347,52.43485253608905],[13.203181321606383,52.43485183689154],[13.203548268583695,52.43484823648866],[13.203797014874016,52.43484573612112],[13.204170777297062,52.43484214038879],[13.204667786533358,52.43483723550342],[13.204671812002976,52.434837191804704],[13.2047646381836,52.43483609269339],[13.205265808281089,52.434830194300915],[13.205991457713584,52.434821695006924],[13.206306337280862,52.434817994122604],[13.206306664963018,52.43481793630899],[13.206306996083091,52.43481798627243],[13.206340378447445,52.43481758311015],[13.206473783128288,52.43481701825145],[13.206650108187684,52.434816319368544],[13.206653255770249,52.43481579049762],[13.20665641843429,52.43481628461709],[13.206741257908275,52.4348156864673],[13.206829297442361,52.43481508825082],[13.206837726157548,52.434815013603384],[13.20699342885136,52.434813313598376],[13.206993845883652,52.43481324039783],[13.206994266997912,52.43481330427489],[13.20737347020688,52.43480900769768],[13.207672172041379,52.43480571103492],[13.207777505519653,52.43480450053452],[13.207781337996119,52.43480382544242],[13.207785215140337,52.434804397375835],[13.207850475084165,52.434803401051134],[13.208561807298448,52.434792706692015],[13.2090380765571,52.43478560871503],[13.20903832533419,52.43478556397279],[13.209038577408359,52.43478560118831],[13.209253719095594,52.43478234150799],[13.209326555935503,52.434781897930385],[13.209331719692416,52.43478101847386],[13.209336921996973,52.43478180852204],[13.209425988477395,52.43478081449066],[13.20958525617808,52.43477912017798],[13.209585371106957,52.434779100039634],[13.209585487118266,52.43477911770799],[13.209761867757633,52.43477722116983],[13.209857346985732,52.43477622453299],[13.210067155840859,52.43477402342659],[13.21033164522445,52.434771221472296],[13.210672029952836,52.434767621687016],[13.210672430797134,52.434767551476114],[13.210672835441223,52.43476761300862],[13.210800221038669,52.43476621538105],[13.210929996367657,52.43476481889507],[13.211248828329149,52.43476142180094],[13.211543970108636,52.43475832350783],[13.211563018285569,52.43475803475508],[13.211663920030091,52.43475603473636],[13.211665643398153,52.43475599984873],[13.211815645991338,52.43475289981873],[13.211870853926737,52.434751010954294],[13.21192525486143,52.43474841091812],[13.211957290987659,52.43474662602122],[13.212005991819126,52.434743525975705],[13.212124217586005,52.4347324846227],[13.212278880649025,52.4347133731747],[13.212388203196955,52.4347011355822],[13.212538294558776,52.434678391263446],[13.212726997393009,52.43464209069384],[13.212727145173536,52.43464203321605],[13.212727320174157,52.43464202857111],[13.212837421827365,52.43462082823846],[13.21286602927757,52.43461508741454],[13.214178348467046,52.43434098312929],[13.21423465004007,52.43432829270157],[13.214353488522615,52.43429950755279],[13.21453802788241,52.434254822159524],[13.214538106259374,52.43425478656657],[13.214538203251482,52.43425477968513],[13.214644426369484,52.434229046716574],[13.21534010613919,52.43406074808893],[13.21552155731986,52.43401688398922],[13.215691566267985,52.43397570615389],[13.21576875997211,52.4339570899639],[13.215838506071009,52.4339403666114],[13.216006798526898,52.433900016305515],[13.216861211432327,52.43369536077806],[13.216866788034656,52.433694015563184],[13.217552063615356,52.43352754549849],[13.217676318360725,52.433497380708815],[13.218456116213531,52.43330808090133],[13.218456826005552,52.43330775798118],[13.21845770472612,52.43330769450615],[13.218508391012572,52.43329534083899],[13.218743254873983,52.43323955817582],[13.218821637054386,52.43322133855975],[13.218833787416465,52.43321846987557],[13.218965218076825,52.433186957212364],[13.219085429384132,52.4331589142415],[13.219097902141714,52.433155957747275],[13.219178873503338,52.43313645927397],[13.219290837846525,52.433109949024924],[13.219373678873202,52.43308820319445],[13.219463240816102,52.43306231644798],[13.219529502025503,52.43304322921057],[13.219668174392282,52.4329965063432],[13.21980327560031,52.43294390559168],[13.219889441786492,52.43290715721906],[13.219912916430868,52.43289622115869],[13.220019888478612,52.43284668207493],[13.220095551502789,52.43280870179518],[13.220126651597493,52.432791801579],[13.220126823189986,52.432791642282154],[13.2201271020367,52.43279155668514],[13.220280530248823,52.43270810037502],[13.22030424645956,52.43269533694771],[13.220305046660362,52.43269460180833],[13.220306339588824,52.43269420794262],[13.220489893680494,52.43259497796297],[13.220543448987772,52.432566476955294],[13.220707885615834,52.432479069285456],[13.220892643286831,52.43238089712578],[13.221021291194207,52.43231258344911],[13.221093091433806,52.43227448907622],[13.221098465950293,52.432271621085974],[13.221159713472215,52.432238748937436],[13.221290855504844,52.43216837937027],[13.221929129059673,52.431825890292],[13.222525707336962,52.43150579889276],[13.222525726175851,52.43150578164166],[13.222525756601664,52.431505772458294],[13.222650057013535,52.431439071600735],[13.222661068840033,52.431433091937535],[13.222702427346109,52.43141036542548],[13.222773433291675,52.43137270104427],[13.222795704866021,52.43136094912548],[13.22279747867511,52.43136001137244],[13.222959189737876,52.431274357679825],[13.223366220850288,52.431058845089474],[13.22356414067342,52.43095408654933],[13.223969916056499,52.430739191700525],[13.22402556553228,52.43070972993865],[13.224046193644924,52.43069882640613],[13.224047208234639,52.430698289535655],[13.224104271324634,52.43066806177746],[13.22425033466492,52.430590733405026],[13.224250439235355,52.43059063900953],[13.224250606987708,52.43059058919037],[13.224309668720835,52.43055930257452],[13.224509255784342,52.43060526514217],[13.224776591213564,52.43066685044556],[13.224996656735312,52.43071752877257],[13.226040011165654,52.4309618694072],[13.226046454587529,52.430963365899466],[13.228000053291828,52.43141330690529],[13.228000116202535,52.44396282172229],[13.22742163593676,52.443582591863475],[13.227228239774636,52.443498455128264],[13.226611143418241,52.44333205639207],[13.22647998778597,52.44330737916259],[13.225588094650144,52.443207180020764],[13.225525182819132,52.44320223622731],[13.224741289136976,52.44316673656983],[13.2246122197757,52.44316957662007],[13.223945425055188,52.44322947618764],[13.223941738798501,52.44322981461393],[13.223889475364551,52.4432347162787],[13.223763636690608,52.44321675438922],[13.22352318284147,52.44311003528365],[13.22322509091798,52.443089434524765],[13.222620033813083,52.4431434827997],[13.222443801822918,52.443144840944186],[13.22229900704681,52.443128621576456],[13.222181149520766,52.443103591023835],[13.222055347656314,52.44306822539184],[13.221011801447213,52.442716637508916],[13.22088734980861,52.44266806924175],[13.220759429939127,52.44260992407697],[13.220633213447723,52.44253760284071],[13.220542155965731,52.44246747867607],[13.220437709569444,52.44236446009663],[13.220357198782139,52.44226191245506],[13.220319182889641,52.44219516579948],[13.220299053544382,52.442124294485346],[13.220285678390443,52.44201027856619],[13.220304230877334,52.44167360195805],[13.220238742011547,52.441535307790396],[13.220423857113605,52.44112840712345],[13.220414843937982,52.440917818798475],[13.22021433254763,52.44074646179351],[13.219891156338344,52.44067315971772],[13.218972210028555,52.44064049938249],[13.218200419165068,52.440528148911056],[13.214690043437475,52.43985590738341],[13.214636096692493,52.43984726826442],[13.213841978385581,52.43974439932791],[13.213087476235529,52.43961076530038],[13.21280580052789,52.439603847024415],[13.21255119253005,52.43967780115564],[13.212451432939474,52.43975913046951],[13.212183127113038,52.4397420062683],[13.212096912471129,52.43977123213755],[13.212000118298013,52.43972494527055],[13.211770527212906,52.439675564793816],[13.21178737950066,52.43963423302285],[13.211787738924622,52.439461256052645],[13.21165588251755,52.4393081946955],[13.211422330029537,52.43921047552886],[13.210442636378612,52.43898687727998],[13.210112104514552,52.43897232250314],[13.209821134752724,52.439069250666556],[13.209024791865742,52.43955509921403],[13.208678483422538,52.43946040732545],[13.208356817079148,52.4394325105584],[13.20782863485824,52.43947759274294],[13.207386782594423,52.439317662866436],[13.205801298907739,52.43870124238571],[13.20561257805271,52.43866796603857],[13.20541702619783,52.43853891315042],[13.204595005921748,52.43821612160046],[13.203432733386691,52.43769952482746],[13.203114147454206,52.437631145883714],[13.202941341367303,52.437657483232094],[13.202714477045344,52.43723805408055],[13.202683497035423,52.437191831924885],[13.202474353706325,52.43693273161741],[13.202377911751393,52.43674414444898],[13.202350859955953,52.43670114094325],[13.202253077748335,52.436571229608454],[13.202248267866082,52.4365312303674],[13.202209646966779,52.43647072459464],[13.202387519412659,52.43637481311155],[13.202448819093073,52.4363194128577],[13.202548948427477,52.43613720577879],[13.202481193235782,52.43594951031286],[13.202264918724117,52.43580996689238],[13.200432626645446,52.43513577163488],[13.200037565826285,52.4350886431247],[13.199874667109878,52.43510434301085],[13.19961273943506,52.4351721363207],[13.199476105165937,52.43527501380677],[13.199421557270131,52.43528380665629],[13.199186029671074,52.43530624854298],[13.199446147905418,52.435107140169926],[13.199581618071047,52.435003946756964],[13.19958849914342,52.43499438506933],[13.199602007823488,52.43498798616993],[13.199682625576564,52.43492312656517],[13.199719571262797,52.43489662434898],[13.199727649595017,52.43489162601907],[13.200068217058677,52.434888126413455]],[[13.201982677941624,52.51281620364411],[13.201920425852265,52.51294646624268],[13.201918825253557,52.512991266229406],[13.201948459642194,52.513067470882255],[13.201890298821851,52.51316983103897],[13.201878797674357,52.513256630971995],[13.20189461994494,52.51332238855471],[13.201842126094975,52.51341677970308],[13.201811137202409,52.513521642667904],[13.201801934674627,52.51371094259976],[13.20180328570246,52.51374816034796],[13.201804858338075,52.513761113412855],[13.20173915242347,52.513675292688625],[13.201650630997769,52.51360987978837],[13.201631146031657,52.51359361423286],[13.20160802124935,52.51356596880475],[13.201604604678876,52.513561947103184],[13.201478474993309,52.51341573901247],[13.201479696032125,52.513388705347545],[13.201375657418929,52.51317460863175],[13.201328157167186,52.51313260882295],[13.201258962734318,52.513082049995475],[13.201249117599097,52.51307606787849],[13.201198946683062,52.51298793731394],[13.201183885615546,52.512976304649236],[13.201262282447074,52.51296088090794],[13.20139683426959,52.512934507934226],[13.20140553774312,52.512931084479426],[13.20141587136169,52.512930673703195],[13.20158941297945,52.51289477841495],[13.201650819192073,52.51288262139253],[13.201675544019167,52.512877552195064],[13.201693788301375,52.512873682192705],[13.201982677941624,52.51281620364411]],[[13.19696732838428,52.5121733767552],[13.19695018595431,52.512176829270196],[13.196679290969385,52.51223271186372],[13.19653338029137,52.512259748747326],[13.196533013393184,52.51225988804859],[13.19653258149906,52.512259896938424],[13.19613176304354,52.51233434460468],[13.19608673920966,52.51234269339053],[13.196065945873494,52.51234666999669],[13.195990347003208,52.51236156976251],[13.19598218977593,52.51236319631881],[13.195896414708585,52.51238049857386],[13.195826269493706,52.51239405755946],[13.195804918327438,52.5123983136303],[13.195512822633448,52.51245831268903],[13.195489529378007,52.512463253611465],[13.195313631911143,52.512501753009715],[13.195282901336446,52.512508757617944],[13.19512220357246,52.51254685702606],[13.195093205414352,52.51255398755348],[13.194804476056722,52.512627553691935],[13.194741722601805,52.51262136531311],[13.194613644028813,52.51261283100066],[13.194476546391655,52.512608031104484],[13.194245031102064,52.512637322309324],[13.19400901224359,52.51264593830607],[13.193924569211195,52.51266310048737],[13.193942961913294,52.512593652710855],[13.193943806827585,52.51248223691627],[13.193900104551698,52.512306937109564],[13.193855028446015,52.51221363270738],[13.193739026886302,52.51205613321689],[13.193640185630073,52.51196342910919],[13.193621429717776,52.511950671428195],[13.193679636337668,52.51194192359436],[13.194028836216022,52.511894244394256],[13.194210122509295,52.51187296710951],[13.19422739210636,52.51187077617276],[13.194302892681783,52.511860476096416],[13.194364888298503,52.51184981774765],[13.194554789608944,52.51181021745556],[13.194615283162957,52.51179527237216],[13.194904484854833,52.5117121717777],[13.194962129916645,52.511684910418545],[13.19499417396018,52.51167634946316],[13.195100691246994,52.51163940841665],[13.195208591611797,52.511592308109286],[13.195297607629495,52.511544498817294],[13.195433614749883,52.51145509935626],[13.195443799338864,52.51144946080052],[13.195569403977915,52.51135050415934],[13.195602974419792,52.51131154300695],[13.195691192944608,52.51121256483051],[13.19574474235788,52.51112909541553],[13.195756742009875,52.51110019535484],[13.195757079671619,52.51109937810435],[13.19586718985785,52.51083155013458],[13.195888409434069,52.510783863839386],[13.195919959332237,52.510752504798695],[13.196242652101022,52.510563710376566],[13.196324914678375,52.510503816016126],[13.19635087015545,52.51048009200466],[13.196449714472505,52.5104162034817],[13.19659355634862,52.510254939792475],[13.196591048605455,52.51016979628663],[13.196659725249125,52.51005468863316],[13.196670789252774,52.51003426299643],[13.196722788018828,52.509927662738754],[13.196734619083385,52.50990337312965],[13.196775547615385,52.50988920891552],[13.196930109516222,52.50972824001042],[13.197104804915526,52.50933933913549],[13.19710818585959,52.50933146384063],[13.197197383229865,52.50911366338885],[13.197189755447127,52.50892247044183],[13.197110544950146,52.508845849379064],[13.197124712019043,52.50880714952276],[13.197182433672687,52.50878201726332],[13.197192605042524,52.508768916629364],[13.197281292060788,52.50873141550476],[13.197411886157616,52.50856879697364],[13.19746148430344,52.50842029671655],[13.197462459047586,52.50841731382616],[13.197543055880859,52.50816511340633],[13.197545452400025,52.508157136358854],[13.197574151101554,52.50805513620726],[13.19757381568417,52.50804465683446],[13.19769528703902,52.5079714163154],[13.197777054115129,52.50779489563031],[13.1977776538358,52.50777399562484],[13.197707262508812,52.50759718618456],[13.197504016072811,52.50746404590689],[13.197400131920961,52.507443794303626],[13.19739971365417,52.507442727483046],[13.197298710707038,52.50720142794074],[13.19729604322827,52.507195282338735],[13.197222041247434,52.50703068267402],[13.19721442126283,52.50701512046829],[13.197089596186412,52.506779712162974],[13.19706909324907,52.506726139249544],[13.1970297023033,52.50665644746749],[13.19697390035143,52.50658313704436],[13.198025689101545,52.506494968007736],[13.19901532558235,52.50643384266443],[13.19903201105578,52.50667732422611],[13.19899657073932,52.50669557401287],[13.198890658367063,52.506858080885685],[13.19887865765627,52.506912880820465],[13.198932921061534,52.507117889164476],[13.199071913397782,52.50720965005425],[13.19902966412385,52.50731651671766],[13.199032198168748,52.507364769714954],[13.199033622408665,52.50742462142148],[13.199048224923773,52.50749911531037],[13.199099479420886,52.50763666388811],[13.199107065825075,52.50766504417804],[13.19889002009579,52.507801119037936],[13.198853819747114,52.507842918876456],[13.198785629797326,52.50800507501644],[13.198785342735947,52.50801588221803],[13.198783787818117,52.50801731263054],[13.19876289089457,52.5082003819388],[13.198772990483176,52.50823268198419],[13.198904615240117,52.50839943440979],[13.198941655743122,52.508414939932166],[13.198959185733909,52.508441616069014],[13.199199583755755,52.5086937170793],[13.19940629778059,52.50882141165298],[13.199688422353539,52.5088722240931],[13.199731038387997,52.50887312826728],[13.199875225921184,52.508989225127124],[13.199988032368152,52.509019469353],[13.200141479297331,52.50914318424074],[13.200408099934098,52.509216184063305],[13.200699414292215,52.50920204794141],[13.200777786658472,52.50918567163004],[13.200783469781523,52.50920315419014],[13.200806953817276,52.509232708703124],[13.200824438136939,52.50925476312548],[13.201027582411829,52.50939717222245],[13.201316556079606,52.50945624093396],[13.20133025600198,52.50949716107327],[13.201331435781329,52.509500599204074],[13.20138859056983,52.50966319588518],[13.201472854163745,52.509968402088354],[13.201536915633817,52.5102475572205],[13.20153812574369,52.51025257263991],[13.20158492334593,52.510437472847286],[13.20160430482478,52.5104645850808],[13.20156085262524,52.5105090346398],[13.201548881106797,52.51068554883796],[13.201626364376342,52.51091080880137],[13.201682148456957,52.51107316867566],[13.201799806128982,52.51122481263298],[13.201829600976321,52.511238853729914],[13.201637997140095,52.511277531434416],[13.20090575539908,52.51142322230022],[13.200882768775553,52.51142794651069],[13.200865387993415,52.511431633340386],[13.200808594338662,52.51144287715831],[13.200793038931197,52.51144602555226],[13.200621234710065,52.51148156142394],[13.20049558014814,52.51150619043688],[13.200494280015942,52.51150644574671],[13.200403712709399,52.511524263866804],[13.200376445570914,52.511529584279955],[13.200343840540777,52.511536248637746],[13.198690226220204,52.51188970628532],[13.19757134860561,52.51208401222916],[13.19724462423691,52.51211887761194],[13.19696732838428,52.5121733767552]],[[13.176423159996911,52.4452457852564],[13.17632962848077,52.44523186687832],[13.176321889925664,52.445230749095906],[13.176315907406826,52.44522991100122],[13.176233116379578,52.44520169525175],[13.17623256747259,52.44520150841488],[13.176218954824,52.4451968807603],[13.176265600496393,52.445171183244085],[13.176295295964596,52.44515047997652],[13.176423159996911,52.4452457852564]],[[13.177141431940985,52.43770901729205],[13.17709319526208,52.43743079119032],[13.177104671201313,52.43735541005381],[13.177100361663038,52.4372674359605],[13.177029354272664,52.43698532578217],[13.177033962558177,52.43670815466865],[13.177032571261297,52.436679520674424],[13.176998372138883,52.43637941729768],[13.176997343331998,52.43633880081775],[13.177023594274111,52.43627047647159],[13.17703801223472,52.43623820278224],[13.177058583879086,52.43615291289428],[13.177061582948253,52.436082912870965],[13.177061714356315,52.43606794846437],[13.177061199711096,52.436047585320004],[13.177063316083583,52.43604186817489],[13.177090966676818,52.435947788464055],[13.17714044080715,52.435854982326305],[13.177160939036781,52.435804290543885],[13.177203137127485,52.435653690320855],[13.177207871756666,52.43563329778041],[13.177233907702249,52.43549221144358],[13.177247539115491,52.43543372497864],[13.177248670125396,52.43542936780228],[13.177257686944097,52.435412020735875],[13.177272973384092,52.43539049025045],[13.177395849758268,52.43535850862379],[13.177515750262849,52.435311808309905],[13.177590441477461,52.43526056827953],[13.177659221381267,52.43523300789312],[13.177737121171624,52.43517340759039],[13.177756118673388,52.435158046650066],[13.177892218083045,52.43504164609736],[13.177954394891705,52.43497410241487],[13.178022739099292,52.43487652996885],[13.178109266193513,52.43487312935002],[13.178161553749195,52.4349424244186],[13.178168181079911,52.43494732279685],[13.178041728476247,52.435058601895335],[13.177953536088603,52.435178114848576],[13.177929235357388,52.43523871472523],[13.177924752380404,52.43525078978295],[13.177893094865249,52.43534342407298],[13.177627497972495,52.43568384915108],[13.17759362829175,52.435835531627944],[13.177549129867442,52.435888188393086],[13.177545703808446,52.435890825397536],[13.177205801979936,52.4362012239846],[13.17710843878755,52.43643102810728],[13.1771169379628,52.436493428141624],[13.177246914682618,52.43669054800641],[13.17744490225582,52.43677115613515],[13.177402082610675,52.436832986863884],[13.177291874637834,52.436937099353294],[13.1772741080792,52.43711986189398],[13.177303306957818,52.43720876202523],[13.177307844951478,52.43721396664109],[13.177283023644483,52.43726266002589],[13.177313799113296,52.437524506269774],[13.177445897514632,52.437693606844434],[13.177461901563332,52.43771261828589],[13.177522401008643,52.43777951854256],[13.177851094319593,52.4379466592296],[13.17848249509039,52.4380754119953],[13.178527837770856,52.43808841561911],[13.178656043540917,52.438153626975186],[13.17867874365172,52.43816122703012],[13.178782342815774,52.43817875502231],[13.178766244295616,52.43819522410344],[13.17859384173097,52.4382541970675],[13.178515535059963,52.438181806000685],[13.178491635114488,52.43817030607426],[13.178127699826346,52.4380932562365],[13.178093800102374,52.438093256239],[13.178029826269542,52.438095388286165],[13.177993926557598,52.4380977882695],[13.177627968925838,52.438209772331774],[13.177601068908771,52.438227372234465],[13.177474217870149,52.4383566685095],[13.17746131761577,52.43837976844682],[13.177454396677843,52.43842626384143],[13.177409342004218,52.43842615892009],[13.177113921069925,52.43847404058773],[13.177114177270507,52.4384685495893],[13.177112891355948,52.43843243083946],[13.177100827342123,52.43833023072482],[13.177090637797674,52.43818170675355],[13.177093279220218,52.438120494939206],[13.177131217036264,52.43797561847746],[13.177138470919084,52.43792659417948],[13.177144568631947,52.437754694128444],[13.177141431940985,52.43770901729205]],[[13.185114879794238,52.43255946230134],[13.185132522424908,52.43260078589992],[13.18518739962586,52.43265127522349],[13.184968636188813,52.43263348900006],[13.185011999707728,52.43261311363094],[13.185019784850894,52.43260783005388],[13.185114879794238,52.43255946230134]],[[13.180845760340754,52.499498653266976],[13.180796351871866,52.49967919247554],[13.180864313975645,52.49979307602023],[13.180844337971333,52.49980215963318],[13.180389076864751,52.499830916283734],[13.180441348195984,52.49919692272497],[13.181058290778775,52.49921043024633],[13.180845760340754,52.499498653266976]],[[13.181648435037856,52.49774649024348],[13.181853365695893,52.49785764579151],[13.182118538752356,52.4979001535768],[13.182535542150386,52.49790575365299],[13.182831144263002,52.4978617562339],[13.182920709462929,52.49780963395462],[13.182910643374301,52.49796587509991],[13.182915046120707,52.498026077930824],[13.182947144136325,52.498177678070334],[13.182968399800837,52.49823746037192],[13.182994599194549,52.498289360490304],[13.183078204287606,52.49839246800174],[13.183142803980658,52.498447668259004],[13.183148479103235,52.498452434566694],[13.183197336801769,52.49849276900516],[13.183017806242807,52.49848944278606],[13.1830174248862,52.49848886746002],[13.18279591202803,52.49832366470168],[13.182459973351895,52.49826422586839],[13.18171847940275,52.49827292585271],[13.181669011164846,52.49827477867437],[13.180511331549546,52.498348068947365],[13.180606565815616,52.49719287701134],[13.180615114353035,52.49711034142081],[13.181569368802187,52.497126878181454],[13.181572362492727,52.49725080190278],[13.181575004499582,52.49727992333342],[13.18158815450796,52.49736336762116],[13.18158518749162,52.497404584080456],[13.181574182765269,52.49742419203925],[13.181548132896761,52.49759076253747],[13.181648435037856,52.49774649024348]],[[13.178934058571732,52.4953783402957],[13.178784944160622,52.496470339429806],[13.178784497809232,52.49647381112288],[13.17850267217069,52.49881076562132],[13.178404490217588,52.49962213599496],[13.178220082188265,52.500514175934704],[13.177872461974607,52.50140522873681],[13.177859004232165,52.501521995457985],[13.178401645933272,52.50506102127761],[13.178179929751952,52.505842100844255],[13.178039678682936,52.505852055331424],[13.177797180800612,52.505960240653565],[13.177673600449065,52.50612731358748],[13.177500169252538,52.506758099012174],[13.176425397456844,52.50673126114384],[13.176145780775602,52.50676652536908],[13.175926162733681,52.506877863342396],[13.17581811273568,52.50703913162948],[13.175813598367386,52.50705821335073],[13.173008972163936,52.50710801255],[13.172769003996615,52.50714388980545],[13.17009717820732,52.50793439823219],[13.1697995427421,52.507760159059856],[13.16947413778636,52.507663605632786],[13.169117609132611,52.50770129409754],[13.168496309173703,52.50790040343757],[13.16841380021879,52.5078454834743],[13.16803565918575,52.50755194083864],[13.167932119999628,52.50745531153511],[13.167830445316445,52.507360443971685],[13.167815794680092,52.50735244637394],[13.167809094567593,52.50734116973761],[13.167446190626459,52.50702407282985],[13.167424952481952,52.50700607738376],[13.167111049707914,52.50674808000829],[13.167051349334542,52.5067027268632],[13.166260146076167,52.50614643311588],[13.166243936365095,52.50613525826197],[13.165436878342874,52.50558969859599],[13.165181178466343,52.505413458325336],[13.16517033731882,52.505406082967596],[13.165137181022747,52.50538381846668],[13.165020081460126,52.50529040712287],[13.16498992339979,52.50527624236837],[13.164973357218035,52.505255335165685],[13.164814056538212,52.50514273642722],[13.164782601304712,52.505129693973444],[13.164764052929417,52.50510943513653],[13.164722611550395,52.50508342334622],[13.164585916370267,52.50499744200874],[13.164451049008786,52.504912591665565],[13.162423176160415,52.50352150962501],[13.162414690667674,52.5035157475766],[13.16132168752794,52.50278105605575],[13.161302206171705,52.50276825790236],[13.16005300410167,52.50196616740287],[13.160034377246111,52.50195446006083],[13.15960703807578,52.501691543561336],[13.160275222226788,52.50165119092259],[13.160559461294174,52.50158604633415],[13.16075279832331,52.50144317809074],[13.16080388567714,52.5012605307632],[13.160614168978913,52.49999943154471],[13.160508891831176,52.499825035790394],[13.160274983472618,52.49970602316386],[13.15997494633647,52.49967419453939],[13.15914245306705,52.49971969423378],[13.15885352423396,52.499784817242904],[13.158657929486298,52.499930021003266],[13.158609131172883,52.50011561742758],[13.158797591900882,52.50120303143796],[13.158522681020285,52.50103878017647],[13.157760920081657,52.50057430727005],[13.157377063790657,52.50033871800932],[13.156276175074968,52.49963072350513],[13.155421825260667,52.49900659863238],[13.154552590267794,52.49837102958581],[13.154541429766148,52.49836298258278],[13.153816502405762,52.49784753748102],[13.153798536916026,52.497834377787235],[13.153750591376983,52.497799175341456],[13.153807842258077,52.49774218697446],[13.153826018135103,52.497569579778066],[13.153710031164378,52.49741176582119],[13.1478838115798,52.492872488329326],[13.147844216133736,52.49284469430377],[13.146180070297042,52.49179076869748],[13.14450301392805,52.490342460407625],[13.144302226919912,52.48920043554554],[13.144214715406678,52.48904693682745],[13.14402541647273,52.48893264491339],[13.143773012891751,52.48888091470675],[13.143284416810838,52.48885221497454],[13.143195144344524,52.48885112163501],[13.141802241250279,52.4888986186613],[13.141189599126236,52.48842435808702],[13.140993850017434,52.488271849150046],[13.140994019106694,52.48813590106611],[13.142740077003165,52.48814493290885],[13.142747230612336,52.488250115657394],[13.142841281292995,52.48843058501471],[13.143072510391033,52.48855684471562],[13.143376763074627,52.488593863371435],[13.146938291975921,52.48844186241019],[13.14719582524681,52.48839309780678],[13.1473907694943,52.48827938244874],[13.147482266969522,52.48812454991303],[13.14767899651042,52.48708720349608],[13.148218576147096,52.485353547032425],[13.150376577857443,52.48402882906271],[13.1504045248142,52.484010431001984],[13.150576424536231,52.4838890303562],[13.151680662970904,52.483108997797395],[13.151738177409511,52.48306080728944],[13.151828576422094,52.48297011407359],[13.152205988646553,52.48260291070731],[13.155136236071202,52.48283690388857],[13.155207840965945,52.48283992773564],[13.155958247083833,52.48284362782194],[13.155967225736239,52.48284363027593],[13.156377929086219,52.482841830292166],[13.156418639955847,52.48284079116397],[13.160675874451373,52.4826417898736],[13.16100064434861,52.4825631408212],[13.161195267884137,52.48238599178827],[13.161191241568904,52.48217269716154],[13.160510237354034,52.48088664712281],[13.164642000998686,52.480386578189226],[13.170835328931142,52.479636975085945],[13.171118460899354,52.4795494755326],[13.171286108342082,52.479384967441796],[13.171289586472193,52.479191225298855],[13.171034779461511,52.47861072645203],[13.171028357900841,52.47859716699457],[13.170418686933644,52.47739847399877],[13.176748465767064,52.47667364073086],[13.176823768580519,52.476665392358925],[13.176824397187875,52.47666532328865],[13.176874297577383,52.47665982324835],[13.177138916634908,52.47658607762813],[13.177313433456261,52.476443983812516],[13.177355260767891,52.4762682176895],[13.177254192843574,52.47610167195982],[13.1771592923425,52.47601777234143],[13.17659213479281,52.47551652639585],[13.17658660762245,52.475511725740795],[13.176058305125924,52.475060727843065],[13.176026946007505,52.475036264096765],[13.175038015595781,52.47432990473804],[13.173922057672765,52.473426635386936],[13.172443588163732,52.472156497124345],[13.172389833482125,52.47211670297178],[13.170571615361238,52.470952048563895],[13.16993775497368,52.4705330556131],[13.173890084658726,52.468988310648264],[13.174302324523786,52.469501625183646],[13.174521058896875,52.46964902075036],[13.174834637679178,52.46970283445819],[13.17514707235913,52.46964659353676],[13.175338173165581,52.46957229303659],[13.175396649060865,52.469546344888435],[13.17549457803973,52.46949700644451],[13.175502751460272,52.46950460040035],[13.175757872225658,52.46958819208383],[13.175936773542572,52.469615392309564],[13.175999741751529,52.469622768706834],[13.176686747175852,52.4696797692136],[13.176925560916207,52.46966958498078],[13.177426071247533,52.46958351943884],[13.17792236834947,52.46950242448045],[13.17792563497898,52.46950188455622],[13.178353422127165,52.46943037044165],[13.1783581857547,52.46943595434328],[13.178383480476484,52.46944607471755],[13.178255007106982,52.46949974449254],[13.17807235738405,52.469622328300204],[13.177999149789665,52.469781922568984],[13.178050941560842,52.46994461472261],[13.178144440317936,52.4700709151326],[13.178318455581232,52.47020613193162],[13.178575399630644,52.47027652210097],[13.17875430101002,52.47029642227205],[13.178995074853008,52.4702926223629],[13.179156713833471,52.470269317440085],[13.17917763622086,52.47027613696253],[13.17933041407768,52.47036560707121],[13.179571854411641,52.470451046088904],[13.179850597245187,52.4704589934048],[13.180391301431994,52.47039459293103],[13.180542604900106,52.47036306633348],[13.181237808766218,52.470150064827024],[13.181444605693626,52.47004457471756],[13.181454252385546,52.47003113559021],[13.18254676888748,52.470905940690706],[13.182557272052378,52.470914103480794],[13.182954815623928,52.47121404473648],[13.182945914717262,52.471239113956244],[13.18296401577615,52.47143127795192],[13.183141836643365,52.47159020269868],[13.183675933428535,52.471865140632424],[13.18388437059665,52.47207800896725],[13.184064547425377,52.472407200928934],[13.184056954900019,52.472859213641875],[13.184065860443456,52.47292530646705],[13.184196673213139,52.473378551239975],[13.184210180027321,52.473551028461664],[13.183874165040029,52.47381152436874],[13.183805267712371,52.47387921122797],[13.18329886178797,52.47452750891386],[13.183253508114603,52.47461005816644],[13.18319660600562,52.47477945787164],[13.183186640486376,52.47488162669462],[13.183218537397387,52.4751148268238],[13.183318454554703,52.475287123159504],[13.183417626506504,52.47537614643792],[13.183551075469195,52.475556827112634],[13.183523168665173,52.47564376107334],[13.182907151281494,52.47647402692694],[13.182854685484578,52.476620143849395],[13.182844825580743,52.477578893776176],[13.182815713252221,52.47808764670035],[13.182833184068642,52.47818800767187],[13.182982461217625,52.478549923077125],[13.18302106673383,52.47878985492304],[13.18302317994361,52.47880115007334],[13.183047322942311,52.47891429960885],[13.183059934202722,52.47906255082903],[13.18306042900806,52.47906766406409],[13.183071027709234,52.479165364104595],[13.18308851898703,52.47923167585678],[13.183217915273586,52.47953697644266],[13.18322846603412,52.47955895756808],[13.183314845072944,52.479719749739544],[13.183365115596448,52.47986765655299],[13.183431718308167,52.480063572089165],[13.183467594180492,52.48013291577894],[13.183492393824624,52.480168015888324],[13.183496348164253,52.48017348708682],[13.183619588558093,52.48034023257623],[13.183720930392848,52.48049023712903],[13.183813122455451,52.4807947335782],[13.183853413413551,52.480927909489246],[13.183919495464945,52.48103914305773],[13.18403723471624,52.48116667887698],[13.184288872817605,52.4814395152374],[13.184450797685209,52.481551704974734],[13.184625707040889,52.48160061688946],[13.184787416884017,52.481834048422456],[13.184967707726532,52.48209433985321],[13.185426860375465,52.48275709389938],[13.185449717757722,52.48284944258067],[13.185494007894437,52.483064047957576],[13.185507072914568,52.48310655020538],[13.185572870953862,52.483266750503304],[13.185625471243627,52.48334963846171],[13.185729729548088,52.48346795603475],[13.185622188303658,52.48372145615757],[13.185631226403089,52.48392085680147],[13.185684725220053,52.48402325704285],[13.185712484951107,52.48405396830701],[13.185721927245481,52.48410728149748],[13.185568235431411,52.48428751332388],[13.185308176877628,52.48445006160224],[13.185044604387853,52.48442359035379],[13.184776367003876,52.48447818401282],[13.184580721697701,52.48460280822393],[13.184487120946534,52.484702207815786],[13.18440902061594,52.48489202704602],[13.184461455446563,52.484993632093165],[13.184390162253887,52.48505794047959],[13.18434496169613,52.48511754027166],[13.184335317148506,52.48513026528697],[13.184158058499268,52.48519234465606],[13.184005222619446,52.48534885175954],[13.18399002224541,52.485380951683915],[13.18398320736834,52.485525682615155],[13.18392343346371,52.485637042934144],[13.183910886271873,52.485663902527826],[13.183844884267739,52.4858293021925],[13.18384729784891,52.48591486924357],[13.18384604516876,52.48591697484309],[13.183760071071449,52.48607799116084],[13.183732624467803,52.48612429789249],[13.183676342346773,52.48619610236764],[13.183550811592612,52.486342104353454],[13.183516075613023,52.48639100593648],[13.183350737049546,52.486680974248706],[13.182603080498918,52.48736955769183],[13.182601563963509,52.48737095696445],[13.182559282463552,52.48738712244667],[13.182416499389385,52.48755500312874],[13.182391712000886,52.48762506828415],[13.182251236863179,52.48786517111473],[13.182239148582719,52.487888262226214],[13.182161708162338,52.48805542762202],[13.182130404905823,52.48807766353057],[13.181996888074591,52.48825018617148],[13.18195008599649,52.488413885924594],[13.181941504229854,52.488466603876276],[13.181940334547544,52.48849481339889],[13.181911213438106,52.48858717567267],[13.181882329257311,52.48861999636066],[13.181855908990554,52.48864867827636],[13.181783316312488,52.4887886270729],[13.181808407177718,52.48893462279707],[13.181852533886673,52.48901867917402],[13.181850556958123,52.489022616662105],[13.181800329335848,52.48912682450326],[13.181665635696962,52.48937041587024],[13.181661040627677,52.489379087098186],[13.18160363933431,52.4894922868152],[13.181591017194735,52.489675742282344],[13.18166270516635,52.48976095006736],[13.18170059080557,52.48989470434856],[13.181723065314555,52.4899182851195],[13.181761527598955,52.489995409182505],[13.1818914415274,52.49013406888013],[13.182106932798769,52.4902246921884],[13.182119281097568,52.49022587190718],[13.182199969545076,52.49041569971446],[13.182226006960471,52.490463110103356],[13.182418104026445,52.49074591095448],[13.182645523643693,52.49091135649152],[13.182694667524208,52.49091941962424],[13.182695032700178,52.49091969835622],[13.182807032368334,52.49100459878472],[13.182813954750397,52.491009747848786],[13.182909854516792,52.49107974821056],[13.18292672787477,52.491091533532206],[13.182982021831002,52.491128498262164],[13.183069119034064,52.49119786830219],[13.183232321922475,52.49134490323261],[13.183337105700291,52.49147307674778],[13.183361571245934,52.49151312965687],[13.183369278208698,52.49153539026377],[13.183446932425717,52.49178214366254],[13.183497609524066,52.49207577011537],[13.183514566456077,52.49213144813513],[13.18356222711673,52.49223965703665],[13.183528993625238,52.49223703203662],[13.183219484461718,52.4922636244589],[13.182975837445973,52.49238312731146],[13.18286665570199,52.49256189279496],[13.182849449543202,52.49268051389425],[13.182828639912435,52.4927605401899],[13.182863781162304,52.49295087823244],[13.182889501127837,52.49297146623364],[13.182908325235298,52.49307911570637],[13.182927024828976,52.4931144157907],[13.183054717948567,52.49324770348647],[13.183120217874194,52.49329100372385],[13.183279720910333,52.49336125134847],[13.183307006579602,52.49338383159469],[13.183322861806497,52.49340446543176],[13.183343594214813,52.49344593129056],[13.183331375427876,52.493462639807404],[13.183276873000572,52.49365373951982],[13.183306857093367,52.49384359041907],[13.183410708014915,52.49392997961221],[13.182094604984773,52.49398355597252],[13.181838232892797,52.494031294744424],[13.181643056593497,52.494143426591265],[13.181549487127505,52.494296735054554],[13.18157689891486,52.4944594779634],[13.181734195777468,52.494737978670585],[13.18195235875347,52.49491494797571],[13.182075679022146,52.494938196908215],[13.182073903173313,52.49494556351668],[13.182118989775203,52.49514473233706],[13.182332231930207,52.49529798357741],[13.182646944408768,52.49535739148671],[13.183115349590755,52.49536212583095],[13.183094424595136,52.49548309679159],[13.183048048766876,52.49549011267561],[13.183025695182659,52.495488861533126],[13.182746486321081,52.49551472314294],[13.182519082519825,52.49561692742128],[13.182395746845703,52.49577198548438],[13.182393858585412,52.49577739514222],[13.182276928016641,52.49589318418566],[13.182253705336553,52.49595454670776],[13.18213522600685,52.49612787864894],[13.182063178639197,52.496195658594544],[13.181968963303788,52.49619472025013],[13.181869899774659,52.49619140018866],[13.181547536528846,52.496237465397165],[13.18151840519109,52.49625576057857],[13.18068784689008,52.49624392085266],[13.180716357300302,52.49537832774144],[13.180644462319712,52.49519883909661],[13.180436006061026,52.49506484684664],[13.18014604458413,52.49501173952515],[13.179959191909292,52.49500812796324],[13.179836920785391,52.49495579316671],[13.17948280906959,52.49495557585859],[13.179192473743068,52.49507931467188],[13.179054273296295,52.49518891412606],[13.178934058571732,52.4953783402957]],[[13.18386368599762,52.431711373371364],[13.183869672936924,52.43173180447005],[13.183853834117091,52.43173122503527],[13.18386368599762,52.431711373371364]],[[13.170903125845646,52.46176824984776],[13.1714467929169,52.46072154393957],[13.171717620450348,52.46076027545483],[13.171965497652065,52.460762970655246],[13.172129381036935,52.46074326279265],[13.172150910656889,52.460758380117085],[13.172320873087147,52.460840570785564],[13.17263503148848,52.46094156088728],[13.172494324943859,52.46097444570059],[13.172309047699892,52.46110154287185],[13.17159447984344,52.46192264375052],[13.171259824533335,52.461847919708674],[13.170903125845646,52.46176824984776]],[[13.178571032126104,52.4626124613938],[13.178577553575074,52.462611738332036],[13.178585158715647,52.46264090692717],[13.178632157174768,52.462765207139576],[13.178728496435854,52.46289480482914],[13.178899619898,52.46299141402852],[13.17895072011545,52.463010414161886],[13.178951803497476,52.46301081600985],[13.179004503723375,52.46303031614693],[13.179240491980318,52.463076495822186],[13.17925041602263,52.46311214272348],[13.1794105185514,52.46323209182026],[13.179391622514778,52.46349343880403],[13.17939114194583,52.46350292397316],[13.179381237400296,52.463843923882855],[13.179390403755912,52.46391382009585],[13.179477799954887,52.46421122048661],[13.179629560420937,52.464394780014096],[13.179662764975264,52.46440647677071],[13.179662464631464,52.464425419841795],[13.179663293968124,52.464448294595435],[13.17967999145573,52.46463709465501],[13.179758678202795,52.4647680632352],[13.179750388640594,52.464824149070935],[13.179821342342425,52.46500951989839],[13.179771423494678,52.465014429737],[13.179565796287728,52.46513237765323],[13.179554534900827,52.465064927161194],[13.179344074354454,52.464824338590304],[13.179230129277723,52.46476678017387],[13.17868976900821,52.46407727069807],[13.17856650678504,52.46397315543938],[13.177681907041787,52.463454358471225],[13.177555896274342,52.46339799934164],[13.177034998834113,52.46322460059754],[13.177029365444724,52.46322274948707],[13.17600343434119,52.462890002989276],[13.176363947292193,52.462423329553936],[13.176419520351134,52.46225220606698],[13.176343242536808,52.46209848689016],[13.176386188329825,52.4621116323314],[13.176803300593905,52.46230298712913],[13.176808069662378,52.462305152063664],[13.176979270153849,52.46238205256966],[13.1772491427189,52.46244870133799],[13.1775383009423,52.46242821299273],[13.177710892159972,52.46238788801992],[13.177721501896617,52.462400936013594],[13.177923712735886,52.46249848683663],[13.178211014329108,52.46258278746628],[13.178571032126104,52.4626124613938]],[[13.178582582441488,52.467723146744426],[13.17896213593139,52.46762880440321],[13.179691864795734,52.467201073916755],[13.179783642030026,52.467380636813004],[13.179827615387914,52.46744435592141],[13.18022207269856,52.46789041605724],[13.180233048793555,52.46791349451829],[13.179941139057584,52.467956037509815],[13.17958585024077,52.46796925789574],[13.179533643827899,52.46798418010073],[13.179344502844653,52.46783022188278],[13.179060276722744,52.46770501252116],[13.178709899609805,52.46770063762444],[13.178582582441488,52.467723146744426]],[[13.178146134954654,52.46802020390999],[13.178127322818295,52.46809974821353],[13.177904391198998,52.468077771648304],[13.17786316811376,52.46790753481256],[13.177676383993013,52.46776385741823],[13.17794472749911,52.46773205369794],[13.17845926587585,52.46772942980769],[13.178558179932987,52.467728935739295],[13.178284743965238,52.46783554441567],[13.178146134954654,52.46802020390999]],[[13.172251121826648,52.420948420410824],[13.172248145756821,52.42095166473746],[13.172246153884238,52.42091977937266],[13.172243460804909,52.42089650541929],[13.172217995382713,52.420745999755184],[13.172561855088414,52.420708105607254],[13.17259454806745,52.420708702630066],[13.172706690559536,52.42072083988229],[13.172740474518234,52.42072388073993],[13.172823875180528,52.42072988079417],[13.172983056944865,52.42071495939082],[13.172901396808845,52.420736448795004],[13.172807004122065,52.42076132584934],[13.172692564017337,52.420801322164365],[13.172613944288779,52.42083648783942],[13.172575635465906,52.420846509095426],[13.172533118746781,52.42085287471822],[13.17230202170985,52.42092312056844],[13.172251121826648,52.420948420410824]],[[13.151737832669886,52.43973031261085],[13.15206897112738,52.43980797989469],[13.152028233658507,52.43981139574037],[13.151937745730814,52.43983082972824],[13.151916343019689,52.439824330998825],[13.151737832669886,52.43973031261085]],[[13.120214846123554,52.43018823878148],[13.120225995129083,52.4302021265389],[13.120251494929855,52.43022832664534],[13.120450060716577,52.43033475779396],[13.120456625781989,52.43034077970717],[13.120524576668629,52.430392161505296],[13.12056947664634,52.43042036166415],[13.120685726266377,52.43047692640754],[13.120782726679867,52.43051292666025],[13.120831226247773,52.43053092654952],[13.120956459962292,52.43056588345587],[13.12108316083294,52.43059078365576],[13.121180784301671,52.4306044931712],[13.121234190313185,52.430609112703955],[13.12124037457367,52.430610906990886],[13.12132915086363,52.430631479861844],[13.121380051224802,52.43064047993514],[13.121456212620917,52.430650659085934],[13.121556892211043,52.430659893703],[13.121781766946258,52.430697008952166],[13.121903242261396,52.43070891224212],[13.122014567642605,52.43071260314593],[13.12209662487466,52.430715370816635],[13.122213016869663,52.430725996144986],[13.122306290673748,52.43072991877726],[13.122441791776945,52.430729018780355],[13.122483262989544,52.430727847722075],[13.122534819921919,52.43072527482744],[13.122683977566725,52.4307180012861],[13.122730681959956,52.43071570323323],[13.122973417889748,52.43071224226006],[13.123089398506236,52.430703490752805],[13.123170240837174,52.43069231982601],[13.123278065376358,52.430684321199514],[13.123319437715974,52.430680333936095],[13.123519310644987,52.43065658513552],[13.123763137396391,52.43065419383402],[13.123780468089066,52.43065386761846],[13.12381648147531,52.430652864792464],[13.123844096975638,52.43066584186863],[13.12412188982741,52.430736939380594],[13.124420840799711,52.430714676662674],[13.124662580251739,52.43060488984475],[13.124726080079165,52.430556189597695],[13.124804541293626,52.43044530319802],[13.124821164447567,52.43044345961765],[13.124853083516761,52.43043781139679],[13.125079074201953,52.43043065923359],[13.125108500052422,52.4304847366019],[13.125144699721002,52.43052473675536],[13.125179223461895,52.430558357985205],[13.125281694616275,52.4306468889002],[13.125297658488666,52.43067081078532],[13.125372757752974,52.43075661110572],[13.125452140712442,52.43082612103614],[13.125484340660961,52.43084822115449],[13.125533426950767,52.43087405768821],[13.125749288049354,52.431020588069046],[13.125848881013775,52.43107446001947],[13.125863691858425,52.43108080284834],[13.125867176246878,52.43108360219115],[13.125935376328718,52.43112955304907],[13.125993076367246,52.43116225324335],[13.126103565895725,52.431211602262906],[13.126224266462978,52.43125330256179],[13.126243798081111,52.431258761412494],[13.126324355154846,52.43129835677534],[13.126343449374149,52.431305509042424],[13.12637491279613,52.4313219921844],[13.126433368775233,52.43134894714649],[13.126528669126577,52.431387447409506],[13.12660610367678,52.43141383492055],[13.126643603890667,52.431424435000366],[13.126721253609245,52.43144243600346],[13.126886254767658,52.43147273624901],[13.126962868813632,52.43148345412125],[13.127045969461413,52.431491554192014],[13.127145377096351,52.431496016460024],[13.127486079870275,52.431493616466646],[13.127556604631419,52.43149052186597],[13.127755444119709,52.431474409053784],[13.127826461918522,52.431473619461016],[13.1278592362544,52.431476568436025],[13.127867421341495,52.43148106354385],[13.127903178651378,52.43151895287173],[13.127940277300372,52.431553508901786],[13.127953649114922,52.431564526978235],[13.12802216307261,52.431655223625285],[13.128059741418575,52.43169733533642],[13.128120041017167,52.431755335584214],[13.128157557397229,52.4317873931535],[13.128221957202383,52.43183649340003],[13.128277827110157,52.43187345926959],[13.12837172715799,52.43192745958809],[13.128404450527094,52.431944931424376],[13.128554650829548,52.43201933189464],[13.128594065943625,52.432037242626585],[13.128826066749346,52.4321337432793],[13.128927703975444,52.43216759902438],[13.128937401754198,52.43217010813921],[13.128986119600592,52.43219033164055],[13.129105365962362,52.43222845820816],[13.129127634530839,52.43223369537779],[13.129147799355298,52.4322400589909],[13.12929325760841,52.43229796912066],[13.12944683549114,52.43234136213299],[13.129549232163674,52.432359949597355],[13.129574964464284,52.43237025304876],[13.129672200681195,52.43240167351234],[13.129940402326689,52.43246957403507],[13.130057447943827,52.43249082259523],[13.130188166829932,52.432505753228185],[13.130278809563997,52.43252447729757],[13.130380622969874,52.43255280974159],[13.130486718456503,52.432590516511084],[13.130525839110932,52.43260323992827],[13.130725322711463,52.432662337421945],[13.130763611053059,52.43267956254436],[13.130791245104785,52.43268999301986],[13.1308628224686,52.432732675599524],[13.130915122568423,52.43275887576433],[13.130964464143785,52.43278107246861],[13.131106564671388,52.43283827285987],[13.131225470890246,52.432870206339686],[13.131247538571326,52.432879715799935],[13.131278846851949,52.43290333523753],[13.131528712803902,52.43301350051723],[13.131541637804423,52.433016473556165],[13.131582600128336,52.43303410625591],[13.13166850053671,52.43306350646718],[13.131724831244801,52.433080439701634],[13.131831551717815,52.433108302491526],[13.131939268539664,52.43315269889234],[13.131992868827677,52.43316899901304],[13.132056113881669,52.433185488679385],[13.13210441419997,52.433196088763054],[13.13220360111311,52.43321204942896],[13.132264964437685,52.433218492896145],[13.1323435425896,52.43323386455894],[13.132423462881306,52.433255166728685],[13.13264416069412,52.43328503230631],[13.132786105301534,52.433287162501216],[13.132869285689976,52.43329860521438],[13.132920186092564,52.43330260525023],[13.132984109132378,52.433305476754136],[13.133095315423736,52.43330675847924],[13.13319888116012,52.43331581583372],[13.13325902605545,52.43331916157495],[13.133519190623517,52.433325430672],[13.13358084058663,52.43333302095943],[13.133582611897321,52.433333394346384],[13.133746987237952,52.43335265010589],[13.13399248922723,52.433359650181046],[13.13399441397244,52.43335970312924],[13.134006784559208,52.43336003102676],[13.134051452901097,52.43336392260385],[13.13406436923581,52.43337004342403],[13.134072944074182,52.43336328355784],[13.134195613358353,52.43340974684921],[13.1342083894977,52.433424631870004],[13.134256985407,52.4334719155839],[13.134307076325962,52.433513155752436],[13.134309150034134,52.43351553872882],[13.134397655083879,52.43359149262218],[13.134411128012884,52.43360035124671],[13.134424457328514,52.43366580831806],[13.134432827451107,52.43369621027455],[13.13443441049449,52.43370075874509],[13.13443496955846,52.4337207288994],[13.134424499037028,52.433737186358016],[13.134414198839288,52.43375528630807],[13.134402572025262,52.43379093738441],[13.134397366197716,52.433799926131165],[13.134384820465076,52.43384536853413],[13.134382565652853,52.4338522823963],[13.13438238038853,52.43385420682199],[13.134363659523807,52.43392201620533],[13.134364957726683,52.434056916194955],[13.134376633403255,52.434126110315674],[13.134406132280427,52.43421521044809],[13.134411221422619,52.43422915138708],[13.134423321050953,52.434259451441704],[13.134427557054261,52.43426943535094],[13.13443155694761,52.434278335369015],[13.134487609380798,52.434358890506374],[13.134473745290752,52.434431919121444],[13.134475044724601,52.434474419122566],[13.13459755635628,52.43467083623817],[13.13459136926287,52.43467297101011],[13.134580229316906,52.43465446697821],[13.134585771257068,52.43468523939081],[13.134604163546692,52.43474314306105],[13.134604174971434,52.43474316791666],[13.13463210450857,52.43483979118349],[13.134659356507358,52.43489136854417],[13.134678550720945,52.43494577933179],[13.134694313396437,52.43498145306753],[13.134722572662932,52.43503442665593],[13.134725656429316,52.435062492302585],[13.134759732257917,52.43516123888395],[13.134783577457442,52.4352013291149],[13.134814665719265,52.43527592669238],[13.134817494908864,52.43528003679695],[13.134830407387115,52.43532458129344],[13.134831145247265,52.435326200227436],[13.134836689814932,52.43535644082509],[13.134858928495138,52.435420020722496],[13.134859050360234,52.43542194518962],[13.134881849232714,52.43550944529036],[13.134886627936023,52.43552246832746],[13.13488662770761,52.43553959853253],[13.134889288995106,52.435573762250165],[13.134902687864342,52.43565956230553],[13.13490629904983,52.435671489633854],[13.134886828355688,52.43575254267286],[13.134885527954115,52.435782742662695],[13.134887108011906,52.43582017840105],[13.134889335065898,52.43583761759568],[13.134881109892461,52.435858807140384],[13.134865388558536,52.43593325542519],[13.13486398807971,52.4359692554138],[13.134864044262587,52.43598768671884],[13.134865443848401,52.43601878672188],[13.13487290959217,52.43606683874482],[13.13488158015291,52.436099294207544],[13.134869230553065,52.43615089590949],[13.13487052882099,52.436280895899735],[13.13487554680614,52.43631352483632],[13.134828170463225,52.43635807353874],[13.134774569918333,52.43642187329795],[13.134748689399833,52.43645725042337],[13.134714157878134,52.43651222813137],[13.134705675306291,52.43652178672065],[13.134657495257365,52.43659368676986],[13.134613194164425,52.43668768654922],[13.13460374425928,52.43671052623312],[13.134558623332424,52.43683686036009],[13.134516369837279,52.436892389137114],[13.134484497587248,52.43694447235161],[13.134462409697466,52.43699133161531],[13.134461939727583,52.43699192112975],[13.13440493754039,52.43711674803471],[13.134399885639649,52.43715060353675],[13.134379688463914,52.437198272412466],[13.134366021999407,52.437241081024474],[13.134348620964479,52.43732118092954],[13.13434513610914,52.43739526947353],[13.134347835816488,52.4374173694841],[13.134352133646715,52.43742815701525],[13.134351139943606,52.43742952086864],[13.134327436168128,52.4374699124408],[13.134277881650986,52.43753660908145],[13.1342575988342,52.43758258696384],[13.134236023999183,52.437617056035805],[13.134196483733144,52.43763491812802],[13.134137883803447,52.43766751793367],[13.134137269276229,52.437667860287384],[13.134118584618795,52.43767828430963],[13.134087800387388,52.43769540857537],[13.133964814277551,52.437791983718725],[13.133943414076352,52.43781648362353],[13.133892760656657,52.4378959534512],[13.133788157699232,52.438143652922896],[13.13377489130849,52.438185352469525],[13.133730863593138,52.438229460694366],[13.133689640824002,52.43827900957581],[13.133577718898742,52.43844399908616],[13.133413104567081,52.43865340909323],[13.133396243427818,52.43867698435195],[13.133349242678456,52.438749684128865],[13.133327699424052,52.438789732622766],[13.133324889941633,52.4387962140663],[13.133282839739126,52.43884310202086],[13.133231938842291,52.43892730177646],[13.133215819953048,52.43895818122816],[13.133201019557095,52.43899168115384],[13.133182939092924,52.43905392827578],[13.133182471567943,52.43905717972046],[13.133163945796928,52.43909039140747],[13.133139480801667,52.43915109672257],[13.133136780666156,52.43916169670811],[13.133134907866907,52.43923080491784],[13.133127533499616,52.439253616269816],[13.133118488470878,52.43935373161317],[13.13311933323074,52.439359809427366],[13.133114117042407,52.43938788975049],[13.133112716748949,52.43940998974084],[13.13311450511435,52.43945516883165],[13.133115904984908,52.43946496883732],[13.133131245323964,52.439508185586924],[13.133130063056537,52.43951406769991],[13.133129499661084,52.43951969449449],[13.133056887952156,52.4394833150454],[13.133023586339144,52.439462372052446],[13.132963286407248,52.43942967225092],[13.132877623800713,52.4393910825991],[13.132833323990308,52.43937468271432],[13.13275218115229,52.43934965966146],[13.132741821400018,52.43934705713753],[13.132722608344357,52.43933939532683],[13.132530334796371,52.439289741457586],[13.132435135509088,52.43927664156761],[13.132317495821885,52.439267929596305],[13.13218469690198,52.439266329619365],[13.132085583767104,52.43927025999039],[13.132011174658546,52.43927710047263],[13.131918174135173,52.4392810053767],[13.131831726442933,52.439288606209985],[13.131783526810128,52.43929510616208],[13.131606427178353,52.43933833151106],[13.131555427411145,52.43935713138301],[13.131433331538808,52.43941700268469],[13.131394325102871,52.439442024863304],[13.131337470673856,52.43946051864087],[13.131276711588034,52.4394832700099],[13.131276179952106,52.439483497240914],[13.131151457072061,52.439516395689736],[13.131112067086796,52.4395278625114],[13.131047827990978,52.439548382528656],[13.130971756405348,52.43955754329273],[13.13084879540615,52.43958114362984],[13.130770863933693,52.43960207377857],[13.130766175326015,52.43960321336956],[13.13068831458403,52.439626325755405],[13.130608863538995,52.43965450123511],[13.130579936859919,52.43966112624182],[13.130538530121324,52.43967172736851],[13.130486744193204,52.43968642930833],[13.130475605708746,52.439687724019706],[13.130444269215236,52.43968935188782],[13.130332608729837,52.43970186999777],[13.13021050961637,52.439723169840384],[13.130124398432265,52.43974275117104],[13.129827036312859,52.439827059985355],[13.129822439454696,52.43982705998508],[13.129708357313122,52.43981206527669],[13.129516915077112,52.43977945784937],[13.12943699053435,52.43975814410558],[13.129239062576055,52.439686123723206],[13.129213398003303,52.43967527888166],[13.129119160865786,52.43956639717192],[13.128958897885417,52.43945003340628],[13.128922697973767,52.43943293351654],[13.128845826018663,52.43940216435327],[13.128842385540038,52.439401011124104],[13.128729478492291,52.439343370451276],[13.128674073803246,52.4393183016787],[13.128647273904305,52.43930760175211],[13.128544680069504,52.439274942608165],[13.128474980504834,52.43925784274061],[13.128362912043636,52.439237969114785],[13.128272771099155,52.43922776919026],[13.128174371772593,52.439212591922214],[13.128030399657401,52.4392016600749],[13.127955300268933,52.43920166008064],[13.127887440314261,52.439204059808546],[13.127749341420209,52.439213859740185],[13.12759236962012,52.43923874977673],[13.127537369968458,52.439252649676106],[13.127489360513438,52.439269347450086],[13.127343440437363,52.43929434967178],[13.127268340904566,52.439313949530344],[13.127203877986279,52.43933371069274],[13.127130078339821,52.43935991051282],[13.127040981450948,52.43939873311217],[13.12697128157126,52.43943553288804],[13.126912221990617,52.43947148414776],[13.126890270969241,52.43948688890555],[13.126853981221457,52.43950372383806],[13.126814329439616,52.4395317639493],[13.126797735007576,52.43953626748535],[13.126754014160538,52.43955158211525],[13.126705885513564,52.43955837089622],[13.12658256494399,52.43958487464596],[13.12649946542064,52.43960937447193],[13.126480038317716,52.43961537529515],[13.126335713218019,52.439662023837066],[13.126289117855263,52.43961925611345],[13.126260610244069,52.43957261132069],[13.126253910155983,52.43956361135],[13.12617813230446,52.4394881476842],[13.126176916512549,52.43948721723892],[13.126176349491285,52.43948588978053],[13.126085513973289,52.43936744435013],[13.126053139753568,52.439339801317544],[13.126051762897587,52.43930355680921],[13.126009516466146,52.43917787422463],[13.12600428442818,52.439169915002275],[13.126012402787111,52.43914152007949],[13.126016776494463,52.439116450969095],[13.126017866695648,52.43911593344586],[13.126115766806876,52.43906113312004],[13.126178368745988,52.43902016574549],[13.126189068716979,52.43901196570387],[13.126246772255058,52.43895862337832],[13.12632187156558,52.438873623045176],[13.12638672004904,52.43875313376963],[13.12639106368635,52.43873435817595],[13.126500634623893,52.43868349521567],[13.126510034580253,52.438675295177184],[13.126599546375822,52.438513199143735],[13.126611427200661,52.438494998830734],[13.12668442250838,52.438451920771456],[13.126724235455839,52.438499831803256],[13.126755135342927,52.43852443192336],[13.12676352977726,52.43852954297072],[13.12676592232766,52.43853210143405],[13.126803419184913,52.43856726187317],[13.126833019059518,52.43859176198972],[13.126866363316303,52.43861690860501],[13.126918663230581,52.43865290879754],[13.126943108262415,52.43866874267404],[13.126988708255643,52.43869654283318],[13.12710860240751,52.43875286038725],[13.127236559927988,52.438798304697876],[13.127249507211742,52.438807488063546],[13.127372922572324,52.438873594792184],[13.12742153603663,52.43889304806397],[13.127465839428556,52.43892260465097],[13.127552939476375,52.4389725049459],[13.127640560167784,52.4390139615518],[13.127725060504716,52.43904666177843],[13.127848323104674,52.43908286435595],[13.127879223311886,52.43908936440762],[13.127977078601466,52.43910435830751],[13.128010578862444,52.43910765833629],[13.128104199886629,52.439112239956714],[13.128123000039713,52.439112239958156],[13.128186798976374,52.43911011962376],[13.128224299277331,52.43910761960649],[13.128371052796254,52.439085925339135],[13.128493153599175,52.43905732513064],[13.128632656893254,52.43901056745201],[13.128677999751629,52.43899005237609],[13.128737763813676,52.43897008911969],[13.128803918744449,52.4389443506331],[13.128818618791023,52.438937750590505],[13.128863713202184,52.43891532566986],[13.12889191323952,52.43889982557697],[13.128919213727439,52.438883820108856],[13.128975513722557,52.438848619909805],[13.129009359172027,52.43882554867554],[13.129021459144257,52.43881654862908],[13.129088591912787,52.4387544910833],[13.129105991741104,52.438734091005415],[13.129112504463215,52.43871826751655],[13.12915021289225,52.438689347093224],[13.129186412631647,52.43865254693741],[13.12920093785448,52.43862799622562],[13.12931082273293,52.43854286951155],[13.129322551504384,52.43854818187126],[13.129372151317005,52.43850728167253],[13.12945305184592,52.43841495049348],[13.129458351748951,52.43840595046793],[13.129475615901278,52.438197179238486],[13.129475554933189,52.438197029871496],[13.129517751172804,52.43812906614064],[13.129527295914473,52.438103051149945],[13.129592351220865,52.43802423932932],[13.129624988956246,52.43797640740206],[13.12962511989488,52.43797616829142],[13.129632180096975,52.43796814833894],[13.129661679129779,52.43792924231515],[13.129669845528925,52.437916535407844],[13.129703630583247,52.43788263789132],[13.12975799410273,52.4378116838691],[13.12980499317567,52.437727483640515],[13.12983645801229,52.43761565538335],[13.129837757118828,52.43754855536856],[13.129836031673946,52.437516458892475],[13.129825330559605,52.43743225893477],[13.129807702888572,52.43736854433074],[13.129786202285068,52.43731864442786],[13.129758871626656,52.43727175867872],[13.129759372603584,52.43727164040168],[13.12974597237631,52.43725044046135],[13.129704464766034,52.437197906863176],[13.129581063773319,52.43706950737985],[13.1294037129233,52.43695391766836],[13.129299113290292,52.43691061796177],[13.129248047967483,52.43689171522296],[13.129246761035631,52.43689129183168],[13.129240757669107,52.43688741925689],[13.129193784563554,52.436860274709495],[13.129096628409483,52.436810013066385],[13.129025059137135,52.43676642478949],[13.128950603171788,52.4367280367834],[13.128835861409524,52.43667819691288],[13.12880553809575,52.436654427675855],[13.12872365591925,52.43660210030918],[13.128674502836503,52.43657644397273],[13.128582313499923,52.43651573039349],[13.128506784970567,52.436473919212716],[13.12846798507135,52.436455919329624],[13.128322681774554,52.43640653711092],[13.128294481955015,52.43639993716246],[13.128068920367959,52.43637627961949],[13.128039134380534,52.43637674949988],[13.128028300932316,52.436330317268805],[13.128025910819462,52.436235559525116],[13.128023750781272,52.43620982601488],[13.128022350651854,52.43620002602058],[13.12801931934531,52.436183323608034],[13.12799391784434,52.436068023718406],[13.127991627632507,52.43605857836473],[13.127986227369922,52.436038178388635],[13.127980607196523,52.43601994514827],[13.127953806244799,52.435943845268824],[13.127931562645719,52.43589663614987],[13.127903362124123,52.43584923627596],[13.127776003576255,52.435723827889824],[13.12774141465733,52.435701684484],[13.127672672253471,52.43562487241528],[13.127641772202283,52.4356035725291],[13.127559085959296,52.43555656158809],[13.127518886060935,52.4355377617098],[13.127450349501116,52.4355101202382],[13.127403408748647,52.43549394260532],[13.12732115080232,52.43545821838655],[13.127202037750694,52.43541825421573],[13.12715219540894,52.435405864058794],[13.126942746857571,52.43533121349309],[13.126928069257533,52.435326152933946],[13.12691336932959,52.43532125296943],[13.126874748141319,52.435309481356995],[13.126764058423657,52.43527878849027],[13.126692238176377,52.43525107677825],[13.126581024313406,52.43521760588687],[13.126566324409326,52.43521430591282],[13.1265338882233,52.435207769019456],[13.126489162876306,52.435193702961456],[13.126399527180794,52.43517101182177],[13.126215728445466,52.435135012110926],[13.126122577138036,52.43512175693427],[13.12610498055847,52.435120160478284],[13.125932618767118,52.435086167440936],[13.125797129217199,52.43507613971879],[13.125760720680196,52.4350317219486],[13.125720963042866,52.43497984354084],[13.12569686285909,52.4349553436412],[13.125576187410001,52.43486795808503],[13.125546687452717,52.434852458180494],[13.125393172106827,52.43479417267493],[13.125348872374577,52.43478267276305],[13.12514549601081,52.434754427684396],[13.125095219058052,52.43475303697413],[13.125036792374992,52.43473545124089],[13.124988831458955,52.43472260342583],[13.124757854848964,52.43466808303029],[13.124723623366966,52.43465667255865],[13.124581487288566,52.434602497619125],[13.124506913945197,52.434563855853575],[13.124373765225402,52.43451186441075],[13.124280136703359,52.43448535520101],[13.124093639656799,52.434410622511926],[13.124004083470256,52.43438116112913],[13.123970925820194,52.43437241992747],[13.123944225650538,52.43435079913047],[13.123864770694333,52.43429827227291],[13.123828570735807,52.43427867239195],[13.12363630885639,52.434209196885114],[13.123586959335764,52.43419842726776],[13.123526395569472,52.43417542370343],[13.123483849596258,52.43416072463691],[13.123424688395604,52.43414222337449],[13.123384601365215,52.43411347693441],[13.123306147239258,52.43406681468559],[13.123103647656343,52.433967015317826],[13.12301085952055,52.433929540192324],[13.12289286011424,52.43389114047201],[13.122838639600605,52.43387560627855],[13.122670365336509,52.43383363967391],[13.122665196374506,52.433831798972435],[13.122636778859674,52.43380981434112],[13.122509618335,52.43373691218675],[13.12246131849714,52.433716512324004],[13.122309249610288,52.433670470915416],[13.122187949407946,52.433646297868115],[13.122187016357955,52.433645582091536],[13.12218674984002,52.4336454025874],[13.122175911686567,52.433616466741476],[13.122087736623348,52.43349345407012],[13.122065995020654,52.4334740631159],[13.12203486435618,52.43343391673582],[13.121988113193398,52.43338427800744],[13.121912088661214,52.43331665691832],[13.121907152123786,52.433308992876135],[13.121866912298321,52.433258496404356],[13.121766311490536,52.433153896825424],[13.121764432544275,52.43315195713169],[13.121756432482098,52.43314375716508],[13.121718908293227,52.43310984605161],[13.121696450525901,52.43309185065866],[13.121692284378792,52.43308489524606],[13.12161828737689,52.43301955489761],[13.121610964226782,52.43299404504157],[13.121606964118667,52.43298504505964],[13.121559262881911,52.43291117556868],[13.121544462733645,52.43289407563193],[13.121432529954598,52.43280321921151],[13.121399807460621,52.43278395900566],[13.121391589120467,52.43276163603026],[13.121385486768409,52.43273560511529],[13.121356228944396,52.43266408568827],[13.121310628097191,52.4325871858922],[13.12128356078211,52.43254870164725],[13.121225960141958,52.4324784018958],[13.121175266129141,52.432430794710065],[13.121165081965724,52.43240691367019],[13.121160409046276,52.43238658265951],[13.121117586467502,52.43229357994782],[13.120992884694383,52.43211778049663],[13.120987568848362,52.43211050819974],[13.120980868761952,52.432101608229004],[13.120910544647524,52.43203095015518],[13.120863644486214,52.431994150336564],[13.1208434079281,52.431979128723086],[13.120711907677293,52.43188672921112],[13.120646361793787,52.43184735827038],[13.120604861863386,52.43182605840295],[13.12047462465775,52.43177538438507],[13.12045514724522,52.43176984835875],[13.12042730698088,52.43175148929446],[13.12035131199814,52.43170941098579],[13.120284212172955,52.431678311187824],[13.12022059486542,52.43165261659094],[13.12021190422314,52.43164958177436],[13.120161609866337,52.431624165333275],[13.120116003234152,52.43160521385008],[13.12008559356899,52.43156569025601],[13.120044400470132,52.43152227192352],[13.120039495555805,52.43151534745393],[13.119909878117975,52.43140309116091],[13.119852762798686,52.43126724210817],[13.119831362546194,52.43124024220097],[13.119727952355587,52.431152569150896],[13.119718192628836,52.43109964601001],[13.119606449620791,52.43097650988074],[13.119583549569434,52.43096000996658],[13.119535316943184,52.43093109735101],[13.119522910693075,52.430883301930194],[13.119507210302972,52.43085030200102],[13.119486199827232,52.43082166278834],[13.119507310238518,52.430781034187355],[13.119533226362055,52.43069934873407],[13.119536026064358,52.43067674871746],[13.119534675897025,52.43061315907519],[13.119527575336702,52.43057055910481],[13.119504327942462,52.43050073945451],[13.119482207541665,52.43045703410437],[13.119481417409972,52.43045094239776],[13.119489088341107,52.43042177021926],[13.1194893182303,52.43041462428642],[13.119509023895292,52.430346123880064],[13.119513559061893,52.43023318478139],[13.119517228823158,52.43022122084974],[13.119556856641067,52.43014939375564],[13.119586553906032,52.43001209737884],[13.119581223900454,52.42995991455758],[13.119610042405965,52.42994540626671],[13.119697004571181,52.42989059433209],[13.119698815692228,52.42988979368174],[13.11975964136879,52.42987421111185],[13.119804410502768,52.429898868029554],[13.119941449259906,52.429959368108],[13.119947422326074,52.42996271684536],[13.119974399747123,52.43000612061304],[13.120001299423796,52.4300404207299],[13.12019601465667,52.430180238741535],[13.120214846123554,52.43018823878148]],[[13.16712736015416,52.447132427451],[13.167123295411226,52.44707156248253],[13.16710209407079,52.44696896257422],[13.167086863712559,52.446921367488635],[13.16704737309246,52.44683087406784],[13.16790890692981,52.44702915997309],[13.167864635939635,52.44712355529097],[13.167846222633461,52.447266262085506],[13.167864886140334,52.447300428293325],[13.167680579768193,52.44729146751242],[13.16740385084717,52.44737286170326],[13.16740218596324,52.44737436758852],[13.167347672870097,52.447349363061214],[13.167102680771071,52.44728704031801],[13.167112392412616,52.447255804228405],[13.167122161111214,52.44720452748547],[13.16712736015416,52.447132427451]],[[13.167261697987895,52.44948749340658],[13.16727106105456,52.449490106356244],[13.167378493875557,52.449515159965216],[13.167359456361416,52.44953214527959],[13.167261697987895,52.44948749340658]],[[13.16840228298951,52.45049119317625],[13.168403734411234,52.4504844671864],[13.168387221424673,52.45046065559133],[13.168631513580655,52.45046689248762],[13.168730992550948,52.45045244239462],[13.168826000632064,52.45045244237399],[13.169083649918074,52.45041614968305],[13.169138250413136,52.45038918568954],[13.169265224480597,52.45048351127471],[13.169142803219815,52.45045745788982],[13.168861991543707,52.45048381136409],[13.168614745073464,52.45054700452956],[13.168581180771156,52.45054753070349],[13.168525149344001,52.450536700887874],[13.16840228298951,52.45049119317625]],[[13.17382676109271,52.44555410132778],[13.173817246851028,52.445557026141444],[13.173773103132577,52.44557109751547],[13.1737771967608,52.44556100733532],[13.173766177685073,52.44553900228617],[13.173768311795273,52.4455395921053],[13.173795970357194,52.445546722737],[13.17382676109271,52.44555410132778]],[[13.176408600938682,52.468613974852225],[13.176521681994112,52.46860874126642],[13.176503008844708,52.46864849531146],[13.17650152792525,52.46867220309197],[13.176372761643682,52.46863600018605],[13.176408600938682,52.468613974852225]],[[13.130176152348042,52.49416205564473],[13.13017740029188,52.49416402108308],[13.130234437207097,52.494337789410075],[13.129981161245958,52.49469349275295],[13.129909443877388,52.494348917243975],[13.130176152348042,52.49416205564473]],[[13.130113690372884,52.495330232857015],[13.130075609419691,52.49514727358372],[13.130081444367221,52.49515359758911],[13.130112538679148,52.49517128823503],[13.130196814178472,52.49534516986905],[13.130166167978988,52.495335941841624],[13.130113690372884,52.495330232857015]],[[13.183182048480758,52.49717380442327],[13.183163867173329,52.49720435428565],[13.18314910662228,52.49723315105391],[13.183147098467487,52.49716055793357],[13.18314949716067,52.49715611563402],[13.183193501417284,52.4971569730908],[13.183182048480758,52.49717380442327]],[[13.195665053380703,52.421966006967814],[13.195676253373275,52.42186489419984],[13.195662125471966,52.421758672006234],[13.195587023050807,52.42156247234568],[13.195499090082741,52.42147341243798],[13.195594305354781,52.421510258744156],[13.195604435353797,52.42151442185329],[13.195614567502176,52.421573928499626],[13.195648211102267,52.421661897943515],[13.195750709264628,52.4218305984017],[13.195820409857387,52.421897590521546],[13.195806502309141,52.421902809699525],[13.195665053380703,52.421966006967814]],[[13.178403865586008,52.41744697948484],[13.178403115096723,52.417446628699196],[13.17827121446418,52.41732612510409],[13.17828782548025,52.417243642222125],[13.178288645055403,52.41723936116503],[13.178321020681702,52.417060993477286],[13.17841316957524,52.41706683594134],[13.17882966178744,52.41723694979398],[13.178802078498984,52.41724814350165],[13.178501377484503,52.41745890194456],[13.178448718922965,52.41746295860207],[13.178403865586008,52.41744697948484]],[[13.192499365958877,52.432906671843064],[13.192518765812636,52.432960629730196],[13.192421053755568,52.43295124649229],[13.19242409622742,52.43269576466663],[13.192499171304815,52.43290612843533],[13.192499365958877,52.432906671843064]],[[13.21080934306313,52.50531067570865],[13.210794316767284,52.50527125021871],[13.210836067876002,52.505218236329334],[13.21087074900202,52.505162947236244],[13.210980303151239,52.50493318307122],[13.21107371465778,52.50475013778544],[13.211237323888637,52.50453183635271],[13.21123867750254,52.504530016884544],[13.211241416597364,52.50452630776539],[13.211244314336016,52.50461469309811],[13.211246776602447,52.504641112224455],[13.211310571114721,52.50505571248979],[13.211313744505878,52.50507222447842],[13.211396639821587,52.505431524842805],[13.211413126080974,52.50547925084698],[13.211534422954173,52.50574095139657],[13.211544580139769,52.50576068037841],[13.211553982250535,52.505777259351646],[13.211433072644212,52.50567740408298],[13.211397250954029,52.50564779370535],[13.211388092639774,52.50563516888758],[13.211268942263159,52.505528310707064],[13.211173642230943,52.50546931104255],[13.21111829005746,52.50543910977095],[13.21111329006895,52.505436709786345],[13.210873375513053,52.50536785916612],[13.210828872203523,52.505361994729306],[13.21080934306313,52.50531067570865]],[[13.20617485802337,52.51473193690488],[13.205897173573156,52.5146415205823],[13.20587946238331,52.51446593570151],[13.205808125324282,52.51432950057368],[13.205813137905407,52.51433760966606],[13.20602183604064,52.51456491055031],[13.206136303384922,52.514653413647544],[13.206284603492778,52.514736914146184],[13.206540434502203,52.51481642397455],[13.20654394487438,52.51498292089355],[13.206528992964722,52.51498835228632],[13.206449458162679,52.51490433593168],[13.20617485802337,52.51473193690488]],[[13.214041205439457,52.51504635940625],[13.214032897714814,52.51505108381995],[13.214041476116408,52.5150461061695],[13.214041205439457,52.51504635940625]],[[13.203827854969612,52.50909272763003],[13.203787035391843,52.50907085907043],[13.203692508972432,52.5089749337581],[13.203563064422962,52.508900136460326],[13.203552425437081,52.50884803794418],[13.203487423862645,52.50871463823834],[13.203416769847244,52.50864527648497],[13.20347206741815,52.508611150035534],[13.203509673339926,52.5085666748426],[13.203529435860773,52.508545718854734],[13.203554326186614,52.50849579275477],[13.20380530387735,52.5085227264855],[13.204087136409507,52.50846217225255],[13.204089143477377,52.50846134354887],[13.204113983775878,52.50845548460138],[13.204186687517552,52.50847726437993],[13.204234253883218,52.50851197056313],[13.204046870547623,52.50862327098351],[13.203869564114342,52.508860775221386],[13.20384751130285,52.50910077383682],[13.203827854969612,52.50909272763003]],[[13.204350454717094,52.51233942651209],[13.204653517487374,52.512278221470375],[13.204655549024787,52.512277406819074],[13.204657975469074,52.51227731548616],[13.204765917839019,52.51225524122231],[13.205519865830217,52.51357763298437],[13.205565105887867,52.51370668736909],[13.20575099639609,52.51423708015035],[13.205773885596379,52.5142741092431],[13.205569759828016,52.51410117385735],[13.205363760430654,52.51400927446436],[13.205096936216597,52.51394337395016],[13.204866720145187,52.513958712663424],[13.204713490690988,52.513558543399114],[13.204561264539153,52.51309538057793],[13.204484669729444,52.512852581307506],[13.204350454717094,52.51233942651209]],[[13.213053188821002,52.513100401227945],[13.213334536934395,52.51305124442452],[13.21348033762673,52.512999144066086],[13.213662422883557,52.51289122197165],[13.213916922928611,52.51283585766582],[13.214226768611418,52.512679679938536],[13.214551066148742,52.512343778534124],[13.214631460921764,52.51218369378422],[13.214584309690919,52.51201875309839],[13.214491050748695,52.511887001410244],[13.214489704598861,52.51184265599703],[13.21456626376558,52.5117949842139],[13.214739421001264,52.51188789085394],[13.214760121126309,52.51189329089533],[13.214924753169008,52.51191990757589],[13.214947653351695,52.51192150759041],[13.214956704750632,52.51192069039042],[13.214975068759246,52.511932865652994],[13.215210740606961,52.51202804910152],[13.215402149145394,52.5120696987347],[13.215432048884496,52.51217621246087],[13.21534501406542,52.51231961070509],[13.215320303398494,52.51249274154253],[13.215295984217676,52.51255266702537],[13.215254225127396,52.512621505282404],[13.215237515634653,52.512653591364504],[13.215104778727065,52.512957033703074],[13.214921814439828,52.51320835591694],[13.214911038675982,52.51324312089921],[13.21488695182339,52.513271417203356],[13.214750847546833,52.51362191651008],[13.214749456064007,52.5137840173799],[13.214919950319798,52.51424451815173],[13.215053241336804,52.51460447295818],[13.215007873436402,52.51466061911025],[13.214868167207078,52.51476929667903],[13.214840588133457,52.514777645558354],[13.214588186622002,52.51481315054209],[13.214443851825239,52.51484606546022],[13.214342152362336,52.5148790652287],[13.21429183321098,52.514900834725694],[13.214658760243784,52.5146879200447],[13.21482768591646,52.514505986466226],[13.214802109987135,52.514297474379106],[13.214590684917049,52.51413290487403],[13.213751762914585,52.51377443476583],[13.213483250127897,52.51360123803804],[13.213447969718931,52.51358030560328],[13.212446565707744,52.51303388338701],[13.212007116919343,52.51260261520848],[13.212010703013483,52.512599885943025],[13.212073650584983,52.51251439522102],[13.212548682504597,52.512942546156204],[13.212767774224536,52.51306092307803],[13.213053188821002,52.513100401227945]],[[13.210851465633306,52.511652050161004],[13.21090022285376,52.51168896575899],[13.211062620214783,52.511796552834255],[13.21088767331008,52.51183420697227],[13.21083325817153,52.51181319460227],[13.210560592752563,52.511758394056116],[13.210482710632993,52.51176674071316],[13.21039882974784,52.5116743601972],[13.21027146314094,52.51153305002147],[13.210289628322862,52.51149063643342],[13.210192564532829,52.51130136568258],[13.21006781966953,52.51118586707689],[13.210268377322263,52.51114538027915],[13.210353145138157,52.511219167300624],[13.210851465633306,52.511652050161004]],[[13.202075656613207,52.51441293609621],[13.2020516505157,52.51432752593753],[13.202093196175106,52.51436680150087],[13.20222221435915,52.51450476790064],[13.202237388672149,52.51452009481723],[13.202289718830198,52.51457009401478],[13.20229937641698,52.51458445951165],[13.202320484676191,52.51466573636847],[13.202336624150474,52.514787922783746],[13.202344497252561,52.514877955505646],[13.202345048588224,52.51488346496162],[13.202354649951868,52.51496865415267],[13.202285342588077,52.51498169681425],[13.20217591496723,52.514826999581565],[13.202141202494284,52.51476254494505],[13.20211958464896,52.51470818675146],[13.202081941556278,52.51444271441005],[13.202075656613207,52.51441293609621]],[[13.2172946430097,52.50801272681649],[13.216823527017969,52.50810709201385],[13.216820087888028,52.5081033277764],[13.216723951584273,52.50803949121783],[13.216725249318982,52.50803954625091],[13.216993193172549,52.50796293381688],[13.217288746787602,52.50781348030996],[13.217320325443149,52.50783325009835],[13.217430471521,52.50788737108997],[13.217584278589127,52.50794590366958],[13.217593401996279,52.50795294491225],[13.217510319435593,52.507969591459485],[13.217441793100532,52.50798327688088],[13.2172946430097,52.50801272681649]],[[13.21569694775676,52.506582445704616],[13.215934907256337,52.50681054528639],[13.215883622083645,52.50678617200373],[13.215627942418037,52.506752275238895],[13.215373417710381,52.50678926699281],[13.215043256989722,52.50688850596562],[13.215025512269774,52.50674795784773],[13.215067019960598,52.50675543430491],[13.215380897812137,52.506701699379974],[13.21569694775676,52.506582445704616]],[[13.21440880332765,52.50293265715518],[13.214820676704747,52.50297181423948],[13.214785229650806,52.503158523295184],[13.214827018768105,52.503338745007355],[13.21500809506049,52.50348338303305],[13.215055984302975,52.50349596654884],[13.215214538057118,52.50361929919555],[13.215258971851135,52.50363135550195],[13.215218208837896,52.503846384566565],[13.215221328474135,52.50394304857755],[13.21532800415836,52.50436087932788],[13.215303359372847,52.50436484378702],[13.214788563101013,52.504456143109394],[13.214507943754414,52.50456578418586],[13.214369662421195,52.50475078089428],[13.214417946352757,52.50495196721007],[13.214644864760228,52.505252229667704],[13.214865092258025,52.50573231803694],[13.214936793936818,52.505829761093366],[13.214981475442706,52.50587219291191],[13.21498088260836,52.5058724188777],[13.214837375063718,52.505840766231955],[13.2145340645306,52.50587498181871],[13.2143288143888,52.5059351157397],[13.21408156454996,52.50589552228805],[13.21382157451697,52.50569763874635],[13.213690596238418,52.50540866015626],[13.213659385914097,52.505356102850875],[13.213443515193145,52.50506540554016],[13.213276617231791,52.50445127565328],[13.21327635591941,52.504431175313236],[13.213290761226524,52.50442832519799],[13.213488726578094,52.50430363997627],[13.213567870414467,52.50413688496787],[13.213654024360977,52.502756440159146],[13.213947592062976,52.502783322080866],[13.214168573932566,52.502874870863366],[13.21440880332765,52.50293265715518]],[[13.252499410579313,52.48792049120329],[13.25103153604725,52.48863175862376],[13.24990049668843,52.48916950482307],[13.247902388231388,52.48761497707337],[13.24901623548749,52.487082812839574],[13.24979657193744,52.48671118460676],[13.249980647883014,52.48656198241006],[13.250017271845223,52.48637653967024],[13.249896561308939,52.48620490462203],[13.24845595108683,52.485090936139315],[13.249842290614554,52.48444291818436],[13.251257494953364,52.48555703576795],[13.251258460056873,52.4855577934291],[13.253609244721577,52.48739811939107],[13.25250598462955,52.48791735170937],[13.252499410579313,52.48792049120329]],[[13.250553897452145,52.492649817040125],[13.250563332495162,52.492655800835145],[13.250571647668362,52.49266095393342],[13.250608823847577,52.49268897454088],[13.250971756627507,52.492979139305966],[13.249591008079818,52.49363710166207],[13.248057747966104,52.49436509149747],[13.247689218578808,52.494076818560856],[13.247688371351463,52.494076157425354],[13.247206831339343,52.49370128508824],[13.246729559491197,52.493329046075395],[13.246250572469803,52.492950896388145],[13.245889704298154,52.49266218894907],[13.245841702706226,52.49255362166076],[13.245629480946997,52.49242295996379],[13.245493382461287,52.492399768685196],[13.245389437929418,52.49231307354944],[13.248346489632931,52.4909136279822],[13.248450382811594,52.49099919209646],[13.248456798837516,52.491004377559605],[13.249042855346994,52.491469229753775],[13.249200214805334,52.49159467962281],[13.249204549287528,52.49159809248251],[13.249417429815825,52.491763645507866],[13.24961432079206,52.49191889351068],[13.249615076378028,52.49191948799935],[13.249762575867594,52.492035288570854],[13.249763468555905,52.492035987630445],[13.249887268136659,52.49213268810927],[13.249888676150412,52.492133783534484],[13.250130799503511,52.492321403642094],[13.250444333456946,52.4925755718404],[13.250485797513457,52.49260561679528],[13.250553897452145,52.492649817040125]],[[13.248982663965458,52.502384730752055],[13.248985031753431,52.50238665314664],[13.249091804072457,52.50249272701419],[13.248941189295618,52.50246966511214],[13.248678443873485,52.50246630971725],[13.248598314186557,52.502488671084095],[13.248589383844847,52.50248134525511],[13.248426284020232,52.50239244579411],[13.248262239369245,52.50232918018438],[13.248084721277944,52.502283613454345],[13.248349409394313,52.5022977173306],[13.248693497274136,52.50233331859121],[13.24898156944503,52.502384482675545],[13.248982663965458,52.502384730752055]],[[13.241716606269888,52.48888240547354],[13.241716717059427,52.4888823471329],[13.241787692090243,52.48886114594712],[13.241819299907789,52.48884432929018],[13.241784315605898,52.488919829448804],[13.2417685635775,52.48891346275218],[13.241716606269888,52.48888240547354]],[[13.242917753087578,52.488347218316],[13.242855787026992,52.48834348910238],[13.242755809761343,52.48835582183342],[13.242964416940216,52.48826004997483],[13.243008656653421,52.488225550910286],[13.243025028176694,52.48821834172128],[13.243169205990442,52.48821919054667],[13.24320929599532,52.4883133595443],[13.24317651422383,52.48831292960372],[13.242967215836584,52.48833902941067],[13.242917753087578,52.488347218316]],[[13.239138280998427,52.48846116595248],[13.239102697033047,52.48848513920127],[13.239101778575044,52.48848556163566],[13.239102486557663,52.48844346882072],[13.239138280998427,52.48846116595248]],[[13.240550882083985,52.48916578887732],[13.240584577337293,52.489195212483494],[13.240662877086889,52.489268485266756],[13.240851647668165,52.489371814863006],[13.240978038451086,52.48944736533668],[13.240880249485302,52.48951952670123],[13.240764685854435,52.48965673483754],[13.240761059771879,52.489708870635376],[13.240683738748572,52.489713798269364],[13.24061169831373,52.48972938516038],[13.240604597185579,52.4896953183375],[13.240592278749451,52.48963633372481],[13.240587123075617,52.4896299782276],[13.24058849107134,52.48962088158583],[13.240483186268172,52.48924698205694],[13.240470085776844,52.489229639240605],[13.240469864898555,52.48921877152618],[13.240550882083985,52.48916578887732]],[[13.241043376815872,52.49719925307737],[13.241114877327178,52.49721165317852],[13.241207017950332,52.49722023331762],[13.241203420454536,52.49722785341604],[13.241194769363892,52.497255139410434],[13.241193084627943,52.49725619972728],[13.241052540523583,52.49740155794552],[13.241046240378875,52.49741415791445],[13.241038554049648,52.497452737815],[13.24102002313551,52.49746392135345],[13.240966822754658,52.497517721124794],[13.240938416853666,52.49755007275307],[13.240920016633861,52.49757387266884],[13.240887101442892,52.49762693924104],[13.240863000853585,52.49767753912138],[13.240853945928047,52.497698995995144],[13.240852850223442,52.49770196885643],[13.240703650239697,52.49782279674024],[13.24067224958469,52.497881196586924],[13.240664434152407,52.49799286378739],[13.240557717892356,52.49805021138545],[13.240554794789096,52.49804964609912],[13.240552833177158,52.49804782316598],[13.240546484487332,52.49803784269626],[13.240520073714977,52.49796953106806],[13.240498180712445,52.497925647169055],[13.240485715508244,52.49790539843839],[13.240479685731932,52.49789149489636],[13.240485940056912,52.49773486075961],[13.240485396378627,52.49770834904139],[13.240483095999773,52.49767994904943],[13.24048119125895,52.49766380880382],[13.240474690704726,52.49762190883097],[13.240462093722543,52.497583044354045],[13.240462649004394,52.49758298698117],[13.240451597804363,52.497543146407814],[13.240446466903887,52.49750566596988],[13.240429239463442,52.497444387464974],[13.240418539161146,52.49741948751354],[13.240396847960191,52.497378970705455],[13.24037284756393,52.49734177081244],[13.24030843134597,52.4972682888447],[13.24029613128232,52.49725748889408],[13.240205102306236,52.497194690677226],[13.240151602363037,52.497165490854144],[13.240078852635008,52.49713160468225],[13.240002352930102,52.49710140489038],[13.239913407861257,52.49707343101252],[13.239870165693015,52.497058159693715],[13.23980587651115,52.49704179520486],[13.239888876318016,52.49695083149808],[13.2399160740389,52.49689957151149],[13.240093316108181,52.49696342728796],[13.24015882382612,52.496978101991424],[13.24017796775401,52.496984762106706],[13.240271025062729,52.49701088102312],[13.24041372600693,52.49704208126946],[13.240451964456781,52.4970483004971],[13.24045967517957,52.49705008373992],[13.240473240880267,52.49705611489713],[13.240555143842299,52.49708662715287],[13.240576943958583,52.497093327202386],[13.24066011767748,52.4971141992513],[13.240778915955852,52.49713772032708],[13.240825560128707,52.497149328934135],[13.240877175812841,52.49716049709437],[13.240920061128836,52.497168427536955],[13.240933512620105,52.49717267872241],[13.241043376815872,52.49719925307737]],[[13.240404766055718,52.47920607969489],[13.240258453007401,52.47916025259329],[13.238664097442916,52.47826485184301],[13.240522487340149,52.47739012804555],[13.241909030436373,52.47847947430855],[13.241457714783294,52.47870066945841],[13.240404766055718,52.47920607969489]],[[13.23772628037806,52.48490772036038],[13.237746738722345,52.4848583138629],[13.239314773944582,52.48399795707674],[13.240543359760315,52.4849019947453],[13.238791378224791,52.485711334077706],[13.237713672529448,52.48491980088502],[13.23772628037806,52.48490772036038]],[[13.234430231460644,52.49036517923174],[13.234494718312346,52.49038293559113],[13.234251931801627,52.49033065925823],[13.23422038301404,52.49032872277375],[13.234027726507884,52.490276547916594],[13.234067284739142,52.49026475945053],[13.234205629942615,52.49025861600305],[13.234430231460644,52.49036517923174]],[[13.234664180275958,52.490484371533654],[13.234518034244054,52.490389355586366],[13.234682319799624,52.49043459110362],[13.234848864787756,52.490453803841746],[13.234753231613775,52.49051601681178],[13.234701975866502,52.49050238064321],[13.234664180275958,52.490484371533654]],[[13.231633065031957,52.500723384062724],[13.227473956983976,52.502103895440364],[13.226995674912002,52.502174053519504],[13.226831689742589,52.5021426363212],[13.226343985670397,52.50183281949211],[13.226339894941427,52.50183024660444],[13.225230301017653,52.50113927123235],[13.224529345341118,52.50063498752556],[13.224527489192381,52.50058426408787],[13.224680354886718,52.500274072273506],[13.224990847978235,52.49999641860809],[13.228641325339144,52.500120983678286],[13.22903185718759,52.50004770801466],[13.230016623197882,52.49958856322245],[13.23014343455081,52.49962908536698],[13.230750695396607,52.500201745842055],[13.230812822931314,52.50025055515591],[13.230997577261036,52.50037244006057],[13.231202082757465,52.500539930745106],[13.231385697879968,52.500638482036386],[13.231633065031957,52.500723384062724]],[[13.228358457651593,52.477312293653796],[13.228631670875327,52.477241513635185],[13.229905058461918,52.47664299773414],[13.230260256614832,52.47689045162037],[13.222874913430898,52.48039431999846],[13.222320688808868,52.47997379761315],[13.222319892043252,52.4799731943854],[13.220901104216004,52.4789013678725],[13.224591646944189,52.47723697693838],[13.226631332452332,52.47632190998386],[13.227821475735194,52.47718774859716],[13.228063407616993,52.47729271395014],[13.228358457651593,52.477312293653796]],[[13.221954650735142,52.50549790714221],[13.221789398406608,52.50546555443505],[13.220721680062871,52.50543488838922],[13.220526272179148,52.505189679129174],[13.2221433852457,52.50472199947448],[13.22213387556077,52.5048566931246],[13.222125262886882,52.50486288252453],[13.221985846512455,52.50507861606212],[13.221965943093736,52.50533541593348],[13.22196581363386,52.505337177814404],[13.221954650735142,52.50549790714221]],[[13.222622535593562,52.50597646129227],[13.222874937652506,52.50597156127079],[13.223156513206984,52.50592153821838],[13.223363692945913,52.5057948846426],[13.223405769109004,52.5057060904815],[13.224145531418127,52.505726494009004],[13.223603165369342,52.5059755492368],[13.223263376638982,52.5059669646916],[13.223209453626104,52.50596710919084],[13.22258046548164,52.50598637751099],[13.222337987740506,52.50597358016882],[13.222341843491785,52.505932243790575],[13.222373859462754,52.50594910402005],[13.222413159727777,52.505957304085314],[13.222622535593562,52.50597646129227]],[[13.223455650301032,52.47151165397675],[13.221990630145426,52.472217881905976],[13.219495812188775,52.4703049525889],[13.221014546716885,52.469612314794944],[13.223455650301032,52.47151165397675]],[[13.211287189590589,52.49947361641479],[13.211353659733428,52.499398934748584],[13.214549840399014,52.498758057703924],[13.214572400293926,52.498805723890264],[13.211653504045447,52.49936443290306],[13.211430437530638,52.49944317341196],[13.211283778150323,52.49957248628293],[13.211241586029143,52.49972763091882],[13.211250019905242,52.49981942111116],[13.210994985673542,52.49994446791406],[13.211007754564221,52.499889075257926],[13.210968073756595,52.499640959367014],[13.210994688020325,52.49963424077544],[13.211287189590589,52.49947361641479]],[[13.21127487187339,52.49790767234942],[13.210934354021052,52.49800599625369],[13.210893510956621,52.49801900580926],[13.210749626480219,52.498069299987684],[13.21077258761685,52.49797445168493],[13.210757315536684,52.49789721940625],[13.210772173906708,52.49787917337026],[13.211168106415325,52.49779523541872],[13.211190446023904,52.497790188193925],[13.211196631596392,52.49778870321903],[13.21127487187339,52.49790767234942]],[[13.19680577766678,52.47805434422353],[13.19684136694033,52.47815264626044],[13.196752776129154,52.47822864590807],[13.19661011412311,52.47810361126862],[13.19640078575038,52.47799082541211],[13.196471458392939,52.47800896074099],[13.196595924111225,52.478031426136276],[13.19680577766678,52.47805434422353]],[[13.218133763033507,52.50996286709821],[13.218152361463828,52.50995759495705],[13.218282880463441,52.51008392767906],[13.218229172184971,52.510087916968416],[13.218133763033507,52.50996286709821]],[[13.23078948690935,52.52707316755269],[13.228633920713666,52.52742656196589],[13.228633701227123,52.52742663939268],[13.22863344767124,52.5274266395744],[13.228493326106221,52.52744964608533],[13.228365604960953,52.52747045402695],[13.228364213216496,52.527470681287895],[13.228247515047284,52.52748978098595],[13.228197404839836,52.52749798265561],[13.22819608888182,52.52749819850965],[13.228138125413476,52.52750772674986],[13.227015391839265,52.52769175027429],[13.226428414283964,52.527787946584],[13.226372689019167,52.527797099879166],[13.225732927988826,52.52790192711842],[13.225355105349127,52.52795198972055],[13.225148204436524,52.52797215345669],[13.224922477333985,52.527990904833445],[13.224684886545358,52.5280073344855],[13.224485198506185,52.528015713025546],[13.224284959285733,52.52802102120405],[13.223925206877865,52.52802032992335],[13.223568141226794,52.528010125658604],[13.223264340508118,52.52799191628439],[13.22300004032542,52.52797004208976],[13.223000033532834,52.52673021072254],[13.22319334354889,52.52658345506865],[13.223292297146203,52.52619259796644],[13.223057575981203,52.52582392907589],[13.223000027865025,52.52579573024907],[13.223000022672325,52.52500073526809],[13.241699995075445,52.52500360367016],[13.241459023895326,52.52506781304501],[13.24134004299664,52.52509881038265],[13.240399799836466,52.52534118112237],[13.239835529933632,52.52547568365311],[13.239779952457699,52.52548988020448],[13.239642154232081,52.52552747962828],[13.239623250086511,52.525536850550566],[13.239599359184433,52.52553975301645],[13.239551149088541,52.52555426332961],[13.239205965649582,52.52563107740177],[13.239005576379881,52.525673907904725],[13.238825318877366,52.52571238218245],[13.238621622171545,52.52575456897458],[13.238231694721103,52.5258332291867],[13.237846610778462,52.525906614673744],[13.237402440824843,52.52598626089186],[13.236947572379117,52.52606438824075],[13.236014687182793,52.52621818336406],[13.234581635788567,52.526452014324086],[13.234061117556188,52.52653690097966],[13.23406036973221,52.52653716399029],[13.234059506484057,52.52653716441197],[13.2335081151308,52.52662756298272],[13.233508056661908,52.526627583609205],[13.233507989116893,52.526627583646174],[13.233401343380722,52.52664507474405],[13.233026982754803,52.526706451885566],[13.232801376593736,52.526743420118116],[13.23225489489682,52.52683290073585],[13.232094381732718,52.526859283332456],[13.232038312896007,52.52686849605539],[13.23144230229556,52.52696611588369],[13.23144175500295,52.526966308847975],[13.231441122842353,52.52696630943746],[13.231338233548094,52.526983226810046],[13.231290943931862,52.52699094556859],[13.231287656841547,52.52699148501694],[13.23124869266904,52.52699791410462],[13.230789635565799,52.527073143185625],[13.230789566588868,52.52707316751314],[13.23078948690935,52.52707316755269]],[[13.261675516577071,52.4784989117774],[13.262006117866976,52.47836441088206],[13.262075200391342,52.47833152490837],[13.262237481290406,52.47824165621292],[13.262507357322866,52.47847606907951],[13.26253994531031,52.47857175382677],[13.26249984237764,52.478847498860915],[13.2625209051016,52.4789209927556],[13.26252112028655,52.478922947916885],[13.262389637909587,52.47898921305409],[13.262331234347414,52.47902299868904],[13.262216197669316,52.479099305216955],[13.2621534404079,52.47904967652304],[13.261779843676996,52.47868683479354],[13.261663317821586,52.47854653897202],[13.261636057178366,52.47850967032303],[13.261675516577071,52.4784989117774]],[[13.265933122455325,52.47515822790699],[13.266077734824695,52.47514023582466],[13.266967664287845,52.47495612796182],[13.267120189764395,52.475158517244154],[13.267242605226794,52.47543049520031],[13.267120512264253,52.475907392830045],[13.267006406957014,52.476283690965296],[13.266755563975776,52.47657445168082],[13.266376658978512,52.476951237785975],[13.265897855412442,52.47739348106984],[13.265401060861983,52.477676889293775],[13.263717039898149,52.47856943886224],[13.263705807542337,52.478530249510314],[13.263710725910139,52.478477393767875],[13.263635623134768,52.478256894107425],[13.263581883137682,52.47819178917117],[13.263540836188696,52.478123326061144],[13.263357999760181,52.47796451925113],[13.263416214299102,52.477939988948535],[13.2638404153788,52.47773528765722],[13.263944345868275,52.47767057364391],[13.26415864513038,52.47749817279337],[13.264167765994534,52.47749063303872],[13.26452984117345,52.477183009786465],[13.264930285599354,52.47690510164758],[13.264982019463206,52.4768634438718],[13.265259217829762,52.47660284270806],[13.265284561217161,52.4765766541634],[13.265666957629762,52.47614035246509],[13.26573045549993,52.476022621839626],[13.265863048356032,52.475467821128944],[13.265866247735433,52.47545198083398],[13.26591354512624,52.47516561952942],[13.265917110791548,52.47515896597066],[13.265933122455325,52.47515822790699]],[[13.279811214879542,52.47074533996562],[13.279811225321074,52.4707453139474],[13.279806223118765,52.47060296623021],[13.279786314641898,52.470032786866874],[13.2797837182385,52.46995685518037],[13.279751683318821,52.469034700753625],[13.279751409641031,52.46903412603379],[13.279751641719368,52.469033544527214],[13.279747168307837,52.468913351133665],[13.279738688391447,52.46866215778673],[13.279738614363092,52.46866009947151],[13.279734915981372,52.46856321394017],[13.27973070583392,52.468451484425074],[13.279729769783131,52.46841754073008],[13.279728016052058,52.46841379689591],[13.279729501304649,52.4684100099924],[13.279712034469366,52.46801055730197],[13.286554429741033,52.46801026030083],[13.286138761108882,52.468290521810744],[13.286123404279198,52.468301298728974],[13.285631603257244,52.468660596854555],[13.285614540245199,52.46867366846787],[13.285342107094904,52.46889262798633],[13.285062641415589,52.469100356601366],[13.284651161711173,52.469378619474504],[13.28464624481601,52.469381986725125],[13.284633844798792,52.46939058667896],[13.284564993186638,52.46948300697563],[13.28439908580375,52.469544520230976],[13.284369585769495,52.46956462012208],[13.28426882971465,52.46966018773554],[13.284250229462847,52.46968608764916],[13.284209808682142,52.46976733755581],[13.284201060371585,52.46979727655896],[13.284199744068783,52.469798119872124],[13.284043305132208,52.469994345618844],[13.284007241017669,52.47014545755123],[13.283988821105318,52.470150084911026],[13.283928600390043,52.47016771435483],[13.28382670090777,52.47020201411604],[13.283728664504858,52.470243428577604],[13.28367226460815,52.47027282839744],[13.283515698090396,52.470401363458755],[13.283486197693886,52.470442263321885],[13.283468494232563,52.47049607615858],[13.283229336352193,52.47057855622958],[13.283178436300195,52.47061285604263],[13.28313567457237,52.47064525807439],[13.283079274326703,52.47069345784537],[13.283026080487925,52.470756483392954],[13.282975575880435,52.47078392536606],[13.282924675888383,52.47081502518811],[13.282847540072156,52.47087317067336],[13.282818039898961,52.470900870549585],[13.282730065386847,52.47104072941789],[13.282725479403522,52.47105843552012],[13.282722887683768,52.4710637048552],[13.282649024320486,52.471075097459654],[13.282520245955945,52.47110512384295],[13.282435746408172,52.471132123653156],[13.282307022179472,52.471187821803056],[13.282244022237862,52.47122372159101],[13.282160553587067,52.47128288448488],[13.282131053440702,52.47130908436344],[13.282038772864434,52.47144256656572],[13.282026672400706,52.47147966650305],[13.282024415478837,52.471495212929085],[13.281925717537634,52.47152055240536],[13.281860017679172,52.471553652199816],[13.281801223827038,52.471587684634386],[13.281755232936757,52.47161824004055],[13.281713558188358,52.47164268301925],[13.281698763500254,52.47165428778229],[13.281632312607684,52.471655814040496],[13.281376308441187,52.471752724731296],[13.281314771303476,52.47179248366255],[13.281069852838131,52.47191674186523],[13.28098095658736,52.47197286539662],[13.280903056344322,52.47203416509023],[13.280858885255356,52.47210158343445],[13.280737369255672,52.472181704048545],[13.28066619959927,52.47226623899062],[13.28048343761595,52.47245098536042],[13.280456724845452,52.47248115089903],[13.280409612307023,52.47254101152575],[13.279997235098225,52.47292320151926],[13.279886384424184,52.47302191529218],[13.279879209687243,52.47274827492415],[13.279861878067928,52.47211366572039],[13.279861770562496,52.472110200706354],[13.27985916843789,52.472035300715405],[13.279853851626655,52.47188564269054],[13.279827230653463,52.47113555132491],[13.279826611102138,52.4711229184334],[13.279821710731326,52.47104464044803],[13.279811227136369,52.47074536568683],[13.279811214879542,52.47074533996562]]],[[[13.2627044141386,52.48423473359916],[13.262585104577727,52.48423943209256],[13.262508705113866,52.484254531980845],[13.26232690554997,52.48431356271006],[13.262211905851624,52.48436856236193],[13.262026096445375,52.4845214515287],[13.26199420278668,52.48471082892532],[13.262125168312265,52.484883601399765],[13.262189232498645,52.4849299072212],[13.262492800696174,52.48518288294645],[13.262738339188642,52.48530150983406],[13.26304876878882,52.48532654159174],[13.263336338798593,52.48525090234856],[13.263823939976824,52.48501220085016],[13.263870981199231,52.48498652684406],[13.264000486000267,52.484907830252546],[13.26411015416496,52.48496965384583],[13.264251084931981,52.485014174223835],[13.264237928856849,52.485029393790406],[13.264172836199231,52.485233364136626],[13.264303480520311,52.48542525453073],[13.264328880451956,52.48544415462727],[13.264534427186558,52.48554171213704],[13.264665466832934,52.48557917471387],[13.264785309659986,52.48562587597766],[13.265000980921736,52.485710670905],[13.265184973858572,52.48578483959202],[13.265247839130382,52.48580691433543],[13.26554192192432,52.48589594548714],[13.265836602739725,52.48601285724891],[13.26598233857514,52.48608517934905],[13.266109121969086,52.48615813577802],[13.266293566194221,52.48623013589038],[13.266456703523627,52.486270141259354],[13.266654785605168,52.48633521611642],[13.266733960489834,52.486372725371346],[13.266785583829064,52.48640790099206],[13.266848096631294,52.48646532960677],[13.266877684892336,52.48650059824459],[13.266930270637712,52.4865520571436],[13.267077670043447,52.486672357722234],[13.267093155123048,52.486684448972966],[13.26752150202385,52.487004588640254],[13.267999552454175,52.48736482665419],[13.268039862481498,52.48739220810146],[13.268230562441113,52.48750910876942],[13.26825665825784,52.48752415911316],[13.26837315838934,52.487587359497034],[13.268420553145967,52.48761051580317],[13.268519653449575,52.48765401609193],[13.268535163003143,52.48766059632536],[13.268789562196758,52.487764877027125],[13.268916622109742,52.48782574046002],[13.269005393417446,52.487904139877955],[13.269037028810125,52.48792958353144],[13.269147228534115,52.48801048394814],[13.26917186802142,52.488027453936795],[13.26926916793892,52.48809035428595],[13.269419479129919,52.48816050321573],[13.269525079660347,52.48819500346675],[13.269709353377424,52.488232973802475],[13.269754968789064,52.48823745820668],[13.26978192938258,52.48824305423546],[13.269861602801184,52.48826893584111],[13.270148328145995,52.48836902220607],[13.270170396326426,52.48837634872708],[13.270181496384234,52.48837984875278],[13.270223163723324,52.48838606152622],[13.270250947319063,52.48840156834487],[13.270268411511559,52.48840665791917],[13.270451953090246,52.48846016563805],[13.270488126941737,52.48847730528419],[13.270498115755156,52.48848679938482],[13.27063529869383,52.488577821152894],[13.270686998824461,52.4886020213096],[13.27070734100323,52.48861112766393],[13.270787741265808,52.48864552789443],[13.270855107923007,52.48867042675552],[13.270910508211019,52.48868792688393],[13.270925822222344,52.48869259341286],[13.271128145572503,52.4887520199078],[13.271330150780816,52.48881405239338],[13.271516791354008,52.48887575265137],[13.271722731366255,52.48895125154583],[13.271940683918043,52.48903131393058],[13.272040059681851,52.489067957598195],[13.272044257277267,52.48906371569289],[13.272071289579694,52.48908091893706],[13.272256090531982,52.48913981936831],[13.272318225348462,52.48915690810204],[13.272622227300491,52.48922790865612],[13.272646203992103,52.48923314860192],[13.272736504606371,52.48925154874862],[13.272796102825364,52.48926160411294],[13.272873173117684,52.48927198369023],[13.273025002362512,52.48929833795084],[13.273110298946092,52.489309057816904],[13.273147783040939,52.48931202721432],[13.273241273568223,52.48933396408222],[13.27343895325164,52.48940146864393],[13.273667662875877,52.48948149637004],[13.273705264343903,52.489500247169865],[13.273793082402909,52.48953651707445],[13.273875633209906,52.48956435516217],[13.27406256540436,52.48962922487998],[13.274061345708951,52.4896638735167],[13.27421370037534,52.48982919995925],[13.274260800361034,52.489858300124844],[13.274480379401664,52.489943913588384],[13.274738980190945,52.48996332833581],[13.2748265808967,52.489957928298345],[13.275108984346211,52.48989311212073],[13.275161684525992,52.48987021197112],[13.275295268653167,52.489789767847725],[13.27533066851235,52.48976026770526],[13.275429376680663,52.48962877899495],[13.275442176266967,52.4895949789297],[13.275456521617567,52.48949541428179],[13.275453121083064,52.48945531429399],[13.275375966341784,52.48929515657506],[13.27536843772439,52.48929026855674],[13.275371597085496,52.4892783422342],[13.275375520474858,52.48922075750912],[13.275433023632367,52.489248008257725],[13.275464123776288,52.48925890833553],[13.275545279670238,52.48928252240086],[13.275578379881848,52.48929032246164],[13.27571908669484,52.489311795369],[13.275741886876064,52.489313495384216],[13.275796279377577,52.48931599770642],[13.275830279654354,52.48931659771366],[13.275897550687663,52.4893144104732],[13.27600014887686,52.489358968328304],[13.27605904859821,52.48938147718764],[13.276308049820262,52.489464577788944],[13.276316193048427,52.48946724502376],[13.276536794175707,52.489538145541744],[13.276572697949153,52.489548753098475],[13.27675581421696,52.489598254728655],[13.276861041121851,52.48962744109056],[13.277114444798382,52.489659598719435],[13.27721344560601,52.48965859871828],[13.277622372558284,52.48955200055818],[13.277679272560643,52.48951690035817],[13.277849216450077,52.48927707812082],[13.277853115578754,52.48921167809407],[13.277724497448471,52.48897404007647],[13.277673797293797,52.488935340270984],[13.277622976945175,52.488901275257085],[13.277558719663611,52.488863392509145],[13.27755334832248,52.48885595538247],[13.27725316127826,52.48867231776397],[13.27713716196237,52.4886409180024],[13.276850406926664,52.48861124762012],[13.276780721550786,52.488614725311805],[13.276729318991508,52.48859743927741],[13.27671602803246,52.48856903353017],[13.27671567467543,52.48856630332549],[13.276715690836674,52.4885662290005],[13.276737107159487,52.488525654296495],[13.276793595017137,52.48845241275809],[13.276876273528469,52.48836253657003],[13.27698114919985,52.4882621521863],[13.277079836396535,52.48818455201215],[13.27722525129245,52.48808763609093],[13.277471040145148,52.48794198967808],[13.277553693167663,52.48788082821998],[13.27764349264886,52.48779702784386],[13.277712274441532,52.487664603055094],[13.277772042001882,52.48766255002767],[13.277834542476274,52.48765384996302],[13.277872249890862,52.48764119697241],[13.278051773479659,52.48759329912786],[13.278164473740645,52.48754287531385],[13.278240540618128,52.48750982347965],[13.278274201360317,52.48749405221063],[13.278385401598237,52.487437951862326],[13.278415215124557,52.48742184535891],[13.278602736047077,52.48731342246548],[13.278850597255927,52.48721039128053],[13.278939501501922,52.48716501561963],[13.278980470791284,52.48713952620526],[13.27901381934787,52.48713103845414],[13.279063007967368,52.48711911514116],[13.279196671886735,52.487124004500096],[13.279280591999798,52.48712341741527],[13.279412893070344,52.48711671737036],[13.279504761481384,52.48710755894533],[13.279658362235065,52.48708451488952],[13.279901496558685,52.487069265423855],[13.279916503041216,52.487068205305405],[13.280027203925169,52.48705950524308],[13.280178311929232,52.48703484581605],[13.280399113323393,52.48697874540841],[13.280440281536338,52.486967130922366],[13.280629526231035,52.48690824065454],[13.280953056923087,52.48682580694705],[13.28101783509893,52.486806376288115],[13.281189745928764,52.48674656366561],[13.281400431271658,52.48679966307669],[13.281708050639457,52.48677273383686],[13.281738250825633,52.48676473377901],[13.281781386676245,52.48674413318851],[13.281836660058444,52.48673624377991],[13.28194769649865,52.48666470749589],[13.281971782152345,52.48665320470587],[13.281976753358084,52.48664598728128],[13.282069363353793,52.48658632207486],[13.282073236942242,52.48658163380844],[13.282148073762956,52.48655669769342],[13.282314402360878,52.48647414428139],[13.282408346788882,52.486406764204006],[13.282471286698168,52.4863673357257],[13.282543167431083,52.48632975004018],[13.282647680660407,52.48633004467978],[13.282856241203433,52.48628748629544],[13.282969980647945,52.48628967074735],[13.283138615458464,52.486277973594895],[13.283335616915753,52.486246273359065],[13.283343347849705,52.486244994954845],[13.28374964483771,52.48617599429515],[13.283774658840484,52.486183169402764],[13.283835459294519,52.48619176947453],[13.28404604296557,52.48619791060432],[13.284147043770782,52.48618971054535],[13.284416546059774,52.486123753233606],[13.284601677525403,52.4859872047308],[13.284657444658869,52.48581325182021],[13.284638241863227,52.48560335189109],[13.284628223421796,52.485554439149354],[13.28457012111978,52.48537293941163],[13.284452925080092,52.48521800250285],[13.284422682024617,52.485194803826914],[13.28437202689432,52.48507117914471],[13.284225025722746,52.48491897976091],[13.284203996817293,52.48489877597689],[13.284055496008628,52.484766076576356],[13.283835428962965,52.48464818380829],[13.283549568440822,52.48460955114925],[13.283441358628371,52.48462887234219],[13.283430403271634,52.48462790315972],[13.283409503439943,52.48462920315069],[13.283353441069305,52.48464457020548],[13.283268559501145,52.484659725913374],[13.283244581566043,52.48467440918525],[13.283165268569043,52.48469614921845],[13.28314870823388,52.48469877198924],[13.283144149084348,52.48469950595545],[13.28293511316353,52.48473370485331],[13.28279370464685,52.48475407571817],[13.282282689260601,52.4848222375255],[13.282137309389391,52.484854304986676],[13.282002410117801,52.48489700468583],[13.281842834737152,52.48497094517264],[13.281703634644916,52.48506204466845],[13.281697362881975,52.48506932960823],[13.28169593409103,52.48506978918899],[13.281668106009286,52.48508493087128],[13.281643686749284,52.48509748492759],[13.281610901826722,52.485106909320635],[13.281583039282324,52.48511547625031],[13.281491061432462,52.48514564700928],[13.281384308601032,52.48517603517413],[13.28136423761482,52.48518203413523],[13.281158738734515,52.485246433680715],[13.281121564042945,52.48525914099255],[13.28099126463025,52.485307540662625],[13.28096936197882,52.48531608628481],[13.28089926224905,52.48534478609405],[13.280847649156984,52.48536852296751],[13.280755256369678,52.48541608176887],[13.280749912237647,52.485418531655284],[13.280726359839273,52.48542518410492],[13.280649097822561,52.48544404221475],[13.280600578096815,52.485453673734],[13.280573089645479,52.48545959342539],[13.280435877125948,52.48549149435625],[13.280422076642255,52.48549450850828],[13.280307977028968,52.48548362620612],[13.280282877232787,52.485482926213514],[13.279988094715279,52.485521903161015],[13.279763574033018,52.48564485726199],[13.279752073967153,52.48565555721389],[13.279728769411218,52.48569868188428],[13.2796285955068,52.485725277720526],[13.279332367425178,52.48578848793941],[13.279306350984122,52.48579446358526],[13.278875953746772,52.48590046281262],[13.27879393109362,52.485925352013545],[13.27876443547633,52.48593612431292],[13.278743607924277,52.48594059315483],[13.27867319470657,52.4859589200077],[13.278588295175444,52.48598511982231],[13.278487243851545,52.48602467140257],[13.278335344228674,52.48609847093798],[13.278279273381422,52.48612950683788],[13.278210973368031,52.486172506595274],[13.27818414887782,52.486190582936395],[13.27812774876966,52.48623128272252],[13.278127703894226,52.48623131643575],[13.277989606548203,52.486269974547156],[13.27790429051998,52.48629932518805],[13.27773249116718,52.48637052471638],[13.277661001078231,52.486405398031394],[13.277547501180798,52.486470197648856],[13.277516093294283,52.48648954147328],[13.277217193040311,52.48668814038256],[13.277189138138636,52.486708211763094],[13.277103537896087,52.48677421142909],[13.277074435392175,52.48679870066472],[13.276979934867443,52.48688570027068],[13.276969514294162,52.486895644349545],[13.276933618029414,52.48693117073093],[13.276868230194689,52.486973201131526],[13.276828485066229,52.48700156173189],[13.276792610810096,52.48703002769683],[13.276780683801423,52.487037887738765],[13.276696755508356,52.487093049727996],[13.276630619392735,52.487121090434684],[13.27660743785444,52.48713853801269],[13.27654678979348,52.487154396959006],[13.276537370042695,52.48715691979298],[13.276236034347313,52.48723954711857],[13.275871953089482,52.487327042411486],[13.275760474063192,52.48736264874176],[13.275557974849251,52.48744524819211],[13.27552545242014,52.48745951363327],[13.27523155323005,52.487597912752406],[13.275196461652387,52.48761580576645],[13.275103261770447,52.48766720545847],[13.27492385680463,52.48785405403045],[13.274906594708082,52.487900258718525],[13.274817330763625,52.48797783384865],[13.274712603957385,52.48821621321959],[13.274713860748282,52.488224877866855],[13.27467962326084,52.48819708839526],[13.274664543213282,52.488186221435726],[13.274708082504244,52.48811589600438],[13.274654517161116,52.487928861617725],[13.274443514545927,52.48765546253923],[13.274226658943418,52.48750526540371],[13.273911836721181,52.487449152856044],[13.273596662075203,52.487504523181265],[13.273533248404064,52.48752892059286],[13.273447691990858,52.4875616071978],[13.27344086246903,52.4875642034986],[13.273409081735721,52.48754761196365],[13.273347581995536,52.48752461212478],[13.273262380918853,52.48749829002416],[13.273196974503547,52.48748200109946],[13.273154204945698,52.487469880503426],[13.273060845205697,52.48745412010714],[13.273056043207706,52.487445123763756],[13.272862415917627,52.48734334452879],[13.272994741386885,52.487167807709746],[13.273045201087436,52.486978504897806],[13.272929059839598,52.486800298284166],[13.272679366443347,52.48668389525886],[13.27248416766516,52.48663599562944],[13.272461856597587,52.48663410157214],[13.272446826900323,52.48662687900633],[13.272141028785589,52.48654977959991],[13.271884030114292,52.48652308901091],[13.271633333880068,52.48656673350881],[13.27143805425404,52.48667216265649],[13.27051145467574,52.487458618331964],[13.270471868884952,52.48741715589328],[13.270396505238619,52.48731647166654],[13.270380942239449,52.487297221705965],[13.270351441946302,52.48726332183231],[13.270290535395183,52.48720687438835],[13.27022923521174,52.48716027462314],[13.270120121656058,52.48710249587374],[13.27012531944956,52.48686755701311],[13.270081609570054,52.486726695018845],[13.270032008795994,52.48665259523925],[13.269969829084758,52.486582871981945],[13.269905751467615,52.48652680463676],[13.269783349604,52.48638865073726],[13.269686690238535,52.486308505529315],[13.269550090178015,52.486223106012154],[13.269470494073735,52.486181490911086],[13.269238094802416,52.4860803915844],[13.269030530088337,52.48602311484511],[13.268680351860079,52.48597307626147],[13.268544178928828,52.485944697898134],[13.268145111196652,52.48576487442534],[13.268038968833393,52.48559623880639],[13.267939746358195,52.4854936368198],[13.267513345362513,52.48518443842444],[13.267476035652678,52.48515981315104],[13.26733913565459,52.48507751362609],[13.267135462573881,52.48500461441083],[13.267125975755405,52.4849828885323],[13.267022921607133,52.48485565268785],[13.266966721407762,52.484811252906056],[13.266737932549185,52.484702011873416],[13.266648233080758,52.48467791205672],[13.266543126204454,52.484658645742684],[13.266475363904464,52.484573048239625],[13.266335432362048,52.48446026204654],[13.266249612295983,52.48441389029324],[13.265720304508855,52.484105211144914],[13.265441995269544,52.48401431474501],[13.265126779415567,52.484024201686715],[13.264954427758964,52.48409524842174],[13.26470472475445,52.48395403329333],[13.264447980228416,52.483869086137304],[13.26419628207955,52.48383048645662],[13.264190885806302,52.48383047087046],[13.264110502886135,52.48372537571982],[13.264071602804869,52.483697675865166],[13.263831247547122,52.48359503620728],[13.26353960833044,52.4835759076129],[13.263269026591146,52.48364503493725],[13.26325712662584,52.48365053490202],[13.263162768969561,52.48372474435154],[13.263127164999258,52.48372626466799],[13.26309706521103,52.483732164624314],[13.262856921784955,52.4838225652927],[13.262834721783962,52.48383636521436],[13.26269162434109,52.48398332784239],[13.262682424129935,52.484001727797036],[13.262667412447776,52.48417476251532],[13.262673412206441,52.484193762542375],[13.2627044141386,52.48423473359916]]],[[[13.265047399943285,52.488799237679004],[13.264842798129894,52.48902633677661],[13.264771023525379,52.48922183635726],[13.26488178528622,52.48941043190617],[13.265140693468897,52.48953356394577],[13.265580596234114,52.48964066477572],[13.265592776162567,52.48964353503357],[13.266523597801637,52.489855677343726],[13.26774365648751,52.49043889552519],[13.267817830327376,52.490536852948665],[13.26804640336322,52.49069318550191],[13.26837894123139,52.49074518480497],[13.268702498415859,52.49067518940468],[13.269031799442434,52.49052668844577],[13.269238449869416,52.49035504967807],[13.269249729667965,52.49014215437687],[13.26906168245057,52.48996272317285],[13.266938285943562,52.488868829976425],[13.266869709362572,52.48883837682548],[13.266050912734517,52.48852717899505],[13.265778339820747,52.488473631369295],[13.265496611267226,52.488504875390014],[13.265272310124123,52.48861352691166],[13.265096209545613,52.48875362621567],[13.265047399943285,52.488799237679004]]],[[[13.28116488342213,52.493279713520714],[13.281083978415012,52.49321998869549],[13.280984409588395,52.493161908134915],[13.2808937098316,52.4931202084069],[13.28079934810278,52.493084785013615],[13.280669148812006,52.493045685304],[13.280520981995018,52.49301529691409],[13.28035838324161,52.49299609707753],[13.280238435603696,52.492989585761585],[13.280136172609142,52.49299044033655],[13.280072909743607,52.492990256168135],[13.279855882114873,52.493014869885485],[13.27975558276933,52.493038769710694],[13.279625405114801,52.49308200453804],[13.279564705316055,52.49310870436423],[13.27945558556139,52.493170947109604],[13.27939893033429,52.49321266570091],[13.279387776067331,52.49320685097501],[13.279256976473865,52.493149751354835],[13.27919379398779,52.49312570109728],[13.27909379448642,52.493092801336246],[13.2790021582031,52.493068526212504],[13.278972060276958,52.493062344685285],[13.278928565929824,52.493034519838304],[13.278871156150547,52.492991486291196],[13.27886712241041,52.49298586884386],[13.278827950210548,52.49291010023076],[13.278731806161556,52.49282419438082],[13.278747298643788,52.49281824543784],[13.278582497518666,52.49265834611812],[13.278538092058417,52.49262085132329],[13.278297927279763,52.49244334390081],[13.27806887055688,52.49226796790332],[13.277794864299505,52.49203142488224],[13.277759373936771,52.49200376053706],[13.277559673543813,52.49186286128068],[13.277460050300979,52.491807051376284],[13.27732995069059,52.49174945175743],[13.27717269710584,52.49169987956901],[13.276845499321718,52.49163238010621],[13.276462786627162,52.4916335362454],[13.27641068698351,52.49164463616356],[13.276199381869501,52.49172326393637],[13.276059635790498,52.49184793164308],[13.275993534789132,52.49194653133188],[13.275955195743636,52.49203350817478],[13.275926594108562,52.49215990802059],[13.275921207639357,52.49220090765903],[13.275913704958022,52.49240180759887],[13.275951392738662,52.49253679181064],[13.276049991003726,52.49269649225208],[13.276123719088906,52.492780254849286],[13.276255247272257,52.49289138107963],[13.276313317566474,52.492944937907986],[13.27635632123912,52.49299121242623],[13.276365398049068,52.49300696873342],[13.276390759186926,52.49304418244562],[13.276453958437951,52.493123982720626],[13.276471831553659,52.49314478734938],[13.27653293102209,52.49321058760773],[13.276541291606303,52.493219303706034],[13.276633990908659,52.49331290409242],[13.276666439957877,52.49334229230509],[13.276773939524897,52.493429992727116],[13.2769077046081,52.493509113989084],[13.277033105018642,52.493562714348386],[13.277160088028236,52.49360391094559],[13.277431389768708,52.49366741144101],[13.2775002215327,52.493680632764374],[13.277908835020733,52.49374261735275],[13.278033780623355,52.49376538148037],[13.278203408469231,52.49382146705521],[13.278233455809332,52.49383633826565],[13.278281814183819,52.49387208579399],[13.278463932345183,52.49403313130742],[13.27850213111984,52.4940793662661],[13.278475278970834,52.494098483703105],[13.278380426190804,52.49422577122242],[13.278273879789827,52.494299668257455],[13.278139619885742,52.49446324461261],[13.278154624847458,52.494645970201454],[13.278315011175842,52.49480053261833],[13.278332811187497,52.494810632678366],[13.27861024446578,52.494898837015334],[13.2786191304148,52.49489852619241],[13.278646900371314,52.49507420000393],[13.278646297521904,52.49507815166818],[13.278645457032832,52.49507896664384],[13.278555693082597,52.49525200932907],[13.278615858076156,52.49542976465119],[13.278810620571923,52.49556693174735],[13.278850720709368,52.49558373186077],[13.279131286552127,52.49564539985675],[13.27926664824585,52.4956315481807],[13.279510311881126,52.49564567995878],[13.2795909241381,52.495774578976246],[13.279777563975891,52.495883687341674],[13.279810164116956,52.495895687426184],[13.279863543772194,52.49590544519944],[13.279903909949773,52.49592703654196],[13.279903049942655,52.49592594578589],[13.280054832690722,52.496082965486444],[13.280339765336938,52.49617443866418],[13.280342295911765,52.49617476375225],[13.280647819066969,52.49630412277991],[13.280664361457022,52.496310877072816],[13.280747961781572,52.496343777299685],[13.280800563990953,52.49636447823154],[13.280894260311403,52.496394453314835],[13.280928260520684,52.496403053381016],[13.281008978989847,52.496419413952886],[13.281049679288747,52.496425714004936],[13.281126852724698,52.49643436940086],[13.28115945298455,52.49643666942159],[13.281204652159357,52.496438786692586],[13.281337853242658,52.49644188672697],[13.281648791387214,52.4963960833716],[13.281657380030447,52.49639082775268],[13.281919150653756,52.496370210990015],[13.282052894833697,52.49631069531429],[13.28225052599903,52.49627476285221],[13.282292026223711,52.496261662759835],[13.282332099614338,52.49624777450676],[13.282364299755423,52.49623557442398],[13.282458233825015,52.496180182256296],[13.282461027286383,52.49618214851606],[13.282491827338118,52.496165848416695],[13.282561251717373,52.49612231433036],[13.28260415161741,52.49609041416548],[13.282625548482024,52.49606827325238],[13.28274343900982,52.49606299303509],[13.282971691936455,52.495982339498795],[13.283041010093331,52.49594288128689],[13.283167069421241,52.49588064920259],[13.283171632557778,52.49587837336215],[13.283221522415896,52.49585323598724],[13.283280362448762,52.49583813352887],[13.283328649041637,52.495814216712766],[13.283383534152959,52.49584811609098],[13.28345370039682,52.4958717426497],[13.283541244420716,52.49590357037456],[13.283639402144313,52.49594793877737],[13.283928871756649,52.49601660708833],[13.284235331046986,52.495985885475385],[13.284473604500178,52.495864312512914],[13.284529904230922,52.49581491228201],[13.284631969522904,52.49564830062581],[13.28459069157442,52.49547221727047],[13.284416174678844,52.49532975857479],[13.284415706927435,52.495329528267526],[13.284365175754102,52.495125389875696],[13.284247592764833,52.494958278526305],[13.284011062397386,52.49484766724372],[13.283716103690365,52.494821856911486],[13.283392106291313,52.49484435675257],[13.28332804459194,52.49485100704229],[13.283099582736668,52.49488272420052],[13.283042981138582,52.49483037110242],[13.283008862161577,52.494801947774356],[13.282953862004563,52.494760547984335],[13.282937559251641,52.494749706276195],[13.283096136177914,52.49463134929277],[13.283136609787357,52.49443378703599],[13.282998645915239,52.49425337040138],[13.282772445494558,52.494095071240956],[13.282732085712755,52.49407832090184],[13.282727874654995,52.494073297113054],[13.282727044681165,52.494072250933044],[13.282730029170063,52.49406380487762],[13.282711707200027,52.49387188897757],[13.282534007516876,52.493713166866144],[13.282301157154881,52.4936479717733],[13.282274122377336,52.49362839666457],[13.282149522856377,52.49357909700389],[13.281880452016859,52.49352262078916],[13.281716007201977,52.49353847299364],[13.281706746673777,52.49353232187306],[13.281584891215983,52.493470584774606],[13.281477791655496,52.49342978505886],[13.28146203975183,52.49342469885682],[13.281438030275309,52.49340746727245],[13.281237940203784,52.49331445112454],[13.28120863304298,52.493306122257835],[13.28116488342213,52.493279713520714]]],[[[13.286742931878123,52.49368221641724],[13.286707708941702,52.49368880754606],[13.286384011174219,52.49375620704822],[13.286349767703026,52.49376406979239],[13.285970070113935,52.49385956909748],[13.285747131297523,52.493958089110016],[13.285621857597231,52.49410767488743],[13.285621598696098,52.49427567018947],[13.285640298107337,52.4943233702744],[13.28580792373437,52.49450063240205],[13.285902476752295,52.494529955262415],[13.285953943746488,52.49472169181606],[13.286022342884003,52.49481119211528],[13.286209149950102,52.49494972669251],[13.286482380880495,52.495015914084746],[13.286773994655542,52.49499327198874],[13.287345064276044,52.494854575406436],[13.287636999824487,52.49480199606117],[13.287836537531653,52.494776116197],[13.288607024292702,52.494749472662306],[13.288752472526882,52.49470998772574],[13.288780324203456,52.49472040285081],[13.289048589718503,52.49473491897892],[13.289149290518392,52.494726118915146],[13.289185054539118,52.494716926421724],[13.289224223124952,52.494720273837096],[13.290023529492151,52.49465397335904],[13.290084126703807,52.49464695785556],[13.290090826754092,52.49464595784813],[13.290447946176458,52.494489670135074],[13.290497254878508,52.49444235442785],[13.290589283232988,52.494249383347174],[13.290589282699912,52.4942047877593],[13.290504696027908,52.49401915477355],[13.290275232928828,52.49388683208686],[13.290252923969197,52.49387964322095],[13.290099737611985,52.493845825991464],[13.29004393803486,52.49383862605215],[13.289917331369725,52.49383086322088],[13.28981613219549,52.49383136322388],[13.289750172200433,52.493834709648475],[13.289671189830571,52.49373971488729],[13.289404904728155,52.493637630352524],[13.288919608150376,52.493549031069584],[13.288705915044629,52.49353499678285],[13.288564416191447,52.49354159673932],[13.288529682850868,52.49354910810543],[13.288489955906986,52.493545108920266],[13.287569063370004,52.493588308634955],[13.287539681312758,52.49359014011078],[13.287203084002307,52.49361633992316],[13.287161075838359,52.49362055623529],[13.286997077103932,52.49364075608567],[13.286958630293574,52.493646316684355],[13.286742931878123,52.49368221641724]]],[[[13.270000113701359,52.49884116433433],[13.270141015342825,52.49883545766176],[13.271151622402613,52.498632656161206],[13.271333427935122,52.498572926649324],[13.27163932870752,52.49842502571636],[13.271824784122995,52.49826998243032],[13.271853096694501,52.49807880046155],[13.271716197901595,52.49790597567676],[13.271569079424339,52.497803713398035],[13.27079785084181,52.49719390976142],[13.27041364048184,52.497057565129055],[13.270324041188568,52.49704986519694],[13.27009155905921,52.49705825816434],[13.269882571737375,52.4971209802872],[13.264969485380194,52.49942876558237],[13.264802414185377,52.49955222424127],[13.264739737490935,52.499707707701496],[13.26479388668599,52.4998643798432],[13.26483302103228,52.499916123176774],[13.264888292295566,52.50000512404763],[13.265085858630842,52.500165404786515],[13.2653933793579,52.500236157421455],[13.26551909896915,52.50022021979822],[13.265196033947891,52.50058772747339],[13.26515697796452,52.50064272426064],[13.264446963706591,52.501926520809576],[13.264425383471114,52.50210533207193],[13.264547988775405,52.50226827027976],[13.264784291985777,52.50237481666779],[13.265075530318349,52.50239847551218],[13.265349278999517,52.50233336334689],[13.26553746281055,52.5021956721554],[13.26649046879698,52.50097034596157],[13.267088102290499,52.500291264517344],[13.26788384852283,52.499674450620184],[13.268394557896093,52.49941357328888],[13.269008645399296,52.499153688212516],[13.269364133071255,52.499039320401366],[13.269784111817108,52.498938845973726],[13.270000113701359,52.49884116433433]]],[[[13.288172387390278,52.502232788251334],[13.288086897385016,52.50239863500952],[13.288138916704453,52.50256957112812],[13.28831628361536,52.50270562835677],[13.288577526721362,52.50277499350959],[13.288733827938092,52.502790993647885],[13.288737567842983,52.50279136894614],[13.289151471076307,52.50283206929942],[13.289157513074741,52.502832643802215],[13.289537490211794,52.502867541733586],[13.28968278148926,52.50288089330323],[13.28977191534148,52.50289489575012],[13.289793725332645,52.502898053286536],[13.289875105185592,52.50290884146372],[13.290219264246439,52.50289125504484],[13.290488146057049,52.502758988371696],[13.290589364543683,52.50255748787922],[13.290589363461864,52.50241640782487],[13.290524927305972,52.50225291575989],[13.290345715991734,52.50212518396121],[13.290207260179827,52.50209038720065],[13.290256468120434,52.50208523763194],[13.290499245408114,52.50195259166835],[13.29058935830459,52.50176148707242],[13.290589354883004,52.50134183857087],[13.29049836087584,52.50114988160474],[13.29025348975695,52.501017217461374],[13.289930378370956,52.50098482348902],[13.289739180693026,52.50103420477205],[13.28953785038512,52.50101815772163],[13.289294538950518,52.50106519658944],[13.289280437827864,52.501073108803006],[13.289283713102769,52.501059679791084],[13.289165613345752,52.50088344299373],[13.289095712265922,52.50082804223565],[13.288984130850306,52.500668190678184],[13.288751915757853,52.500503278873126],[13.2884063955342,52.50045021278496],[13.287740750677271,52.50047487446903],[13.287652973676897,52.50042594576482],[13.287358376788097,52.50038540329058],[13.287108678823659,52.5003911032618],[13.287087765033975,52.50039180802933],[13.286727243633669,52.50040788397517],[13.286440395917474,52.500381543505796],[13.286042423959765,52.50025886852402],[13.286007074195853,52.50024885320547],[13.285173579253192,52.50003285486019],[13.284854814778864,52.500008330478025],[13.28474371565834,52.50001863040299],[13.284480507158193,52.50008564145508],[13.284299709165532,52.500220246520534],[13.284044706136076,52.50054894535457],[13.283989754726782,52.50073021171228],[13.284089223934243,52.500904272742666],[13.284316967875899,52.5010253731145],[13.285529544865826,52.50138968666065],[13.28581411753393,52.50147569722412],[13.286070075979813,52.501511253422635],[13.286221355535044,52.501592480713654],[13.286384356447213,52.50163988106829],[13.28681462085465,52.501658273461814],[13.287515069104039,52.501523783903764],[13.288747725508799,52.50146110620006],[13.288886817722426,52.501430014067175],[13.288875823460852,52.50144772998297],[13.288913725500082,52.50162200947905],[13.28908250052343,52.50176448788654],[13.289497701232737,52.50197698921238],[13.289510082859922,52.501983153537125],[13.28960090619711,52.50202713254175],[13.288795067136217,52.50202048487083],[13.288487495826457,52.50207040898219],[13.28837539635247,52.502110808704685],[13.288172387390278,52.502232788251334]]],[[[13.278176795468777,52.49974366153058],[13.278168794175812,52.49984086147997],[13.278239324496955,52.500030324825566],[13.278461080020016,52.50016973091791],[13.278515213701533,52.5001889384604],[13.278531198138595,52.5002691763744],[13.278521813364927,52.500338540725195],[13.278492891362914,52.500511372718385],[13.278495909272255,52.500574637726224],[13.278467272659432,52.500617762294816],[13.278440437114012,52.50083678288857],[13.278456536609314,52.500877682961665],[13.278510204991022,52.500939011298954],[13.278505576025236,52.50097630918732],[13.278612707599338,52.501131814497505],[13.278636005592707,52.501143771105696],[13.27862566948183,52.50115952022567],[13.278601885767541,52.501301652751124],[13.278535605817721,52.50136941358305],[13.27851370815655,52.50139391351515],[13.278452007483748,52.50146981323597],[13.278417338563534,52.50152257038816],[13.278354337156252,52.50164587007858],[13.27834589054179,52.50166407283174],[13.278327090000744,52.50170907273698],[13.27832563309418,52.50171263581163],[13.278322946704227,52.501719351582864],[13.278207652985596,52.501738377379866],[13.27811168201047,52.50174763503439],[13.27798417034463,52.50175228531283],[13.277878791400449,52.50174888599465],[13.277775767849558,52.50174067243998],[13.277625870726066,52.50172230448832],[13.277555230923854,52.50170748097266],[13.277473821193903,52.50168710963609],[13.277364463125098,52.50165675278038],[13.277261166223207,52.5016190761786],[13.276964869818128,52.501568171254],[13.276666943967808,52.50161540165669],[13.276448708180908,52.50174787574627],[13.276438108096583,52.501759075700136],[13.27635933019256,52.50192940219605],[13.27642325575295,52.5021020302546],[13.276464331418058,52.502130633660386],[13.276512787365494,52.50232774058297],[13.276552086884868,52.50237824075447],[13.27681851953542,52.50254488606773],[13.277093120996083,52.502629586693025],[13.277160849427824,52.502647325277096],[13.277434951245118,52.50270702574848],[13.277448443954201,52.50270985258973],[13.278229135571356,52.50286698997108],[13.27831823710676,52.50316726582539],[13.278321264262997,52.50317674019043],[13.27841546079761,52.503451840616826],[13.27854718206018,52.503613941331025],[13.27879160230519,52.50371636761047],[13.279086823444137,52.5037331803314],[13.27917142411072,52.50372478026992],[13.279421069937952,52.503661685200214],[13.279598307706868,52.503537221672104],[13.279665860993296,52.50337756718836],[13.279669792254706,52.50326507184867],[13.279680640099253,52.50318224310678],[13.279715273178782,52.50310588123888],[13.279767527911964,52.503025505148095],[13.279805797904709,52.502974397333894],[13.2798855334676,52.50292978936931],[13.280022730180942,52.50285992351818],[13.280158223980772,52.502799560390876],[13.28023360400432,52.50277076708241],[13.280280637929517,52.50273911134641],[13.280331205615209,52.50272867955874],[13.280335328066514,52.50273314428429],[13.280585729309838,52.50264704368689],[13.280787450562475,52.50253257939446],[13.280847376276308,52.50243234956426],[13.280980563294507,52.50242463249924],[13.281135458530562,52.50234824029223],[13.28136047963643,52.50230840754995],[13.28157205947598,52.50217325650433],[13.28182275721628,52.50189295539642],[13.281876038625086,52.50181064920305],[13.281972235901103,52.50158344871899],[13.28199088602449,52.5014995751831],[13.281996683226758,52.50129017513045],[13.281986189584972,52.501216276424636],[13.281933687463482,52.50104947666151],[13.281913898622566,52.50100336023616],[13.281806096380611,52.50080646072273],[13.281796345860464,52.50078999635066],[13.28161306393134,52.50050260002599],[13.281535040321312,52.50034057354607],[13.2814903681814,52.50011024017879],[13.281404961322652,52.499962001120295],[13.281224119853139,52.49985014755927],[13.28102602062503,52.499772348096165],[13.280744002955483,52.49971585463373],[13.280452643805992,52.4997504463771],[13.280439780890974,52.49975707774637],[13.280254493058559,52.49978858675988],[13.280094793112703,52.4998745262305],[13.279926186396901,52.49978336855977],[13.27974159484287,52.49976282166672],[13.279699556527047,52.499713448643654],[13.279570756231346,52.499620349127916],[13.279398355910194,52.49953521869174],[13.279233456739911,52.49948141908341],[13.279133488685922,52.49945571483118],[13.278942990006312,52.49941891512687],[13.278589690915371,52.49941847762468],[13.278299507565885,52.4995414697606],[13.278176795468777,52.49974366153058]]],[[[13.277603723632392,52.50389995886827],[13.277632423211752,52.50385805873366],[13.27767111326033,52.5036645921758],[13.277659612670599,52.503619092226984],[13.277548431119115,52.50345798737529],[13.277429154311369,52.50339899543295],[13.277315422464818,52.5033111242695],[13.27695303350315,52.50325338518015],[13.276840034420749,52.50325808515002],[13.276691090959037,52.503276255047915],[13.276595291621694,52.503296054901575],[13.276429887673231,52.50334937257423],[13.27640513457544,52.503360746308616],[13.27639755208576,52.50336293735314],[13.276238445963443,52.50336187239245],[13.275937919244525,52.503496273146915],[13.275914919141352,52.5035160730532],[13.275811751381687,52.503675656034474],[13.275841500744418,52.50384624515599],[13.275858800421412,52.5038754452337],[13.27597828017933,52.50399596316003],[13.276037680105913,52.50403556337614],[13.276333862177754,52.50414228170923],[13.276677223065782,52.504129900430286],[13.276709445817493,52.504122606242866],[13.276743129562842,52.50413717870864],[13.277060659811404,52.50415070485442],[13.27711616023863,52.504143704802516],[13.277360906138476,52.50407432598903],[13.277424106302682,52.5040440257973],[13.277603723632392,52.50389995886827]]],[[[13.277864404527437,52.505460267677236],[13.27790470478921,52.50545056760633],[13.278099050918453,52.50537400104601],[13.278230113633441,52.505257681460016],[13.27824731339112,52.505233181379744],[13.278294805619927,52.50508458603048],[13.27823784885557,52.50493723449878],[13.278217048601606,52.50491053458954],[13.278077252848313,52.504796659951694],[13.277876015376302,52.50472479178648],[13.277839215624272,52.50471709184767],[13.277406513366648,52.50472926464993],[13.277366413608616,52.50474026457066],[13.277066316451824,52.50492672159732],[13.277051516243022,52.50494782152823],[13.277033294954615,52.505201294249666],[13.277046294677238,52.5052254943084],[13.27716323879438,52.50535059195106],[13.277351256037294,52.505437648704316],[13.277393256270992,52.505449948796254],[13.277627065351547,52.50548511567717],[13.277864404527437,52.505460267677236]]],[[[13.285666419110607,52.50477812413016],[13.285491817648177,52.50496682336555],[13.285416327715252,52.50512675555059],[13.28545026932012,52.50523640000992],[13.285344114838782,52.50535998881537],[13.285336680122102,52.505368946569924],[13.285234578978313,52.50549634610641],[13.285224013738832,52.505510274823706],[13.285148212705849,52.50561607447132],[13.285107610475958,52.50569841051974],[13.285068108716356,52.505836810312196],[13.285063287111768,52.50585711506381],[13.285029484786033,52.50603511487785],[13.285026392299677,52.50605749210835],[13.285018991165146,52.5061427920621],[13.285062338445009,52.506298386171906],[13.28519768713072,52.506416314498765],[13.285194682168356,52.5064343699912],[13.285298872557952,52.50659351485496],[13.28532207244832,52.50661331494739],[13.28551886455002,52.50671971946021],[13.285771916445912,52.50676329716164],[13.286177918801094,52.506775708042795],[13.286163814665649,52.50678921222135],[13.28612551427317,52.50683481204936],[13.286075193206896,52.50691942840915],[13.286060392716282,52.506959328333544],[13.286045856679717,52.50703950511261],[13.286045956315837,52.50706670510999],[13.286048268907766,52.50709773494134],[13.286065128480374,52.50721347101793],[13.286060024221742,52.507270643923356],[13.286094114566138,52.50741220842188],[13.28611161423837,52.507441808500516],[13.286112627741575,52.507443509381055],[13.286198626165964,52.507586709767075],[13.2862140048874,52.50760980570352],[13.286321103437889,52.50775590617479],[13.286378033085601,52.507816820132184],[13.286379067954195,52.507817712269386],[13.286157335497673,52.5079079404688],[13.286139035456932,52.5079214403987],[13.286011626486506,52.50809234553674],[13.286042780823792,52.50827913658077],[13.286224004662634,52.50843087677856],[13.287513907386867,52.50906328079876],[13.287597864866397,52.509097652748125],[13.287746665587992,52.509147853110484],[13.287765973947504,52.50915408481976],[13.287776674004437,52.50915738484411],[13.287876240835997,52.5091692969179],[13.287950163240993,52.509210697176],[13.288536366369607,52.50939089850749],[13.288543157291842,52.50939171255275],[13.288548802572594,52.50939477890127],[13.289116305600661,52.509569280190576],[13.289290461421118,52.509591941972154],[13.289456048333141,52.509674764719556],[13.28953654875714,52.50969986490439],[13.289537618716512,52.50970019768067],[13.289692019533625,52.50974809803383],[13.289694510206573,52.509745109237315],[13.289945496389702,52.50980452619404],[13.290262636660735,52.50976842799785],[13.290501096482375,52.50963584950608],[13.290589404802235,52.50944652756973],[13.290589404250786,52.509311731512945],[13.2905165051895,52.509138508004646],[13.290315846775554,52.509008143019024],[13.290308018208126,52.50900511208948],[13.290268392754887,52.50899777486718],[13.29024620955148,52.50898376775196],[13.290054410367762,52.5089123682531],[13.28994226736665,52.50889156481315],[13.289849052575253,52.50883974909811],[13.289698253311128,52.50878914946388],[13.289619560481956,52.508778182445845],[13.289602335312603,52.50877368305668],[13.289545892245314,52.50874754498614],[13.28921659430241,52.50866634561405],[13.289166847323777,52.50865563280034],[13.289060948067897,52.50863603295874],[13.289046665082692,52.508635507675336],[13.289022947108531,52.5086266384411],[13.288843248408767,52.50859683868532],[13.288825271054952,52.50859404211456],[13.288649172364632,52.50856844232763],[13.288625163946595,52.50856885247645],[13.288604155120249,52.50856192529701],[13.28845509698127,52.508540275866835],[13.28838319743158,52.50848661845628],[13.288368784124865,52.50848095110185],[13.288359625007642,52.508468200910954],[13.288236593345024,52.50836684762104],[13.288308487323837,52.508367682522106],[13.288323198719942,52.508367741283216],[13.288378399170588,52.50836754128543],[13.288436740087555,52.50836556220469],[13.288539240912819,52.508358962158496],[13.288578620720351,52.50835560333797],[13.288600052859342,52.50835332309511],[13.288710646017172,52.5084130786711],[13.288757473145221,52.508435896629614],[13.288849173427122,52.5084760968967],[13.288917846853836,52.508502043112266],[13.28919314825765,52.50859074376016],[13.289207041188078,52.50859507742245],[13.289557792808854,52.508700937321464],[13.289721528002893,52.50875454339557],[13.290013891627174,52.50879717171959],[13.290302675856083,52.50874626392658],[13.29051273230171,52.50861506741756],[13.290589400446379,52.5084377224391],[13.290589397739751,52.507865282625936],[13.290522881194628,52.507699336602734],[13.290338350857883,52.50757085497769],[13.290077466953905,52.50750884366254],[13.29001453875154,52.50750376097963],[13.28997337931274,52.507499237480424],[13.289707444554086,52.50744789975197],[13.289706675015324,52.50744775154793],[13.289483909414505,52.50740495160635],[13.289286334298918,52.5073366599442],[13.2892847536958,52.50733611556826],[13.289079742402272,52.50726576109868],[13.28902029903113,52.507233384788385],[13.288971325219313,52.50716484965002],[13.288957485653944,52.5071321593555],[13.288954326450213,52.50711245091629],[13.288956169671813,52.507075699551],[13.288940074746984,52.506980538834846],[13.288818070931754,52.5066713393891],[13.288762348840644,52.50658778799177],[13.288742302021191,52.506542207579],[13.288741401213262,52.50654018302344],[13.28871065305167,52.50647186560005],[13.288689658128792,52.506413861956084],[13.288689000715516,52.506385082020614],[13.288648850620444,52.506288633576496],[13.288595989782744,52.50612589683888],[13.288592684411036,52.506116395696864],[13.28858688060237,52.50610075595243],[13.288587826754215,52.506060589242075],[13.288588490489126,52.50605223082468],[13.288589916188627,52.50605031401773],[13.288656013537157,52.50598444174696],[13.288728159246224,52.50591529858043],[13.288740040004924,52.505908565676044],[13.28888044180465,52.50584459236689],[13.28891506054147,52.505827539287814],[13.289115860868396,52.505720738637926],[13.289143605972406,52.50570499567702],[13.289229144119457,52.50565323282228],[13.289333582248153,52.50559006989418],[13.289341746092692,52.50558503424874],[13.28941804607792,52.50553703397768],[13.289502281747467,52.5054697115144],[13.289574381204554,52.50539531120277],[13.289583537704955,52.5053855149979],[13.289679036857098,52.50527951457668],[13.289679450795933,52.50527905432339],[13.289720750426545,52.50523305414108],[13.289724306066361,52.50522903339233],[13.289807305275373,52.505133733023015],[13.28990309950874,52.505023738169946],[13.289957791486556,52.504960946538425],[13.289959373393017,52.504959117683626],[13.290060472402143,52.504841417232235],[13.290075260506864,52.504822933357794],[13.290108721341783,52.50477788535245],[13.29014541693277,52.50472852412439],[13.290185175555326,52.504683624390395],[13.290213766103427,52.504646390983574],[13.2902393657023,52.5046073908626],[13.29026849771745,52.50454913425671],[13.290287697040574,52.50449453415807],[13.29029309056949,52.504477111973834],[13.290307289891789,52.504424111898736],[13.290309970526229,52.504413023375406],[13.290322158229445,52.50435652187853],[13.29037654392007,52.504136011557435],[13.290382841161751,52.5040717289915],[13.290378439963979,52.50398212900305],[13.290364699408075,52.50391497487706],[13.290325298054949,52.50380667505579],[13.29031258176295,52.50377755120819],[13.290254880449092,52.50366465146948],[13.290219160561715,52.50361061714795],[13.2901819601485,52.503565317308926],[13.29014733921095,52.5035287047242],[13.29011993904494,52.503503304835995],[13.290071646134432,52.50346453531668],[13.290023146044888,52.50343063549666],[13.289881690850855,52.50335851635179],[13.289767691350498,52.50331691664545],[13.289560058517985,52.503270632366274],[13.289372446256984,52.50325197677553],[13.289288029261005,52.5032298231067],[13.289220363692488,52.50323356631577],[13.289220482113722,52.50323263910301],[13.289138482775433,52.503228739140155],[13.289138434101478,52.50322912024121],[13.289112764093964,52.50322603219345],[13.289112957372982,52.503224943439704],[13.289092437016814,52.50322358688471],[13.289057348476245,52.50321936579111],[13.289047722390167,52.50322063088783],[13.28887395928359,52.50320914358332],[13.288586259653558,52.503234109773864],[13.28853416114016,52.50324719414652],[13.288485646387842,52.503188398903575],[13.288285536254145,52.503050657953295],[13.287999943089964,52.50299140434594],[13.287703723305855,52.503026168909706],[13.287474518434653,52.503145839570465],[13.287363317889202,52.503244139113114],[13.287285573558796,52.50334164620266],[13.287274873318859,52.50336264615006],[13.287264873089713,52.50338473108331],[13.287167670116109,52.50362953059063],[13.287153648990907,52.50368079023465],[13.287139547777004,52.503772990154836],[13.287137011893794,52.50380396075611],[13.2871355644157,52.50393407726231],[13.28712340777951,52.50402220435135],[13.287115303759249,52.50406548209116],[13.28716828112994,52.50419787528611],[13.287165734367239,52.50419798790335],[13.287170733807436,52.50424008792326],[13.287178375344945,52.50425117583824],[13.28718286487153,52.504261797723196],[13.28718541869752,52.50426139577812],[13.287205163298974,52.50429004526672],[13.287212013970734,52.50430716532036],[13.287225186527806,52.50431909900383],[13.28727729313054,52.504394705575244],[13.286971650400156,52.504261966873706],[13.286689351273553,52.504197181018434],[13.286391501276281,52.50422612410485],[13.286156141531691,52.50434121260276],[13.285932340670575,52.50452601170503],[13.285910559880824,52.50454527856809],[13.285683858503663,52.50476047761297],[13.285666419110607,52.50477812413016]],[[13.287623063353264,52.50457146153914],[13.287587598590079,52.50461418957034],[13.287572980808479,52.50462885535919],[13.287561804402095,52.50458111571218],[13.287487562537093,52.504525337649696],[13.287603716748968,52.50457114003244],[13.287623063353264,52.50457146153914]]],[[[13.286357682310816,52.51631449948981],[13.286355250373543,52.51628816216635],[13.286379039769601,52.51625872537403],[13.286397138932168,52.516209388811454],[13.286428220344868,52.516127649770155],[13.286430010141853,52.51612279022249],[13.286506207494824,52.5159089898315],[13.286517429251834,52.5158638716832],[13.286564824880289,52.515532671412295],[13.2865065416451,52.515342702742174],[13.286295456737642,52.51519858809854],[13.28599256113487,52.515141967284045],[13.285685371687135,52.51518919993382],[13.285462645775349,52.51532663894331],[13.285393924392833,52.51540201811451],[13.28533160231161,52.51545883092964],[13.2853289884022,52.515461234569884],[13.285187200579296,52.51559275836681],[13.285076252524712,52.51567667882907],[13.284955608444445,52.51583654180663],[13.284837103543051,52.51622454118841],[13.284864893557856,52.51641703060709],[13.284885758189619,52.516450855901105],[13.284906609286232,52.51648656186952],[13.28496869450896,52.51656282961822],[13.284969563021987,52.51656363897751],[13.284969625402866,52.51656401489212],[13.285118207042634,52.51676851707292],[13.285240727089535,52.516811405532465],[13.285289367992688,52.51684994221883],[13.285604571112012,52.51691786108721],[13.285629771316646,52.516918661095445],[13.28590282702491,52.5168873222719],[13.286122004619877,52.51678314993709],[13.286238593693334,52.51662929576093],[13.286245559156491,52.51660778987499],[13.286252365808155,52.516590103239864],[13.286276780137973,52.516517445724254],[13.28630505813107,52.51643665920997],[13.286326383301883,52.51639559964899],[13.286357682310816,52.51631449948981]]],[[[13.209558806050056,52.51707541657445],[13.20944501462117,52.517045875642815],[13.209612403184918,52.51699263063704],[13.209722403457194,52.51693913030016],[13.209918490694982,52.516763363106186],[13.20991753327249,52.51655075246499],[13.209719868504195,52.516375644822396],[13.209607168761108,52.51632144516991],[13.209497089731558,52.51629603099316],[13.209490313964539,52.51629149277231],[13.209356304257316,52.51623263101214],[13.209341857303514,52.51622094221215],[13.209142397562196,52.516149656380314],[13.209080697976788,52.51613665648368],[13.208792150593727,52.51612177544216],[13.208526814903529,52.51619253061146],[13.208454415099457,52.51622683039348],[13.208283600880451,52.51635646208234],[13.20822669537206,52.51651912156109],[13.208229294455311,52.51658762156577],[13.2082837952292,52.51673051499639],[13.2084273273209,52.51684823063802],[13.208444327922095,52.51685743348965],[13.208444984576765,52.51686018264813],[13.20862804760417,52.51700463007555],[13.208687047751242,52.51703233025491],[13.208792935862366,52.517061169234424],[13.208644360124875,52.517127528781046],[13.208521389639293,52.51729858946715],[13.208505750604074,52.517361495704435],[13.208546912140754,52.51755728115759],[13.208751300140086,52.517710305208155],[13.209057311749957,52.51777444523196],[13.209165996261994,52.517777954287844],[13.209462918046777,52.51773982588948],[13.209689396020558,52.51761664037325],[13.209785402498735,52.517441048294664],[13.209791156338502,52.5173841329189],[13.20973851561685,52.51721197911516],[13.209558806050056,52.51707541657445]]],[[[13.206736836115114,52.51722374652444],[13.20679719588091,52.51741170537738],[13.207007196131451,52.517554087577686],[13.207230174718202,52.517640989173174],[13.207274067546336,52.517670050108315],[13.207560203751909,52.517726098461395],[13.207717941185763,52.51773119324325],[13.208017381048151,52.5176922880822],[13.20824442861962,52.5175669994456],[13.20833781847168,52.51738913504062],[13.20827235225045,52.51720668911216],[13.208227949702474,52.51715443452346],[13.208187484513225,52.51711367499536],[13.208077983958638,52.51701827543424],[13.207904331561439,52.51691838538237],[13.207737232261318,52.51685558582229],[13.207457332966975,52.51680260119817],[13.207170205663408,52.51683840730671],[13.20694684449753,52.51695415084049],[13.20684324402895,52.517043550417746],[13.206736836115114,52.51722374652444]]],[[[13.308668354144075,52.416245326446166],[13.308668088306506,52.416245444570755],[13.308667761508053,52.416245465698026],[13.30858706962649,52.41626444024378],[13.30848037809425,52.416289514711664],[13.308478509004212,52.41629034580108],[13.308476211600023,52.416290499141326],[13.30839205196129,52.41631048952129],[13.306853412739096,52.41667587448432],[13.306853270124387,52.41667593836299],[13.306853094385687,52.41667595011249],[13.306668952134746,52.4167197125502],[13.306423284464028,52.41677805018666],[13.306374944390525,52.416788864142],[13.306372508162944,52.41678941089414],[13.306270929371085,52.416812280941826],[13.306168351242366,52.41683525207393],[13.306110861644932,52.41684813934673],[13.306108435510232,52.41684918324146],[13.306105482030722,52.416849353850644],[13.305772086742369,52.41692515267069],[13.30576701225014,52.41692735740947],[13.305760820633793,52.41692775189373],[13.305438359856902,52.417003233985156],[13.305390076394424,52.41701438357349],[13.305142756487568,52.41707144193858],[13.305048137254802,52.41709329032507],[13.304981112464692,52.417107519933275],[13.304944530622814,52.4171156790655],[13.304772233027604,52.41715597843961],[13.304248482858988,52.41738807555371],[13.30398469382815,52.417749196290764],[13.304051553188561,52.41814258047327],[13.30443115379048,52.41846282069956],[13.30502178452526,52.418624106599424],[13.30566518116831,52.41858321991382],[13.305819296108622,52.41854717325558],[13.305883801892959,52.41853347839922],[13.30589814793195,52.418527528816576],[13.305915397388363,52.4185264780565],[13.306025228247501,52.418501117074456],[13.306272561034985,52.4184440555654],[13.306324014985192,52.418432173850746],[13.30632638574676,52.41843113262222],[13.306329289034986,52.41843094763922],[13.30664877060001,52.418356162704555],[13.306973844253944,52.418282255625805],[13.307028057696948,52.41827010268253],[13.307131463955857,52.418246946036916],[13.307133504163893,52.418246487923845],[13.30723488793455,52.41822366172223],[13.30729357017535,52.4182105341243],[13.30730396888144,52.41820606622088],[13.307316603425079,52.418205223570624],[13.3075739069912,52.418144122622856],[13.307758360715372,52.41810028604638],[13.309296922946931,52.41773491815772],[13.309379120878576,52.41771539367892],[13.309483837640695,52.417690783238264],[13.30956455630773,52.417671802347144],[13.310213769142013,52.417519369528335],[13.310220486291277,52.41751638472617],[13.310228732484502,52.41751578846812],[13.31029803343268,52.417498888206616],[13.310301535089845,52.417498030516306],[13.310890943118679,52.4173530282745],[13.311185343049026,52.417250300141426],[13.311193006215943,52.41724670373985],[13.311290671186997,52.417223869248815],[13.31132297144134,52.4172103690596],[13.31142260064455,52.41715459230937],[13.311516866791036,52.41713248673516],[13.311518702075466,52.41713167194191],[13.311520956928572,52.41713152255351],[13.311939162730084,52.41703242101598],[13.311941205002311,52.41703150760799],[13.311943719509172,52.417031334916786],[13.312357525218236,52.41693213337931],[13.312878098522157,52.41669738288999],[13.31313695851101,52.41633493197614],[13.31306474915421,52.415941900873435],[13.312680826625154,52.41562360148124],[13.312088065095764,52.415465319591476],[13.31144528924526,52.415509464902726],[13.311033771544427,52.41560811760597],[13.310619901036889,52.41570619149343],[13.310347751254522,52.41577001061219],[13.310163248739306,52.41582425883206],[13.31007034967124,52.41585755834669],[13.30988851753253,52.415952481306576],[13.309370429377406,52.41607993724103],[13.309310344804237,52.41609458987596],[13.308668354144075,52.416245326446166]]],[[[13.705178466603646,52.42394628183121],[13.705527161377477,52.424290884909915],[13.705527581453936,52.42429112656713],[13.705527748096976,52.42429146416192],[13.705668023726913,52.42442981607227],[13.705688620879187,52.424497650742055],[13.70610894763136,52.424798341795594],[13.706718896678627,52.42493026554342],[13.707355026567967,52.42485807157425],[13.70784687939479,52.42460110501755],[13.708062662275609,52.424228222217856],[13.70806906087944,52.42417832214184],[13.707885336121338,52.42371602408482],[13.707652726230553,52.423486615683466],[13.707316347566628,52.423154200200635],[13.707196958848298,52.4230259543226],[13.707174619578545,52.42301212704993],[13.707165071380082,52.42299358955241],[13.706887011500966,52.422726534246614],[13.706434913683069,52.422292194876874],[13.706099267448279,52.421931592642544],[13.705644669399632,52.42165016938639],[13.70502082298575,52.42154541121496],[13.704394880592243,52.42164538672549],[13.703934556037687,52.4219233086898],[13.70376319273136,52.42230471054137],[13.703926714089985,52.42268739723246],[13.704277607711008,52.42306440039213],[13.704299905490828,52.42307820425567],[13.704309431594663,52.42309670984957],[13.704778125054826,52.423547013957624],[13.704778187546161,52.42354704900254],[13.70477821301383,52.42354709845227],[13.705039711262058,52.42379825926993],[13.705155120312021,52.42392223672963],[13.705178466603646,52.42394628183121]]],[[[13.501535212163025,52.421318071226146],[13.502498218809741,52.42173217709206],[13.502503258497066,52.42173330586898],[13.5025067339359,52.421735806421864],[13.502784635934495,52.42185320809533],[13.502784797315329,52.421853243313834],[13.502784908306946,52.42185332312781],[13.503139710861918,52.42200312526357],[13.503147964407088,52.42200658024853],[13.503440966597386,52.422128181992534],[13.503512816322987,52.42215586847594],[13.503808419169635,52.422261370061804],[13.503920107618953,52.42229675030989],[13.505206523427237,52.42265525602994],[13.505215802333293,52.42265781400854],[13.505626907462936,52.422769915804984],[13.505642888103058,52.42277419193523],[13.505734470783302,52.422798233557934],[13.505887711901845,52.42284125839127],[13.505890454309046,52.422841543978],[13.50589260335625,52.42284262395642],[13.505978704417336,52.422866524338055],[13.505988456313224,52.42286920062234],[13.506235498480686,52.42293622330273],[13.506463686623697,52.42300038330122],[13.506468551158214,52.42300174336008],[13.506664953576035,52.423056344231675],[13.506664967620212,52.42305634566122],[13.50666497861385,52.42305635119208],[13.50742618798535,52.42326795456995],[13.507592096717383,52.42331404052773],[13.507763537260917,52.42336155341066],[13.50785711172604,52.42338782002334],[13.50807823069387,52.42345005671601],[13.508095168836157,52.42345473115447],[13.508128069248919,52.423463631297295],[13.508193289519888,52.42347994638226],[13.50868319625018,52.42359274824532],[13.508697829389076,52.42359363133767],[13.508709972000126,52.42359870118537],[13.508788773116668,52.423615601467574],[13.508933451126824,52.423640765714765],[13.5090424998588,52.4236554616626],[13.509778253395483,52.423801035211945],[13.510055443269088,52.42385591353469],[13.510055537406618,52.42385591649458],[13.510055616518766,52.42385594782606],[13.510413921749395,52.423926849023495],[13.5104353246217,52.423930954818125],[13.510766829558985,52.4239925558671],[13.510768453563578,52.42399285690472],[13.510906744575719,52.42401842880298],[13.511015104234135,52.424039865606225],[13.511043546233829,52.42404075602741],[13.511068111297412,52.424049564994114],[13.51136871589544,52.42410016586621],[13.51137647630617,52.424101455760905],[13.513062077338915,52.42437805645509],[13.513394566694485,52.424432622442005],[13.51401760688602,52.424539545389],[13.514060496419198,52.42454640647175],[13.514064456452108,52.424546994290324],[13.514173450293788,52.42456420387133],[13.514176979397142,52.424564184357976],[13.514180061086003,52.424565235920056],[13.514318979463642,52.42458667642077],[13.514347397304988,52.424591113766],[13.514801280527355,52.42466176246941],[13.515420056214706,52.424759762847856],[13.515445208407312,52.42476357666525],[13.515720687183503,52.42480349839767],[13.516020997588084,52.424849842067374],[13.516444262776071,52.42491502134016],[13.5166823220834,52.424952202680174],[13.516685114112695,52.424952636655775],[13.517201022154788,52.425032438044106],[13.517847940254676,52.42502690754899],[13.518403660394325,52.4248243758178],[13.518719273964004,52.42447911314822],[13.518710216626634,52.42408363446921],[13.518378923199188,52.42374390796497],[13.51781416733472,52.42355096099423],[13.51729967175505,52.42347137837896],[13.517060971054017,52.42343409699469],[13.517056880575089,52.4234334626154],[13.516632489593444,52.423368110319984],[13.516323696742841,52.4233204578046],[13.516306077168451,52.423317821746814],[13.516034389694774,52.423278449605036],[13.515425642697902,52.42318203786053],[13.515420572227626,52.42318124172195],[13.514965535756609,52.42311041400149],[13.514935892567646,52.423105785339146],[13.514932526230536,52.42310526274393],[13.514795236020337,52.42308407361256],[13.514680740837985,52.42306599545729],[13.514674073684409,52.42306497433324],[13.514063291230114,52.422960155331715],[13.514049531287313,52.422957845610384],[13.513710136510038,52.422902146573094],[13.513710109815948,52.42290214656556],[13.513710086703787,52.422902138399834],[13.512028396123403,52.42262618047422],[13.511758355774004,52.42258072469843],[13.511664884639442,52.42256223336018],[13.511641932004135,52.422557841338424],[13.511492946383793,52.422530291987115],[13.511172994385449,52.4224708380029],[13.510825457234414,52.42240206788207],[13.510548247895116,52.42234718595676],[13.51054812379092,52.42234718205506],[13.510548019491543,52.4223471407519],[13.509755031068085,52.42219024340176],[13.509693723150184,52.42218832273697],[13.509639236867741,52.422171033114466],[13.509546065721636,52.42215847700848],[13.509108955081823,52.42205783213395],[13.508901855419813,52.4219995417648],[13.508900687700663,52.42199921354132],[13.508803788885276,52.421972013974624],[13.508798297554529,52.421970482355746],[13.508625593353292,52.42192261993402],[13.508460642228012,52.421876800343796],[13.5076996176588,52.42166524988228],[13.507505666966686,52.42161133099957],[13.507272299675376,52.421545715245855],[13.507257024295367,52.42154149589524],[13.507007212671695,52.421473722355366],[13.506928428266658,52.42145185312752],[13.50676347357953,52.4214055398542],[13.5067349946901,52.42139780536078],[13.506637110568168,52.421372109714014],[13.506238629266763,52.42126345099684],[13.505014176791434,52.42092221646],[13.504809658730249,52.42084922408352],[13.504555953429874,52.42074393271373],[13.504205407587136,52.42059592989295],[13.50393195058422,52.42048040768059],[13.502965937622177,52.4200649544018],[13.502951829119171,52.42005897477774],[13.502875701683374,52.42002718060409],[13.502762368939859,52.419978079383],[13.50275624594712,52.41997669294064],[13.502752026533898,52.41997364637165],[13.502707926848387,52.419954946637866],[13.502702490080322,52.41995265424915],[13.502485156955522,52.419861533467845],[13.502368491668078,52.41980991283575],[13.502334402585664,52.4197953516285],[13.502241775939861,52.41975717210616],[13.501998674335633,52.41965521747072],[13.501753822778376,52.419552422492444],[13.501570908336328,52.419475691057166],[13.501534277662293,52.41946032025499],[13.501526748478499,52.4194571855073],[13.501209150875782,52.419325987391865],[13.50059766602674,52.41919692458061],[13.49996255837154,52.41927208279816],[13.499473997119582,52.419531324301126],[13.499262890653998,52.41990518790606],[13.499385810946112,52.42029349868959],[13.499809828977382,52.420592208250554],[13.500123657382476,52.42072185110464],[13.500156602346909,52.42073567551773],[13.500339149365436,52.420812253835884],[13.500584058746492,52.42091507452727],[13.500584350782546,52.42091513767272],[13.500584552164556,52.42091528157249],[13.500832053973385,52.42101908305584],[13.500840376549013,52.42102254345291],[13.500919934339988,52.42105533661911],[13.501032588554168,52.421105183209065],[13.501058487981297,52.4211163399277],[13.501286166289077,52.421211799472786],[13.501322363537351,52.42122714852913],[13.50143931141182,52.42127781673067],[13.5014497185958,52.421280173315935],[13.501456950027766,52.42128532029399],[13.50153129444145,52.4213163702415],[13.501535212163025,52.421318071226146]]],[[[13.537919685774197,52.42133430570998],[13.537898431534948,52.42172961108226],[13.538097894393147,52.421957829275],[13.538095559409982,52.421958525707204],[13.538183257248614,52.422068426518784],[13.538274772772489,52.422149103528525],[13.538297277257325,52.42218716829795],[13.53831391855851,52.422210287587866],[13.538392558060979,52.422319607444294],[13.538392861247976,52.42231983848368],[13.538392935220534,52.422320131214825],[13.538471432919598,52.42242903195204],[13.538486737196282,52.4224494454217],[13.538597369344243,52.42259146300385],[13.538619803782975,52.42262027974431],[13.538632458003418,52.42263606344317],[13.538715556076966,52.42273676420791],[13.53887219613574,52.422882433053246],[13.538909495944733,52.42290973335237],[13.539066539433978,52.42300583827841],[13.539109339592569,52.42302773856795],[13.539276568374866,52.42309993939361],[13.53951813470724,52.42318704312971],[13.539820373129508,52.423299774213746],[13.539824678862571,52.42330137291698],[13.540532147009953,52.423562857916],[13.5405541424816,52.42357383882662],[13.540570049218001,52.42358320499769],[13.540681779074765,52.42365470613759],[13.540687914906052,52.423658605002046],[13.541714513797066,52.42430631273362],[13.541714543977768,52.42430632377729],[13.541714561084325,52.424306342566105],[13.541932409461173,52.424443770208484],[13.542053959415014,52.42452071389685],[13.542576973750318,52.424855626657106],[13.542581888282202,52.42485875581488],[13.542779488051371,52.42498385730545],[13.542789009072361,52.424987354932796],[13.542794560213801,52.424993236677025],[13.54299336015294,52.42511483815273],[13.543187563596572,52.42521186498791],[13.543252564108478,52.42523816536826],[13.543361233163306,52.42527745984869],[13.54343193393357,52.42530016019941],[13.543660642881932,52.42535677476215],[13.543841922925804,52.4253893475207],[13.543886812519352,52.425415593326825],[13.544061315220652,52.425474054404084],[13.544060576306835,52.42547496839985],[13.544002418139137,52.42565290376492],[13.543931460342625,52.42582909512927],[13.543939375093611,52.42584578274427],[13.543933806114817,52.425862820841886],[13.544028974056348,52.426034694041306],[13.54411163184157,52.42620896902827],[13.544132135369516,52.426221001688546],[13.544141248237532,52.42623745930076],[13.544364245339832,52.426357216590176],[13.544578373433742,52.426482877594594],[13.544729519503822,52.42653373697752],[13.544762029631254,52.42654502202794],[13.544887528801477,52.42659160255413],[13.544976590389618,52.426627278578685],[13.54506120554593,52.426665931776924],[13.545139816992268,52.426705102784375],[13.545194274827102,52.42673428592574],[13.54524892330711,52.42676552345361],[13.545392284608935,52.42685231272654],[13.545438012947077,52.42687863811857],[13.545585813283923,52.426959539156094],[13.545630913782624,52.42697349088333],[13.545661810031923,52.42699794570876],[13.545817810891508,52.42707064670792],[13.545821675549346,52.42707244050658],[13.5458733758418,52.42709634083609],[13.545907664172177,52.42711163936788],[13.545933976407728,52.427122965599324],[13.546076250785035,52.42720728713598],[13.546309443936465,52.42731616664002],[13.546329417264971,52.42732339646419],[13.546780166889684,52.4276017306229],[13.547692631470472,52.42816528421782],[13.548352322167565,52.42860008848778],[13.548658060082513,52.42880156900938],[13.548788112657947,52.42892053479036],[13.54887446585666,52.42899048207415],[13.54902236516842,52.42909698325289],[13.549025079509342,52.429098130966594],[13.549026506612764,52.429099950085096],[13.549412023297885,52.42937469951534],[13.549498763641287,52.42943741013433],[13.549552264846605,52.42947628502266],[13.549553531003216,52.42947720356599],[13.549644930562566,52.42954340429611],[13.550176015776998,52.4297693447001],[13.550820765936107,52.42980269533907],[13.551406412970032,52.429634519476046],[13.551487864393128,52.42956298010635],[13.551538227256556,52.42954746396956],[13.551893009207959,52.429216700476175],[13.551929701422864,52.42882181761754],[13.551638480103737,52.428468624265754],[13.551541861084981,52.42840244919269],[13.551497842152772,52.42837227376083],[13.551459713033742,52.42834617721829],[13.551426995625329,52.428322519231834],[13.551392410212468,52.42830783094775],[13.55137201228463,52.42828530912744],[13.550956853081878,52.4280222394471],[13.550897472110524,52.42798408006787],[13.55080727730937,52.427931618218935],[13.550757949290983,52.427905661596235],[13.550511012651329,52.427775570781634],[13.550185226664864,52.42756088467871],[13.549511754803985,52.42711700938013],[13.549483662798568,52.42709908695861],[13.548556862293392,52.426526693870144],[13.548556797764011,52.42652667082457],[13.548556760721883,52.426526631145514],[13.548052843761345,52.42621547410688],[13.547973442400863,52.4261279483732],[13.54788966621982,52.426076196167514],[13.547558988671765,52.42587124653616],[13.547555137830487,52.425868870244564],[13.5474202047232,52.425785968698605],[13.547294648423994,52.42570692591355],[13.54726008931488,52.425684504938765],[13.54720991006072,52.42565375040998],[13.546968810303838,52.42551415215229],[13.546907180996005,52.42548075293165],[13.546778181498214,52.425415353799806],[13.546750420746799,52.42540168354246],[13.546682851384261,52.42536937053059],[13.546652900698525,52.425247662715044],[13.546816647370282,52.42522007272725],[13.547270854431867,52.424938407139905],[13.547433832883558,52.424555642697946],[13.547261919642201,52.42417434204528],[13.546801185564295,52.423896673203515],[13.546175083955163,52.423797034913434],[13.545716291889798,52.42379903493696],[13.545703893072139,52.42379912656685],[13.544715172215506,52.42380942826456],[13.544689476525324,52.42380629264712],[13.544569355302427,52.42377528710533],[13.544311753587689,52.423753461511346],[13.543859503904653,52.42346387021125],[13.543854519147468,52.42346069661086],[13.543729719002224,52.423381697552195],[13.543728217556646,52.4233807487694],[13.543509640895817,52.423242865287],[13.54248614271305,52.42259713072432],[13.542359499160371,52.4225160877337],[13.542322792047287,52.42249355568758],[13.542251292091246,52.42245145620859],[13.542174801558499,52.42240996865094],[13.542044802104602,52.4223450695181],[13.541900894696216,52.42228301903082],[13.54112005734244,52.42199442001126],[13.540812010342663,52.42187952370816],[13.540811105562403,52.4218791918788],[13.540751344088571,52.421802481503995],[13.540680437756157,52.42170411942866],[13.540619272321274,52.421619097158356],[13.540617806835339,52.421615971360545],[13.540615019313412,52.421610114108645],[13.54061325374546,52.42160645868595],[13.540610588570138,52.421598776094335],[13.540595765242758,52.42155609666231],[13.54058929640083,52.4215188460334],[13.540577596043885,52.42145145490875],[13.540576847807298,52.42145026685954],[13.54057716480725,52.42144900862079],[13.540564262799132,52.42137690874068],[13.540554933833741,52.42133535915465],[13.540535731898917,52.42126435933933],[13.54047596888774,52.42112577626643],[13.540291476407733,52.420818402447566],[13.540090283281101,52.42048312879612],[13.540064067365174,52.420442990420995],[13.539952864005663,52.4202857914678],[13.539950694645244,52.420282729535124],[13.53993209375987,52.42024977161715],[13.539925544262612,52.420243843338504],[13.539924508921079,52.42023671744239],[13.5398713068521,52.42014771795175],[13.539499550701684,52.419824029427424],[13.53891289351549,52.419657349987396],[13.53826852458546,52.4196923393811],[13.537739094244127,52.41991962259463],[13.537466460148973,52.42027830151233],[13.537523679412681,52.420672270279944],[13.537572988444937,52.4207547646475],[13.53760349167804,52.42080881679779],[13.537630925525173,52.420833649945024],[13.53763810188584,52.4208632937839],[13.53765886075095,52.42089259565299],[13.53775588122047,52.42102975561263],[13.537931596706747,52.42132259866789],[13.537919685774197,52.42133430570998]]],[[[13.673510726855287,52.43172271498516],[13.674843532827923,52.431227811606384],[13.674925676553018,52.43119100261142],[13.67543825680124,52.43091660425524],[13.67591394830789,52.430864467050384],[13.675955176419734,52.430866111470976],[13.676174450296259,52.43088762982051],[13.676354494239364,52.43088824086959],[13.676489795384676,52.43087590361787],[13.676554545690554,52.43088855524522],[13.676815647804077,52.43089715532866],[13.676989700867841,52.43090286036702],[13.677037874978886,52.43090323172933],[13.677424131975748,52.430896535963434],[13.677475710675596,52.43089566816464],[13.677490689990014,52.43097363473375],[13.677710494293278,52.43113213898483],[13.67803705757223,52.43118985182215],[13.678361330924952,52.431127501219024],[13.682028144514575,52.42960099111236],[13.682234919173958,52.4294493264395],[13.682279530185136,52.42925379124004],[13.682148530995073,52.42907333213097],[13.681881414278482,52.428962350223614],[13.681649015866043,52.42891545059402],[13.681626206223111,52.428911159063475],[13.681574073969918,52.42890205403328],[13.681478965054445,52.428865503150114],[13.681075467359854,52.42875090400525],[13.680957987364733,52.42872636796235],[13.680775188733426,52.428700968171576],[13.680695282417805,52.42869335005234],[13.680473957424079,52.428681696362794],[13.680404864527256,52.42867654699547],[13.680317932569892,52.42866509441893],[13.680160269516659,52.42866679187065],[13.680160263244321,52.42866670915219],[13.680155550923779,52.4286668426693],[13.68013997305263,52.42866701037368],[13.679958465194584,52.428655985662985],[13.679657593385471,52.42868767080772],[13.67963411439577,52.42868326187692],[13.679337492433378,52.42872480309235],[13.679309324200913,52.428733917759395],[13.679250875875148,52.42873836810963],[13.67914717642621,52.42877156787561],[13.679141054193542,52.4287750477732],[13.679059182801764,52.42873036269826],[13.678996103391507,52.428686794178134],[13.6789287575578,52.42864713461041],[13.678774657857197,52.42856983509529],[13.678702743706069,52.428538952914096],[13.678496722678826,52.42846386636569],[13.678330470641926,52.42838857606019],[13.678102889311786,52.428325818682985],[13.678037113590289,52.42831725129383],[13.677606525037111,52.42815336020839],[13.677576525677805,52.4281426794394],[13.677324326927081,52.428058880042656],[13.677130758088648,52.428019210980494],[13.676906359848116,52.427998611156795],[13.676734419884001,52.427998360126935],[13.67641264343017,52.4280269390754],[13.676241915194028,52.428015766630715],[13.676124162243054,52.428015306818416],[13.67551946710951,52.42805010657076],[13.675391997132705,52.42806628770522],[13.674765801495221,52.42819128677395],[13.674739845848741,52.4281968818975],[13.674122449910511,52.428339980843184],[13.674031418281778,52.42836675013445],[13.673187722197929,52.42867194803789],[13.673160703194686,52.428682336830384],[13.672639205203078,52.42889513541345],[13.672611362511274,52.42890722521978],[13.6722971634225,52.429052224290636],[13.672164091485561,52.429137974360884],[13.671954090375195,52.42932807349372],[13.671924242224469,52.42935817067072],[13.671761440726891,52.42954206995344],[13.671707435539272,52.429627661916314],[13.671587831930852,52.429926161318406],[13.671588132530738,52.43009798819518],[13.671621131534689,52.43017958834681],[13.671657767282259,52.430243560876804],[13.671702766704636,52.43030336107493],[13.67173702417961,52.4303423647939],[13.671800523732184,52.43040506505765],[13.671931411161623,52.430495695233],[13.672158271293737,52.4306075281959],[13.672262441343422,52.430665921166224],[13.672310308824809,52.43074025574712],[13.672186399102742,52.430893986028714],[13.672174013994084,52.43091037737652],[13.672035012059117,52.43110717673321],[13.672013678121626,52.431142307424274],[13.67196667707716,52.431234107195735],[13.671943249216397,52.43138023397091],[13.671958848062264,52.43146823403984],[13.672056347874712,52.43163088990842],[13.672114747549864,52.43168369014528],[13.672386664582657,52.43181689644495],[13.672495165270147,52.431842996645805],[13.67275832761699,52.431866790565756],[13.672901028769102,52.43185969051622],[13.673059379320245,52.43183809106795],[13.673215980356884,52.431802290803844],[13.673237456739223,52.431797085049126],[13.673432857961247,52.43174698468386],[13.673510726855287,52.43172271498516]]],[[[13.620878139392818,52.43863711109311],[13.620960936550045,52.43886571147289],[13.620979020705537,52.43890494908233],[13.62121623229915,52.43932643629678],[13.62153642117019,52.43992751262951],[13.621510099981636,52.44005559649916],[13.6215447305896,52.44022947686324],[13.621772786712269,52.4405918432302],[13.621831711094499,52.440779843722076],[13.621856280877044,52.44083449227005],[13.621891701943525,52.4408943441685],[13.621817194367852,52.44099369988038],[13.621763943088045,52.441133174124474],[13.621751539579622,52.441396974038994],[13.621776848384485,52.44151211209821],[13.621851146648572,52.44166111243741],[13.62188884903694,52.441718486198795],[13.621939048491198,52.4417791864164],[13.621985383983965,52.44182598938364],[13.62260088109477,52.44235259183847],[13.622665657025571,52.44239909011726],[13.622781988573815,52.44246949049376],[13.622984557020166,52.44266268662354],[13.62299247000137,52.442670034038045],[13.623136569197817,52.44280033462242],[13.623348472248509,52.442991939308634],[13.623463975542473,52.44309637209496],[13.623490772113271,52.44312069690318],[13.623491367670816,52.443121236470326],[13.62387367596932,52.44346692409663],[13.624100890702827,52.44367450879265],[13.624170412439355,52.44372669752035],[13.624365845634562,52.44384815702626],[13.62451448048527,52.44424938822378],[13.624643329132732,52.44440521849321],[13.624877109727297,52.44450559329318],[13.625441773703253,52.44463833759977],[13.625942283428731,52.44483123421486],[13.6263036804462,52.44488550018423],[13.626646086905915,52.44479642008646],[13.626693603327313,52.44477073543792],[13.626766082688796,52.44474633704272],[13.626826311638565,52.44471553366597],[13.627082460688491,52.44463399797142],[13.627081645473929,52.444633041716344],[13.627216990450426,52.444612562722185],[13.627223290475937,52.4446100627054],[13.62737086635072,52.44451754471927],[13.627413511350433,52.44452980006156],[13.62767870195961,52.44452736709483],[13.62769790210297,52.44452446707305],[13.627698805622817,52.44452433014034],[13.627789797491598,52.44451049315837],[13.627816938838135,52.44456411708293],[13.628012746326387,52.44468545022397],[13.62816514696514,52.44474295062401],[13.62835340678121,52.444813945654055],[13.628404905848974,52.44484444561207],[13.628473906152522,52.44486964578908],[13.62847444380255,52.4448698419113],[13.628896964179882,52.4450237799723],[13.629127226845007,52.445162790138795],[13.629339445275978,52.44524486738385],[13.629394767935668,52.44525717768482],[13.629514064492719,52.445340297353816],[13.629737140399996,52.44550755703114],[13.629796143512559,52.44554572831846],[13.629949843644546,52.445631628831926],[13.629983190263266,52.44564891983295],[13.63001868969879,52.44566598205272],[13.630033317726763,52.445675449235154],[13.630066668820739,52.44569538745248],[13.630473931314315,52.445920255957326],[13.630437463839494,52.445919737113925],[13.63040091843958,52.44591916159985],[13.630380514635256,52.44591894205664],[13.630294295150804,52.44591844426394],[13.630115677274459,52.44591734663296],[13.630091169790346,52.4459173427599],[13.62993677246264,52.44591824276276],[13.629933888501498,52.44591873300605],[13.629930986334088,52.445918284668124],[13.629757689333315,52.445919784662934],[13.629752492870761,52.44591983623748],[13.629540125940137,52.44592221350658],[13.629340127056887,52.44592405515201],[13.629266297561921,52.44592364038357],[13.629221916684699,52.44592387231525],[13.629079665612274,52.44592615868837],[13.629047748508071,52.445926645233335],[13.628812879325372,52.44593021705781],[13.628735573409415,52.445930758295944],[13.628734977914489,52.44593086027638],[13.628734378605792,52.4459307670095],[13.628550853041903,52.445932158883835],[13.628521324845595,52.44593235188198],[13.62849838598216,52.44593263042361],[13.628481486274456,52.44593293042047],[13.628461721984824,52.44593337687366],[13.628387686754964,52.445935407567475],[13.628302861612083,52.4459366156624],[13.628294055599847,52.44593819270271],[13.628285109014858,52.44593694558089],[13.628115011954923,52.44594084553412],[13.62810606573701,52.44594253233667],[13.628096908585931,52.445941340878534],[13.627978202077273,52.44594511566101],[13.627924194501855,52.44594679108487],[13.627913311579578,52.445947157754084],[13.627900453568092,52.4459476253199],[13.627885796790906,52.445948105871544],[13.627877488018365,52.445948395236265],[13.627837704483937,52.44594986191578],[13.627670224355164,52.44595544134172],[13.627655646754045,52.44595597915405],[13.627173855049879,52.445975478876704],[13.627145711623491,52.445976812978685],[13.627109726185216,52.445978768717715],[13.627058526703005,52.44598011776307],[13.627006944671448,52.445982130182884],[13.626876329174868,52.44598888460573],[13.62676193206512,52.44599339198585],[13.62675457201089,52.44599369529943],[13.626649973810574,52.44599819523467],[13.626643856727554,52.44599846760914],[13.626420221361256,52.44600876212239],[13.626285386763374,52.446014376211316],[13.626285039025639,52.44601444895173],[13.626284678313436,52.446014405832],[13.625988013930225,52.44602686087592],[13.62594702907643,52.44602834647161],[13.625801266978838,52.44603361834912],[13.625772433591068,52.44603432853314],[13.6257475179925,52.44603509439086],[13.6255731379079,52.44604152048235],[13.6253450607654,52.446048868351646],[13.625341969251497,52.44604897029178],[13.625253802181764,52.44605194438353],[13.625128973630122,52.44605569791586],[13.6246949179435,52.446068264836256],[13.62468038357423,52.44606873742817],[13.624661242294621,52.44606942809525],[13.624535902865642,52.446073918774616],[13.62453374913911,52.44607399707673],[13.624488168892379,52.44607567832149],[13.624349788323638,52.44608034487411],[13.624338997090952,52.44608057545674],[13.624332655577405,52.44608176033218],[13.624326179139777,52.4460808895747],[13.624230727199402,52.44608352839501],[13.624216700141064,52.446083786366216],[13.624154397226388,52.446083712374886],[13.624056664973214,52.44608341801148],[13.624047684193512,52.446083410663476],[13.62400461350316,52.44608346991843],[13.623944625514756,52.44608181468717],[13.623865889659887,52.44607844331362],[13.623783173820415,52.44607344287023],[13.623730437528767,52.446069281357026],[13.623682208115834,52.44606536570774],[13.623632477030643,52.446061945395115],[13.623582622071131,52.44605913257303],[13.623529268990213,52.446056040798695],[13.623370395353081,52.44604487854406],[13.623318698668905,52.446040313127455],[13.623224249825634,52.44603127371645],[13.623154714587452,52.446015892692564],[13.622763075662341,52.44588483377499],[13.622746847602333,52.44587949773893],[13.622711247988272,52.44586799791631],[13.622686025720055,52.445860072603175],[13.622626126405004,52.445841772889196],[13.622596381424202,52.4458380538415],[13.622572739772306,52.44582641393072],[13.622550540051417,52.44582041402693],[13.62254743821143,52.44581957876383],[13.622498238833021,52.44580637897582],[13.622443245699131,52.44579256802955],[13.622153049658191,52.445724569147934],[13.622112237368068,52.44571549941902],[13.62191014025783,52.44567300012956],[13.621883891218358,52.445667677785714],[13.62166729439842,52.44562537850005],[13.62166558196508,52.44562504490492],[13.621549283675344,52.445602445286845],[13.621544314593493,52.44560148663053],[13.621372226515044,52.44556852729032],[13.621297885615677,52.44555427147406],[13.621237029908198,52.44554238561896],[13.621222510794437,52.44553960922232],[13.621200055025733,52.44553540661672],[13.620965007793789,52.44548788608567],[13.620936024823406,52.44548226439309],[13.620854648883299,52.445467143223176],[13.620798172498215,52.44545662216099],[13.620786629518351,52.445454508888155],[13.620641531702457,52.445428409333516],[13.620614451713898,52.44542800401691],[13.620590758152863,52.44541998139781],[13.620542158913704,52.44541258152647],[13.620486948446374,52.44540498146067],[13.62041064968225,52.44539558162755],[13.620384575697814,52.44539254496368],[13.620368175967013,52.445390744996004],[13.620316826137694,52.44538577997104],[13.620272626878965,52.44538208003916],[13.620199775241876,52.44537730546552],[13.6200965770086,52.44537240556167],[13.620009767643428,52.44537013388358],[13.61992846905001,52.44536973390016],[13.619851724908935,52.445370796055236],[13.619790425966539,52.44537279602823],[13.619717017698086,52.44537651861788],[13.619674918414725,52.4453794185733],[13.619651864036996,52.44538113927068],[13.619572265383198,52.44538753917096],[13.619447393161277,52.44540155126156],[13.619090598865647,52.445453150438134],[13.619067054240995,52.44545670306227],[13.619007255182767,52.44546610291234],[13.618981153368301,52.445470390160196],[13.618831755677817,52.44549598975259],[13.618801162234451,52.445501490032456],[13.618736667419451,52.445513633400466],[13.618703398381868,52.44551963003685],[13.618699709029691,52.445520298802336],[13.6185077119519,52.44555529824619],[13.618482704317637,52.44556003164928],[13.618342276643158,52.44558759911969],[13.618128117825602,52.4456268995015],[13.618121714947108,52.44562808590972],[13.617948993096299,52.44566039846068],[13.617793685048191,52.44568853956038],[13.617776258231697,52.445691781771444],[13.617701359356907,52.44570608154467],[13.617700044722172,52.44570633302137],[13.617486647924377,52.44574723237292],[13.617459614947592,52.44575262047778],[13.617382816071565,52.44576852022676],[13.617378236065504,52.445769474468435],[13.617181738928357,52.44581067381858],[13.617169007845238,52.44581339008798],[13.617037709733493,52.44584188963956],[13.617019683065747,52.44584589790359],[13.616838285623954,52.44588719725624],[13.61681980168214,52.44589150758974],[13.616549038039619,52.44595615145002],[13.616410604356151,52.44598804636118],[13.616402868861648,52.445991437748454],[13.61639340947446,52.445992096695065],[13.61630643426705,52.44601303514243],[13.616273654637885,52.44602010175254],[13.616235566693462,52.446028263444106],[13.616216145040054,52.44603636647189],[13.616192775166809,52.446037972482635],[13.616021824902942,52.446078943980275],[13.615930219177436,52.446098422874606],[13.615749642717892,52.44613629358602],[13.615720449786059,52.44614266414495],[13.615327155341886,52.44623186274637],[13.615293769259605,52.44623976868689],[13.614013186641122,52.44655596376939],[13.614008436193116,52.44655815131059],[13.61400253905443,52.44655862762317],[13.61391614021094,52.44658052728357],[13.613905233120303,52.44658332894303],[13.61378113475686,52.44661562844371],[13.613775286684445,52.446617161289986],[13.613078195801764,52.446801158450484],[13.613057161591682,52.44680685118923],[13.612926908980967,52.4468429822028],[13.61218041545604,52.44703672062418],[13.612163506905615,52.44704119899274],[13.61177161195787,52.44714709736342],[13.611706596537472,52.44716605196899],[13.611438299629924,52.44725015070455],[13.611380583524012,52.44726942994187],[13.611109486263038,52.447365728530144],[13.611087960509888,52.447373552086106],[13.610648188972917,52.44753705099256],[13.610344198358069,52.44764853675171],[13.60953827660834,52.44794400662913],[13.609537183475842,52.447944407854045],[13.60890554559075,52.44817651006241],[13.60851611891608,52.44830675978991],[13.608506278450001,52.448310086281424],[13.608393855616788,52.44834849425135],[13.607844838560958,52.44852651082472],[13.607623097841012,52.4485983589439],[13.607622985155258,52.44859842300772],[13.607622835149217,52.448598444084986],[13.606762037504549,52.44887751259152],[13.606281335768433,52.44903308311419],[13.605903725630476,52.449155318302914],[13.605896137968886,52.44915779492386],[13.6041951367702,52.449717587216],[13.603206423075664,52.45002301110025],[13.602519906133042,52.45023514650787],[13.601688556334016,52.45049199922946],[13.601408910622224,52.450578351726485],[13.601216012621279,52.450634345158896],[13.601068042894084,52.45067732335086],[13.601018583309882,52.4506925178692],[13.600640287533935,52.45081521603605],[13.60051620390763,52.450861292334835],[13.600472104246396,52.45087989207412],[13.600357723543363,52.450962057015936],[13.60021440480773,52.45102504461018],[13.600197409557572,52.45103774387208],[13.599877755487261,52.451089633158816],[13.599760820861777,52.45111242234699],[13.599595823185721,52.45115012175636],[13.599571692593958,52.45116063948074],[13.599542349606336,52.45116320485292],[13.59933825229325,52.45121650402934],[13.599266797461446,52.45123681389678],[13.598729803748148,52.451402211402296],[13.597340084581838,52.45183122421127],[13.597338898915774,52.451831872025885],[13.597337342736648,52.451832073193664],[13.596623966052869,52.45205363279758],[13.596562046513885,52.452072360931346],[13.596532875011953,52.45208113532941],[13.596516734328949,52.4520852873505],[13.596409554958607,52.45211171976134],[13.596194146442839,52.45216224684546],[13.596002947931384,52.45218772267194],[13.595825451228839,52.4522092347037],[13.595692916433453,52.452224187384566],[13.595442304256066,52.452238670211806],[13.59542821212896,52.452238516789805],[13.595267894819065,52.45222104665599],[13.59509998750144,52.452199797183724],[13.595071131248945,52.45220081275217],[13.595044752801646,52.45219359362857],[13.594978553899656,52.45218709374662],[13.594974745816629,52.4521867235189],[13.594881247369928,52.45217772368264],[13.594721723411222,52.452168714406085],[13.594517826934325,52.45216521449098],[13.594482240409878,52.452170390270226],[13.594446647622473,52.45216523059098],[13.594304750077363,52.45216773056531],[13.594297759620275,52.45216786567255],[13.594171982258727,52.45217051164708],[13.59355755251009,52.45217903486143],[13.59350491203188,52.452178744433176],[13.593396531202512,52.45217814455242],[13.593116226451565,52.45222237200038],[13.592832275375693,52.452256841616276],[13.592663577388482,52.45230764084724],[13.592176750884121,52.45256836130774],[13.591968516958312,52.4529428633375],[13.5920240761646,52.45311370544353],[13.591998530720803,52.45316894184667],[13.59215759382527,52.453552338482496],[13.592609131833004,52.4538357801708],[13.593232155805769,52.45394331653936],[13.593361313744571,52.45394438558435],[13.593474871782075,52.453945740935126],[13.593534817269425,52.45393669085627],[13.593562597143386,52.453939863270236],[13.59344545360754,52.45412258268614],[13.59354239081718,52.45451364435559],[13.593946406016954,52.454822702467645],[13.594305229476275,52.454908558012875],[13.594325352412907,52.45500242857321],[13.594719135267308,52.45531637907691],[13.595317120433117,52.45546798331365],[13.595959072735909,52.4554166173096],[13.596472973892757,52.455176045109205],[13.596721122354412,52.45481073014536],[13.596803811849155,52.454428929210614],[13.596774581536836,52.45418223639003],[13.596832223856964,52.45382250949297],[13.596947722422215,52.453878603024],[13.597588052256398,52.45393694977249],[13.598009167456746,52.45383551900541],[13.598016299199767,52.45384561165049],[13.598568762296447,52.45369990615167],[13.598647275038934,52.453688556913555],[13.598844729229715,52.45364918660892],[13.599090542917198,52.45358594039511],[13.599546811581384,52.45357337147608],[13.599646412966875,52.453549971110355],[13.600105157442483,52.45336247733651],[13.600105914314643,52.45336198956166],[13.600454855542456,52.453280647810615],[13.60063192426082,52.45325017937485],[13.600781547911172,52.45322443965942],[13.60091334635086,52.45320348059429],[13.601042402450897,52.45319558616673],[13.6014729681208,52.45309609440226],[13.601547171283698,52.45342042907968],[13.601945373145506,52.45373228631742],[13.602545462770443,52.4538807235108],[13.603186640998752,52.453825965321954],[13.60369709699593,52.45358268476909],[13.603855165053853,52.45334416476469],[13.6038812081009,52.45334993332303],[13.604013377642623,52.45335689643356],[13.604219776105904,52.45344254719916],[13.604278576943196,52.45345504740791],[13.60428376316526,52.45345614213618],[13.60469076899299,52.453541443563786],[13.604983283605641,52.45360274677444],[13.604989812263863,52.453604102718245],[13.605282316480832,52.45366430372832],[13.605285816630136,52.45366502058508],[13.605320949594558,52.45367218085298],[13.605354143619937,52.45367900935407],[13.605691107977526,52.45374838159251],[13.605788155704605,52.45375213557298],[13.605876389009003,52.4537771082756],[13.606106573241243,52.45376445197203],[13.606337226054967,52.45377337308982],[13.606424343861915,52.45374697912521],[13.606521194412608,52.45374165355507],[13.606556894919608,52.453733653429516],[13.606755523159263,52.45366713231459],[13.607057234994473,52.45373616429148],[13.60716067109988,52.45376227608236],[13.607193443507482,52.45377022072847],[13.607450647029891,52.453830021713735],[13.607455716906959,52.453830338271075],[13.607459871852527,52.453832141130604],[13.608052114695846,52.453966583117314],[13.608158750865236,52.453990823209736],[13.608173761305238,52.45399169157894],[13.608186250740289,52.45399685190249],[13.608601285758912,52.454084508316384],[13.609166132301356,52.454212678572375],[13.609170315971202,52.45421362270064],[13.609240592128225,52.45422939494813],[13.609857214609134,52.454367873675366],[13.610419730857943,52.45449536972049],[13.611789514543144,52.45480587362247],[13.6117719270404,52.45492399774874],[13.612043523053563,52.45528303492839],[13.612490528020158,52.455475647315346],[13.61247430045448,52.45559110169502],[13.612748867709202,52.45594929565948],[13.613279825198008,52.45617563256067],[13.613924900640155,52.456209463333984],[13.614511238797151,52.45604172258721],[13.614881725689404,52.45571735812892],[13.614994823659536,52.455526553893634],[13.615629915870958,52.45567054680815],[13.615638173807032,52.45567239892345],[13.616138980814537,52.45578350076715],[13.616146500732567,52.45578515241626],[13.616567085970079,52.45587660154961],[13.616630667757466,52.45589054667006],[13.61664145652571,52.45589287893633],[13.616764482222298,52.45591908771141],[13.616793746047103,52.455925998076694],[13.616798776203005,52.455927178295866],[13.616860977053875,52.45594167853464],[13.616870915946139,52.455943965996646],[13.616927938744782,52.455956921297606],[13.61710106389154,52.455996475828805],[13.617113139960866,52.45599919170462],[13.617243435022983,52.45602803053573],[13.617168071834863,52.45622618177842],[13.61713989135789,52.45633600950832],[13.617127588818603,52.456426709362006],[13.617123319196939,52.45648833172652],[13.617122108337327,52.45687153163873],[13.61728847678777,52.45725377298325],[13.617745422366193,52.45753398687885],[13.618370506994186,52.457637087835295],[13.61899623294618,52.45753544877746],[13.619454930534333,52.457256304955095],[13.619623691990585,52.45687445513316],[13.619624671743619,52.456558731972024],[13.619779113791795,52.4565930768897],[13.619876775579765,52.45661485691751],[13.619878215286011,52.456615177382226],[13.620072206736465,52.456658275595125],[13.620310258407425,52.45671116499546],[13.620369329001102,52.45672429182835],[13.620631443497176,52.45678262843828],[13.620787438945497,52.45681728316489],[13.62095155122824,52.4568537305305],[13.621048058279378,52.45687525374176],[13.621130926415615,52.45689370266692],[13.621304138340193,52.45693217240146],[13.621356706442578,52.45694393997065],[13.621459668287473,52.45696704172197],[13.6216230488009,52.457003682310976],[13.62181637124162,52.45704693244163],[13.621997371122042,52.457087575339386],[13.62199896756933,52.45708793306224],[13.622046953630107,52.45709866289295],[13.62219191969195,52.45713113140496],[13.622430411409574,52.45718474982614],[13.622635723760434,52.45723093023373],[13.622688362651742,52.45724274118544],[13.622689864348862,52.45724307745828],[13.622714134477416,52.4572485014788],[13.62276200777083,52.457259320871415],[13.622763899087765,52.45725942810112],[13.622765452464243,52.457260095864626],[13.622873325011877,52.45728425540244],[13.623024898411089,52.45731831469212],[13.623053237097206,52.457324678501216],[13.623266138125889,52.45737258884518],[13.623276554300496,52.45737490088211],[13.623517757695103,52.45742770175999],[13.623517840267281,52.457427705920246],[13.623517908377748,52.45742773473849],[13.62371031108603,52.457469835438516],[13.623713446580293,52.45747051865555],[13.623728239461938,52.457473728440355],[13.623740476487242,52.45747647553456],[13.624063900641254,52.45754945552997],[13.624112881449562,52.45755980854831],[13.624460086531542,52.457628309703914],[13.624507584997938,52.457637049266786],[13.624738188517842,52.45767644994333],[13.624913949169557,52.45769832188769],[13.624939149593649,52.457700321924705],[13.62496802065534,52.4577024051608],[13.625089622720159,52.45771030531004],[13.625241895799832,52.45771449240054],[13.625487600053646,52.45771209238857],[13.625493558420338,52.45771105445327],[13.625499582240257,52.45771194025636],[13.625537982904826,52.457711340250604],[13.625550659359218,52.457711102890805],[13.62565146110248,52.457708902865],[13.625662193321471,52.457708640437474],[13.625809758533665,52.457704644306126],[13.625966409643318,52.45770099065973],[13.626600701638559,52.45769302888237],[13.626648322620506,52.457691876247985],[13.626873855706783,52.4576837858505],[13.627235005143632,52.457670925705045],[13.627408031316197,52.45766681494422],[13.627500853287502,52.4576646168033],[13.62750823687973,52.45766321885954],[13.627515795385566,52.45766420827938],[13.629131309794168,52.457614114231994],[13.629455701904483,52.457604120675576],[13.630108496655527,52.457583808568785],[13.63070396913902,52.45756541566798],[13.631164788248945,52.457551154409785],[13.631413589451373,52.457544576029164],[13.631421952473788,52.45754433776727],[13.631778858636698,52.4575334376223],[13.632649166728191,52.45750672829467],[13.632704083448882,52.45750430148101],[13.632801085109428,52.457498701396524],[13.632808254088909,52.457498274789366],[13.632911055845984,52.457491974693625],[13.632959411132376,52.45748079579769],[13.633010943228392,52.45748335561686],[13.633131881901704,52.457469861427334],[13.633234095532487,52.4574607042742],[13.633298487132674,52.45745388138492],[13.633478718494272,52.457431806701244],[13.633604652142711,52.45741874013331],[13.633663227880668,52.45741468090179],[13.634415142404155,52.45738578325799],[13.63468003316674,52.45737544887911],[13.634922445951782,52.45736606003215],[13.635105524678027,52.457358953123986],[13.63577884325703,52.45733274470825],[13.635803681510506,52.45733162604581],[13.63603238543593,52.45731992587216],[13.636032533162046,52.4573198934056],[13.636032687677083,52.45731991038708],[13.637094805905953,52.457265409577815],[13.637109371937942,52.45726460966614],[13.638047487991557,52.45720970883608],[13.638059899269658,52.45720894427503],[13.638921013963866,52.45715324342291],[13.638937314905215,52.457152122864755],[13.639798529539478,52.45708942189409],[13.639817986772545,52.45708791062247],[13.641544215937316,52.4569454083932],[13.641560755186388,52.456943974167686],[13.642848076815627,52.456826972325224],[13.642860782696054,52.45682577663956],[13.643054985943829,52.456806876340764],[13.64309857350926,52.456802149653385],[13.643282476527526,52.456780149302716],[13.643311034717144,52.45677161020214],[13.64334282460586,52.45677197903639],[13.643738030876262,52.45671217808111],[13.643784382087127,52.45670458494295],[13.644041686037186,52.45665918421995],[13.644091664043424,52.45664966906891],[13.644402168607579,52.456586168064746],[13.64443901084299,52.4565782405114],[13.644754115301447,52.45650703939367],[13.644777795773107,52.4565015212501],[13.644945198077068,52.45646132062257],[13.645010849411443,52.45644421817899],[13.645306553122426,52.45636101690508],[13.645364795206355,52.45634349620571],[13.645659698532803,52.45624889478848],[13.645710009405517,52.456231842469414],[13.646019612506715,52.45612114084811],[13.64607760612149,52.456099083958726],[13.64637050856448,52.455980782278885],[13.64639052764979,52.45596697339905],[13.646418686612163,52.45596031516377],[13.646802389198001,52.45578901280381],[13.646867702259206,52.455757772521245],[13.647233803796665,52.45557037006246],[13.647283469964501,52.45554354620452],[13.647513270404557,52.45541264456177],[13.647554424998816,52.45538809677854],[13.647776024938437,52.45524969511455],[13.647792120684063,52.455239453726485],[13.64841095936677,52.45483829978962],[13.649018169737921,52.454453504780645],[13.649300618610097,52.45429761964422],[13.649586143971637,52.45416429242094],[13.649734548728938,52.454102272124864],[13.649840404981877,52.454061391545984],[13.649946521774815,52.454023252296885],[13.650200061207812,52.45394153335388],[13.651306087492664,52.4536340816581],[13.65306449610335,52.453144355343916],[13.653065975023477,52.453143942731295],[13.658217952169176,52.45170392906447],[13.660081087778153,52.45118402933179],[13.660082760590214,52.4511835616134],[13.661846435146565,52.45068946044105],[13.662218068465304,52.45058844215549],[13.662865280889134,52.45041531537854],[13.662879683932251,52.45041148079276],[13.662907787855751,52.45040374539099],[13.662960188508318,52.45038884516319],[13.662961442278347,52.45038848813529],[13.66306734359446,52.45035828767378],[13.663078115985316,52.450355177376366],[13.663218676781842,52.45031409174171],[13.663384518224593,52.45026668057311],[13.663549620314528,52.45021948078313],[13.66359389848585,52.450207146748674],[13.663599113548274,52.45020568521277],[13.663813725134103,52.45014517497795],[13.664069510415453,52.45007865188841],[13.665310904081332,52.449755726787025],[13.665336912262743,52.44974874682143],[13.666847931435983,52.44933064040403],[13.666852903536665,52.449329256548985],[13.668683626583585,52.4488167486956],[13.668692010030862,52.44881437874224],[13.669696422503824,52.448527674361436],[13.669712084760777,52.44852312244502],[13.670711596844543,52.44822741795179],[13.670714587147856,52.44822653025533],[13.671450343599558,52.44800737232321],[13.671574071261917,52.44797054257345],[13.671628335466137,52.447954420549195],[13.674514555234767,52.44709886022503],[13.674521860781406,52.44709667655372],[13.677120855119922,52.44631336895393],[13.67722681498898,52.44628176678621],[13.6772824257508,52.446265154581255],[13.677363817594987,52.44624080194097],[13.677405255489854,52.44622880448436],[13.677423331286345,52.44622346201601],[13.678303633592838,52.445957925728436],[13.679057449533909,52.44573380417315],[13.679190568565684,52.44569472053882],[13.679196437848386,52.445692985795006],[13.680726777716833,52.44523764706171],[13.683536499971941,52.444425159883934],[13.683541262729417,52.44442377503502],[13.684627990599553,52.444106064605414],[13.685146997581692,52.443957138624185],[13.685149962185285,52.44395628504009],[13.685293263948859,52.44391488440863],[13.685302224571753,52.44391024011016],[13.685313744714358,52.44390882746408],[13.685610148232383,52.4438191261061],[13.6856178227999,52.44381678345005],[13.685788024791057,52.44376438265912],[13.685846346388903,52.443745227372816],[13.686149549508492,52.443639225812504],[13.686221570709625,52.44361202876414],[13.686306371407177,52.443577528275306],[13.686330445284797,52.44356748456218],[13.686364345537166,52.44355298435972],[13.686451648531943,52.44351202901836],[13.686567349010568,52.44345262824011],[13.686938271646422,52.44312848887127],[13.686994276045182,52.44273444545648],[13.686720363659969,52.44237608207602],[13.686189934241504,52.442149420099646],[13.685545113286253,52.44211519114689],[13.684958672262376,52.44228256637247],[13.684889689298451,52.442317981715235],[13.684870905344745,52.44232562372713],[13.684633217217375,52.4424087201183],[13.684496425069504,52.44245083457406],[13.684214067400891,52.44253628465316],[13.684082535735893,52.44257428461038],[13.683560925388985,52.44272395672573],[13.683552740666574,52.442726327389614],[13.682464332904516,52.4430445270619],[13.679650751246704,52.443858125309944],[13.679645247593145,52.4438609797512],[13.679638160550999,52.44386181864608],[13.6781045099119,52.4443181396852],[13.677971549835213,52.444357176407266],[13.677965991363179,52.44435881868828],[13.677206200512058,52.4445847152585],[13.677199775234369,52.444586639465705],[13.676325288333075,52.444850419937886],[13.676285661707734,52.444861892908236],[13.676271181484527,52.44486615516083],[13.67618363679934,52.44489234876608],[13.676129446829213,52.444908536611045],[13.676021503228405,52.44494073021447],[13.676016825262643,52.444942132771516],[13.67592548524778,52.44496966289473],[13.676315381697489,52.44449335863453],[13.676345833732096,52.444448951492596],[13.676547329761874,52.44408925052433],[13.676549999800045,52.444084370370255],[13.676850393484605,52.443521968917395],[13.676857536741657,52.44350758201742],[13.676910135397295,52.44339308175829],[13.676917623450477,52.44337498932072],[13.677039049666751,52.443045895175366],[13.677119854786941,52.442863621963276],[13.67713829451444,52.44273974638271],[13.67712039277977,52.442608446459346],[13.677100941088566,52.442579675531015],[13.677106400891327,52.44257967552623],[13.67726688759878,52.44256604294952],[13.677434288812902,52.442537042732],[13.677664957805842,52.44245972371778],[13.677778057962355,52.44239822334734],[13.677943348193056,52.44224651095725],[13.677995447172814,52.44215391070704],[13.67802592347114,52.44206260096913],[13.67803662226174,52.44197100090839],[13.6779717845091,52.441779548197324],[13.677752601784091,52.4416371272337],[13.67744387234738,52.44158584205338],[13.677179474500472,52.44158744205472],[13.677070057547766,52.44160237332268],[13.677188301357054,52.44138868324931],[13.677207661303845,52.44134468456309],[13.677344120384173,52.440931779150176],[13.677356027305589,52.440918261008164],[13.67748286756879,52.44076257329446],[13.677629270475624,52.44070977302632],[13.677778102825316,52.44052648144899],[13.677803901675155,52.440435781315806],[13.677755085459447,52.44021915582879],[13.677621551004528,52.44013239212366],[13.677702093997487,52.44011314736534],[13.677762794189892,52.44008604718971],[13.677928602144382,52.43997190162775],[13.678001993126786,52.43982600769054],[13.678027334336267,52.4396429168017],[13.678057915010706,52.439491676025064],[13.67806287999785,52.43948188704037],[13.678134649787351,52.43944099106483],[13.67831954932485,52.43920927217046],[13.678333448045732,52.43911197209355],[13.678334037026898,52.43910753146186],[13.67833763663912,52.439078131441555],[13.678326417091181,52.438976534832726],[13.678316016717348,52.4389466348805],[13.678281802624493,52.43889844279319],[13.678348662031333,52.4388981676597],[13.678642134136666,52.43884884727336],[13.678856011457958,52.43871650436372],[13.67891036240942,52.438589566511446],[13.679039369217453,52.438522459078484],[13.67913656365058,52.438331147457866],[13.679144660140812,52.43806744739463],[13.679080793910563,52.43789764680835],[13.678979485569053,52.43782638875789],[13.679087151801475,52.437807453093434],[13.679234152494999,52.437754952731574],[13.679341243113768,52.43770593767616],[13.679406743163703,52.43766813745432],[13.679418148411715,52.437661375071514],[13.679608248442541,52.437545574408695],[13.679710202010122,52.43746219774812],[13.67985790065453,52.437295597097574],[13.679925929912976,52.437160695573546],[13.679940628757437,52.43707239549365],[13.679936601969953,52.436980510690134],[13.679915900926268,52.436899510784265],[13.679893901148269,52.4368434132851],[13.67986974946615,52.436798197686876],[13.679864833254966,52.436765798193136],[13.679850277429178,52.4367130156291],[13.679817476434549,52.43663161577988],[13.679743834118963,52.43652577806022],[13.67950493251258,52.4362942790479],[13.679325258434,52.43618355728822],[13.67911565499808,52.436136451041385],[13.679140833590571,52.4360671837376],[13.679147301230026,52.436046564946],[13.679162648625958,52.43598852101023],[13.67917872153973,52.43593595848399],[13.67918252210169,52.43592201779688],[13.679191821602917,52.4358832177481],[13.679195775350571,52.43586257897621],[13.679239471356926,52.435558678734715],[13.679240946290774,52.435545754486895],[13.679264742560388,52.43526425434477],[13.679243806495526,52.43514890079022],[13.67920361153331,52.4350610142775],[13.679174779472637,52.43499795389289],[13.679423236276525,52.434969790853664],[13.6796642083606,52.43483213125655],[13.679746092962745,52.43463684495851],[13.679643153086019,52.43444531688526],[13.678621247652082,52.433535321011654],[13.678477367199495,52.43344586196759],[13.678260167887796,52.43335136259441],[13.678015767048732,52.433289621484064],[13.677941951991764,52.43328209799678],[13.677917387150405,52.43327251529966],[13.677936096941636,52.433225791338195],[13.677871827956984,52.43306137668772],[13.677691745640118,52.432933080048],[13.677435649891565,52.43286925563617],[13.677357650503007,52.43286205569774],[13.677321178570098,52.43285939782977],[13.677194279589278,52.4328525978913],[13.677149623195731,52.432851247395746],[13.677049424011017,52.43285054740679],[13.677047906560128,52.43285053800167],[13.676754266320135,52.43284894916513],[13.676611824671,52.43284756911399],[13.676584526104804,52.432847691806096],[13.676482826932055,52.43284959179623],[13.67641725638859,52.432853068141284],[13.676285631698105,52.43286460984672],[13.676091188284174,52.43282797725116],[13.675808098332075,52.4328183425614],[13.67555051216255,52.43289076061351],[13.675378260003965,52.43302841073159],[13.675314018281982,52.43311885764974],[13.675238175132918,52.43318183793143],[13.675170536140074,52.433225504227785],[13.675057254520027,52.43305390819484],[13.675043542740935,52.433047440835736],[13.675035989120296,52.43302042644368],[13.675012559904209,52.43296431568355],[13.67494615857823,52.43284601598502],[13.674884447001109,52.43276814884155],[13.674778346323635,52.43266734927786],[13.67461464722112,52.432564658865665],[13.674286348373812,52.432428059786],[13.674088997564029,52.43237513307592],[13.673687300558731,52.43231783354684],[13.673639284973367,52.43231225858724],[13.673264787914272,52.43227855887628],[13.673168121458707,52.4322747867134],[13.672773624669581,52.4322792866984],[13.672673777831234,52.43228566193097],[13.672240481182198,52.43233646155004],[13.672032587317924,52.43239472913828],[13.67199202671051,52.432388772954226],[13.671703292142956,52.43239092090833],[13.671323321614759,52.4324527333659],[13.671075614381724,52.432488202944484],[13.670910071527173,52.43252889342857],[13.670504390808073,52.43267570987607],[13.669872259063345,52.43267486682516],[13.669648226526117,52.43262353774719],[13.66893024398123,52.43230036392634],[13.668531724401133,52.43223160857409],[13.668236360659467,52.432246907282355],[13.66815563376182,52.43221733117867],[13.66798607845375,52.432093272398575],[13.667804129580471,52.43200418452106],[13.66772489940891,52.43197922273469],[13.66733262838343,52.43183007639771],[13.667073003459521,52.431777183687785],[13.666418930195578,52.431742320726975],[13.6643597067002,52.43113395925446],[13.664297455900241,52.431118187783355],[13.662584267363984,52.43075289064784],[13.662551675325293,52.43074658392865],[13.661007236831647,52.43047763270934],[13.659809790488248,52.430121684127485],[13.658692947392883,52.42970684482741],[13.658425800905457,52.42954327976274],[13.658133832488625,52.429357850833696],[13.658085947603455,52.42933064150523],[13.657279349073901,52.42892094406172],[13.657195844464537,52.428885509345804],[13.65687064597812,52.428771610154655],[13.65683708323055,52.42876071951632],[13.656242563545904,52.428582603197604],[13.655753458176866,52.428396083516034],[13.655350227257733,52.428165928392666],[13.654998155863586,52.4279288156501],[13.65473816668024,52.42763749982309],[13.654446443785321,52.42726949774094],[13.654413182068248,52.42723308461571],[13.653979179225015,52.42681668640462],[13.653955375568867,52.426795551859136],[13.653128772184653,52.42611495511479],[13.652981836513394,52.42602973312872],[13.652799648808276,52.42595579241144],[13.652064369151937,52.4254625146169],[13.651960080226127,52.42540724661387],[13.65110558323842,52.42505244900589],[13.650999396321,52.42501749522939],[13.64979550375394,52.42471389754754],[13.649754718661146,52.42470467512025],[13.649440420811416,52.42464157561923],[13.649063912632146,52.4246435307966],[13.648215718416193,52.42482362946111],[13.648087076643899,52.42486224211204],[13.647661778347734,52.42503204097481],[13.647410183910619,52.425252479826305],[13.647350381968813,52.42541137952524],[13.64734884304681,52.425415583683225],[13.647334926590311,52.42545469996318],[13.646842041757463,52.42560662607546],[13.646041701657275,52.425789866385955],[13.64595872163913,52.42581351586072],[13.645176108074686,52.4260837397837],[13.644412678856302,52.42625809838017],[13.644291004543724,52.42626618260241],[13.644140533471877,52.42625369421262],[13.644090853516468,52.426250876402605],[13.643793955920943,52.42624177649241],[13.643583105659953,52.4262353688657],[13.643488988460819,52.426237121564974],[13.642703694750208,52.42629042117969],[13.642584155975852,52.42630636056443],[13.641626518251812,52.426499673179904],[13.64069256600206,52.42649126455735],[13.640597726332757,52.42649510520136],[13.639733933157325,52.4265733046228],[13.639610299198695,52.426593075586226],[13.638878420584991,52.426763884357044],[13.638855542350612,52.4267595113435],[13.63853013105773,52.42675499265635],[13.637649737546203,52.426896791592604],[13.637567514485935,52.42691409789119],[13.636738519601929,52.42713169631036],[13.636727142177113,52.427134770153614],[13.636227077294766,52.42727375327306],[13.636008341875527,52.42719117142044],[13.635752857792093,52.42717351013148],[13.635243061878851,52.42720720988869],[13.635223960695367,52.4272086661748],[13.63514930671724,52.42721511778543],[13.634450197632534,52.42714734200379],[13.630975341641532,52.42663967720765],[13.630951430683739,52.42663650336625],[13.630643433039046,52.42659970367428],[13.630564719556881,52.42659363153666],[13.630528119852853,52.42659233154917],[13.630462970705587,52.4265922267636],[13.630270972263489,52.42659842672428],[13.630220825067873,52.42660136661591],[13.629360231891868,52.42667466607613],[13.62920120830141,52.42670257079489],[13.628789810776885,52.42681506998203],[13.62866867740972,52.42685956257973],[13.628330978302229,52.42702026156113],[13.628284873842365,52.42704464861551],[13.62820329362022,52.42709253900269],[13.627909757766028,52.42722635227177],[13.627890158749281,52.42723568689115],[13.626717006251393,52.42781917467868],[13.625341113200479,52.42847191536287],[13.624613630068996,52.42869072824692],[13.62403364605946,52.42880561892185],[13.623446385561198,52.428826535380054],[13.62320441818402,52.42886802227161],[13.622946919533465,52.42895172168367],[13.622723565753313,52.42907932019324],[13.622605754790273,52.42919512692988],[13.622427362623746,52.42929713541916],[13.622033624250301,52.429381981883004],[13.621754020781182,52.4295091421525],[13.62164119879167,52.42971069764164],[13.62167451883717,52.4297837786425],[13.620700059049252,52.43108714075707],[13.620686789727154,52.43110634159828],[13.620541687347433,52.431334540913674],[13.620518602275219,52.43137930031404],[13.620460343536664,52.431524761603924],[13.620373561055711,52.43168071098646],[13.62034577762072,52.431757043894414],[13.620230269279938,52.43239654326954],[13.620228960361679,52.43240462574412],[13.620163454355822,52.4328617253802],[13.620162994129855,52.43286512189216],[13.620113077511347,52.433256020826555],[13.619938201753577,52.4335600394093],[13.619904900363313,52.43367887930364],[13.619902987099174,52.43467477920248],[13.619903518103976,52.43469048115012],[13.619929113117914,52.43505827986803],[13.619950440722299,52.435364807059415],[13.619905694405352,52.435665312340426],[13.619922307877097,52.4357886259899],[13.620330890119655,52.43674629459738],[13.620170727920335,52.436911609597665],[13.620162627677566,52.43693170955711],[13.620147460684805,52.43704661532297],[13.62015146028436,52.43707691533992],[13.620248271190537,52.43724736782609],[13.62046836798227,52.43736762121055],[13.620513768219727,52.43738192131494],[13.620526425881936,52.43738331997887],[13.62061812392762,52.43765888080481],[13.62060511777936,52.437712339613206],[13.620503958861363,52.43789200325185],[13.620482157000671,52.43807571310979],[13.62061206267015,52.43824191749099],[13.620709396182948,52.43831187866287],[13.620808997894375,52.43843333569775],[13.620876471618525,52.43863235411283],[13.620878139392818,52.43863711109311]],[[13.611938593981476,52.448846132358575],[13.611945054383934,52.448843746792605],[13.612377359631655,52.44868302215545],[13.612609191580322,52.44860067058598],[13.612816159365124,52.44853579525692],[13.613166681450775,52.448441076192424],[13.613918809996475,52.44824587432841],[13.613946852712205,52.448238347197375],[13.614080580018708,52.44820125215392],[13.614764207983987,52.44802080765113],[13.614879939472337,52.447990685690165],[13.614955562184184,52.447971517392595],[13.61621424473219,52.4476607286162],[13.61657623188697,52.44757863020255],[13.616744673046698,52.44754330442047],[13.616749711229259,52.44754224045972],[13.616866812926622,52.447517340067336],[13.616887538461112,52.44750873762361],[13.616912436700337,52.44750702649632],[13.617084788038918,52.447465719095696],[13.617102447198759,52.4474619349831],[13.617103454013888,52.447461514926644],[13.617104669502847,52.4474614573372],[13.617159870298822,52.44744955714987],[13.617202203623751,52.44743990195222],[13.617301631852873,52.447415965487224],[13.617438411788974,52.447384451482705],[13.617452308977244,52.4473811917114],[13.617720798485665,52.44731709058528],[13.617883942480459,52.447279946937975],[13.617999851877665,52.447254787589095],[13.618187688468232,52.44721540398784],[13.61824873125935,52.44720276621151],[13.618447910218347,52.44716459175449],[13.618513459542436,52.44715207698923],[13.618665328992524,52.447124558901265],[13.61867589427623,52.44712261348116],[13.618850698025936,52.44708991140927],[13.619073097321179,52.4470490987408],[13.619095905826889,52.44704476758517],[13.619235244444859,52.4470174138739],[13.619412858734636,52.44698503623781],[13.619451513776557,52.446978068781036],[13.619465948662333,52.446975409031204],[13.619522409954548,52.44696477823998],[13.619643444279626,52.44694403874622],[13.619651325844211,52.44694279983881],[13.619805643984867,52.44710079539053],[13.620341491268771,52.44729291745042],[13.620432692650951,52.44730891772424],[13.620653925360546,52.447308275896965],[13.621099876188344,52.44739663379522],[13.621913687791922,52.447387724673156],[13.621994449851712,52.4473697453146],[13.622036451395415,52.447383126396474],[13.6221106615529,52.44740490139073],[13.622172362331002,52.44742150165719],[13.622207123553888,52.44743047385001],[13.622225723800673,52.44743507392498],[13.622269227147859,52.44744526078715],[13.622399428971669,52.44747406126511],[13.622424872676065,52.447479500567475],[13.62247477339465,52.44748980074012],[13.622552423279679,52.447504131996105],[13.622599624007908,52.447511832128974],[13.622666631333647,52.447521563912495],[13.622734832433274,52.44753026406645],[13.622796882322305,52.44753718657378],[13.622938984683817,52.44755078682096],[13.622953617803994,52.447552133158354],[13.62303061909108,52.44755893328289],[13.623066646583647,52.447561789132955],[13.623255949786957,52.447575089382106],[13.623280728666881,52.44757667764862],[13.623348029813533,52.44758057772326],[13.623349612380244,52.447580414481834],[13.623351117889944,52.44758075431446],[13.623377596361008,52.447582248242014],[13.623403286845436,52.44758433400479],[13.623406362135515,52.44758458131036],[13.62341766232558,52.44758548132701],[13.623419394054794,52.44758561850124],[13.623481595101607,52.44759051859196],[13.623500513188231,52.44758896530415],[13.623518374884274,52.44759307848571],[13.623637476910883,52.447600278622815],[13.623673179243731,52.447602121776654],[13.62378528116655,52.4476069218722],[13.62381628452688,52.44760801320585],[13.623921386338456,52.44761091326811],[13.623980614401617,52.44761168923373],[13.624048825091654,52.44761159541827],[13.624143936292887,52.4476118819073],[13.6241458040984,52.44761158213091],[13.624147668487488,52.44761188974465],[13.624231869944678,52.447611989756396],[13.624251825008704,52.44760874808843],[13.62427192147509,52.4476116453398],[13.62431542222744,52.44761084533126],[13.624324778996467,52.44760912750444],[13.624334320759838,52.44761041035281],[13.624432814694112,52.447607687465585],[13.624449804582023,52.44760732443539],[13.624475010715972,52.44760663021384],[13.62462921337588,52.447601430142925],[13.624635652381041,52.44760120282215],[13.624683376375213,52.44759944251692],[13.62480790158684,52.447594981039074],[13.6248081559205,52.447594929476956],[13.62480841839627,52.44759496245701],[13.624820553546412,52.44759452459262],[13.625248491374666,52.44758213488742],[13.625250764951973,52.447582067791195],[13.625380467191048,52.44757816773965],[13.625387931303273,52.447577929630555],[13.625478287177492,52.4475748817291],[13.625709545285043,52.44756743143011],[13.625718981279581,52.447567105574976],[13.625885632389116,52.44756096435716],[13.625913768609548,52.44756027134875],[13.625925378540053,52.44755806072753],[13.625937290224408,52.447559556386835],[13.626094892941333,52.44755385630774],[13.626094972032782,52.44755384024348],[13.626095053675707,52.44755385048794],[13.626141954484218,52.44755215046433],[13.626153619198897,52.44755169421213],[13.626455770191429,52.44753900890174],[13.626594718328898,52.447533223568776],[13.626603642353253,52.44753283239557],[13.62682868817348,52.44752247301703],[13.62692655135952,52.447518262853826],[13.627049772658662,52.447513407811726],[13.627074756270881,52.44751226976214],[13.627192100864121,52.44750620165505],[13.627245976294292,52.447504782102314],[13.62727397595622,52.44749939799778],[13.627302890852956,52.447502486900376],[13.627353232083049,52.44749975097298],[13.627813669377636,52.44748111563304],[13.62797748070743,52.447475658461556],[13.627984713594095,52.44747540465985],[13.62802396060064,52.44747395777106],[13.628038105598772,52.4474734940021],[13.62804539046122,52.44747324212908],[13.628056450404713,52.44747283995092],[13.628105808393775,52.44747130877728],[13.628106589000547,52.44747115466313],[13.628107391356401,52.44747125905602],[13.628217844358803,52.44746774676066],[13.628370017676232,52.44746425779641],[13.628454615255052,52.44746305295662],[13.628460289112539,52.44746299892045],[13.62850185876355,52.44746218036189],[13.628563154164477,52.44746034947184],[13.62857867590377,52.44746024802342],[13.628580818493239,52.44746023289782],[13.628764824276447,52.44745883742683],[13.628849928326593,52.44745824160916],[13.628866712062417,52.447458055252454],[13.629110016271664,52.44745435521777],[13.629110051988475,52.44745434878408],[13.629110088185426,52.44745435412282],[13.629142888752886,52.44745385411811],[13.629143729447168,52.44745370265086],[13.629144581734796,52.44745382760952],[13.629265496372247,52.447451884213635],[13.629332303336838,52.44745225953528],[13.629362641236511,52.447452205096695],[13.629579844995591,52.44745020508813],[13.629583903968843,52.447450163682845],[13.629795709444721,52.44744779275381],[13.629963520953673,52.44744634027981],[13.630102776182211,52.447445528581085],[13.630269525144069,52.4474465533064],[13.630269905168714,52.447446493584444],[13.630270283214648,52.44744655782404],[13.630346680992217,52.44744699893205],[13.630374580861329,52.447447438302135],[13.630377688938102,52.447447484885856],[13.630426889788472,52.447448184903706],[13.630448177920494,52.44744837701153],[13.630523857586677,52.44744866624303],[13.630531296806128,52.44744871518619],[13.630605259287668,52.44744955887183],[13.630606570656669,52.447449573409784],[13.630884791547317,52.44745256828576],[13.630899238541701,52.4474527306161],[13.630949579984337,52.447455615620775],[13.630950676185174,52.44745575989672],[13.630952280979223,52.44745597043765],[13.631083569745538,52.447473139719214],[13.631090842916269,52.44747416265891],[13.631094825468306,52.44747498534644],[13.631260308304112,52.44750931590134],[13.63131431148672,52.447520522313425],[13.631351577965997,52.447531026465754],[13.63138390196604,52.44753980089811],[13.631413002340095,52.447547401020785],[13.631413083837682,52.4475474081465],[13.631413148592062,52.44754743921055],[13.631476349404627,52.447563939476865],[13.63163176731678,52.44760442013175],[13.631695889138273,52.44762416651054],[13.63172335928605,52.44763338196463],[13.631798434028534,52.447658527370926],[13.631941962418573,52.447708481573926],[13.631958585123282,52.44771447910957],[13.632015217907853,52.44773667317439],[13.63206367004139,52.447756689596744],[13.632136219590492,52.447786651571526],[13.632174713362783,52.44780254910753],[13.632260909716862,52.447838147843584],[13.632351404444906,52.447872191496025],[13.632515206116858,52.44792809234618],[13.632581696164793,52.447950759609256],[13.632733143413228,52.44799453692037],[13.63279304422011,52.448008937156196],[13.632933322229437,52.448042628084174],[13.632981944125579,52.44805360046261],[13.633203347285379,52.448100401244304],[13.633288846973212,52.448116407169664],[13.633310247303214,52.44811990723004],[13.63331505394067,52.44812068710832],[13.633341916223864,52.44812501059847],[13.633547598824002,52.44816058053805],[13.63361736342115,52.44817274766393],[13.633619868757757,52.44817318287672],[13.634162113624782,52.44826700430974],[13.634178508949434,52.448269849387614],[13.634219594629618,52.44827775856973],[13.634339321454213,52.448300889921676],[13.63444511897219,52.44832136055638],[13.634460072428267,52.44832427831022],[13.634510916387418,52.44832574917538],[13.634555792379425,52.44834042658735],[13.634652393909919,52.448354226828734],[13.634986187612158,52.44840175436698],[13.635097352143436,52.44841437557414],[13.635301655566561,52.4484317758937],[13.635440200776621,52.448443530759235],[13.635481704687477,52.44844037462186],[13.635521208966885,52.44844876714384],[13.635743312774068,52.44845866733953],[13.635748014406117,52.448458871466684],[13.636107720577535,52.44847407176943],[13.636177597719184,52.448475826782236],[13.636477102899972,52.44847822685887],[13.63655831627492,52.44847726553889],[13.636842121172705,52.44846826541785],[13.638366034177915,52.44841986201493],[13.63836725993917,52.44841961900978],[13.638368520869747,52.44841978149813],[13.638465038864874,52.44841659741118],[13.63865460469829,52.44841043347005],[13.63870924288308,52.44840917953059],[13.638881847951366,52.44840540350417],[13.63888415824272,52.44840535165445],[13.638939889026174,52.44840406936013],[13.639006519971415,52.44840258648339],[13.639077010049721,52.44840099806331],[13.639150429354784,52.448399421281366],[13.63915232883103,52.44839937960376],[13.639344232148373,52.4483950795525],[13.639393273548206,52.448393958246285],[13.639467449565696,52.44839225192427],[13.639476072650737,52.448392035347794],[13.63964119348504,52.44838753930072],[13.640032675175704,52.448385379027904],[13.640064554428275,52.448385300317796],[13.640139403145472,52.44838551770496],[13.640203270357587,52.448387136460354],[13.640223941216163,52.44838755578216],[13.640263341897068,52.44838815579711],[13.64040053335496,52.44839017214277],[13.640406271156627,52.44838932255444],[13.640424142157759,52.44839027145646],[13.640628055306754,52.448401298428244],[13.640761126098402,52.4484131921616],[13.640936693718317,52.448429587623934],[13.640977091894515,52.44843443298514],[13.641097909666344,52.44844897677051],[13.641169375103887,52.44845801370254],[13.641351135147799,52.44848103269146],[13.641373027248706,52.448483815590066],[13.641571758018113,52.44850933705245],[13.642110346198402,52.44857901918888],[13.642113217374806,52.448578925886636],[13.642115786005887,52.448579715260244],[13.642811672628081,52.448667772058116],[13.644887919514726,52.44893636450691],[13.644916322371103,52.44894126245427],[13.644990767153462,52.4489575321819],[13.645065459553253,52.44897880012637],[13.645147800247923,52.449006027718895],[13.645988887361153,52.4493611242434],[13.646000531906285,52.44936598131809],[13.646056464947417,52.449389030258466],[13.646255999252444,52.44947137989177],[13.646264956900106,52.449475042533024],[13.64689039095693,52.449728392137224],[13.64710198345998,52.44981592479507],[13.647666618298123,52.45005064204856],[13.647780332706809,52.45009269228407],[13.64811423628524,52.45020179396176],[13.648305327197763,52.450252228789594],[13.648687832716375,52.45033083010732],[13.648829838456809,52.45035442910734],[13.64926304543864,52.45040993008813],[13.649446949660843,52.45042489988945],[13.649761555071517,52.450436100118196],[13.64989857696448,52.450436383982904],[13.650845973347089,52.45040659050048],[13.651084146488682,52.45039915068217],[13.651820946384719,52.45037968024387],[13.65182434866301,52.45037902575286],[13.651827834947099,52.45037948656064],[13.654105266430358,52.45031158589399],[13.657329551898664,52.45021540163503],[13.657555370966643,52.45020878680729],[13.657178451941377,52.450313960443935],[13.652026180421608,52.45175404841688],[13.650269735431657,52.45224322541807],[13.649130843088049,52.45255981124609],[13.649065210301725,52.45257948946736],[13.64875371379921,52.45267988796469],[13.648703132320632,52.45269711690531],[13.648554833796348,52.45275041612567],[13.648520726859108,52.45276312657661],[13.648378828134833,52.452817925789056],[13.648340965286135,52.4528331412701],[13.648146666805276,52.45291434012841],[13.64809330306966,52.45293792481308],[13.647740805167631,52.45310252257944],[13.647661894254915,52.45314260702215],[13.647309295178585,52.45333720454631],[13.64724728138168,52.45337388132895],[13.646605180973175,52.45378077647186],[13.646601634716326,52.45378469261213],[13.646595401702228,52.453787044140576],[13.645979670956038,52.45418617311728],[13.6457863118543,52.45430693384584],[13.645601802574609,52.45441203397409],[13.64529292690398,52.454570140479866],[13.644966429556288,52.45471590172894],[13.644726516827182,52.45481280002815],[13.64447124318802,52.45490407476462],[13.644230570573047,52.454981279059815],[13.643996792188066,52.45504705622973],[13.643874412944028,52.45507644472486],[13.64358952233181,52.45514081852145],[13.643322374056922,52.455195452657584],[13.64311328490214,52.45523234594025],[13.642771393079709,52.455284079576636],[13.64263955902843,52.45529985091731],[13.64247357150234,52.455316005216396],[13.64120091239308,52.455431674669214],[13.63949273733104,52.45557268687502],[13.638649434127997,52.45563408397875],[13.63780270733624,52.45568885434161],[13.636878110874944,52.455742964192304],[13.635823466819526,52.45579708169512],[13.63560733143617,52.45580813894242],[13.634946774304927,52.455833850764016],[13.634764068836889,52.4558409432345],[13.634521460725365,52.45585033970478],[13.634257471254157,52.45586063924372],[13.633474873567561,52.45589071618814],[13.633412415757583,52.455894078300105],[13.633288317870319,52.45590267816767],[13.633219857317975,52.45590859734458],[13.633041560284994,52.45592709705134],[13.63300511774385,52.455931218455575],[13.632838769793217,52.455951592758865],[13.632747212536723,52.455959795220835],[13.632703961844056,52.45596414416784],[13.632611121517709,52.45597450322115],[13.632562133337256,52.45597750541091],[13.632496134059197,52.45598131569303],[13.631653796785761,52.456007166737606],[13.631301230158103,52.45601793444188],[13.631052016556836,52.45602452377754],[13.631042812113881,52.45602478789237],[13.630577576403583,52.45603918595929],[13.6299819430891,52.456057583971635],[13.629329389419382,52.45607788877914],[13.629005105636967,52.45608787907634],[13.627396475383982,52.45613776006098],[13.627311049752365,52.45613978306529],[13.62712569381206,52.45614418678657],[13.627101510986515,52.456144904565186],[13.626728017428363,52.45615820438119],[13.626525471364682,52.45616547017904],[13.625904010177745,52.456173270959326],[13.625881978289023,52.45617366611631],[13.62571048125421,52.45617766606798],[13.625702805735818,52.45617785950593],[13.625556773353335,52.4561818141688],[13.625467678965416,52.45618375870036],[13.625441608912892,52.456184166048054],[13.625299648441079,52.45618555279151],[13.625205293945324,52.45616943150168],[13.624906370981694,52.456110456338294],[13.624606289602008,52.456042743911475],[13.62460432835225,52.4560423024957],[13.624584728625104,52.45603790256859],[13.624577728290097,52.45603751509692],[13.62457193927097,52.456035079606224],[13.624552308015945,52.456030820005175],[13.624361553040618,52.45598908006615],[13.62412564808136,52.45593743931779],[13.623917550606683,52.45589061018725],[13.623888367235384,52.45588405655497],[13.623736289488797,52.455849884116134],[13.623735031840697,52.45584960198392],[13.623628256580847,52.45582568832609],[13.623579978644255,52.45581477754107],[13.623575721122469,52.45581382070113],[13.623550072491593,52.45580808863588],[13.623502934489679,52.455797512246356],[13.623508327340877,52.45574208451116],[13.623218446623886,52.45538842171528],[13.622677948393632,52.455170683172454],[13.622364052940505,52.455106884244465],[13.621733817343424,52.455081462759054],[13.621163604055305,52.45524740758822],[13.621138511438033,52.45526907545326],[13.620927189844412,52.45522212505101],[13.62073389060739,52.455179180848496],[13.620636411653368,52.45515744170861],[13.62035488177484,52.45509483474383],[13.620221129128621,52.455065067615664],[13.62007861209207,52.455033430451074],[13.619891889482147,52.45499190438572],[13.619845800320109,52.45498133676315],[13.619844416489476,52.45498102003876],[13.619818608674223,52.45497512388734],[13.619726701259514,52.4549540288158],[13.61970945005246,52.454950157336754],[13.61941827030779,52.45488629025369],[13.619147639360488,52.45482514244511],[13.61909790766977,52.45481383095339],[13.619092431677428,52.45481259431752],[13.61899743300057,52.45479129467039],[13.618997312585433,52.454791288035686],[13.61899721372003,52.4547912455196],[13.618841915883564,52.45475644609618],[13.618837233767655,52.454755403375565],[13.617971295282034,52.45456374549708],[13.6178031241204,52.45452532302263],[13.617800968915287,52.45452483199528],[13.61774784697824,52.45451276301763],[13.617693126279951,52.45450000661956],[13.617646939869946,52.4544891002081],[13.617625585851702,52.45448769840811],[13.617607827787417,52.45448031894285],[13.617470532781875,52.454451070468224],[13.617410719197736,52.45443795187661],[13.6174074794389,52.45443724438825],[13.616989049566827,52.45434626437527],[13.616496146295857,52.45423691651101],[13.615454984302488,52.45400085532768],[13.615451932963884,52.45400016624182],[13.614129351357397,52.45370267116829],[13.614097603134727,52.45369582466573],[13.61377218414847,52.45362864281348],[13.61369997432836,52.45361267566443],[13.613211165184307,52.45350106666949],[13.61320149552017,52.45349888648483],[13.613105824418827,52.453477589039196],[13.61293513465431,52.45343584289402],[13.61290536480466,52.453428829774545],[13.611289887192939,52.45306263583166],[13.610725530438932,52.452934723310214],[13.61072200987013,52.4529339290251],[13.610103518477318,52.45279503132592],[13.61003496298089,52.452779645314386],[13.60945886138766,52.45264892181092],[13.609432029576812,52.45264304499346],[13.609017342874626,52.452555462631345],[13.608924136275439,52.45253427540033],[13.608335733060043,52.452400705680304],[13.608099619329606,52.45234580848781],[13.607993115053226,52.452318922303505],[13.607954127904447,52.452309544239654],[13.606779344114877,52.45204074867948],[13.60677850614847,52.45204055895084],[13.606778497474972,52.45204055517239],[13.606778486653779,52.45204055453692],[13.606771270201294,52.45203892061942],[13.604907372729633,52.451621339239814],[13.604274051702188,52.45147706381545],[13.604267883378425,52.45147566987805],[13.604140070077964,52.451447019318664],[13.604335069009831,52.451386763146324],[13.605338205924872,52.451076881580626],[13.605366961093106,52.45106771056348],[13.607078493027288,52.450504448473005],[13.607452139098049,52.450383495559],[13.607933187382715,52.45022781171055],[13.608795051133418,52.44994839569322],[13.609016822418896,52.449876537128326],[13.609578442282945,52.449694432762094],[13.609602538545525,52.449686411251946],[13.609722031763393,52.4496455874366],[13.610128803640011,52.44950953516875],[13.610172829209167,52.44949409218761],[13.610825689120345,52.449254189483256],[13.611631150192732,52.448958885631534],[13.611631209278542,52.44895884829179],[13.611631291001878,52.44895883399857],[13.611938593981476,52.448846132358575]],[[13.648833389955804,52.44855648753587],[13.649511242778306,52.44853492807612],[13.64961108782817,52.44862877514615],[13.64985099780777,52.448757303415476],[13.650165427727062,52.44879044144758],[13.651343305766396,52.44871552410412],[13.65135299811156,52.44871744434848],[13.651451241245601,52.448739326620775],[13.65158967121343,52.44875899898754],[13.651842431865882,52.44877566132848],[13.65187445715273,52.44881475051195],[13.651955173617585,52.44884568542135],[13.651709410647978,52.44885301068505],[13.650971168059822,52.44887251939765],[13.650966317348322,52.448873452516324],[13.650961344384495,52.44887280261502],[13.650718048583812,52.44888040251296],[13.65071783164565,52.44888044539283],[13.650717608664701,52.448880416301854],[13.649838546340492,52.44890806129939],[13.649685307748298,52.44890260592209],[13.64941529149158,52.448868012456934],[13.649201649165484,52.44882411118823],[13.649018536513545,52.44876428036833],[13.648507765706855,52.44855195693505],[13.648505425169205,52.448550986346284],[13.648414586990537,52.448513408550575],[13.648676423212835,52.44854858486705],[13.648833389955804,52.44855648753587]],[[13.654952380421117,52.44855353053903],[13.654957162322045,52.448555716411484],[13.655274064573144,52.44862671415591],[13.655541166733741,52.448636614250375],[13.655913391248983,52.44857265492147],[13.656173478211441,52.448461851633446],[13.657186518578376,52.448288732524404],[13.65787860291958,52.44826079166069],[13.657973728291704,52.44825213890886],[13.66035420090851,52.447912184958525],[13.662677897966915,52.447682977641406],[13.662861657105534,52.44764506869934],[13.663289797713166,52.44750514470186],[13.663723450668916,52.44745905502054],[13.663939237058285,52.44740788892853],[13.664157079416803,52.44732292323588],[13.66443101232846,52.44730547408283],[13.664658332965583,52.44731809852484],[13.664829129742978,52.44731233049899],[13.665074031624886,52.44728183026989],[13.665325863975609,52.4472094258237],[13.665663535076343,52.44704307685656],[13.6657301329349,52.4470309135089],[13.665782893577623,52.44701758087146],[13.665895706175505,52.447060286110016],[13.66626794633768,52.44703935880476],[13.666342246789311,52.44701935865976],[13.666572206371747,52.44690892852449],[13.666573417157206,52.446907190454624],[13.667315401145306,52.44695600834614],[13.667462321108095,52.44695439967646],[13.667572017668453,52.44694474237966],[13.667760757119277,52.446997098416155],[13.667851457822534,52.447006698497354],[13.668094888324312,52.44698613005647],[13.668356069396884,52.447029200304435],[13.66862172195753,52.44699607739201],[13.66881344081116,52.446941820095766],[13.668988114729219,52.44692392425621],[13.668989863138686,52.446923743470045],[13.669360227789568,52.4468850962074],[13.669472322286584,52.446896149641944],[13.668629937179164,52.44714536600893],[13.66763759087349,52.44742862452092],[13.665813596216006,52.447939245961635],[13.66431804273094,52.44835307083965],[13.663451742043474,52.44857842331229],[13.663365995264888,52.44856079625818],[13.662906754337545,52.44852179752346],[13.662619259301355,52.44853029741078],[13.662250979106508,52.44854119095289],[13.657209214204254,52.44868898172382],[13.653983341432703,52.44878521381375],[13.653983334608094,52.44878521515204],[13.65398332760266,52.448785214226184],[13.652810703871854,52.44882018129847],[13.652940855388653,52.44868198106336],[13.653000069946348,52.44866457123185],[13.653219085233728,52.44868504047257],[13.653295685856046,52.448682740458196],[13.653570897643691,52.448631447897576],[13.653675298116188,52.4485929476342],[13.653741711540953,52.448540891735604],[13.653985738587657,52.448598960973136],[13.65445414227878,52.44863926132076],[13.654820705574549,52.44859796253711],[13.654952380421117,52.44855353053903]],[[13.642428205742101,52.44705807370336],[13.642088953491013,52.44701418132414],[13.642087112258212,52.447013943987244],[13.641886215494596,52.44698814444314],[13.641884893735192,52.446988188613446],[13.641883711691996,52.44698782453118],[13.641860112072715,52.44698482458424],[13.641676802803586,52.44696160925036],[13.641668200699085,52.4469605215008],[13.641817106007789,52.446949937484746],[13.642428205742101,52.44705807370336]],[[13.642989036831487,52.44712960173406],[13.643047787177139,52.44713179723664],[13.643074398176564,52.447125293313135],[13.643407791890732,52.447182826460086],[13.643327040496429,52.44717237939351],[13.643321593899811,52.44717168248064],[13.642989036831487,52.44712960173406]]],[[[13.507779336076847,52.441861859058484],[13.507767790301026,52.441861517326814],[13.50755847873054,52.44185539641635],[13.507143649883124,52.441843259993355],[13.506785608203785,52.44183202774524],[13.506770867332856,52.441831618560514],[13.50641887340374,52.44182311875187],[13.50641632436136,52.4418230587862],[13.506391121593117,52.441822481626886],[13.506287420119621,52.4418200054822],[13.505656182674862,52.441907376142574],[13.505180997008482,52.442175911343746],[13.504989188021147,52.44255365968567],[13.505132157249625,52.442939405213835],[13.505571603393324,52.44322978674395],[13.506189777927897,52.4433469943892],[13.506294479733835,52.44334949444564],[13.506296473303022,52.44334954107363],[13.506321399141731,52.44335011189766],[13.506664758030968,52.44335840328704],[13.507017595517697,52.44336947234803],[13.507021900269178,52.44336960284308],[13.50743890745207,52.44338180310619],[13.507647170786276,52.44338789328815],[13.507852910894224,52.44339398266213],[13.507854440355127,52.44339402735527],[13.507905998625533,52.4433955146197],[13.508083159064133,52.44340070177182],[13.508513571446834,52.44331465283388],[13.50853883867523,52.443311286964594],[13.508543572815794,52.44330865482663],[13.508929478506209,52.44323150201553],[13.508962084232413,52.443215381173395],[13.509118773691931,52.443138946660525],[13.509136856090203,52.4431301134713],[13.50915542980744,52.44312086036709],[13.509249130217924,52.44307325974115],[13.509622792477197,52.44275031251036],[13.509682147129983,52.442356463466574],[13.509411297913775,52.44199724463991],[13.508882823876583,52.441768906637286],[13.508238326660736,52.44173263015774],[13.507779336076847,52.441861859058484]]],[[[13.496297701924387,52.44847195166266],[13.496843625487847,52.44822661859606],[13.497248048723328,52.447917797006355],[13.497345570802285,52.4475267968938],[13.497110068295802,52.44715838719542],[13.496604649801096,52.4469112814078],[13.495964740153426,52.44685168897001],[13.495361795093256,52.44699557685495],[13.494806598787319,52.44724507342826],[13.494788166076843,52.447253517669644],[13.494043570528792,52.447601212955036],[13.493648507561337,52.44791452358568],[13.493562757423012,52.448306552126915],[13.493809304412608,52.448672255536295],[13.494322092156185,52.44891364223066],[13.494963717665943,52.44896603050164],[13.495562250285703,52.448815382265764],[13.496297701924387,52.44847195166266]]],[[[13.468179517179474,52.513533430501965],[13.467433528681337,52.513608827279825],[13.46726604006142,52.513625447548336],[13.467264235664318,52.51362594317289],[13.467262266224585,52.51362582564099],[13.467099630981929,52.513642275220604],[13.467035497258772,52.51364853680278],[13.467033514541685,52.51364907769645],[13.467031353432082,52.5136489457232],[13.4665149620737,52.51370044491348],[13.46651132638626,52.513701445658526],[13.46650735525667,52.513701218193496],[13.465931822393998,52.51376083481553],[13.465823187581199,52.51377157365847],[13.465444007968227,52.51380909146041],[13.465443329357653,52.51380927762864],[13.465442589003406,52.51380923236703],[13.465206792949608,52.51383273199758],[13.465202361820703,52.51383317858097],[13.464530403729016,52.51390165399631],[13.464296538313745,52.51392543016988],[13.46426030317137,52.513929448939514],[13.464230535405358,52.51393302704111],[13.46416472302846,52.513938910474614],[13.464153283002936,52.51394192152661],[13.464140882369563,52.51394118509045],[13.464001884692602,52.51395528486857],[13.463999342450906,52.51395554438977],[13.463938013071088,52.51396184468543],[13.463427891443581,52.51401374519262],[13.463427759021979,52.514013781955],[13.46342761420951,52.51401377341769],[13.463114341934283,52.51404568912248],[13.462611776247035,52.514096468335126],[13.462333894473273,52.51412277032652],[13.462319153256367,52.51412422054338],[13.462179256470801,52.51413850579359],[13.461343172519022,52.5142220943159],[13.461340974004093,52.514222700099914],[13.46133857268359,52.514222559538645],[13.460787281891118,52.51427895865082],[13.460787220531921,52.51427897572559],[13.460787153398789,52.51427897179993],[13.460098050628634,52.51434951073495],[13.459928639266279,52.514366750848744],[13.459928358620965,52.51436682876828],[13.459928051700969,52.5143668107294],[13.459729155023554,52.51438711040991],[13.459727042437624,52.514387327154864],[13.459655271905183,52.51439472908516],[13.45901061720951,52.51445805318652],[13.459009818858075,52.51445827153255],[13.459008948397171,52.51445821781331],[13.458784928832195,52.51448041157132],[13.458627721573244,52.5142705619168],[13.458099537528401,52.51404123764581],[13.457454174526424,52.51400375223391],[13.457434640548673,52.514005759612246],[13.457321741439227,52.51399890957805],[13.456999425942437,52.51397927965111],[13.456999208256672,52.51397933961342],[13.456998970584106,52.5139793251921],[13.456844602115131,52.51399478149955],[13.456528041476066,52.51402505695264],[13.456497597655508,52.514028203576146],[13.456377899640222,52.51404150336594],[13.455791902713056,52.51421066080474],[13.455423043253491,52.51453590780415],[13.455385332176705,52.51481700278594],[13.455314967027808,52.51482427667858],[13.455312624566028,52.514824931475715],[13.455310058340713,52.51482479023252],[13.455219968803966,52.51483432802427],[13.45451859722921,52.51490479274782],[13.454500690415808,52.51490667323052],[13.454198591897674,52.514939775967235],[13.454109012983537,52.51494876109172],[13.453990926977252,52.51496067033286],[13.453986294368331,52.51496195159201],[13.45398122857357,52.514961672343844],[13.453910471901436,52.51496915718892],[13.453656918255538,52.514995941752375],[13.453594022635373,52.51500260476722],[13.45300575562632,52.51516882004301],[13.452632521926615,52.5154922075593],[13.452574331791324,52.51588611818049],[13.45284678502781,52.516245004364656],[13.45337688323246,52.51647270105116],[13.453586997056734,52.516484251258206],[13.453752886315634,52.516557104078956],[13.454397943760586,52.51659672323976],[13.454492545344298,52.51658732309209],[13.454579667691489,52.516578621249444],[13.454591729727314,52.516577379514914],[13.454653301157256,52.516570852170176],[13.45515074876925,52.516518940605714],[13.455287320971655,52.51650867758911],[13.455374108734809,52.51650541175424],[13.455476235130176,52.516498996731514],[13.455607737349325,52.516487396550765],[13.455635132579825,52.51648479075193],[13.457113445859399,52.51633392222261],[13.457997455022523,52.51624487248506],[13.460174297686061,52.51602598852247],[13.460194595010474,52.516020381873965],[13.46021683054708,52.5160212499477],[13.460436734156408,52.51599434952092],[13.460440133605463,52.515993322814445],[13.460443920449878,52.51599345706719],[13.460598506676439,52.51597397142618],[13.460640940597997,52.51596914939301],[13.46069309001215,52.51596383636739],[13.461106596449211,52.51592175302569],[13.461423906464681,52.515890742986095],[13.461428531670066,52.51588948072628],[13.461433575672359,52.515889774338284],[13.462537494105074,52.51577647255428],[13.462539700832055,52.515776244816614],[13.462623441797275,52.5157675556268],[13.463046584205635,52.51572535040205],[13.463046792984525,52.51572529293161],[13.463047020902476,52.51572530679572],[13.46368223153093,52.515661805797315],[13.46368375708753,52.51566165269557],[13.464003706321549,52.51562941903843],[13.4644427683682,52.51558592098177],[13.464584222726776,52.51557196233232],[13.464690863882785,52.515561661218875],[13.46471328222023,52.51555936826985],[13.464750393429773,52.51555536096041],[13.464801142227127,52.51555016484207],[13.464865787613633,52.51554370030924],[13.46486645542698,52.515543516279855],[13.464867184679656,52.515543560107616],[13.465499695256739,52.51547985910554],[13.465513127222247,52.51547846048168],[13.46567890870267,52.51546063135544],[13.465872181852237,52.515440341983435],[13.466012363591513,52.51542663787231],[13.466015894650026,52.51542628951928],[13.466259998735659,52.51540198913726],[13.466262735935873,52.51540123628881],[13.466265724799637,52.515401410792414],[13.466695117153227,52.51535741653584],[13.466910204834535,52.51533581862152],[13.46748083365906,52.515278425864295],[13.467514146679838,52.51527508860941],[13.467657641616357,52.515263924049016],[13.467658366140233,52.51526374305615],[13.467659142061015,52.51526380674479],[13.467810409094653,52.515251923989595],[13.467848379327535,52.515249814533426],[13.46793542180539,52.51524309622516],[13.468530331766537,52.51518419529938],[13.468532480892668,52.515183605553815],[13.468534826280825,52.5151837451752],[13.46979354731956,52.51505624316843],[13.46979624473572,52.51505596807214],[13.47083698281706,52.51494911069345],[13.470872502595652,52.51494554934679],[13.470874165999751,52.514945381865815],[13.471099669769407,52.51492258150697],[13.471256317681682,52.51490669702951],[13.472201302822501,52.51481156908246],[13.472457322504813,52.51478574698629],[13.47336278137261,52.514694561288444],[13.473370430379305,52.514692447053235],[13.473378797353279,52.51469288311741],[13.473418298009449,52.51468858304946],[13.473488337224406,52.51467969229068],[13.473704540688246,52.5146482917907],[13.473705736867245,52.51464789736213],[13.473707096126773,52.5146479189182],[13.473877169815484,52.514622987668155],[13.473895993037104,52.51462034634838],[13.474760520228532,52.51453247536802],[13.474778862151451,52.51453052542012],[13.474860904334239,52.514521419551905],[13.47563073058845,52.51444371621286],[13.47576660855978,52.514429967921984],[13.475766739532276,52.51442993164773],[13.47576688268993,52.514429940165826],[13.475812283448727,52.51442534009339],[13.476041887200205,52.51440193381104],[13.476833474242133,52.5143237413763],[13.47683690882086,52.51432279979363],[13.476840657088156,52.51432301875786],[13.476877757707687,52.514319218697985],[13.476880647780652,52.514318920557635],[13.477183643628969,52.51428744050503],[13.477263633891129,52.51427953663315],[13.477293003440836,52.514277353023985],[13.47740135095477,52.51426926885785],[13.477553437524698,52.51425924949516],[13.477644519901196,52.51425325066745],[13.477664776769322,52.51425181462529],[13.477734577956127,52.514246514543665],[13.477785160619764,52.51424203247203],[13.478400770908156,52.514179631489455],[13.478417024392396,52.51417791674118],[13.478824136656653,52.51413327900519],[13.479733531176084,52.514042547387],[13.479736175610428,52.51404181934221],[13.479739063695739,52.514041987614696],[13.479997702667747,52.514015455451194],[13.480358130810574,52.51397872395464],[13.481161832321511,52.51389682387862],[13.481879705779962,52.51382360626382],[13.481881261649026,52.513823173859635],[13.48188296387619,52.51382327125642],[13.481963981031182,52.51381487372766],[13.482028293836937,52.51380846131242],[13.48203906493333,52.51380735791826],[13.482096423214013,52.513801325095834],[13.482484381624747,52.5137622722282],[13.482555812183062,52.51375507922922],[13.483161283432917,52.51369419223578],[13.483233050517297,52.51368696536566],[13.48324041223342,52.51368621028698],[13.484394036411022,52.51356572102902],[13.484543918998924,52.51355154041752],[13.484558913606842,52.51354750273977],[13.484575247933233,52.51354832755391],[13.484832131633684,52.513519934671756],[13.485014321567144,52.51350165887235],[13.485615813364047,52.5134414202976],[13.486919249933463,52.513315432512165],[13.487136525111865,52.51329461157456],[13.48713899646471,52.513294373205035],[13.48769730582548,52.513240172353356],[13.48771421846504,52.51323845792912],[13.487779058291236,52.51323160655999],[13.48844183914277,52.51316188227465],[13.488853277072087,52.51311870981144],[13.48887386153691,52.51311644168901],[13.48968574169022,52.513022702590526],[13.489775187110318,52.51301337611087],[13.48988550113367,52.51300190585639],[13.489887504299018,52.51300134446383],[13.489889699856842,52.513001464793334],[13.490207909903733,52.51296769721737],[13.49070036770899,52.5129165379663],[13.49165702872541,52.51281914562735],[13.491657103863028,52.512819124761464],[13.491657186035427,52.51281912960554],[13.49179366175759,52.51280522420474],[13.491833000797577,52.51280168292356],[13.491883220291971,52.51279715414251],[13.491900303697681,52.512792642108735],[13.491918850030284,52.51279362018666],[13.492059514432334,52.51277839557213],[13.492171851253767,52.51276737315934],[13.492178625036734,52.51276669689345],[13.492789135237418,52.5127046959164],[13.492804443560356,52.51270044924705],[13.492821217889269,52.51270117524605],[13.492966688801424,52.51268401617595],[13.49305451410182,52.51267429999297],[13.493093970912515,52.512670766547934],[13.49312413261158,52.51266783584138],[13.493602197068261,52.51261772877231],[13.493837825054676,52.51269271731878],[13.49428838193094,52.51268094459317],[13.49431545882925,52.51268434405002],[13.49433422099923,52.51268366960614],[13.494477581295232,52.512704286411356],[13.494584586825265,52.51271115154568],[13.49501384105052,52.51297371352039],[13.495639808013793,52.513076566320464],[13.496266201666359,52.51297468486446],[13.496725173389118,52.512695369353445],[13.496739336281518,52.51266328252574],[13.496865911266639,52.51266972343865],[13.4968881633874,52.51266727280252],[13.496909697517742,52.51267148086364],[13.496950498222247,52.51267268088956],[13.497019234585908,52.51267354983733],[13.497048508345932,52.51267342954345],[13.497344872647501,52.51268484826853],[13.497345652881343,52.512684752401235],[13.497346407461272,52.51268490682477],[13.497441709102564,52.512688506898954],[13.497458440515622,52.512689070402196],[13.497604192239827,52.512693382605896],[13.497726347005903,52.51269775547364],[13.49772692539384,52.51269768276822],[13.497727486046088,52.51269779593049],[13.497855188247255,52.512702296024365],[13.497958753303637,52.512703327792586],[13.498135456368063,52.512700627769],[13.498146429989928,52.51269865289427],[13.498157597626912,52.51270016984409],[13.498249599220243,52.51269776981471],[13.498270242374058,52.51269712712465],[13.498361443950179,52.512693827079694],[13.49841587557902,52.51269112976127],[13.49854426209547,52.51268304500119],[13.499143096789957,52.5128019055288],[13.499777247018935,52.51271981524844],[13.500259156340162,52.51245527191777],[13.50045969660651,52.512079162097315],[13.50043196012385,52.51199941096794],[13.500740740086172,52.51196510797602],[13.500757772045809,52.511960191584414],[13.500776588083374,52.51196079493926],[13.501157794293812,52.51191139415319],[13.501165147132683,52.51190910919151],[13.501173392293593,52.511909309273236],[13.501662700197107,52.511841908199614],[13.501663308252008,52.51184171324068],[13.501663994643378,52.511841729449685],[13.502010658596122,52.5117937402739],[13.502798054146472,52.511694325606676],[13.50325638228509,52.51164399120877],[13.503589325611346,52.51161023394445],[13.503852350145158,52.51158462418767],[13.50393113973054,52.51157866597223],[13.503932511363178,52.51157856177736],[13.504144771013921,52.511562364881655],[13.504754437733514,52.511515867492406],[13.504754571649496,52.51151583427321],[13.50475471485199,52.51151584633755],[13.504940842500677,52.511501624590764],[13.505163277975752,52.51148976981802],[13.505168994357856,52.51148850093278],[13.505174994419937,52.51148911152274],[13.505244395609841,52.511485011461325],[13.505254763664654,52.511484372360336],[13.505401166168882,52.51147497221791],[13.505402894678646,52.51147486049345],[13.505495564715119,52.51146883092601],[13.506028833847035,52.5114379497124],[13.506031383179213,52.51143737057804],[13.506034067447612,52.51143763986105],[13.50640111653734,52.51141543373893],[13.506611448793826,52.51140303209837],[13.507714053966957,52.51133813781951],[13.507719038761085,52.51133783827356],[13.509678872328767,52.51121763646263],[13.509686803501154,52.51121713438907],[13.510094637390932,52.51119051523715],[13.510954122631706,52.51114068578365],[13.511463483703253,52.511111528146024],[13.511479184160482,52.51111056844297],[13.512934209038427,52.51101596700687],[13.512973206505396,52.51101305309915],[13.513038543420096,52.51100753506086],[13.51323502852676,52.51099415304176],[13.51388523277992,52.5109498211213],[13.51465972153661,52.510924800627244],[13.514705676450738,52.51092279805481],[13.514942580519543,52.51090979786187],[13.515013874738212,52.51090462469313],[13.516000005024514,52.510815507382596],[13.516,52.51200000000001],[13.52533651315283,52.512000657434704],[13.525396378613982,52.512040171634894],[13.525425778671492,52.51205647184314],[13.525843259593117,52.512209783899344],[13.52589736035359,52.51222168409778],[13.526227251256941,52.51226477641551],[13.52626825196077,52.51226667645331],[13.526729660329089,52.51223540775641],[13.526771960970182,52.51222750763098],[13.527281272536706,52.512043010744435],[13.527314772564127,52.512023010498375],[13.527331765752974,52.51200070238852],[13.52819756240166,52.51200071142773],[13.528243748879781,52.512081731609335],[13.528734317697745,52.51234028245037],[13.529371054353101,52.51241454019614],[13.529983338416876,52.51228460660122],[13.530385288872363,52.512000706039345],[13.542000000000002,52.512],[13.54200000546583,52.51067890832421],[13.54225111202579,52.51066837303792],[13.542257380145399,52.51066706113502],[13.542263896271278,52.51066779652898],[13.543335614722992,52.51061609577512],[13.543884832207636,52.510589595001285],[13.544495805432739,52.510457425212465],[13.544519709596642,52.51044033503622],[13.544848704860641,52.51037387004132],[13.545279755724984,52.51007846954692],[13.545410976870237,52.50969114434108],[13.54520721495848,52.50931567890758],[13.544723074265354,52.50905267751524],[13.544088279072884,52.50897260877627],[13.54353448864389,52.508992208508666],[13.543527289272012,52.50899366292682],[13.543519845112309,52.50899277927863],[13.542071558516467,52.50905442143696],[13.542000011118047,52.50905720724786],[13.542,52.492],[13.52852430102843,52.49200071332769],[13.528578823110779,52.4918923398358],[13.528650828441645,52.49177592484298],[13.52897297967768,52.491274042185374],[13.528987628551418,52.49125004373477],[13.529084724663475,52.49108244274435],[13.52911319379764,52.49102658375598],[13.529185489664414,52.49086288299217],[13.529199325287912,52.490828382827004],[13.529219823797472,52.490771582605696],[13.52923229006259,52.49073212800081],[13.529252788013933,52.49065662777328],[13.529260892405713,52.490621833044116],[13.529281889414632,52.49051393280307],[13.52928669042094,52.49048436248711],[13.529304286628012,52.49034926227493],[13.529294264617022,52.49031610716187],[13.52930819469347,52.49028348228012],[13.529308053985265,52.49027092082389],[13.529318196289873,52.49015632591684],[13.52931997196259,52.49012173238662],[13.52932156877181,52.49000933234639],[13.529321498133411,52.48999222862583],[13.529319195222614,52.48988972862864],[13.529292828714098,52.48983279693798],[13.529302093491678,52.48977390488605],[13.529272001513224,52.489664308925384],[13.529262979680002,52.48962822564665],[13.52925211313704,52.489590973878556],[13.529223610847799,52.48950557415518],[13.529216005951497,52.48948433706372],[13.529176932671806,52.48938220875273],[13.528893816876268,52.48853755021328],[13.52869165499512,52.487894184485036],[13.528573949910967,52.48751950163158],[13.52857329955893,52.487517446612124],[13.528459530918667,52.48716057625945],[13.528442070343017,52.48710570498118],[13.528351086175634,52.48682026571389],[13.52827332978305,52.486576431858374],[13.528243898852821,52.48645608633044],[13.52824265505937,52.486454339319884],[13.528242993829048,52.486452445695896],[13.528208990128089,52.48631784602177],[13.528203660339551,52.48631045746866],[13.528204826755346,52.486302415691235],[13.528192425579277,52.486259215810925],[13.528184129670297,52.48623301617893],[13.528167424022666,52.4861847924415],[13.52811971563888,52.486046569049655],[13.528105911980795,52.48600677153406],[13.528082965268379,52.485940221508685],[13.528082156534081,52.48593789399963],[13.528032052722269,52.485794794486395],[13.52801520614717,52.48574675050532],[13.527992450083048,52.48568152780726],[13.527899765249286,52.48539648060569],[13.527766261083661,52.48497262753416],[13.527686354658602,52.484718929637815],[13.527600587875918,52.48444672881027],[13.527589107485086,52.48440951658123],[13.527571393396247,52.484351901273335],[13.52754280645647,52.484258852256154],[13.527542414851517,52.48425758351647],[13.52752794023754,52.48421090469991],[13.527496346206963,52.48410592807958],[13.527496295402898,52.48410586279315],[13.527496304853049,52.48410579074435],[13.527447800490284,52.48394479121344],[13.527437252329271,52.48390983466357],[13.527383682008443,52.48373214960286],[13.527233385554625,52.483233207716175],[13.527233191452906,52.48323295838126],[13.52723322724148,52.483232683184475],[13.527220526103845,52.48319068330733],[13.52721127729698,52.48316015489646],[13.527148596911044,52.48295197155615],[13.527146779608609,52.48294606631418],[13.527040442562877,52.482607859356015],[13.526997268976233,52.4824641565715],[13.526994497863896,52.48246059258755],[13.526994952431362,52.48245665719998],[13.526949948609875,52.482314857636034],[13.526946908536512,52.48231104644744],[13.526947322609209,52.482306814878385],[13.52692618180512,52.48224383092308],[13.526879108930265,52.4820823864333],[13.5268681923245,52.48204477739276],[13.526862172811642,52.482036913810425],[13.526863087677777,52.48202825180386],[13.526827103466548,52.48191840935717],[13.5268108208547,52.481868666720935],[13.526733218557496,52.48163207463867],[13.526727328461897,52.481615118262745],[13.526672524509214,52.481465718795505],[13.526671174655256,52.48146414395422],[13.526671282277272,52.48146236771804],[13.526640680122522,52.481380668015596],[13.526629844582681,52.48135396189954],[13.526609554539498,52.48130755026456],[13.52659422186454,52.481269653622235],[13.526535409341122,52.48111837877647],[13.526488341712094,52.48098605971196],[13.526472855580474,52.4809126882251],[13.52646924304319,52.4808716326066],[13.526469203845263,52.48086906990714],[13.526481203200152,52.480806340089806],[13.52648601150983,52.48077594196809],[13.526499908392825,52.48066494179953],[13.526502823913805,52.480632703891516],[13.526506821884094,52.48056100383458],[13.526507360489624,52.48054817895023],[13.526508159687136,52.48051987893592],[13.526507776573894,52.480483666356065],[13.526505375195462,52.48043506637113],[13.526503696697628,52.48041233367863],[13.526498595230478,52.48036043372132],[13.526492041886838,52.48029451286325],[13.52648348493799,52.48027887448733],[13.526487767543294,52.480262595138655],[13.526469464502217,52.48015399530754],[13.5264622803657,52.48014249364358],[13.526464854137949,52.480130284679305],[13.526455352943712,52.48008718476943],[13.526453486524815,52.48007904925762],[13.526442005991392,52.480030892706466],[13.526432174167377,52.47998684056078],[13.526422004725566,52.47994856336644],[13.526344997979745,52.47969896411181],[13.526344325255272,52.47969680076188],[13.526264218358731,52.479441201537654],[13.526264155131603,52.47944112179745],[13.526264165642846,52.4794410334367],[13.526245464034956,52.47938143361782],[13.526243062785415,52.47937398170343],[13.526036830107559,52.478750340312786],[13.526001324156013,52.478642140893],[13.525924558787098,52.47840806640602],[13.52591079544036,52.47836605130442],[13.52589908426102,52.47832470280775],[13.525886994750138,52.47828223957781],[13.525883792944194,52.47827145312057],[13.525866891466212,52.478216753284144],[13.525856853342072,52.478187432960425],[13.525736944938142,52.477868534126266],[13.525720005132603,52.4778284854003],[13.525684003204029,52.477751985749606],[13.52567874720381,52.47774112145163],[13.52564646299946,52.47767616528221],[13.525632570361317,52.47764781065319],[13.525624788208413,52.47763251323445],[13.525587486482184,52.47756181359472],[13.525554348006395,52.47750642537092],[13.525507646467553,52.477436825813584],[13.525487368237716,52.47740827644392],[13.525410166110873,52.477305377165614],[13.525393469633617,52.47729305943793],[13.52538805125648,52.47727741605616],[13.525290249015475,52.47715991695561],[13.52525229660664,52.47713412702261],[13.52523567524462,52.4771009737213],[13.525117902365855,52.47698598169755],[13.525067326300318,52.476936290669954],[13.525049600076747,52.476919374598694],[13.524494192970547,52.476404379419456],[13.524422949626,52.47634479476125],[13.524415549580441,52.47633919482142],[13.524406420223693,52.47633236719399],[13.524032421518053,52.47605593030234],[13.52385949298826,52.47589759138823],[13.523432337822399,52.47549417616639],[13.522859543095691,52.4749531048667],[13.521862918868594,52.47400193064187],[13.521682532186782,52.47382974731366],[13.521680417296816,52.473828568410305],[13.521679538973487,52.47382690408088],[13.521641661102127,52.47379109846919],[13.520003206510442,52.472236970844264],[13.519965156263474,52.47219907173918],[13.519822899103835,52.47202195230742],[13.51963882514645,52.47179206686223],[13.519588020066848,52.47173491669946],[13.519493118524915,52.47163821754319],[13.519471454980337,52.471616942542234],[13.518715653277274,52.47090112419287],[13.518652577708234,52.4708388704541],[13.518637400947899,52.47082426358927],[13.51809973348733,52.47031950179834],[13.518030972198197,52.470252113668145],[13.518016419944242,52.47023818961059],[13.517973806730087,52.4701983715963],[13.517602923258469,52.46985161921843],[13.516923316878634,52.46920540021561],[13.516915593403859,52.469201109858275],[13.51691225701041,52.469195068021236],[13.51678915548004,52.46908206908649],[13.51675273541276,52.46905040657013],[13.516630434335582,52.46894960759438],[13.516598000724048,52.468924026645126],[13.516581547588887,52.468911602326415],[13.516774890595109,52.46883786063876],[13.516864872107474,52.46880357315574],[13.517592198808162,52.468536773757435],[13.517929707298476,52.468424743549164],[13.518305689517161,52.468310209476456],[13.518689900541405,52.4682222699701],[13.519987866537258,52.46797338867277],[13.520023433472126,52.46795958713064],[13.520065326771267,52.46795681189352],[13.520566233720462,52.467838210043006],[13.52067382483558,52.4678091102058],[13.520974228379972,52.46771730881999],[13.521082259031418,52.467680096494256],[13.521398161884745,52.46755829474395],[13.521420006125567,52.46754385486876],[13.521450229290549,52.467537088551076],[13.521830898988803,52.46737350050206],[13.522062667552909,52.467273913357666],[13.52207720976837,52.467263280530425],[13.522098220758151,52.46725805827136],[13.52237529031919,52.46712987257348],[13.522492856644726,52.467077278882996],[13.522519808604404,52.46706617757959],[13.522553107572104,52.46705197634517],[13.523870128366726,52.46647063428463],[13.524247435879834,52.46630559219417],[13.524253987506489,52.466302706766726],[13.52435108553507,52.46625965168419],[13.524633070580334,52.46613466661851],[13.525495890090104,52.465754629165616],[13.526172173294514,52.4654595434937],[13.526212533290714,52.46544198725509],[13.526365297049805,52.4653758651881],[13.526471753259246,52.46532981360142],[13.527272755632028,52.46498359672943],[13.527272846895974,52.46498352962044],[13.527272980859944,52.46498349935497],[13.528073728947792,52.46463721951152],[13.52877657634108,52.46433334024443],[13.528776656695477,52.464333281141236],[13.528776774659383,52.464333254481765],[13.528931675788035,52.46426625354976],[13.528950558197515,52.464257923832946],[13.529080159056452,52.46419962303197],[13.529080293876058,52.46419951998228],[13.529080494965946,52.46419947187031],[13.529564098165123,52.46398176888014],[13.52956444522907,52.46398150341446],[13.529564962936217,52.463981379233374],[13.529602617552003,52.46396439762317],[13.529621738083932,52.46395624406834],[13.530231071462062,52.46369702598774],[13.530876775120422,52.463422435298156],[13.531515171928987,52.463151404734255],[13.531517156601435,52.46315056039417],[13.532009188514289,52.46294080122435],[13.532739621809448,52.462630140249516],[13.532862743028899,52.462577718110204],[13.533014398423482,52.4625130516541],[13.533051663150967,52.46249719809925],[13.533107955757947,52.46247355505712],[13.533206499289987,52.462433124334765],[13.53345266862257,52.46233329918048],[13.533571520221493,52.46228610360113],[13.533582589274708,52.462278587121006],[13.533598191708416,52.46227521268167],[13.533692292439273,52.46223571212724],[13.53369232671006,52.46223568761949],[13.533692376449707,52.46223567685912],[13.534637259237416,52.46183896712254],[13.535762428997757,52.46137304326098],[13.535773938073476,52.46136821987273],[13.536755245533891,52.460952014048885],[13.536760960615863,52.46094957559558],[13.537091960337033,52.46080750712805],[13.537390712489819,52.46068239712765],[13.53739409669054,52.460680974904555],[13.53781954626158,52.46050154720121],[13.537993627902107,52.460430261677615],[13.538006202477977,52.46042504451222],[13.5381694037419,52.460356443549756],[13.538169659077225,52.46035626071625],[13.538170029782844,52.46035618022401],[13.53826008951788,52.46031827452498],[13.538388786176567,52.46026600761575],[13.538414901757987,52.4602558232089],[13.538414929009475,52.46025580500753],[13.538414967507956,52.460255797566326],[13.538965817388032,52.4600409482468],[13.539692475481305,52.45976790671245],[13.539695952169392,52.45976659554323],[13.540572323962591,52.45943487336032],[13.542198346432526,52.45884223578624],[13.54255112683305,52.45872656682568],[13.542657688453401,52.45869628482072],[13.542657834763158,52.45869620996449],[13.54265802273277,52.458696189790494],[13.542799937600076,52.458655830020774],[13.542911337536237,52.4586300835506],[13.543050735273914,52.458597896746845],[13.543517052342205,52.45851110775588],[13.543527219876156,52.45850918647825],[13.543650993237732,52.45848544501999],[13.543685264903063,52.45847890312976],[13.543688019265918,52.45847837523534],[13.543777393846337,52.458461176654545],[13.543813501157503,52.45846116809111],[13.543880602205954,52.458450167916105],[13.543913960152347,52.458444395475745],[13.54453076954812,52.4583319936923],[13.544538751401932,52.45833052141155],[13.54486605635477,52.45826942044298],[13.544940909409217,52.45825385028206],[13.545248561074537,52.45818315045852],[13.545667327696302,52.4581041264634],[13.545832437864563,52.458078838646465],[13.546007997964852,52.4580566842835],[13.546165019882183,52.458041617282795],[13.546323167666412,52.45803057849643],[13.54645554020665,52.45802479489488],[13.5466507485599,52.458020922418484],[13.5474138107655,52.458007461983804],[13.547461114866294,52.45800607948189],[13.547870121911561,52.457989379246605],[13.547947750372252,52.457984720381766],[13.548240255325236,52.4579615200222],[13.54830293509001,52.457955557538085],[13.548526238784543,52.4579307571454],[13.548599720671735,52.45792119510608],[13.54883192436585,52.457886494553414],[13.548900978198098,52.45787488550944],[13.549220083023677,52.45781518456306],[13.54931256984243,52.45779542950279],[13.549544673034786,52.457739528631876],[13.549609809228034,52.45772252374942],[13.549926013195941,52.45763342238718],[13.54998285157888,52.45761632669204],[13.55043125665062,52.45747272454223],[13.550459276130272,52.457463471465786],[13.550554177139007,52.45743117098801],[13.55055437149442,52.45743105583245],[13.55055463403804,52.45743101540121],[13.550582331646208,52.45742157895352],[13.550946892137302,52.45729950490023],[13.551017746268242,52.45727626165436],[13.551018220257728,52.4572759894066],[13.551018853427928,52.457275898019155],[13.551194721574536,52.45721806611944],[13.551326295482006,52.45717925816453],[13.551451622505487,52.45714330045591],[13.551452013032955,52.45714309915195],[13.55145251593404,52.45714304385775],[13.551480731333449,52.45713493190913],[13.551527634043959,52.45712216923138],[13.5515284392851,52.45712177075093],[13.55152946253615,52.45712167060869],[13.551579557436721,52.457107980521634],[13.5517395558372,52.45706738382991],[13.551979097204118,52.45701209218606],[13.552180781847264,52.45697253341236],[13.55249448246492,52.45691698037962],[13.5527158299556,52.45688284853873],[13.553952726517396,52.45671604506699],[13.554357389967132,52.4566637604272],[13.554712002427776,52.45661798887462],[13.554897204465274,52.45659840990079],[13.555013689605053,52.45658757407917],[13.555014070116965,52.45658747224259],[13.55501448303063,52.45658750011263],[13.555139210133735,52.456575847431026],[13.555445048131098,52.45655336188663],[13.555530752522019,52.456550130407265],[13.555530854145813,52.45655010959686],[13.555530959191044,52.456550122604256],[13.555583860102985,52.45654812257653],[13.55558405367372,52.45654808291545],[13.555584253785494,52.4565481076544],[13.555674727782607,52.45654466954663],[13.556316422435282,52.45655272074527],[13.556350564712568,52.45655286428203],[13.556495667224903,52.45655226428987],[13.556495893052547,52.45655222632204],[13.556496119722325,52.45655226236852],[13.556575143743684,52.45655191806681],[13.556775499972135,52.456562547405575],[13.557371325332468,52.45662629543865],[13.557737603280192,52.45667796534862],[13.557906627763652,52.456701840596516],[13.557912017856852,52.45670172673018],[13.557916799975441,52.45670325017561],[13.558004236648161,52.456715132412604],[13.558111818394561,52.456731944734386],[13.558123541346568,52.456733739912735],[13.558183542288711,52.4567427400698],[13.558193742222139,52.45674424237722],[13.559101256569674,52.45687544467565],[13.559727964643697,52.45696604599764],[13.559729524795694,52.45696601794439],[13.559730900669452,52.45696646815842],[13.560009127666248,52.457006256845524],[13.560480173639336,52.45707680531455],[13.560482662868283,52.45707717646961],[13.561798829179617,52.457272542122546],[13.561986877763559,52.45730050478561],[13.56198716854482,52.45730050069482],[13.561987423779748,52.457300585897904],[13.562146953191247,52.4573242611516],[13.562316310104984,52.457356969293954],[13.562321175724403,52.45735798827396],[13.562323853469888,52.457358426148026],[13.562330658044552,52.457359740318665],[13.562332135306024,52.457359780421655],[13.562487096730267,52.45738512011159],[13.562548297725776,52.457392420241945],[13.562600601452528,52.45739795796746],[13.562978707753146,52.457432958607704],[13.563153925252815,52.45744154632133],[13.563540831948906,52.457443846409014],[13.563653270067917,52.45744142342573],[13.563952475207797,52.45742672321074],[13.564112240692399,52.45741248723953],[13.564200042119568,52.45740108705807],[13.564217105733302,52.45739577598789],[13.564236251679455,52.45739604121323],[13.564473955463043,52.457360640649135],[13.56459889128964,52.457337758143176],[13.565046097708846,52.45724005660768],[13.565174937606452,52.457206836472636],[13.565570442352577,52.457088534680096],[13.565653914876616,52.45706112452629],[13.565792416259278,52.45701142379948],[13.56584476652042,52.45699156248205],[13.56605296828508,52.4569081612957],[13.566127296077186,52.45687596240365],[13.566330697285784,52.456780861113984],[13.566410158657316,52.45674041881384],[13.566612613019082,52.456628398262],[13.566676667021472,52.45659297863419],[13.566694301577161,52.45657629403801],[13.566722443118323,52.45656634989271],[13.567124643218001,52.45632024690418],[13.567128493904946,52.456317880367614],[13.567226993908267,52.456257079632366],[13.567237154158875,52.45624619905631],[13.567254520781727,52.45623953889158],[13.567356520620303,52.456172438105455],[13.567459430691162,52.45609520055346],[13.567734628080007,52.45585869817909],[13.567750585626065,52.45584465419782],[13.567813484927967,52.45578795364598],[13.567836529640463,52.455747355765816],[13.567891125616867,52.45571905957294],[13.567925953034363,52.4556883202964],[13.567933816807553,52.455681889521394],[13.567948896122454,52.45565881221867],[13.567979185636467,52.455642228232094],[13.568016424699689,52.45560747217635],[13.56819972631152,52.45544366327296],[13.568311509762234,52.455344616376195],[13.568314032057506,52.45534028541621],[13.56831970396412,52.45533726459774],[13.568379057052008,52.455283341378845],[13.568666416749306,52.45502522791337],[13.568813537350298,52.454893543789915],[13.568815158289647,52.45489071835396],[13.568818850226844,52.45488874943281],[13.569113093562391,52.45462104200775],[13.569514249370659,52.45425999426955],[13.569555644524382,52.45422298136856],[13.569897365122856,52.4539174824545],[13.570344068310934,52.453519694793975],[13.570368155500857,52.45349825028566],[13.570485235976946,52.45340791085158],[13.57049446783009,52.45339485944244],[13.570512630836856,52.45338597012089],[13.570619529937309,52.45329706920972],[13.570619597634645,52.45329696313929],[13.570619743038877,52.45329689193331],[13.570716242224963,52.45321659111059],[13.57072638891457,52.453208023976714],[13.570761288587061,52.45317812367596],[13.570775573823989,52.45316562280206],[13.570960615779695,52.45300020160658],[13.583,52.453],[13.583000011121213,52.443359881242365],[13.583031448501846,52.443348397944455],[13.583281841006993,52.443257939510474],[13.583309020273628,52.443247833161905],[13.583361820755773,52.44322763287112],[13.583384034190512,52.443218933815906],[13.583592135952403,52.44313553263006],[13.583678977830587,52.44309738620749],[13.584024793039838,52.44293132559924],[13.584118954227613,52.44288612536657],[13.584442197289391,52.44276304065412],[13.585253429726254,52.44245668210785],[13.585256677654485,52.442455451325856],[13.585724281963733,52.44227764876249],[13.585725613448615,52.44227714176361],[13.58617418062205,52.442106097329194],[13.586230633405386,52.44208484440691],[13.586230745998627,52.44208477155673],[13.586230903102116,52.44208474284458],[13.586497705595002,52.44198424139226],[13.586515913354349,52.4419772499563],[13.586705515025066,52.441903048894495],[13.586764668371085,52.441863411320575],[13.586843877156777,52.44184028368517],[13.587091278094972,52.44171098200341],[13.587155534832814,52.44167495325278],[13.587405863287614,52.44152443631392],[13.587448999142705,52.441498670306174],[13.587558611481981,52.441433221898166],[13.587559414314656,52.44143239444098],[13.587560784732,52.44143192110808],[13.587770282967568,52.441306220717884],[13.587791327237404,52.44129359401688],[13.588054309201544,52.44117467168525],[13.588309697620295,52.44107503719156],[13.588309831835485,52.44107494751248],[13.588310021425496,52.44107491082225],[13.58839122214383,52.441043210368306],[13.588423202629187,52.44103029925493],[13.588468210946159,52.44101151669505],[13.588679267080812,52.44093047284939],[13.589601913672709,52.44057966581228],[13.589603998104401,52.44057830508764],[13.589606912385486,52.44057775517031],[13.591768031986115,52.43974734323063],[13.591772260920898,52.439744556119706],[13.591778185674645,52.43974339971561],[13.592326690483931,52.4395280966372],[13.592344847099117,52.439520832800675],[13.59273992331517,52.43935976460939],[13.592783266317834,52.43934231593227],[13.59281002344706,52.439331558553434],[13.592856014692002,52.4393139967316],[13.592857650339607,52.43931337108364],[13.593064352222381,52.439234169944086],[13.593087330174798,52.43921906527728],[13.593119022889185,52.439211979395836],[13.593267669732219,52.43914814593658],[13.593319488949138,52.43912897272229],[13.593583203136099,52.439036169922375],[13.593911905038235,52.438921773614936],[13.59393015329152,52.43891075286069],[13.59395469501439,52.438906183552874],[13.597103639012053,52.437706223272095],[13.59718441031543,52.43767623561258],[13.597209424656667,52.43766670005238],[13.597466312298728,52.43756618252604],[13.59819427631079,52.43728703543436],[13.598194302900627,52.437287017942964],[13.598194340237534,52.43728701091885],[13.599033090055315,52.43696532846367],[13.600155487234058,52.436534947559586],[13.600729930875646,52.436316841082345],[13.60074025247601,52.43631287935346],[13.601092852210769,52.436176071114794],[13.603220594291864,52.43535841127484],[13.603325627769065,52.435318075010585],[13.603333161266745,52.43531515894076],[13.603637565359694,52.435196397559295],[13.60370845684027,52.435169428787454],[13.60401207578203,52.43505574394916],[13.604025265110948,52.43505073629087],[13.605711263706166,52.43440167985464],[13.608944258218134,52.43316173561583],[13.614737493641291,52.43094242524073],[13.61475476065675,52.43093568863952],[13.615368765932411,52.430691785163724],[13.615389015203625,52.430683569134324],[13.615692617619786,52.4305577673627],[13.615713386830818,52.43054897274561],[13.616045989249427,52.430405070745145],[13.616088337884118,52.43038591695238],[13.616488940186079,52.43019661439618],[13.61651803342652,52.43017326453972],[13.616560817227507,52.43015993988501],[13.61658309739838,52.43014767765493],[13.616909519887463,52.429972273015196],[13.616918948423267,52.429963625221546],[13.616933983516942,52.42995877367583],[13.617453384582818,52.42966446997644],[13.617487126449587,52.429644619746306],[13.619836727146744,52.428209502316754],[13.619930968974874,52.428151892758855],[13.619936911011376,52.42814823582346],[13.622236733426215,52.42672319565117],[13.622834869815161,52.42636691996856],[13.623137794642671,52.42620262302378],[13.623622878074627,52.42598167697162],[13.62367291100443,52.42595972255107],[13.62377087210072,52.425923084181484],[13.624074488399584,52.42581016480038],[13.624209193849723,52.425766428067334],[13.62440906257294,52.425703364796384],[13.625020953825778,52.42555113189041],[13.625715825585143,52.42541043017904],[13.629439980922538,52.42468120881444],[13.629559411819915,52.42465798349922],[13.629658928109068,52.42463928877085],[13.629675960397932,52.42463600755406],[13.63629315114959,52.42332915995976],[13.638651006680071,52.42287249778927],[13.640043457402353,52.422605088865076],[13.640523321598046,52.42345868539042],[13.640565714447554,52.42354259604941],[13.640910128698096,52.42387741890209],[13.64148224637773,52.42406210373844],[13.642128764627723,52.42404716239296],[13.642676441509922,52.42383659851454],[13.642978523939753,52.42348683466465],[13.642954073562947,52.42309159179712],[13.642905871213031,52.422996192264534],[13.642893671956076,52.42297333024765],[13.642432401005678,52.42215288735866],[13.643323329770142,52.421986417409244],[13.645481550963394,52.421606105026434],[13.645561907407663,52.42159012655002],[13.646628722600507,52.42135332283178],[13.646772753121983,52.421314926632725],[13.647314659358528,52.42114492407834],[13.647435163287195,52.421101757436894],[13.648152869225418,52.42081055331163],[13.648283802322888,52.42074946363542],[13.649265905609207,52.420225156877486],[13.649294876685056,52.4202091961713],[13.650234322296999,52.41967515630628],[13.651323153114939,52.419063605249285],[13.651326480198087,52.419061729720575],[13.652410655378356,52.41844832547914],[13.653530160244069,52.41782077203298],[13.654494560166578,52.41729079458651],[13.65484735859604,52.4169592698543],[13.654881786159208,52.41656430384703],[13.654588625871918,52.41621172769561],[13.654046434526185,52.415996011987524],[13.653400488731815,52.41597495535692],[13.652823861289637,52.41615419960267],[13.651854863932723,52.416686692822104],[13.65184569973425,52.416691779109705],[13.65071950231468,52.417323071139194],[13.650715239060428,52.41732547200814],[13.649630602082885,52.41793912469709],[13.648540670847181,52.41855128106381],[13.648535142984466,52.41855440451919],[13.64760722664835,52.41908187945159],[13.646701985850253,52.4195651435553],[13.646111331808681,52.41980479439531],[13.645701700001702,52.419933299974836],[13.644748641330324,52.42014485207169],[13.642621493589878,52.42051968787376],[13.642602315624215,52.42052316899653],[13.640732343868386,52.420872563452306],[13.640726290719677,52.42087370465677],[13.640458905892544,52.420924568570044],[13.640047323497978,52.42100253257266],[13.640042640438615,52.4210034258138],[13.63790047253773,52.42141481929437],[13.637897539643587,52.421415384935955],[13.635534874957298,52.42187297768775],[13.635528053689224,52.42187431188477],[13.628916148766608,52.423180113447785],[13.628819285416295,52.42319830977042],[13.628807533270141,52.42320055626249],[13.628681035158674,52.42322515587297],[13.628678628424685,52.42322562553792],[13.624947484010937,52.423956213973916],[13.624935708888591,52.42395855879718],[13.624195419798736,52.4241084564291],[13.624117260871246,52.42412606977494],[13.623414670364523,52.4243008670604],[13.62331255358063,52.4243296091416],[13.62305615651707,52.42441050792746],[13.623043131148293,52.424414677180955],[13.622869733081323,52.424470976340515],[13.622806378872214,52.42449301758772],[13.622470282068194,52.42461801577611],[13.62246916500983,52.4246187307476],[13.622467613985346,52.424619010855665],[13.622329115291961,52.42467081010596],[13.62225256992998,52.424701857598066],[13.62215617060852,52.42474415701266],[13.622138230944005,52.424752177502874],[13.62160143438112,52.42499667415995],[13.6215186939097,52.42503782974517],[13.621153995008736,52.425235627212054],[13.621111237261879,52.42525993144409],[13.620483337827316,52.42563392684818],[13.62046581073201,52.4256445748341],[13.618160271537738,52.42707312303278],[13.618069523536196,52.42712859559074],[13.615736661879332,52.42855345567333],[13.615246524203032,52.42883117224248],[13.61492690258906,52.42900291902457],[13.614923462035087,52.429004790043386],[13.614580126823398,52.429167028763814],[13.614279345224741,52.42929716158269],[13.613996263924346,52.429414458714525],[13.613401047207741,52.429650896061766],[13.607616278482771,52.43186693916583],[13.604381473312325,52.433107564555065],[13.60437963903452,52.43310826935426],[13.602699323390874,52.43375513123522],[13.602398546268597,52.433867750842964],[13.602390995053824,52.43387060079727],[13.602310295796778,52.43390130035478],[13.602298255497608,52.43390593903569],[13.601991616418525,52.43402557109834],[13.60189019256314,52.43406452073446],[13.599759676969615,52.434883237624724],[13.599755063820766,52.434885018892935],[13.599405311899256,52.43502072073575],[13.598833693729585,52.43523775214506],[13.598828976996806,52.43523955186613],[13.597704187229784,52.435670845661946],[13.597704139091954,52.43567087732577],[13.597704071501726,52.435670890041564],[13.596865310952122,52.43599257321009],[13.596132549722645,52.436273556857216],[13.596128526186146,52.436276203542796],[13.596122892577048,52.436277297639485],[13.595873609845246,52.43637483840257],[13.595799209595048,52.43640246042035],[13.5957867953215,52.43640713013685],[13.592652864726361,52.4376013574687],[13.59234321686928,52.4377091215091],[13.592338021045558,52.43771093983767],[13.592059823889162,52.43780883840018],[13.592036189070441,52.437817368007316],[13.591936190028676,52.437854367470315],[13.591905937482334,52.43787364151943],[13.591864896020477,52.43788281741157],[13.591708255621473,52.437950082748195],[13.591530186437586,52.43801831205324],[13.591472605175197,52.43804029930318],[13.591447971892414,52.43804995221223],[13.591408672223269,52.438065751987786],[13.591408409667991,52.43806593232626],[13.591408034822999,52.43806600841407],[13.591361335215234,52.438084808147124],[13.591355269509737,52.43808726549879],[13.590966199357668,52.438245883237656],[13.590431895126319,52.43845560986601],[13.588446965166549,52.43921831521024],[13.588419995585914,52.4392223630386],[13.588053989505562,52.43931704888121],[13.587367801358798,52.43957999093263],[13.58703954490381,52.439616093184036],[13.586994750796368,52.43962897590774],[13.58694524532365,52.43962877938975],[13.586856846711742,52.43964287916517],[13.58642022156756,52.43977193653846],[13.586134623342858,52.43990343474655],[13.585929595271594,52.44002226723274],[13.58589131326617,52.440050119980974],[13.58575969274594,52.440114055576814],[13.585755539337272,52.440117483280886],[13.58574916832354,52.44011922479686],[13.585571896609393,52.440207261019495],[13.585523024446752,52.440231498228975],[13.585485235561247,52.440263353481114],[13.585429383875756,52.440282925942796],[13.585384283894967,52.44031032560906],[13.58535988672278,52.4403255671048],[13.584939448495337,52.440595660173976],[13.58481633387247,52.44066345703154],[13.584779008499673,52.440681442686696],[13.5847419061814,52.4406973886853],[13.58442779635563,52.44081678806678],[13.584426082628184,52.44081744065792],[13.583693616933756,52.44109686315168],[13.583000008416294,52.44135920816663],[13.583,52.437999999999995],[13.567,52.438],[13.567000011865304,52.4441812948292],[13.565860533378759,52.44441309034546],[13.565762425074919,52.44443296968452],[13.565706258904019,52.44444385186848],[13.565656833277707,52.44445412669817],[13.565639004706789,52.444458088598424],[13.565083595989345,52.444572643918455],[13.565081713311145,52.444573409739185],[13.565079456742977,52.44457350257043],[13.564646163069021,52.44466390114574],[13.564552688048986,52.444683408089965],[13.564463113772147,52.444701995225124],[13.563834379997168,52.44483248133189],[13.563370030516118,52.44492878452363],[13.563284514418772,52.44494382276797],[13.563189913311136,52.44496040165808],[13.563151192023946,52.44496532229054],[13.563041739788599,52.44498241619271],[13.562964840952981,52.44499671596599],[13.562912859196524,52.44500714676038],[13.562576564047387,52.445079645620375],[13.562524348709776,52.44509170953744],[13.562331163026895,52.44513938123464],[13.562236107483805,52.44516282456436],[13.562172790786843,52.44517777431119],[13.56215293864186,52.44518258104472],[13.561974041064573,52.44522698035523],[13.561970226141549,52.44522793162689],[13.561934969801198,52.44523676440991],[13.561924168511823,52.44523877820522],[13.561888014887458,52.44524588715797],[13.561320277493156,52.4453633636949],[13.560635443221145,52.445503842361475],[13.560625865216883,52.445505833423255],[13.560486767240802,52.44553513296182],[13.560485293529887,52.44553544401082],[13.560411431835115,52.44555106511126],[13.560363286855857,52.44556080680998],[13.559906817843002,52.44565125247774],[13.559360491260001,52.44571914379572],[13.55931929152801,52.44572470740344],[13.559215793180742,52.445739807162965],[13.559146422180628,52.44576275386242],[13.559067904171869,52.44576738872233],[13.558961124993148,52.445791806429234],[13.558916478688964,52.44580183466439],[13.558518083265325,52.44588343129298],[13.558517567323978,52.445883640199376],[13.55851694959812,52.4458836638491],[13.558390797009533,52.445909583239676],[13.558345566069677,52.44591783203334],[13.558309912370515,52.445924690444635],[13.5579256180403,52.44600248921638],[13.557869226117743,52.44601482884726],[13.557676428797201,52.44606022813859],[13.557583179066242,52.44610174006192],[13.557472561714706,52.446121772217786],[13.557185953027842,52.44622912510493],[13.557162542034714,52.446237879591884],[13.557084237542925,52.44627897199711],[13.557032566020133,52.44628943988821],[13.557006508660434,52.44629491414402],[13.556814911414165,52.44633661348882],[13.55680616394048,52.44633853970776],[13.556618312292171,52.44638038780103],[13.556232083708055,52.446460044315806],[13.556225773301664,52.44646261108166],[13.556218214146567,52.44646296024662],[13.55577630182133,52.4465576413419],[13.555183277894312,52.44668463922919],[13.555051830361265,52.446712729621176],[13.554690040985239,52.44678900877431],[13.554193783085596,52.446880469805734],[13.554050668982955,52.44691278583686],[13.553861595216542,52.44696369023779],[13.553587783480596,52.44702222386274],[13.553356034142396,52.44707156398222],[13.55335571885835,52.44707169495369],[13.553355338656448,52.44707171219274],[13.553260640028084,52.44709191187491],[13.55324962737558,52.44709429624507],[13.553019916225297,52.44714477039457],[13.552819345660922,52.44718732146811],[13.550315097725823,52.44771764626092],[13.549406078444983,52.4479101501095],[13.549401365813477,52.447912100786986],[13.549395692093732,52.447912380925146],[13.548904899146223,52.44801927924576],[13.548730898276922,52.44805722293928],[13.548621946862248,52.44808095010625],[13.548337343941718,52.448141833324364],[13.54755487776095,52.44830198875288],[13.547548424457561,52.44830460054144],[13.547540704681987,52.44830494743916],[13.546668717323206,52.448490544518705],[13.54662701147715,52.448499430935506],[13.544854237979054,52.448877739366125],[13.544402164858406,52.44897369393479],[13.542630234477498,52.449348451852885],[13.542630217236638,52.449348458982975],[13.542630196470776,52.449348459891254],[13.542374542798951,52.449402532766285],[13.542304087832457,52.44941730872053],[13.542289544928042,52.44942042000178],[13.541690721672838,52.44955106504941],[13.541090556270474,52.449675111523966],[13.541077084791773,52.449677948221364],[13.540769124406449,52.449743996747486],[13.54045739035297,52.44981076834437],[13.539947202341232,52.44991955549815],[13.53987483721861,52.449933606171456],[13.539827006884723,52.449943547294865],[13.539624953490357,52.44998834410438],[13.539680674964709,52.44960341670178],[13.53969571970605,52.44952328476595],[13.539600527950764,52.44913206725778],[13.539197943113738,52.44882234266363],[13.53859583936334,52.4486770991112],[13.538180871030233,52.448714788303825],[13.537898283041098,52.44864075061147],[13.537255493126247,52.4486875111156],[13.536737081675666,52.4489243759204],[13.536481954288055,52.44928787958103],[13.536464052214344,52.44936367937978],[13.536465425815829,52.449370729241146],[13.536461039044017,52.44937730351485],[13.53635732517315,52.4498803023327],[13.53634123719221,52.449958870286046],[13.535953378446708,52.45025262309018],[13.535853296874842,52.45064338468687],[13.535934744908454,52.45077230396928],[13.535143544646306,52.45093911551448],[13.534715057357271,52.45102973585339],[13.53447926336754,52.45107700989576],[13.53447353006805,52.451078168725985],[13.534207952468885,52.451132282601584],[13.534117496947731,52.45115067026226],[13.533578701654823,52.45125980928012],[13.533538853714864,52.45126720474365],[13.53346975794858,52.45127797774022],[13.533282492020279,52.4513004665435],[13.532701235774114,52.45147459349081],[13.532340350314666,52.45180295246287],[13.532296537520091,52.45219756218452],[13.532581544831883,52.452552687681695],[13.533119009698916,52.452773171500056],[13.533764915933068,52.45279993293215],[13.533986419567778,52.45277333251014],[13.534054454335344,52.45276395122744],[13.53418465639035,52.45274365090441],[13.53420993778904,52.452734977462185],[13.534238916708512,52.45273439084517],[13.534320817949757,52.452719190604284],[13.534350882865894,52.452713356756476],[13.534905291046387,52.452601054984164],[13.534905860220736,52.45260082618838],[13.534906540346014,52.45260080147458],[13.53499804169454,52.45258220118107],[13.535262018274514,52.452528413620946],[13.535504552883397,52.452479788048834],[13.535513292928062,52.45247629811382],[13.535523707520039,52.45247584268696],[13.535960041273029,52.45238356233255],[13.536795690612028,52.45220737881079],[13.53692320034037,52.45218077319421],[13.536924659092772,52.452180468202826],[13.537232063575756,52.45211606718853],[13.537238632040808,52.452114678614564],[13.53760954873634,52.45203556027751],[13.537773938132569,52.45200056891929],[13.53823773919203,52.45190191111534],[13.53880156578288,52.45178202657629],[13.539069813958942,52.45172488856244],[13.539072595142335,52.4517237328988],[13.539075948169753,52.45172357100083],[13.539390852705402,52.45165536992906],[13.53939533241045,52.45165439385843],[13.539587894361048,52.45161218453593],[13.539743443185804,52.45157981702128],[13.54000728331036,52.451525842921185],[13.540011302638671,52.45152501604343],[13.540223505747047,52.45148111535141],[13.540235106920612,52.45147638709437],[13.540249000645932,52.45147565268247],[13.540656455309865,52.45138531711035],[13.54072147639921,52.45137269234572],[13.540754788582879,52.451365908278454],[13.541282396227114,52.451253406508556],[13.541284049237596,52.45125305323912],[13.541596853761956,52.45118605218536],[13.541597066834145,52.451185963316334],[13.541597324080955,52.45118595138046],[13.541898805826719,52.45112129218062],[13.54227700150661,52.45104312423231],[13.542465593780205,52.45138356308075],[13.542475678336249,52.451401064451304],[13.543159960753139,52.45254407807132],[13.543287659188774,52.452798838539906],[13.543294024439666,52.45279764765706],[13.54343920067656,52.453073668376135],[13.543918901745704,52.453339273777495],[13.544551715011892,52.453422758893616],[13.545168071491918,52.45330175291083],[13.545602812468507,52.45300868063755],[13.545739450131661,52.45262207294991],[13.545732647743293,52.45253757300384],[13.54567932890167,52.45235134927101],[13.545541822113208,52.452077050602334],[13.545520534949901,52.452038317104716],[13.544829924494557,52.45088483694896],[13.54463925567415,52.45054068289868],[13.545221004461016,52.45041764084215],[13.545221588527992,52.45041739928387],[13.54522229197269,52.4504173680446],[13.545675998557074,52.45032106652899],[13.545676884198341,52.45032069937947],[13.545677951518512,52.4503206508924],[13.547450889516675,52.44994230633344],[13.547491699135993,52.44993361081048],[13.54835643631889,52.44974955646118],[13.549139846693317,52.449589207368646],[13.54914713577852,52.44958625726899],[13.549155854462946,52.44958585705586],[13.54945175874449,52.44952255606011],[13.549458367779595,52.449521129502806],[13.549570869396293,52.44949662911788],[13.549744938941407,52.449458670359284],[13.5502303361101,52.4493529470084],[13.551134131423076,52.449161548953306],[13.553638751842126,52.44863114398259],[13.55363903820636,52.44863102544323],[13.553639383196385,52.4486310101565],[13.553846786206543,52.448587009463914],[13.553859782828608,52.448584203070084],[13.554090488841666,52.44853351019531],[13.554179326892916,52.4485145605532],[13.554411482476683,52.448465133818694],[13.554412976775028,52.44846481502743],[13.554733881419235,52.44839621394816],[13.554775438102936,52.448378903753785],[13.554825143791101,52.44837421301704],[13.554989204119535,52.44833004288806],[13.555435836559584,52.44824772757068],[13.555457355926706,52.44823957980675],[13.555482609219208,52.448238490608155],[13.555870114856003,52.448156789321565],[13.555872353407626,52.448155865426166],[13.555875047278226,52.44815574231838],[13.556009349222093,52.44812704186683],[13.556603630088413,52.44799977465601],[13.557038878167814,52.447906521183306],[13.55743243507612,52.447825353037516],[13.5574453690166,52.44782009211732],[13.557460846917154,52.44781925946224],[13.557658481792256,52.44777523183202],[13.557832725124348,52.44773730931032],[13.558005249442338,52.44770235821523],[13.55800649793782,52.447702104840346],[13.558121599633623,52.447678704470995],[13.558130736606456,52.44767502275416],[13.558141649680488,52.44767451262574],[13.558276151623183,52.447645612171186],[13.558277358059536,52.44764535251946],[13.558389086590783,52.44762126675353],[13.559106512132754,52.44747514169821],[13.559209795731222,52.44745919295934],[13.559219641389994,52.4474558331623],[13.559230918427906,52.44745581109659],[13.55964522488266,52.447387110003675],[13.559660335667667,52.447381739802196],[13.5596778085388,52.44738141610502],[13.55973930947317,52.44737011592578],[13.559764633728902,52.44736528326962],[13.5598271356045,52.44735290980803],[13.559896611430206,52.44734225732544],[13.560657052783954,52.447208003465164],[13.560878062336513,52.44717070020871],[13.560980607446359,52.44715044821381],[13.561296011901785,52.44707884709244],[13.561357031356506,52.447063867669684],[13.56154588914579,52.44701394267629],[13.561892725150035,52.446933923640096],[13.562266031933818,52.4468575074173],[13.562273218045679,52.446856021570646],[13.562483741355287,52.44681205685471],[13.562651826052397,52.44678425991316],[13.562702554886874,52.4467792864931],[13.562854147051892,52.44676778469496],[13.562927483773596,52.446762919176386],[13.563030099405138,52.44675608491281],[13.563251765427566,52.44672875404526],[13.563438468270812,52.44669475350574],[13.563475919059124,52.446687540194866],[13.56353201988574,52.446676140014915],[13.563556658339452,52.44667095844114],[13.563913063463266,52.44659345722322],[13.563940032971237,52.44658737829032],[13.564306338082355,52.446501876954464],[13.564400710579172,52.446477089004944],[13.564518991520801,52.446442437811335],[13.564655942930674,52.4464142764415],[13.564660870454938,52.44641325621149],[13.565338445494543,52.44627200294609],[13.565433311959431,52.44625225154568],[13.565436636315255,52.446251556219266],[13.56552459119325,52.446233075030634],[13.56652055436669,52.44602718190673],[13.566525775468872,52.446026094685664],[13.566615247835465,52.44600732859577],[13.566703050294313,52.44599003415096],[13.567000012203636,52.44593142294072],[13.567,52.452999999999996],[13.567672792993468,52.45300004359958],[13.567272600932307,52.453357151431675],[13.567268792858687,52.45336056929862],[13.567143291459685,52.45347386819704],[13.566667750488625,52.45390347684812],[13.56666357510375,52.453907273326486],[13.566562223978199,52.45400002531827],[13.565801462863524,52.454676011667715],[13.565801368079713,52.454676175093894],[13.565801152319855,52.45467628773052],[13.565757751858174,52.454714887351514],[13.565744581456249,52.45472684082462],[13.565667180524036,52.454798540139336],[13.56564877023258,52.454832340969965],[13.565593692829403,52.45486111482746],[13.565545200701777,52.45490427603102],[13.565421998810667,52.4549934662303],[13.565309974541062,52.45506792883859],[13.5651528798373,52.45515420127163],[13.564919308160908,52.455266554151585],[13.564656359455697,52.45536820201842],[13.564545563453633,52.455405388898335],[13.564477310601882,52.45542828421894],[13.564179382139143,52.45551721784129],[13.563993391727683,52.45556215325767],[13.563883682765344,52.4555823936549],[13.563725281796145,52.45560685081203],[13.563663387339892,52.455615867400255],[13.563607390895697,52.45562189505453],[13.563472481797673,52.455627690808846],[13.563145792704828,52.4556304691],[13.562887932186285,52.4556231113221],[13.562795037346794,52.45561239266737],[13.562794957796278,52.45561239632497],[13.562794885905669,52.45561237519921],[13.562644234383539,52.45559500387839],[13.56257958140899,52.45558753243698],[13.562576927751145,52.45558722758569],[13.562513176928995,52.455579947411046],[13.562159486316558,52.45553917481444],[13.5620125501985,52.45552143970544],[13.561304298380916,52.45542170641554],[13.560123964251533,52.455246047526344],[13.5597608872149,52.45519196593608],[13.55964758699332,52.455175161725776],[13.558795964229647,52.45504839252787],[13.558676740358555,52.45503059937441],[13.55857666592063,52.45501505295282],[13.558397088110718,52.45498682372726],[13.558392197665095,52.45498685343793],[13.558387920048895,52.45498540507665],[13.558132490956114,52.45494650731481],[13.557814862645861,52.454897910168704],[13.557685509201015,52.454882491799516],[13.557482212605331,52.454864992122005],[13.557390365766807,52.45485708810396],[13.557261898180949,52.45485013489114],[13.556812705934965,52.45484003512064],[13.556805944010854,52.45484098062696],[13.55679929265111,52.45483977751904],[13.556328400790012,52.454832277706714],[13.556324668283075,52.45483222165787],[13.55611907183764,52.45482932173339],[13.556105042766099,52.45482917193551],[13.555457053978769,52.45482447209732],[13.555338501772614,52.45482704891431],[13.555120105521885,52.45483814875125],[13.55505063359078,52.45484287698629],[13.554885536375517,52.454856976766365],[13.554836711876813,52.454861749371936],[13.554706014040656,52.45487614914397],[13.554648268959943,52.45488337342018],[13.554486834947792,52.45490600345133],[13.554367530793444,52.45492221682395],[13.554346021136393,52.45492505143042],[13.554149284471862,52.45495090369402],[13.554147829735989,52.45495135923797],[13.554146196856445,52.45495131191359],[13.553472607769496,52.4550409104875],[13.553471169068281,52.4550413638058],[13.553469551910089,52.45504131940414],[13.551831525721104,52.45526180952542],[13.551078685213076,52.45536310154693],[13.551022498775293,52.45537149770824],[13.550823101888282,52.455404297186334],[13.550734933066673,52.45542095438443],[13.550559635603593,52.45545845379437],[13.550485821652954,52.45547586387441],[13.550363123279158,52.45550756338426],[13.550308923319964,52.45552250358067],[13.550191142045847,52.45555705132334],[13.550144160127218,52.45557079967504],[13.550080125822385,52.45559094277053],[13.54989742778437,52.4556525418576],[13.54989370245131,52.45565380295857],[13.54952710635404,52.45577840111501],[13.549524331958631,52.45577934688643],[13.549240634959018,52.455876345453014],[13.549240023124165,52.455876709369626],[13.549239195683128,52.45587683831348],[13.54919239241291,52.455892890235894],[13.549043416774277,52.45594287082383],[13.54903707483023,52.455945013140266],[13.548899476293983,52.45599181244793],[13.548899224829299,52.4559919613497],[13.548898885229029,52.455992013605304],[13.548433791661736,52.45615039830219],[13.5482907777652,52.45619588011464],[13.548218369998947,52.45621469741543],[13.54815159676272,52.45623205454299],[13.548113771830598,52.45624020298863],[13.548051691777406,52.456250912447125],[13.548044169579699,52.45625186928139],[13.547939429641602,52.45626511142388],[13.547902794062088,52.45626844192926],[13.547815911199615,52.45627638897888],[13.547689822294561,52.45628042034367],[13.547436896337473,52.456284295914976],[13.547334456210054,52.45628544909838],[13.546861418238212,52.45629085299086],[13.546857804328045,52.45629089745969],[13.546387612467099,52.4562970974123],[13.54637981967931,52.4562972149949],[13.545863335064876,52.45630599077963],[13.545728445725704,52.45630731881705],[13.545595197208911,52.45631298808806],[13.545503798760011,52.45631988798163],[13.545418604618911,52.456328150391904],[13.545213907982543,52.456352450006285],[13.545136091649077,52.456363272010265],[13.54495829444216,52.45639167155821],[13.544909520732736,52.45640011076776],[13.544689124068753,52.45644121011626],[13.54467535274184,52.45644383128721],[13.544488955529804,52.456480030714395],[13.544425644100656,52.456493477368895],[13.544279284615675,52.45652727389918],[13.544122323276483,52.45656126187549],[13.543998028466012,52.45658470123655],[13.543728697487833,52.456634989565224],[13.543727613420062,52.45663540330802],[13.543726336039,52.45663543203956],[13.543692287059788,52.45664183440712],[13.543498762632517,52.4566779960288],[13.543246588097704,52.456725053921],[13.543004641292033,52.45677033081919],[13.542928048633907,52.45678466738206],[13.54288533563544,52.45679259150718],[13.542881788566937,52.456793253069655],[13.542821666595492,52.45680452593121],[13.542593839545221,52.45684707072854],[13.54250003578522,52.45686434778716],[13.542496468128814,52.456865008431855],[13.542402469552318,52.45688250815444],[13.542351757001159,52.45689267655389],[13.542305257672817,52.45690267639663],[13.542267494606596,52.456911217256085],[13.542189995679939,52.45692961696907],[13.542173047463285,52.45693720518611],[13.54215224451575,52.45693901517964],[13.541964246995068,52.456988014422876],[13.541889574165499,52.45700927899308],[13.541709376266928,52.45706507815273],[13.541632422139095,52.45709102237681],[13.541409024315753,52.457172721187504],[13.541406712717398,52.45717417873705],[13.541403522538241,52.457174744972],[13.540985126551181,52.45732954272482],[13.540985106981937,52.457329555191215],[13.54098507983114,52.45732956001097],[13.540644397756365,52.457455615756544],[13.540149801156417,52.45763852985442],[13.540086024698319,52.45751734742562],[13.539606217565915,52.45725178346594],[13.538973332849926,52.4571683467565],[13.538356944317094,52.45728939305223],[13.53826636779457,52.457325080010165],[13.538200898528284,52.457349870906526],[13.538195068747426,52.45735209199789],[13.537986370648913,52.45743209084675],[13.537983352396328,52.45743325147542],[13.537451066481493,52.457638580575974],[13.53692568807549,52.45783911702099],[13.536922750695046,52.457840241664954],[13.536391055525526,52.45804443872805],[13.536382229480466,52.45804785984225],[13.536075451039988,52.45816787250876],[13.535868171787508,52.45824888578678],[13.53585594770546,52.45825372495103],[13.535835568180781,52.45826189594],[13.535742790114899,52.45829896730514],[13.53531113373534,52.45859376359494],[13.535178600356128,52.45898090541734],[13.535380709413968,52.45935665945003],[13.53551538500672,52.45943024324848],[13.535377796537425,52.4594890918753],[13.535323756005056,52.45951218086657],[13.535316865517238,52.459515146014546],[13.535276054923406,52.459532833781644],[13.535032572155183,52.45963814707568],[13.534107007437372,52.460036270091905],[13.534106980090336,52.46003629010728],[13.534106940024564,52.4600362990904],[13.533995010945556,52.46008445009368],[13.533931153739745,52.46011065428164],[13.533931118323517,52.46011067907445],[13.53393106735956,52.46011068973144],[13.531787884754227,52.46099027730492],[13.531787788655896,52.46099034458353],[13.531787650371143,52.46099037351791],[13.53165175147324,52.46104617272969],[13.531641254262821,52.461053525154995],[13.531626277660713,52.46105691395333],[13.531474978760944,52.46112241304251],[13.531469020882811,52.46112500829533],[13.531391221432669,52.46115910782297],[13.53139108457356,52.46115920981847],[13.531390882585347,52.46115925639192],[13.529383829212508,52.46203953179874],[13.5280320955982,52.46262223187383],[13.52802713598932,52.462624380834384],[13.52795733649001,52.46265478041242],[13.52795683596998,52.462655151152326],[13.527956099356295,52.46265531990984],[13.527860744628663,52.46269695619633],[13.52736970120845,52.462911237245464],[13.526515671530458,52.46327422726248],[13.526503167789231,52.46327961127223],[13.52491627913261,52.463971801668755],[13.524916083672545,52.463971946656905],[13.524915795760297,52.46397201261185],[13.52479294361762,52.46402565192361],[13.52464922581811,52.464087120597725],[13.52464730870543,52.464087942186666],[13.524631086925119,52.46409490796456],[13.523941923706811,52.46438988128208],[13.523873444670171,52.46435354646624],[13.523237745141714,52.46427820140719],[13.522625531648155,52.46440708356404],[13.522331534014686,52.46452828185387],[13.522272464595709,52.46455979575584],[13.522209864941692,52.46458010811265],[13.521793567848842,52.46476350557608],[13.52178267629589,52.46477059000133],[13.521747371422892,52.46477966016932],[13.521482873542253,52.46488895862811],[13.521058720242038,52.465187823237365],[13.52093605165471,52.46557617719699],[13.520982207317688,52.46565767478388],[13.520908306593745,52.46569006446491],[13.520887400488515,52.465699204746755],[13.520860383134428,52.46571135482525],[13.520743300818589,52.46576550187796],[13.520551385517338,52.46584609685575],[13.520548645405814,52.46584725084504],[13.520450826470805,52.465888564268454],[13.520352402866154,52.465928802995876],[13.519666311882018,52.46620916064587],[13.51931233840539,52.46629704385708],[13.51890093334684,52.46638163669256],[13.518189020334937,52.46651884194896],[13.518187018754256,52.466519621142],[13.518184647832438,52.466519690021904],[13.517337260492953,52.46668508740603],[13.5173079273175,52.466696598738764],[13.517273240980161,52.466698761475556],[13.516987624641247,52.46676512575142],[13.516936405255969,52.4667769912267],[13.516842781850945,52.466801384684224],[13.516677183885145,52.466849483952224],[13.51660766069518,52.46687132967278],[13.5164603622698,52.46692122893393],[13.516421837417052,52.46694396302446],[13.516371126959378,52.46695450991002],[13.515997931607355,52.46710712530977],[13.5156491789815,52.46724962338387],[13.51524536153061,52.467414588678224],[13.514435504438346,52.46774536918224],[13.51443323924032,52.46774629655548],[13.51417664132403,52.46785159506767],[13.514161680725122,52.46786206811707],[13.514140423823468,52.46786703090199],[13.514063124357795,52.46790123042958],[13.514062717690988,52.46790153626476],[13.51406211535186,52.46790167731063],[13.514011819337709,52.467923976365974],[13.513984424338139,52.467936076547325],[13.513923415431973,52.46796481172386],[13.51380870071526,52.468022367745064],[13.513738686187658,52.468057424363636],[13.513599901399203,52.46817558210503],[13.51336155996552,52.46828174797441],[13.5133224597502,52.46831134765314],[13.513321567906324,52.46831202358229],[13.51328091540244,52.46834286996428],[13.5132724280053,52.46834858708975],[13.513210782887171,52.46839345329801],[13.513202076765317,52.46840030693508],[13.513086871563177,52.46849066045123],[13.513067653788664,52.46850613432579],[13.512960252904554,52.46859493341175],[13.51295498749847,52.46860311714672],[13.512943930281176,52.46860874857967],[13.512679327696658,52.46883804628846],[13.512663414597299,52.468852169955554],[13.512356011093186,52.46913166724894],[13.512355974582784,52.46913173241496],[13.512355889624294,52.469131777710736],[13.51210818679755,52.46935707552948],[13.512108154118126,52.469357133889936],[13.512108078046401,52.469357174459994],[13.51136706958181,52.470031367933956],[13.511362567373215,52.47003549296647],[13.511049463643483,52.470324390195984],[13.511047410929063,52.47032813689022],[13.511042608783931,52.47033078429608],[13.510673963141777,52.4706784290748],[13.510393829889104,52.470925283630436],[13.510388756778402,52.47093392544521],[13.510377517211083,52.470940021879585],[13.51006948994976,52.471225422870674],[13.509910775171713,52.47136777240751],[13.509858820396227,52.47140904323469],[13.509797103565287,52.47145099952527],[13.509774063119561,52.471467110882905],[13.509644362597777,52.47156040984034],[13.509561030628227,52.471627527091854],[13.50886612281655,52.47225642098242],[13.508856326722855,52.4722737838669],[13.508834572637623,52.472286463662975],[13.508769310738803,52.47235192265847],[13.508721850087287,52.47239938217528],[13.508721149440612,52.47240008365195],[13.508638448207451,52.47248298290082],[13.508456121696739,52.47286250155829],[13.508608966546761,52.47324684438999],[13.509056035198006,52.47353302599407],[13.509677536436875,52.47364436184141],[13.509719635265578,52.47363811842705],[13.509821186177263,52.47365824160285],[13.510454674259028,52.473575862421946],[13.510935833756626,52.47331109794178],[13.51102923257858,52.47322319710992],[13.511098951180744,52.47315757815386],[13.511098968540034,52.473157545481705],[13.511099010322013,52.47315752248487],[13.511125099021225,52.473132963140195],[13.511997699038465,52.472343923909136],[13.511998827047616,52.4723419270091],[13.512001426787405,52.47234053355734],[13.512402457257346,52.471973681892905],[13.512595415381602,52.47180605265029],[13.512825805947607,52.47160972665009],[13.513220324307195,52.47133240208837],[13.513233722406591,52.4713156132852],[13.513258230218929,52.471304441306636],[13.51343062915185,52.47117093987667],[13.513455828279637,52.47115074496179],[13.5135867271874,52.471042143846255],[13.513618818917813,52.47101423480081],[13.51373281760482,52.47091023379589],[13.513752619090273,52.47089158781722],[13.513892918524881,52.47075516931729],[13.514499817384458,52.470194655682945],[13.515337595886836,52.47098654905555],[13.515573225851998,52.471209182441314],[13.515648139844945,52.471280002743846],[13.515682739528067,52.47131269770587],[13.5161928008236,52.471794772068314],[13.516259904326674,52.471858171310835],[13.51626176528182,52.4718591989956],[13.516262544731495,52.47186065538156],[13.51702641330581,52.47257624200332],[13.517276688619322,52.47281072413846],[13.519104468307926,52.47452294354445],[13.519354544937913,52.4747572269099],[13.519371103869025,52.4747663005444],[13.519378740098606,52.47477906099699],[13.519561389797335,52.47493791120011],[13.519659854182644,52.47502631262568],[13.51973271643865,52.47509165969136],[13.519803528641058,52.4751552376688],[13.520379638543055,52.47568017126934],[13.520381281083663,52.475681664078124],[13.52070857715576,52.47597836690088],[13.52112331094031,52.4763537954516],[13.521391802041453,52.47660050108049],[13.521738296345303,52.47692170511591],[13.521743499410393,52.476926489137334],[13.52195062924858,52.47711539187485],[13.522012082390678,52.47717502621096],[13.522041771083114,52.47720250458776],[13.522080726196771,52.47723692279447],[13.522181933534112,52.477329956632296],[13.522675005170635,52.47778354849525],[13.522675143246508,52.47778362289073],[13.522675201952538,52.47778372946293],[13.522800152643732,52.47789860278397],[13.522823471224266,52.47792007394986],[13.52289638772148,52.477988466198624],[13.523014741263475,52.478134516651735],[13.52305145092518,52.47818892861848],[13.523110005760026,52.47830617507458],[13.523177630330984,52.478491096068],[13.52320901638924,52.47858773314575],[13.523222151121086,52.47862814350303],[13.523223348000117,52.47863177957769],[13.523226122786689,52.47864010463382],[13.523245733649572,52.47870048809035],[13.523261354690582,52.478748748331704],[13.52326188041809,52.4787503633811],[13.523272742700643,52.47878354554397],[13.523287766919275,52.47882970943496],[13.523332924768932,52.47896869165147],[13.523335402688188,52.47897612443298],[13.523348370521608,52.47901405844279],[13.523438676314623,52.47931355182048],[13.523438957846261,52.47931391331459],[13.523438906291489,52.47931431235717],[13.523491668899778,52.479488305106436],[13.523556712221364,52.47970313776007],[13.523571092716518,52.479750677680215],[13.523571620111293,52.47975240998625],[13.523666911700166,52.48006341090837],[13.523666986367072,52.480063506074806],[13.523666973142754,52.48006361128782],[13.523707969529985,52.48019721168455],[13.523719352139874,52.480230254179595],[13.523736341239383,52.48027467470266],[13.523743124325478,52.48029825881076],[13.523744075948986,52.480301525847345],[13.523758174651373,52.48034932598356],[13.523764568544285,52.48035761879015],[13.523763662674083,52.48036676781307],[13.523783461088446,52.48042596800521],[13.523784316202843,52.4804270133118],[13.523784206369674,52.480428179824266],[13.523817089367178,52.480525043181764],[13.523821952444585,52.48054342118346],[13.523834728333275,52.4806026794451],[13.523840862350665,52.48066185735205],[13.523843577434862,52.48076910691915],[13.523842259594787,52.480814953449816],[13.523840181548492,52.48088000773845],[13.523839949508783,52.48089256087482],[13.52383974837362,52.48093256086435],[13.523840597550922,52.48096314699836],[13.523843596147655,52.481012647019526],[13.523849004164035,52.48106075371588],[13.523857902647972,52.481114853797735],[13.523864758555886,52.48114885126443],[13.523882256536657,52.48122205143145],[13.523890926173323,52.48125366414752],[13.523946021366799,52.4814315646809],[13.524042282425306,52.481742087576514],[13.524057998822354,52.48180434071716],[13.52406118999381,52.4818182675383],[13.524121539510121,52.48208101559114],[13.524123172160234,52.482087895975155],[13.524152168898892,52.48220629625246],[13.524157207750179,52.48222524089125],[13.524188304802644,52.482333541191366],[13.52419208481028,52.48233850311312],[13.524191418596509,52.48234396032629],[13.524202813455807,52.48238064707736],[13.524226907197852,52.482458233908815],[13.524323813444907,52.48277018208555],[13.524325234806762,52.48277198203859],[13.524325008136907,52.482773975455245],[13.524342356875303,52.48282831964719],[13.524351312791522,52.4828564359057],[13.524365285958204,52.48290577813336],[13.524368870736689,52.48291051268932],[13.524368210236807,52.482915713005944],[13.524389986537784,52.482986987423565],[13.52445594338008,52.48320520320857],[13.524511220663472,52.48338824494569],[13.524511327216707,52.483388381659495],[13.524511307622927,52.4833885325878],[13.524521506710178,52.48342223268648],[13.524525485608176,52.483434790619825],[13.52455538318617,52.483525090909886],[13.524634107422312,52.48376246761794],[13.524645657635116,52.48379903136416],[13.52473239837671,52.484074267742116],[13.524742509659932,52.4841061833647],[13.52481611159485,52.48434970397393],[13.524880791186078,52.484563856240314],[13.524887947401007,52.48458575122688],[13.524919645002715,52.48467585153486],[13.52491981520742,52.48467605440306],[13.524919796673503,52.48467628205327],[13.524948764900639,52.484758393269296],[13.524951091584327,52.48476662177518],[13.524957706477313,52.484790262657995],[13.524961778155038,52.484804051441145],[13.524982949028647,52.484872163866335],[13.525021818390105,52.48499737644986],[13.525036517361238,52.48504467746901],[13.525097967598512,52.48524283487329],[13.525098042225881,52.48524292945252],[13.525098029438572,52.485243034142165],[13.525111221840083,52.48528551350019],[13.525181909246282,52.485513193435736],[13.525181948760872,52.48551324348733],[13.525181942000891,52.48551329889536],[13.525239237019163,52.48569769945018],[13.525240062426075,52.485700330757524],[13.525278759131371,52.485822531132484],[13.525278759131373,52.485822531132484],[13.525317437265379,52.4859446728614],[13.52539231257068,52.4861813157112],[13.525392426924261,52.48618145927145],[13.525392408481805,52.486181618507814],[13.525423511709105,52.486279706654855],[13.525437118049119,52.4863229944386],[13.525437443722856,52.48632402671221],[13.525524405953297,52.48659864792435],[13.525559412803954,52.486719129549265],[13.525591728060585,52.48684737451444],[13.525601939857948,52.486861545569255],[13.5256001704988,52.48687698947447],[13.525612252636076,52.4869149367052],[13.525623434857303,52.48695008391433],[13.525623447630965,52.486950099908526],[13.525623445594562,52.48695011765888],[13.525660742436125,52.48706731802035],[13.525661579086467,52.48706992289692],[13.525759451320013,52.48737186324264],[13.52576973083821,52.48740360274287],[13.525817763952672,52.487551874439326],[13.525837797230489,52.487615009250796],[13.525838142760817,52.48761609398491],[13.52585062974982,52.48765514401176],[13.525900314117873,52.48781129433561],[13.525900823735393,52.48781288694233],[13.525953019369409,52.487975087448376],[13.525953618478477,52.487976937133396],[13.526063647935661,52.48831444965695],[13.526072148191231,52.488340592473065],[13.526080532260579,52.4883672211649],[13.526233303360769,52.488850406191496],[13.526234480270038,52.48885408008489],[13.526358769969805,52.48923708129028],[13.526359033909287,52.48923789231559],[13.52636807678899,52.489265600529784],[13.526371200316182,52.48927531901471],[13.526446682366148,52.489521225412346],[13.526469182027514,52.48959463265487],[13.526509565649947,52.48973933691448],[13.526216129224563,52.48999231137606],[13.526156269492159,52.490386133557585],[13.526223445580301,52.49062604498338],[13.526095511266432,52.49083031309234],[13.52570348731755,52.49093957535533],[13.525327599034796,52.49126173401289],[13.5252659565492,52.49165545367253],[13.525524182297394,52.49200066322218],[13.516,52.49199999999999],[13.516000012699292,52.50860824405701],[13.515961870972571,52.50861050693599],[13.515671393770637,52.50862769379021],[13.515277659384951,52.50865096688916],[13.515256483942098,52.50863960162021],[13.515171991401907,52.508598072258884],[13.514998192469355,52.50851997334999],[13.514666899969624,52.508413519633855],[13.514561801468764,52.50839122000776],[13.514026642647217,52.50835257675422],[13.513309354935785,52.508396076099594],[13.51314131041641,52.508406297042036],[13.513016334374626,52.50841389560113],[13.512883550405158,52.50842198852396],[13.512626270283608,52.508437563138465],[13.512520619320957,52.50844396018252],[13.512031204867343,52.50847355507129],[13.511826921753698,52.50848602698339],[13.511220615581676,52.508625919136605],[13.510810168588566,52.508932040124094],[13.510705561195026,52.50932236744635],[13.510811279736084,52.509492954705436],[13.508511721968826,52.50962984046662],[13.508511633937932,52.509629860624905],[13.508511541179582,52.50962985123476],[13.508248145694402,52.509645550999146],[13.508246097733007,52.50964567410273],[13.507904605414668,52.509666373680396],[13.50790460541464,52.509666373680396],[13.50551694632326,52.50981107150428],[13.505515152589116,52.50981148443186],[13.505513259873808,52.509811298234645],[13.505439561135477,52.50981589816521],[13.505268371931917,52.50982659126385],[13.504910385693996,52.50984887800088],[13.504892589290495,52.50985300831561],[13.504873711120267,52.50985149501865],[13.504694814153275,52.50986589479532],[13.504470191122682,52.50988404506687],[13.504460803703006,52.50988642269214],[13.504450706066384,52.509885714650395],[13.504229320824354,52.50990576723132],[13.504191730624884,52.509889033176904],[13.503547194131837,52.5098468991582],[13.503302898232446,52.50987019879221],[13.503302876305364,52.50987020471639],[13.503302852461145,52.50987020315811],[13.502753561681114,52.50992260233504],[13.502718803603575,52.509926224546305],[13.502445436315154,52.50995713517786],[13.502085065670538,52.50971399949141],[13.501468137849193,52.50959259450525],[13.500834373570624,52.50967565973591],[13.50035358217205,52.50994093885666],[13.500154590426444,52.510317352931324],[13.500166409312179,52.51035092492382],[13.499595887766088,52.510415442264005],[13.497566137352651,52.510603160300235],[13.497564524297854,52.51060359065372],[13.497562774154865,52.510603474161734],[13.497229160064858,52.51063489034783],[13.496576372276971,52.510690193014895],[13.496373548060948,52.51070740235813],[13.4957161300943,52.510755328900586],[13.49570096973551,52.51075649134221],[13.495613971210586,52.51076349123372],[13.494524257348019,52.51085130857962],[13.494225095556278,52.51087540553699],[13.494220888845541,52.51087574880068],[13.493933480740266,52.510899503199106],[13.493756376909976,52.51091318630653],[13.493753124220873,52.51091399687211],[13.493749640522978,52.510913718086115],[13.493260948808096,52.51095311747539],[13.493250667071724,52.510953972847915],[13.492936188913806,52.51098094509644],[13.492647113566829,52.51100463173606],[13.492601543165968,52.511008888059365],[13.492555115088773,52.511013759693626],[13.492527456433866,52.511016200164214],[13.492516861364633,52.51101897465093],[13.492505389659188,52.51101826991524],[13.49160804573594,52.51110743526202],[13.49144918991691,52.511123003544],[13.491353773096995,52.51113240346543],[13.491284156398734,52.5111392939951],[13.491275970417215,52.51114012124122],[13.491046174251945,52.51116382086746],[13.491045644042298,52.51116396893571],[13.491045063475784,52.51116393573786],[13.490697667005467,52.51119995912523],[13.490643466432786,52.511205485843156],[13.490640475221586,52.51120579312232],[13.490465493109282,52.51122390141941],[13.490266582474804,52.511243331664076],[13.490143588446708,52.511119416111725],[13.490113488331293,52.51109841634903],[13.489467134264222,52.51085903330735],[13.489417335048751,52.510851633437085],[13.48904098568684,52.510831494923586],[13.48898978657097,52.510833494895856],[13.488928809168996,52.51084606120713],[13.488864751925952,52.51084224541664],[13.488825252586068,52.51084624535363],[13.48808901324788,52.510921159372195],[13.4875359360502,52.51097697638637],[13.48753495742228,52.51097724713713],[13.487533887852994,52.51097718415153],[13.486710001614552,52.51106118282793],[13.486706990366747,52.51106149212919],[13.486604642776525,52.511072083052625],[13.48658654197487,52.511059111525114],[13.486535565065372,52.510983957909254],[13.486480264637565,52.51093995836727],[13.486177742726682,52.510767776024],[13.486115843215075,52.51074277638682],[13.485944502706218,52.510684791210466],[13.48582490417933,52.51065149174347],[13.485727897661137,52.510627419029944],[13.485664398555315,52.51061351926207],[13.485570599705675,52.51059548995466],[13.485502000760944,52.5105840901521],[13.485400790009612,52.51058383582276],[13.485306375993101,52.51056158659022],[13.484957781920802,52.51053878702551],[13.484947563409907,52.5105397612654],[13.484937857194566,52.5105375820509],[13.484757860271383,52.51052758224568],[13.48462557813819,52.5105245196636],[13.484537879659577,52.510525319661305],[13.484487404440044,52.5105264015604],[13.484386706181272,52.51052980151506],[13.484211111712213,52.51054337351429],[13.484019514858385,52.510566673144396],[13.484009400915397,52.51056971922209],[13.4839981346711,52.510569391593705],[13.483720839174477,52.510606191008236],[13.483144654488362,52.510787411796365],[13.48279416769576,52.51112012671391],[13.482763294662663,52.51151518728296],[13.482948020094913,52.51173382671198],[13.482864256912578,52.51169854430045],[13.482622558789728,52.51158842855315],[13.482598754596038,52.511586709654914],[13.482579028698092,52.511578400683796],[13.482278361196979,52.5115635736039],[13.48197880429009,52.51154194137917],[13.481956780537894,52.511547714359295],[13.481932888158767,52.51154653603458],[13.481840306583218,52.511556881337405],[13.481092683468397,52.51163049379401],[13.481086628857918,52.511632151413096],[13.48108002040696,52.51163178124668],[13.480732571790803,52.51166822344798],[13.48060753667884,52.51168126808296],[13.480342562205783,52.511707883844124],[13.480339817541946,52.51170864166221],[13.480336818204485,52.51170846917452],[13.480183850566542,52.51172428005154],[13.47975229360512,52.511766812631],[13.479738453431807,52.51176822522544],[13.479480766806246,52.51179543199062],[13.479006504493496,52.51184188394519],[13.47890031169899,52.51185227346742],[13.478890845756013,52.51185485812669],[13.478880514105489,52.51185430982497],[13.478768835746045,52.51186635934329],[13.477877373122835,52.511960430709806],[13.477833428456636,52.511946978304785],[13.477832201344086,52.51194682401074],[13.477831263472295,52.511946317153445],[13.477429168079597,52.511823819076504],[13.477424918298805,52.51182328992664],[13.477421652340034,52.51182154854288],[13.477237054486526,52.51176624941435],[13.477235088079055,52.511765661645626],[13.477126789343094,52.51173336215514],[13.476490560904493,52.51165754926505],[13.475877439167268,52.51178597755578],[13.475451703270066,52.51208423620214],[13.475327429797074,52.51247240943445],[13.47549985072175,52.512778824845455],[13.475432191564106,52.51278497348977],[13.47542937097792,52.51278523181801],[13.475291773293085,52.51279793161924],[13.475282377113347,52.51280043643829],[13.475272170170443,52.51279983798249],[13.474923940041124,52.512835430874894],[13.47470596107338,52.51285769596281],[13.47440781988878,52.51288776901589],[13.474400647144652,52.51288850557185],[13.474309748660016,52.51289800542206],[13.474309421948638,52.51289809718832],[13.474309063784325,52.512898077117846],[13.473382079233795,52.512995275584814],[13.473374476231085,52.512997414148586],[13.473366129995494,52.5129970127399],[13.47333073058144,52.51300101267659],[13.473310677714421,52.51300338188334],[13.473125996787537,52.51302615622681],[13.472916816610047,52.51305173155155],[13.472908376327759,52.51305278192424],[13.472809620002964,52.51306528784782],[13.472082915149661,52.513139613228795],[13.47163310975241,52.51318544700006],[13.471337235151323,52.51321462890735],[13.471335335881395,52.51321514925141],[13.47133326395477,52.51321502457341],[13.470534588054026,52.51329540083453],[13.470431101823202,52.51330558302763],[13.470425117012686,52.51330618095495],[13.469428325800191,52.51340727591443],[13.469351021600474,52.51341488119129],[13.469344920187929,52.513415490884256],[13.46902604562052,52.513447847746804],[13.46884451039301,52.51346619069806],[13.46856615665136,52.513494275968384],[13.468179517179474,52.513533430501965]],[[13.483261052695793,52.51199416396295],[13.483213663760424,52.51192687019937],[13.483392701060474,52.51199707586314],[13.48327284868599,52.512009334484404],[13.483261052695793,52.51199416396295]]],[[[13.685426874698488,52.46904809442484],[13.687005264155337,52.46980126485588],[13.687595136298112,52.470091561155996],[13.68818743114483,52.470251572424],[13.688831380746871,52.47020928627313],[13.689354431559076,52.46997603370378],[13.689616430042706,52.469614316828036],[13.689547179188851,52.46922105920474],[13.689165242476712,52.46890163343599],[13.688568045161544,52.468607737389235],[13.688553296151253,52.46860059005284],[13.686968417208014,52.46784433602337],[13.686888414244558,52.46780601394458],[13.685922504099036,52.46734316097772],[13.685696735068385,52.4672350288133],[13.68562684999918,52.467201532120676],[13.685265387748771,52.467028251706985],[13.685250912513892,52.467021416296404],[13.684509616636186,52.466676621040705],[13.684500124971805,52.4666742444461],[13.684493722565762,52.466669349204025],[13.684444644244545,52.46664726413863],[13.683750440647271,52.4663123261569],[13.683155690203545,52.46615582452554],[13.682512499520723,52.466201909525246],[13.681993203287805,52.466438233223165],[13.68173694416084,52.466801475164026],[13.681812391950928,52.46719430674639],[13.682199338219188,52.467511468559465],[13.68291004168527,52.46785437320945],[13.682929936506126,52.46785960821718],[13.68294345626354,52.467869945526814],[13.683001462287393,52.46789604844477],[13.683727587916094,52.468233793172395],[13.684081892954337,52.46840364540568],[13.684152065205927,52.46843728032871],[13.684377999208552,52.46854549339925],[13.68534387963524,52.46900834007599],[13.68542505003133,52.4690472220463],[13.685426874698488,52.46904809442484]]],[[[13.574290985138903,52.48388315257922],[13.574064719457422,52.483961151274706],[13.573229336730954,52.484244455515935],[13.57322929259394,52.48424448158404],[13.57322923302185,52.48424449069025],[13.573192912263305,52.48425681072084],[13.573189437821352,52.4842577595079],[13.573143481928486,52.484270275123535],[13.573110562191633,52.484279220689366],[13.573074733370328,52.48428716731895],[13.57298672647114,52.48430660379245],[13.572956716306624,52.48431321786537],[13.572955919775106,52.484313556469026],[13.57295495276626,52.48431360745158],[13.572868345093939,52.484332784849066],[13.572786844672784,52.48434843762661],[13.572688469451757,52.48436392526575],[13.571950616309419,52.48448042306631],[13.571867081263996,52.484492292145966],[13.57172195848375,52.48450820089165],[13.571689916057744,52.48450946506521],[13.571583735656816,52.48450452753627],[13.571300058321723,52.48447128349167],[13.570466557390395,52.484356917934164],[13.57040700808202,52.48434876801052],[13.568936746423857,52.48413914370662],[13.56893100114762,52.48413833323602],[13.56801311576169,52.484010235489535],[13.567901993184817,52.48399791822473],[13.567721596216439,52.483983018500496],[13.567583272854055,52.4839716506842],[13.567332779845382,52.48396652360971],[13.567033984997089,52.48397872343707],[13.566926419242758,52.48398597800057],[13.566592424847391,52.484017477504935],[13.566362676001802,52.48405300753289],[13.566080980051941,52.484114406566746],[13.566041664435016,52.484130994010094],[13.565994451153642,52.484135515023425],[13.565831553253762,52.48417961434468],[13.565770652298374,52.484197315045826],[13.565061717428247,52.48441785881096],[13.564911775198194,52.48446145180557],[13.564825303446312,52.484486601674504],[13.564821704098737,52.48448847666169],[13.564817057763753,52.48448902250165],[13.564732358788188,52.484514122120395],[13.564505901802468,52.48458123880082],[13.564504542713651,52.48458164222096],[13.56426453597279,52.484652992781434],[13.56419012245638,52.484674066345924],[13.563692997895028,52.48492769240332],[13.563470192777956,52.48529908403307],[13.563581413557522,52.48568872874519],[13.563996866218885,52.48599222079349],[13.56460523205881,52.486128237371126],[13.56524349394007,52.48606033134859],[13.565328595004662,52.48603623097998],[13.565337928914996,52.48603146889918],[13.565349871182352,52.486030056416396],[13.565599794843312,52.485955757252285],[13.565825487976936,52.485888866544],[13.565906043427173,52.48586499466815],[13.565988127868769,52.48584112067315],[13.566153143508235,52.485793145057286],[13.566183256692394,52.48578408566665],[13.566877104688647,52.48556823401546],[13.566966543172725,52.485544021332906],[13.567092227370392,52.48551662691562],[13.567255059485532,52.485501269964296],[13.567374149365417,52.48549640757754],[13.567386410588313,52.48549741522218],[13.567510382035556,52.485507654596645],[13.568370314905925,52.48562766482943],[13.5698431671515,52.485837659141836],[13.569848916151878,52.48583754548075],[13.569854011940999,52.485839174283306],[13.569917973024392,52.48584792791427],[13.570770346713145,52.48596488333294],[13.570808844851873,52.485969779014916],[13.57118175093647,52.48601347979691],[13.571322636570203,52.48602497278875],[13.571552740516466,52.486035673000515],[13.571555647643585,52.486035806105114],[13.571591148252777,52.486037406136916],[13.571677659178302,52.48602735288566],[13.571764015643703,52.48603788944076],[13.571954118922754,52.48603038933533],[13.572094605863507,52.4860199517706],[13.572340909947142,52.48599295134236],[13.572403415804743,52.485985090067935],[13.572532917884184,52.48596668977434],[13.572562580234631,52.485962241573716],[13.57331396649103,52.48584360687742],[13.573416442438935,52.48582747363463],[13.573416506661866,52.48582745148791],[13.57341658041939,52.485827451906566],[13.573443880849789,52.485823151837984],[13.573506800663596,52.485812162639725],[13.573645302743508,52.48578556221785],[13.573696459344923,52.48577499141274],[13.573807579388175,52.4857503862256],[13.573837097789403,52.48574388051599],[13.573927077813936,52.48572400839598],[13.57392868244796,52.48572365325248],[13.57400668356159,52.48570635298057],[13.574043676852877,52.485690559221254],[13.574088263823281,52.485686250542095],[13.574161864769822,52.485666250234395],[13.57420980371899,52.485653194769505],[13.574210309423897,52.485652944394396],[13.574210952337525,52.485652881530505],[13.57423394647447,52.48564660234672],[13.574256933579138,52.48564041349516],[13.574359784353366,52.485609206671974],[13.574444933401937,52.485580323834924],[13.57528409050629,52.485295737201135],[13.575291692482798,52.48529313788826],[13.57552289490529,52.485213436711156],[13.575525170406927,52.48521265037101],[13.576551981105165,52.48485694512306],[13.576552103504964,52.48485687150498],[13.576552269788797,52.48485684508502],[13.576845339125715,52.484755255273164],[13.577307810158297,52.484594964617436],[13.577308874375325,52.48459432426014],[13.577310319598265,52.48459409250872],[13.578155874049768,52.48429944193594],[13.578506623354073,52.4841772938797],[13.578502815043576,52.48417321806355],[13.578845886230328,52.48406764698424],[13.579201092969535,52.483736878852355],[13.579237812386218,52.483341997152124],[13.578946213419613,52.48298881044454],[13.578404434573317,52.48277195292226],[13.577757641970752,52.48274952915473],[13.577631644026367,52.482765528899776],[13.577266395186685,52.4828499029295],[13.576915498820199,52.4829721011287],[13.576915368088418,52.482972180113336],[13.576915190198209,52.48297220863972],[13.576070752817813,52.48326646737278],[13.575609513152555,52.48342632984988],[13.5756094845377,52.48342634706758],[13.575609445656122,52.48342635324514],[13.575316493029682,52.48352790171923],[13.574290985138903,52.48388315257922]]],[[[13.557696309173142,52.47156966421312],[13.5577112689974,52.47172825119968],[13.55771145229549,52.47173015295171],[13.557773341845271,52.47235889653886],[13.55780856330234,52.47275022593402],[13.557854561280053,52.47328731278],[13.557857500487598,52.47329283876661],[13.557855658462445,52.47329853900451],[13.55787324648636,52.4734586712833],[13.557897732741045,52.473682203625856],[13.55789791237926,52.47368381785005],[13.557914077435589,52.47382683747012],[13.557923677343531,52.47393475198609],[13.557923726678661,52.47393484410648],[13.55792369401349,52.47393493895311],[13.557955783858153,52.47429403921663],[13.557955786614807,52.47429404435964],[13.557955784791096,52.474294049655285],[13.557985668822177,52.47462837704913],[13.557996858778019,52.47475400428842],[13.557997037329603,52.47475596249801],[13.558004024895826,52.47483086437103],[13.55800682091037,52.47489725084492],[13.5580137572319,52.474911574366715],[13.55800894232122,52.47492621877391],[13.558021609292405,52.47504754755146],[13.558022852602182,52.47509638352986],[13.55802484594044,52.47512922143336],[13.558039841525442,52.475285421558844],[13.558040475457426,52.47528658827408],[13.558040075248371,52.475287792992624],[13.558064577913512,52.47553012112443],[13.558082011830427,52.47572658628785],[13.558107398258292,52.47601352484606],[13.558107979492862,52.47601963934951],[13.558179559598072,52.4767238399569],[13.558179561778372,52.476723843923864],[13.558179560418257,52.47672384802501],[13.558198153096997,52.47690672699683],[13.558215130103626,52.477073863106135],[13.558244411032833,52.47737682030904],[13.558244453493774,52.47737689834993],[13.558244426388098,52.47737697890205],[13.558255822085135,52.47749446887637],[13.558269607255198,52.47763665751598],[13.558276295509467,52.477705956198044],[13.558276336558402,52.47770603166439],[13.558276310335877,52.477706109555456],[13.558289004410696,52.47783718674517],[13.558294658464252,52.47789562908396],[13.558320105440686,52.47816385047878],[13.558388880734558,52.478890207033295],[13.558389318421355,52.47889460900088],[13.558400884875368,52.47900563828575],[13.558422590881582,52.47924546608264],[13.558437924964615,52.47941219335277],[13.558440001234153,52.479435039442954],[13.558440452792729,52.479435879196245],[13.558440159340654,52.47943674470036],[13.558450307320445,52.47954406959223],[13.558467863331735,52.47974409418068],[13.558468021484074,52.47974585792854],[13.558477718488795,52.4798517580087],[13.55847772781273,52.47985177532365],[13.558477721709348,52.47985179316544],[13.558491917328148,52.48000669328284],[13.558491918970807,52.480006696332836],[13.558491917895727,52.480006699475695],[13.558530505987955,52.48042769979484],[13.558530518294747,52.48042772264456],[13.558530510242829,52.48042774619029],[13.558543796646372,52.48057254279038],[13.558566780072006,52.48082423946977],[13.558566818470783,52.48082431081371],[13.55856679332193,52.48082438432448],[13.55862367576192,52.481445184794914],[13.558623690466332,52.48144521209741],[13.558623680844796,52.48144524023132],[13.558658257757822,52.48182210511715],[13.558672740915746,52.481980969833764],[13.558672795802307,52.481981071840295],[13.55867275984331,52.48198117694154],[13.558681857034347,52.482080477016765],[13.558681928389342,52.48208060950817],[13.558681881758526,52.48208074604138],[13.558693363533422,52.48220528671281],[13.558741134172596,52.48272732768188],[13.55874149251892,52.48273107810429],[13.558770184374863,52.48301917834664],[13.558820373530038,52.48352271278185],[13.558858462313143,52.483904908966025],[13.558858688122136,52.48390712182576],[13.558875079463492,52.48406408153329],[13.558895144159155,52.48425653640891],[13.558913519501225,52.484442031450115],[13.558916598279481,52.48444766173375],[13.55891479682952,52.48445349469457],[13.55892694251555,52.48455159585474],[13.558935692644111,52.484656181793206],[13.55894902870832,52.48483386554876],[13.558960815648703,52.484991950596154],[13.55896125813523,52.48499744902508],[13.558966856301053,52.48506224907065],[13.558988962078331,52.485316999268285],[13.559008353140754,52.48554076938951],[13.559021748570702,52.48569536725952],[13.559021760877991,52.485695390345015],[13.559021752631194,52.485695414094636],[13.559044839850499,52.4859615538127],[13.559064528174494,52.486189193496095],[13.55906579640114,52.48620185863848],[13.559098772176315,52.48649163942891],[13.559102249104262,52.48652342292097],[13.5591129978013,52.48662205619884],[13.55912114562369,52.4867241743989],[13.559125635689439,52.48678076946036],[13.559125865261448,52.48678355767175],[13.559146158529149,52.48702135783631],[13.55915114224391,52.48707938823505],[13.559159403977443,52.48717766634274],[13.559168918810174,52.487290080105176],[13.559174012522806,52.48735042591935],[13.559183114779152,52.487458088766346],[13.559183650775672,52.4874639857385],[13.559200957169661,52.487641951194156],[13.559204325569297,52.487700106157256],[13.559205549314829,52.48771634198757],[13.559233939460015,52.48802212927217],[13.559248512266167,52.488179184285805],[13.559253089537002,52.48822905214228],[13.55926613871632,52.48836950696269],[13.559175988334069,52.48838766052394],[13.558744604155681,52.48868276649898],[13.558612726032889,52.48907000287515],[13.558624822360128,52.48919980297565],[13.55883122854425,52.48957858998489],[13.559322407367965,52.489842138595506],[13.559388408134826,52.489861938906884],[13.559398717176808,52.489863336690924],[13.55939895936952,52.48986590011885],[13.55940149529995,52.48987058060223],[13.559399956538144,52.48987542011908],[13.559428025082179,52.49011945674702],[13.55914491893091,52.49018795039768],[13.558742630320221,52.490498000762685],[13.55864820135767,52.49088929383173],[13.558814424086167,52.491145298134356],[13.558622633863342,52.49128665331817],[13.558514223113486,52.49167659389444],[13.558739752636734,52.4920473792207],[13.559238798058786,52.492299656141014],[13.559691585600506,52.492346554534976],[13.559707716960112,52.49246100165192],[13.559711135097093,52.49248188851146],[13.559733131801487,52.49259988871746],[13.559764169617253,52.49270289562975],[13.55978906808003,52.49276229587218],[13.559840867180275,52.492818519046686],[13.559857184222063,52.49288224896467],[13.55987843550901,52.49291154501699],[13.5598958871012,52.49293564098123],[13.559918506637185,52.492966869078],[13.56002628693223,52.493115447546735],[13.560038792777217,52.49313274140967],[13.560039930568376,52.49313431004837],[13.5600622404255,52.493164974916475],[13.560144345572215,52.49327829602792],[13.560157340993134,52.49329625218073],[13.56015841040464,52.49329772561132],[13.560168738011875,52.493311914514884],[13.56024738161099,52.493420388919816],[13.560267797839135,52.49344857428929],[13.560280702002455,52.493465807929105],[13.560310667485316,52.49350454913594],[13.560407140610607,52.49363720441447],[13.560409011235777,52.493639763938134],[13.560488362084948,52.493747804157735],[13.560587019435316,52.493890789948004],[13.560725251366538,52.494101207858506],[13.560809124241969,52.494240413225214],[13.560852452941154,52.49431239797451],[13.560910479177236,52.49440871187259],[13.560918173632349,52.49442114827151],[13.56094497267246,52.49446334852719],[13.560971464871034,52.49450499483069],[13.561071122106464,52.49466492592181],[13.561072127730458,52.49466653429721],[13.561167424255682,52.49481843520743],[13.561167919260754,52.494819222930964],[13.561180984566553,52.494839980040226],[13.561196571421318,52.49486508808758],[13.561243479021192,52.49494074232202],[13.561244509985357,52.494942399286174],[13.561309701857164,52.49504681026833],[13.561387994333257,52.49517272112365],[13.561388564859186,52.49517363687698],[13.561409164102548,52.49520663707382],[13.561411931705546,52.49521103008214],[13.561496505477963,52.495344048909395],[13.561506228569563,52.49535975611771],[13.561514125745509,52.49537218462121],[13.561521780708048,52.49538392703448],[13.561544708018628,52.49542101692674],[13.56167731745078,52.49563646742456],[13.56171248603959,52.49569511603744],[13.561722398075363,52.49571109020858],[13.561787629872091,52.49581277073341],[13.561817879651656,52.495861209560985],[13.561903187325811,52.495998423592376],[13.56192492740732,52.49603346733066],[13.562004474128019,52.49616139571171],[13.56210328586775,52.49633623754217],[13.56219058158187,52.496537747336795],[13.562212334343902,52.49659420699782],[13.562219936341963,52.496612879765465],[13.562319598095145,52.49684514128431],[13.562334694130678,52.49688109107966],[13.56239371440084,52.49702197137599],[13.562403849386195,52.49704622116717],[13.562417578531146,52.4970794975026],[13.562445977815345,52.49714871300566],[13.562508233928058,52.4972998326143],[13.562511809741688,52.497308641925684],[13.562512778661922,52.49731101269304],[13.56253249312256,52.49735892389178],[13.562505388063341,52.49740288084659],[13.562497380712943,52.49741624262008],[13.562446483598023,52.49750368913306],[13.562401649155301,52.49757618427886],[13.562355932854448,52.49764761306069],[13.562283120189633,52.49775952976418],[13.562276234959297,52.49777035165134],[13.562248433953672,52.49781505137104],[13.562232979838072,52.49784133728306],[13.5621876387183,52.49792313007518],[13.562183752607188,52.49792920187185],[13.562174508999545,52.49794410088265],[13.562059304618227,52.498135799714696],[13.562004185095223,52.49822759463851],[13.562002937817951,52.49822968120748],[13.561996235228337,52.49824094477938],[13.561902105440785,52.498397986468916],[13.561889277963601,52.49841936465249],[13.56188880667025,52.49842015144174],[13.561865540674145,52.498459058381506],[13.561789790717384,52.49858530273193],[13.561761415456095,52.49863204213206],[13.561759453502065,52.498635296484075],[13.561638042666706,52.49883810216956],[13.561568652351658,52.49895253204771],[13.56138595395964,52.4992533516202],[13.561282948999066,52.499422952392564],[13.56108599513293,52.499747526909154],[13.561032372555228,52.49983579560953],[13.560986994135458,52.49991058624018],[13.560984896426854,52.499914069543195],[13.56091908702724,52.500024172625494],[13.56088854783937,52.500074396836034],[13.560865597670666,52.500112113298066],[13.56078601579663,52.50024310667351],[13.560698464467743,52.500387120337045],[13.560577664038519,52.50058581238842],[13.560577221825222,52.50058654087076],[13.56055341489898,52.50062582058241],[13.560512707812594,52.500692800228265],[13.560454457434453,52.50078864984168],[13.56041831491222,52.50084798870334],[13.560398205603416,52.50088367945153],[13.560389805211756,52.500899879364574],[13.560388930731783,52.50090157260951],[13.560358429294373,52.500960872293376],[13.560329545897291,52.50102736558218],[13.560289142913511,52.50114076514591],[13.560261542311014,52.50127279231739],[13.560252238260968,52.50141579219067],[13.560251442365157,52.50145941381718],[13.560253040773942,52.50151541382256],[13.560253621669855,52.50152891335418],[13.560264816145747,52.501723513432154],[13.56026707892809,52.50172802710925],[13.560265430593835,52.50173263886159],[13.560286257509844,52.502002603980316],[13.560292856222686,52.502118817531084],[13.560293671058972,52.50215226478682],[13.560293818266707,52.5021572242344],[13.560298214698175,52.50228282425501],[13.560309473041336,52.50237002318046],[13.560323335223105,52.50243188772588],[13.560332431049748,52.50254400596993],[13.56033790656429,52.50261252402014],[13.560342409768795,52.50266878404361],[13.56034682864484,52.50272353837348],[13.560361519159647,52.502906084948286],[13.560370008075706,52.50292220851443],[13.560365321970824,52.50293890064236],[13.560370011500767,52.502969875033244],[13.560377294009513,52.50302425131776],[13.560380461564549,52.50305335039044],[13.560389628383703,52.50310788791367],[13.560404083586281,52.50317135764589],[13.560408812739423,52.50319622079169],[13.560411577992268,52.50323200938258],[13.560414362878488,52.503268425343805],[13.56041493033683,52.503275199691466],[13.560428038411608,52.503419148447875],[13.560439116343906,52.50360834402783],[13.560438771419783,52.50361234592101],[13.560412413967192,52.503772981713404],[13.5604078134473,52.50388807287769],[13.560434376564203,52.50420550480587],[13.560435217258796,52.504246282092154],[13.560409634708943,52.50459226591813],[13.56040864089019,52.50461058228204],[13.560405638426104,52.504697382232834],[13.560405525894955,52.50472595969293],[13.560410318190947,52.50490536228289],[13.560419462340514,52.505253119283196],[13.560418347987518,52.50529067411648],[13.560418163489667,52.505308901081996],[13.56041981087899,52.505483683766016],[13.560415106859775,52.50556537576484],[13.56041614409464,52.50556811996927],[13.560414825259766,52.505570818786744],[13.560396004268348,52.50598094017381],[13.560347067666049,52.50646417107924],[13.560258461840544,52.50694114758148],[13.560255760992243,52.50695719915747],[13.560247859524793,52.507009599064254],[13.560238653502772,52.50707098981695],[13.560217058363888,52.50718871214241],[13.560205998902761,52.50724922761896],[13.56020471284336,52.507256588323685],[13.560198914959296,52.5072913697345],[13.560055696102655,52.508136849649745],[13.560051788362053,52.508164997034896],[13.560037484640024,52.508296996858206],[13.560036681055166,52.50838975340091],[13.560045778221834,52.50848975347607],[13.560054097634572,52.508544939997556],[13.560069495604202,52.50861794014353],[13.560080006524196,52.50865894199962],[13.560100704665969,52.50872744220024],[13.56010502489115,52.50873298213933],[13.560104382461128,52.50873910471403],[13.560153078476889,52.50888730518726],[13.560440660110354,52.509241765752016],[13.5609801861368,52.509461001005384],[13.561627088014392,52.5094862647944],[13.562208021033351,52.509310787343644],[13.562567319765442,52.508981589574766],[13.562573296714714,52.508924597040966],[13.562699074646057,52.50881420045774],[13.56275338116726,52.50842007610975],[13.562741317787802,52.50837914363698],[13.562733093087054,52.50833809170215],[13.562728403933598,52.50831710589937],[13.562725960282352,52.50830719761433],[13.562723281202082,52.50822598708434],[13.562740666028711,52.508126580929115],[13.562741180243147,52.50812358467904],[13.562857615710207,52.50743196056684],[13.562867572237304,52.507384195157385],[13.562894515835044,52.507260376265535],[13.562892668187104,52.50725173900766],[13.56289785321537,52.5072436233688],[13.562910351291876,52.50717452322446],[13.562912449860768,52.50716197079219],[13.562919469731584,52.5071162454727],[13.56292471513794,52.50708730927098],[13.562925286396172,52.507084095741384],[13.563006473409109,52.50661819479983],[13.563010528606586,52.50658994693834],[13.563019226437008,52.506512946831585],[13.563020107588954,52.506504457575595],[13.563060395565728,52.5060787570667],[13.563057633593738,52.50607061522153],[13.563061639508529,52.50606266821225],[13.563064530253639,52.50601449957665],[13.563067920703736,52.505958530931025],[13.563068557032917,52.50594457209247],[13.563070241982736,52.505889512365655],[13.563071026978323,52.505865352644285],[13.563071052531289,52.505864544642485],[13.563072890287863,52.50580479544794],[13.563368812116542,52.505737445387865],[13.563578941238873,52.50568988768088],[13.563580435716656,52.50568924079821],[13.563582259537682,52.505689133400736],[13.56400413333373,52.50559282186859],[13.564123402419602,52.50556571070149],[13.564125935874548,52.50556513291579],[13.564160490269959,52.50555722638919],[13.564328349360059,52.50551898624028],[13.564593156326344,52.505458752799846],[13.564867454167096,52.50539633044678],[13.565004969632891,52.505365049627024],[13.565140521451282,52.505334169527856],[13.565255002070815,52.505308119407104],[13.565256227739086,52.5053075868935],[13.565257725200906,52.50530749755731],[13.56535358206574,52.505285530324194],[13.565487457930452,52.50525487320033],[13.565683979058448,52.50520998251597],[13.565689277408874,52.50520876388367],[13.565696638780905,52.50520705914215],[13.565787486128512,52.50518625213484],[13.566112777426163,52.50511175400929],[13.566472910116275,52.50498413706293],[13.566516310306977,52.504962136772846],[13.566587663820268,52.50492305413607],[13.566629763863919,52.504898153828464],[13.56667849366851,52.5048693175493],[13.567011149161218,52.50452986693727],[13.567021096005975,52.50413439813131],[13.566705676895602,52.50378887680926],[13.566149412388576,52.5035858831132],[13.56550134943149,52.50357980689227],[13.565142984543325,52.503701622332],[13.564907541254172,52.503755543204086],[13.56481490373276,52.50377676015105],[13.56460879345114,52.503823870997614],[13.56447357654165,52.50385483496515],[13.564378650055845,52.503876588893206],[13.564265313576302,52.50390237858291],[13.564129958929712,52.503933213707434],[13.564102239143917,52.5039395191595],[13.563776493474839,52.50384970109367],[13.563131536627088,52.50388887252542],[13.56292303101753,52.503980245120246],[13.562913612200036,52.50386776544293],[13.562933485599457,52.50374660485486],[13.562937985015918,52.50371061211072],[13.562941283933295,52.50367231206833],[13.562936468725566,52.503658477626985],[13.562942837728373,52.50364487907844],[13.562943636893515,52.50361547906406],[13.562943009046478,52.50357549640117],[13.562930202843578,52.50335699649119],[13.562929071801296,52.50334188696697],[13.562915576069551,52.503193773481264],[13.562913034314617,52.50316056144151],[13.562912939415394,52.50316037969621],[13.562913005996473,52.503160193324995],[13.56290820423561,52.50309809336277],[13.562901240565298,52.503045984116746],[13.562889938906531,52.50298658422284],[13.56288457104694,52.50297832038192],[13.562886367933853,52.50296949888614],[13.562876155019692,52.502924667277355],[13.562875334828687,52.50291713642892],[13.562873926678883,52.50290554106894],[13.562865324869161,52.502841341146066],[13.562864175285027,52.50283328614151],[13.56286135559056,52.502814669006774],[13.562847973789593,52.50264850193478],[13.562843576039256,52.50259404880201],[13.5628390891773,52.50253803274922],[13.562833589625724,52.50246926278925],[13.562833443270932,52.50246898451134],[13.562833544182206,52.50246869881366],[13.562821740060702,52.502323298908],[13.562811723996854,52.502257563567],[13.562800249113419,52.50220636609674],[13.562797467994713,52.50212704209188],[13.562796527384723,52.50208852196337],[13.562795913885097,52.50207342017329],[13.562788610237156,52.50194492022384],[13.562787975408224,52.501935447736116],[13.562767119788278,52.50166530949151],[13.562756565636963,52.50148202159517],[13.562755781116724,52.501454590676],[13.56275932048207,52.50140014448152],[13.562764478245407,52.501385665861285],[13.56277634685433,52.501362588945256],[13.562801798107369,52.50132079937798],[13.562860509840217,52.50122418277996],[13.562901405007118,52.501156887800136],[13.562925571709703,52.501117011877405],[13.563046145797141,52.500918674832505],[13.56313375077945,52.500774560359254],[13.563213130084565,52.50064388878242],[13.563236015833057,52.500606274915285],[13.563267915984717,52.50055380797506],[13.563270320314896,52.50054981953201],[13.563336275902055,52.500439462079626],[13.56338033019729,52.50036684729161],[13.563433939779147,52.500278592288446],[13.563630928280855,52.499953932411245],[13.563733860517065,52.499784436599455],[13.563916653534807,52.49948343497058],[13.563987267644924,52.49936697705875],[13.563989065364648,52.49936399315692],[13.564110385834454,52.49916132047062],[13.56413859778705,52.49911484601251],[13.564140240859553,52.4991121234667],[13.564217037931833,52.498984122687915],[13.564217508407147,52.498983337194055],[13.564240772230878,52.4989444304351],[13.564253435757811,52.49892332362364],[13.564348278095222,52.498765079269546],[13.564348412002726,52.49876416199854],[13.56434927658498,52.49876340724938],[13.564355855200816,52.49875235102693],[13.564410168346289,52.498661890954374],[13.564520811023293,52.498477766533526],[13.564530461794202,52.49846268658163],[13.564550235869923,52.49842955147386],[13.564597500715625,52.49834428021663],[13.564613804616902,52.498318063833146],[13.564684392380814,52.49820955814362],[13.56468695372865,52.49820558861849],[13.564736552009439,52.49812808812071],[13.564737371331349,52.49812358379363],[13.564741702155436,52.498119902376956],[13.564793400269561,52.49803630185519],[13.564794652929137,52.49802861130956],[13.564801835367634,52.498022246263666],[13.564852931730856,52.49793444942011],[13.564878733771083,52.49789260200526],[13.564953419449106,52.49777359126765],[13.564975947821136,52.49773455917467],[13.564996846869494,52.497694958958796],[13.565036455435912,52.49759900940376],[13.56505355391223,52.497542309216165],[13.565074049793857,52.49739092059859],[13.565072848578001,52.497348120602496],[13.56504318399058,52.497195355710694],[13.565018482193539,52.497127555951195],[13.565010273194225,52.4971064438401],[13.564997544010131,52.497075659032944],[13.564941698933692,52.496939959667685],[13.564938080086918,52.49693104555443],[13.564937024747808,52.49692846523779],[13.56487466677173,52.496777120107126],[13.564846210367502,52.496707774728016],[13.564845811469672,52.49670680534355],[13.564831410563547,52.49667190548382],[13.564830440770375,52.49667084361505],[13.5648304646966,52.496669628012974],[13.56481976403357,52.49664402811716],[13.56476038293771,52.496502304703924],[13.564744207212273,52.496463788301554],[13.564742559274416,52.496459906776586],[13.564646047340611,52.49623501484985],[13.564623954457836,52.49617768062491],[13.564615601983068,52.496157269786856],[13.564512095840218,52.49591837079433],[13.564485258152533,52.495864533252174],[13.56436515307899,52.49565203440888],[13.564352121175581,52.495630072109556],[13.564266288375315,52.495492046909675],[13.564244557596144,52.495457021177636],[13.56415843588686,52.495318509130534],[13.56415777505518,52.495317448670605],[13.56412517385857,52.495265248982136],[13.56412108974858,52.49525879754561],[13.564058890038952,52.49516185136174],[13.56402669870467,52.49510817252351],[13.564022996013518,52.49510207872117],[13.563888190960778,52.494883080010936],[13.563887563574777,52.49488206297761],[13.563860362561547,52.49483806323776],[13.563852259935002,52.49482530371028],[13.563844497215223,52.49481339697342],[13.563836656834717,52.49480073228729],[13.563832656938525,52.494794357461274],[13.563747448827753,52.49466035216384],[13.563728506654321,52.494630009199604],[13.563650188554142,52.49450406793353],[13.56364957816516,52.494503088405466],[13.563584592855543,52.494399017139784],[13.563538105057543,52.49432404642522],[13.563521223011183,52.4942968541766],[13.5635191669087,52.49429356527501],[13.563505314273524,52.49427155918271],[13.563410762296666,52.49412085786636],[13.563310059935091,52.49395926335742],[13.563306953681375,52.49395433022176],[13.563279282882545,52.49391083513659],[13.563256548068072,52.49387503779109],[13.563202468990598,52.49378528357225],[13.563159131523399,52.493713290658334],[13.563068788723104,52.49356336020537],[13.563058019422948,52.49355403953392],[13.5630557902886,52.493542715592795],[13.562906785214794,52.493315917009575],[13.562900095020249,52.4933104686163],[13.562898573399966,52.49330372342542],[13.562790169976552,52.49314662445062],[13.562778775166038,52.493130624100715],[13.562694511944489,52.4930159035981],[13.56259304049232,52.49287638535082],[13.562580882350591,52.49286018076442],[13.562551693320932,52.49282244593874],[13.562536847368895,52.4928019859069],[13.562457816953204,52.49269298580531],[13.562457073972377,52.492691963094465],[13.562446909672438,52.49267799955679],[13.562434342752645,52.49266063672863],[13.562351531831435,52.492546349583876],[13.56235075416206,52.49254527854316],[13.56234822760027,52.49254180603883],[13.562663318192305,52.49247551367457],[13.563088268038479,52.4921769296542],[13.56321169690922,52.49178865563754],[13.563000539469693,52.49141473028664],[13.56251138149828,52.49115534515937],[13.562046703807345,52.49110030416036],[13.5620433467863,52.491069760418846],[13.562038421258219,52.49102523992371],[13.562010002507302,52.49076719384069],[13.562005914832916,52.49071833604418],[13.56200460031964,52.49070493630681],[13.561985095425127,52.4905316364761],[13.561984956511584,52.49053041651121],[13.561967559981523,52.490379383826635],[13.56196076602758,52.49032025105757],[13.56194835428774,52.49021237553021],[13.561943040710728,52.49016636885402],[13.561897788214111,52.48977312476998],[13.561883442326835,52.48962137530809],[13.561857282172221,52.489343532014],[13.561841521896115,52.489130703032615],[13.56184036175972,52.489117550437385],[13.561835560433817,52.489070650478226],[13.561817340156956,52.48889443721893],[13.561800353351721,52.48868510411736],[13.561799742962581,52.48867821217681],[13.561799126088559,52.48867178560155],[13.561797817959695,52.48865038209712],[13.561787314445771,52.488526282182086],[13.56178698936227,52.488522612565724],[13.56178534605551,52.488504854649186],[13.561783097427268,52.48847329993743],[13.56178225800407,52.48846309303614],[13.561767459170706,52.48830435386856],[13.561752484415294,52.488143274665966],[13.561747906874677,52.48809343467597],[13.56173325954316,52.48793567044202],[13.561705602262528,52.48763795872337],[13.561702171243589,52.48757878063206],[13.561700752202055,52.4875605008931],[13.561682833742598,52.487376348894976],[13.561673982849332,52.4872717294668],[13.561668883790537,52.487211360897504],[13.56165938278651,52.48709918647721],[13.56165109126051,52.4870006204998],[13.561650870444756,52.48700020413863],[13.561651019457452,52.4869997760584],[13.561646028674389,52.48694170252086],[13.561625851774563,52.48670542308049],[13.56162146086163,52.48665011734815],[13.56161274105853,52.48654090746856],[13.56160923377424,52.48653423496922],[13.56161146180973,52.486527360631946],[13.561599958829675,52.4864218607311],[13.56159633673881,52.48638876704905],[13.561596109061348,52.48638672787251],[13.561563721457581,52.486102257504726],[13.561544563348967,52.48588089344185],[13.56152144736472,52.48561459611298],[13.561508045018043,52.485460019627524],[13.56148863828409,52.48523621518075],[13.561466533990298,52.48498164886585],[13.561461177458046,52.48491968647693],[13.56144957815243,52.48476423626648],[13.561449519077101,52.48476412263125],[13.561449560927079,52.48476400617995],[13.561436055833536,52.48458420628506],[13.561435738003077,52.48458020418492],[13.561426034721885,52.48446430426317],[13.561424103190122,52.484445691997315],[13.561411509740061,52.48434402079299],[13.561393572859252,52.48416305549336],[13.561393327726407,52.48416064550415],[13.56137312225304,52.48396694567664],[13.561373100293839,52.48396690594158],[13.561373113812225,52.48396686482602],[13.56135682497249,52.48381097129427],[13.56131882450562,52.48342987814401],[13.561318822272339,52.48342987406522],[13.561318823678636,52.48342986985117],[13.561268611347657,52.48292638934843],[13.561240091936362,52.48264018362348],[13.561192448892486,52.482119859495995],[13.561192364330703,52.4821197024663],[13.561192419588142,52.48211954064667],[13.56118092846942,52.481994975252945],[13.561171847484069,52.48189591339541],[13.561157352432751,52.4817370170687],[13.561157280659394,52.48173688369289],[13.561157327650312,52.481736746265696],[13.561122719530637,52.48135977426636],[13.56106581115297,52.48073907488801],[13.561042810648177,52.480487347503654],[13.561042755765335,52.48048724554378],[13.561042791686548,52.480487140483504],[13.561029489718473,52.48034226379609],[13.560990880219448,52.47992129037775],[13.560976677736127,52.479766411191434],[13.560967057147554,52.479661410672215],[13.560949428900278,52.47946069274546],[13.56094914149624,52.47945754200005],[13.560938919079286,52.47934949465962],[13.560936895966583,52.479327247358064],[13.560921576141828,52.47916078016131],[13.560899600109042,52.47891812088225],[13.560897922490396,52.47891499898426],[13.560898982310043,52.4789117776916],[13.560887308454756,52.47879977838745],[13.560818696481602,52.47807558032737],[13.56081867299464,52.47807553699187],[13.56081868813261,52.478075492290714],[13.560793180535798,52.47780679250356],[13.560793097173617,52.477805922932816],[13.560787395508674,52.47774702298064],[13.56078738322825,52.47774700041698],[13.56078739106765,52.477746977126834],[13.560774694791915,52.47761595391029],[13.560768000235177,52.4775466306467],[13.560767945961253,52.477546530878065],[13.5607679806117,52.47754642790056],[13.560754176589416,52.477404128016396],[13.560754171170771,52.47740411806441],[13.560754174627023,52.4774041077914],[13.560742779001503,52.47728668718409],[13.560713378074183,52.47698266672638],[13.560712766182565,52.47698154222168],[13.560713151385023,52.47698038085049],[13.56069604663011,52.4768120809956],[13.56069603517641,52.47681206015539],[13.560696042320446,52.47681203861016],[13.560677437558255,52.476629142750596],[13.560606128936504,52.475928003979114],[13.560580991541668,52.47564406214571],[13.56058095903186,52.47564400139041],[13.560580980609725,52.47564393884706],[13.560563274969935,52.47544453899217],[13.560562729264902,52.47543879359044],[13.560538042284929,52.475194779404454],[13.560524727704488,52.47505617119154],[13.56052344508623,52.47500590323535],[13.560521201525818,52.47497055072813],[13.56051980113597,52.474956750739985],[13.560519427644461,52.47495607093111],[13.5605196587484,52.4749553679095],[13.560507966864767,52.474843439668504],[13.560505276009174,52.474779635937175],[13.560503662915684,52.4747558242223],[13.56049565185075,52.47467000332308],[13.560484535569099,52.474545282588174],[13.560484497108986,52.47454521080006],[13.560484522559774,52.47454513688418],[13.560454613571506,52.4742107423697],[13.560422512240223,52.47385174131583],[13.560412417351829,52.47373833488174],[13.560409475012243,52.47373284145203],[13.560411289087593,52.47372716880823],[13.56039457615917,52.473579376006604],[13.560370158313654,52.47335658338665],[13.560353155454374,52.473201858461955],[13.560307521491206,52.47266937437721],[13.56030699010272,52.472668375418664],[13.560307343365539,52.4726673474688],[13.560271832216467,52.47227304776099],[13.560271463180447,52.47226913331819],[13.560209439005114,52.4716393846457],[13.560194656720242,52.471482779136885],[13.560174582513017,52.4712667227425],[13.560174383287169,52.47126635373024],[13.560174512271384,52.471265973246794],[13.560157507187006,52.471086073388506],[13.56015661979207,52.47107751959587],[13.560136031056222,52.470895265034386],[13.560130996051445,52.47085044542923],[13.560108268943763,52.470637200033664],[13.560283074730258,52.470559027253465],[13.560544278407617,52.470197103855014],[13.560474166210419,52.469803911134996],[13.560091532411862,52.4694848043034],[13.559498905912918,52.46932528550298],[13.559444783100421,52.46932017687147],[13.559419768982055,52.46930515876626],[13.559339869395645,52.46926725928409],[13.55910983507493,52.46918070465061],[13.558522408153028,52.469010055596804],[13.558371576035688,52.46896620457622],[13.55836039048045,52.46896494384279],[13.55835160710477,52.46896053016567],[13.557906812593338,52.46883703213894],[13.557780680064832,52.46880692768448],[13.557612782505194,52.468773128254206],[13.557474412733566,52.46875054456957],[13.557286715765693,52.46872684499064],[13.557074389851056,52.46871142993758],[13.556874593303478,52.46870743003124],[13.55678944715553,52.46870749573367],[13.556627149963768,52.46871099569378],[13.556582870515966,52.46871243073261],[13.555790425414838,52.46874671980461],[13.55396369814559,52.468825308301746],[13.553892298580983,52.468829639056295],[13.553667802386016,52.46884723878353],[13.553627547486853,52.468857328990566],[13.553584129681933,52.4688555668484],[13.55348653128304,52.46886736666086],[13.553454881947498,52.46887687668298],[13.553419611554471,52.468876628752824],[13.55326461400129,52.468900828367246],[13.553261796428277,52.46890179559558],[13.553258564311836,52.46890178272962],[13.553038967764302,52.46893678217209],[13.552476002515423,52.46913230139048],[13.552148529207606,52.4694735300254],[13.552144297843153,52.469869038265585],[13.5524644501431,52.470212850086284],[13.553023205693657,52.470412839350566],[13.553670842601978,52.47041541697055],[13.553887423064268,52.47038089822254],[13.554006145715551,52.47036236218437],[13.554028471745518,52.47035966293294],[13.55417530736118,52.470348151556486],[13.55596653610225,52.47027109043786],[13.555966772805014,52.47027104057843],[13.555967018635796,52.47027106961766],[13.556737612622534,52.47023772631196],[13.556835181400794,52.4702356222618],[13.556885159442649,52.47023662284303],[13.556897531271414,52.470238184976445],[13.556932902910045,52.47024530566763],[13.557305950793284,52.470348883747995],[13.557447008781587,52.470389893473694],[13.557447196026766,52.470389914579115],[13.557447340942343,52.47038999000578],[13.557576377378156,52.4704274760818],[13.557594676939333,52.4705812910373],[13.557634059069622,52.470951005971145],[13.557634786906428,52.47095231748081],[13.55763435122532,52.470953676462074],[13.557639549919147,52.47099997650715],[13.557659694748969,52.471178391824495],[13.55767625008822,52.47135363880486],[13.557696309173142,52.47156966421312]]],[[[13.326223931794544,52.485684751236114],[13.326204664683557,52.4856850304607],[13.325790617870162,52.48569297787952],[13.324397091922503,52.48570890091782],[13.324146415648121,52.48570349551253],[13.32410813597636,52.48570220823596],[13.323944032931598,52.48569574066475],[13.323940111771087,52.485695589895215],[13.323702715855575,52.485686690082275],[13.323686572184558,52.48568614872372],[13.32290675621926,52.4856630791401],[13.322868822173353,52.48566166803097],[13.322867155908813,52.48566160672817],[13.322771399854666,52.48565812289392],[13.322687643583869,52.48565503924255],[13.322684407598485,52.485654922669696],[13.322477971903659,52.485647649627644],[13.32238423420093,52.4856442770673],[13.322382136843965,52.48564420268461],[13.322279138617603,52.48564060276134],[13.322232403242694,52.48563950363921],[13.322145845450386,52.4856384561992],[13.321997188030293,52.48563602717498],[13.32198710638525,52.48563750100388],[13.32197712229607,52.48563579756023],[13.32168292643865,52.485633870990185],[13.32129942817354,52.485627166851586],[13.32124968543044,52.48562690094501],[13.321205714128325,52.48562719939922],[13.321160242852553,52.485627497904346],[13.321119947280705,52.48562815874122],[13.320834511829366,52.485635649217315],[13.320637874807012,52.485640739849195],[13.320591554871443,52.48564246465025],[13.320548355614726,52.48564456462043],[13.320484792302535,52.485648653973556],[13.320401193719583,52.48565535387107],[13.320352481233611,52.48565985490851],[13.320293282219893,52.48566605481159],[13.320289542462353,52.48566710656337],[13.320285440005314,52.485666891806716],[13.320098743105595,52.48568719148868],[13.320097546921309,52.48568753354296],[13.320096230616713,52.48568746628519],[13.319967996571584,52.485701573859515],[13.319855812819677,52.48571236419504],[13.319848819907511,52.48571426075319],[13.319841201534928,52.485713823687156],[13.319749503064052,52.485723323538735],[13.319727508769033,52.48572572560851],[13.31969453668877,52.48572951232147],[13.319665685780507,52.48573274491922],[13.31949731253436,52.48575089996178],[13.319496978340634,52.48575099516883],[13.319496610925079,52.48575097573883],[13.319465702640798,52.48575431951114],[13.318610119836245,52.48575047485581],[13.317712262679462,52.485746475175425],[13.317188394070486,52.485744075852914],[13.316959111655189,52.48574308497097],[13.316845963244916,52.48574230330449],[13.315945120370728,52.48573649713756],[13.315945059265609,52.485736506711824],[13.315944998503765,52.48573649635527],[13.31588239958826,52.48573609637128],[13.315860630359735,52.48573950865925],[13.315838785452918,52.48573628164804],[13.315798486151246,52.48573688164358],[13.315688213466597,52.485741503957975],[13.315592715095356,52.48574810385878],[13.315527419641594,52.485753683357274],[13.31543322121452,52.48576328320748],[13.315389416188328,52.485768238152986],[13.315266418202247,52.485783537911864],[13.315203640182341,52.485792379990414],[13.315123641445119,52.485804979791],[13.315120507212345,52.485806060854514],[13.31511690733524,52.48580605261043],[13.314864464402232,52.485846727298735],[13.313747535073743,52.48602649980852],[13.313742880859172,52.48602725473975],[13.31368048183671,52.486037454578366],[13.313520038342036,52.486063710754145],[13.313348687301662,52.48609180264186],[13.313284984955372,52.48610220504497],[13.312017337307353,52.48630929599218],[13.311632162864417,52.48637010781083],[13.311579299536076,52.486378423390136],[13.311381200372484,52.4864097124071],[13.311380475660759,52.48640996277542],[13.311379642972012,52.486409959046334],[13.310667354197921,52.48652305725664],[13.310667338701398,52.48652306262621],[13.310667320883118,52.48652306254659],[13.310034430857595,52.48662356095632],[13.309676209224845,52.48668054385556],[13.3095639016,52.486698413160916],[13.309227882547086,52.4867501918466],[13.30918256894469,52.486757729154355],[13.309104577077456,52.4867716667417],[13.30874634827586,52.4867944788958],[13.308661829040952,52.48681423836843],[13.308571335104826,52.48681336862176],[13.308325439006563,52.48685106802524],[13.308317051933118,52.48685391753046],[13.308307453448176,52.486853912244996],[13.308271254015652,52.48685981215166],[13.308151346928183,52.486879380623925],[13.307902162309759,52.486919887976384],[13.307720290005081,52.48694909446616],[13.307698781470563,52.48695267378456],[13.307651182207566,52.48696087365495],[13.30762988945294,52.4869686095912],[13.307605144178616,52.48696939096475],[13.307131151242858,52.4870631894883],[13.307011270114804,52.48709113402633],[13.30695713733228,52.48710573494393],[13.306808205866371,52.48714583561806],[13.306620188011497,52.487208710129565],[13.306599237216528,52.48721721610747],[13.306523918121691,52.48724422793891],[13.306454762231041,52.487270922961336],[13.30622246408858,52.487367221605524],[13.306131500816766,52.48740873219596],[13.306039301247818,52.48745493158483],[13.305844582071739,52.48757709956153],[13.305793481732332,52.48761729913438],[13.305571615141607,52.48789192038859],[13.305551813971661,52.48793802017742],[13.305535732135326,52.487980327766394],[13.30553023169482,52.48799692770602],[13.305512805183483,52.48806534298757],[13.305500103212218,52.488136242838216],[13.305598759383848,52.48852712877681],[13.306004368020622,52.48883553302442],[13.306608248439646,52.48897881657689],[13.307248585587905,52.48891858504735],[13.307753794037621,52.48867097808594],[13.307832627202211,52.48854716279898],[13.307897301739438,52.488523968200326],[13.307908381042948,52.48851973695111],[13.307964152942136,52.48850471993885],[13.308291470369447,52.4884399469835],[13.308728047510627,52.48846342757822],[13.308849649477445,52.48844682731591],[13.308985475810996,52.48842330395037],[13.309008130717796,52.48841852251188],[13.309215159683031,52.48838351021284],[13.30937677733178,52.48834874720226],[13.309772605147423,52.48824450596512],[13.309863300852179,52.48822829814156],[13.310181232886125,52.48817930652691],[13.310190575040298,52.48817784354099],[13.310307438969089,52.48815924927902],[13.310664843112567,52.48810239633792],[13.311297472781371,52.48800193925739],[13.31200898873796,52.487888963744254],[13.312204511919782,52.48785808120857],[13.312257311528855,52.48784977565162],[13.312257810321087,52.48784960373196],[13.312258383106013,52.48784960678018],[13.312649189272195,52.48778790580374],[13.312659345733145,52.48778627448671],[13.313931895605998,52.487578382644095],[13.313996126623763,52.487567893907084],[13.314168447376106,52.487539643337115],[13.31432810176355,52.48751351625633],[13.314388003732402,52.48750372458744],[13.315502792918643,52.48732429648661],[13.315502935212571,52.4873242467975],[13.315503099141079,52.48732424717242],[13.315752338393212,52.48728408867014],[13.315797766507263,52.487276933747964],[13.315867361033657,52.48726827687003],[13.315905237269881,52.487264416877764],[13.315918739827278,52.48726450315524],[13.316818115213104,52.4872702999059],[13.316933437971864,52.48727109662534],[13.316936094486325,52.48727068170328],[13.316938738048,52.487271126387164],[13.31716987369354,52.48727212527853],[13.317693614385252,52.487274524166196],[13.31859172698357,52.48727852525914],[13.319497307467344,52.48728259465525],[13.319654606852568,52.487293095549454],[13.31977947002764,52.48730147296976],[13.319873832065365,52.48730560807007],[13.31992703298503,52.487306708096696],[13.319942525544459,52.48730451419158],[13.319957848923838,52.4873071134344],[13.320064350769085,52.48730771346019],[13.320087871985539,52.48730400771571],[13.320111505548587,52.48730743675483],[13.320266908240946,52.48730473673095],[13.320272570055334,52.487303704369154],[13.32027833112974,52.48730450638864],[13.320496134900734,52.48729950633424],[13.320507285847375,52.48729740517884],[13.320518708806494,52.48729886345743],[13.320587374309408,52.487296528497694],[13.320673648447183,52.48729450163741],[13.320743466624748,52.48729292160383],[13.32075285639804,52.48729268755123],[13.320895230151711,52.487288811712624],[13.321171520898451,52.48728748000449],[13.32120335856915,52.4872876980737],[13.321207590164786,52.48728772268944],[13.321247294665334,52.48728791266922],[13.32150880308078,52.4872896984222],[13.321509677118646,52.48728956183094],[13.321510546271455,52.48728970958274],[13.322163357581678,52.4872936097446],[13.322171603359308,52.487292313603966],[13.322179835383958,52.48729364192339],[13.322227047785102,52.48729354438421],[13.322336061251404,52.4872934454762],[13.32241336638907,52.487293344988444],[13.322610234866362,52.48729314636127],[13.322669300372437,52.48729314636956],[13.322670993191663,52.487293145670506],[13.322791995289009,52.48729304568635],[13.322859008471749,52.4872929530472],[13.323407291676594,52.48729552396199],[13.323407559764279,52.48729548145425],[13.323407826782764,52.48729552640005],[13.323531731148694,52.48729607469715],[13.323736408972486,52.487308372579776],[13.32383691301451,52.48731192755727],[13.324041116550514,52.487314127624714],[13.32406275074136,52.487314246519844],[13.324523358724798,52.48731434658832],[13.324536086147358,52.487312267674994],[13.324548878139533,52.48731419324497],[13.325374192443565,52.48730409319072],[13.325378545097404,52.48730403528497],[13.326358283630691,52.487289956436136],[13.326377679533982,52.48728970562995],[13.326395454127109,52.487289516139775],[13.32641333335394,52.48728979303103],[13.326421019943215,52.4872899160185],[13.326489354779913,52.48729296720232],[13.326511494331154,52.48729441739503],[13.326565149018021,52.487299295105835],[13.326652407046415,52.487310568598566],[13.326754850342216,52.48732514942288],[13.326855619097723,52.48734170909387],[13.327030074572432,52.48737312591932],[13.327030229809623,52.4873731282949],[13.32703036232263,52.4873731777157],[13.327118368095249,52.48738901212958],[13.327145032471964,52.48739433292266],[13.32714625312382,52.487394576076746],[13.327177281129451,52.48740074610813],[13.327226021459811,52.48741469539457],[13.327228151392166,52.48741530348282],[13.3272748519567,52.48742860369504],[13.327294479366527,52.48743406829519],[13.327351080073667,52.487449468543225],[13.327384869472596,52.4874527439845],[13.327412556468277,52.48746501315459],[13.327459557109158,52.48747601333675],[13.327460393071846,52.487476066760266],[13.327461073919897,52.487476367646764],[13.327825508827297,52.4875613294059],[13.327897339766883,52.48757809000723],[13.32789853124028,52.48757816540544],[13.327899502628663,52.48757859327682],[13.328105505449392,52.48762639406952],[13.328122150989987,52.48763017418226],[13.328350996068842,52.48768101798946],[13.32854236760691,52.48772501712294],[13.328578220395537,52.48773288193937],[13.328634158784,52.487744569096606],[13.329318806128388,52.48788765845431],[13.32938589246424,52.48790040655952],[13.329516594456722,52.48792280694741],[13.330251873263244,52.488048672090045],[13.330275641779439,52.4880488402661],[13.33029652110106,52.48805577557087],[13.330333221679485,52.48806117566606],[13.33033889333306,52.48806200165927],[13.330416446830613,52.488073179671595],[13.33049419895839,52.488084456026684],[13.33089032255033,52.48814480845754],[13.330893035748007,52.48814477994106],[13.330895414297991,52.48814557729919],[13.330964915389886,52.48815597748217],[13.331036653354282,52.488166687533074],[13.331091456265112,52.48817525608121],[13.331106129753623,52.48817749272586],[13.331126069209981,52.48818045403686],[13.331258210466622,52.4882001155748],[13.331268641237038,52.488199970884004],[13.331277872722017,52.488202938736606],[13.331499299375974,52.48823358266222],[13.331513025204965,52.48823551943901],[13.331635249662584,52.488248906354265],[13.33202873823673,52.488279797669065],[13.332048413581408,52.48828134459333],[13.332635531186053,52.48838374379166],[13.332775416753824,52.488408853976075],[13.332872494104672,52.488426375293756],[13.333794084165241,52.48859733901835],[13.333802119711937,52.48859881171114],[13.33401312288164,52.48863701236798],[13.334041414912715,52.48864191441108],[13.334556876833833,52.4887272434216],[13.334656003971238,52.48874382968849],[13.334762176301407,52.48876169049026],[13.33478208141013,52.48876493165617],[13.334975784422118,52.488795432189654],[13.33498087634002,52.48879622700322],[13.335033318784776,52.48880434132689],[13.335244396593279,52.48884095409351],[13.33529316029931,52.488848768045386],[13.335973371020067,52.4889488698097],[13.336079406921183,52.48896154546488],[13.336523214321822,52.48900254622425],[13.336564308069448,52.48899973501813],[13.336603185340667,52.48900833462833],[13.33674629976322,52.489015852694244],[13.336857848461516,52.489023354000835],[13.337498268964126,52.4889634360277],[13.338003806384204,52.488716075370846],[13.338239000544554,52.4883475544529],[13.338235830879807,52.48833493140553],[13.338243762743863,52.48832420875197],[13.33817944003406,52.48793066215477],[13.337801396852566,52.487609472935304],[13.337210932200154,52.48744670122603],[13.33707593443709,52.48743320147392],[13.336964379699253,52.48742206605186],[13.336962834896662,52.48742216040086],[13.336961418254498,52.48742177266332],[13.336542102472842,52.48738054533099],[13.336343293092726,52.48735422782547],[13.336174891511773,52.48732734227427],[13.335686397792692,52.487242626640914],[13.335528253209086,52.48721137048945],[13.335328859865669,52.48717039008114],[13.335274187661764,52.48715999721714],[13.335211288615657,52.487148997407104],[13.335199826218911,52.487146999095515],[13.335122454503827,52.48713347399108],[13.335111458471182,52.4871315849065],[13.334532667328501,52.48703388660118],[13.334526678352768,52.48703288541814],[13.333560711459075,52.486872970659434],[13.333459725636299,52.486855865917036],[13.333312725978013,52.486831063163535],[13.3333021422329,52.48682930785859],[13.33266405207915,52.486725309670256],[13.33265742265978,52.486724241030686],[13.332140530675497,52.48664184246987],[13.332117426928152,52.48663830242577],[13.331684855570678,52.486574686273265],[13.331661917165123,52.48657101613427],[13.331626404062987,52.48656567132907],[13.331546305334905,52.48655437152918],[13.331468982749138,52.486543512333064],[13.331320647687559,52.48652166456963],[13.331318626884395,52.48652136801472],[13.331084730575018,52.48648716861799],[13.331079483164897,52.48648725420874],[13.331074848527768,52.48648574953759],[13.330998793371117,52.48647502637605],[13.330936588822334,52.486466220327465],[13.33091328510981,52.48646283139853],[13.330861423151731,52.48645337993217],[13.330846190895514,52.48645066803487],[13.330798884992452,52.486442444106885],[13.330445893457798,52.48637416936794],[13.330173863096674,52.48632150233359],[13.33016627637709,52.4863200496547],[13.329831981331916,52.48625675073677],[13.329827553940033,52.48625591788108],[13.329434259792922,52.48618241913972],[13.32943371505602,52.48618240740671],[13.329433252666762,52.48618223120905],[13.329399406571836,52.48617592499464],[13.329214520138372,52.48613970567645],[13.329094574494587,52.48611396557404],[13.329049246247193,52.48610419560938],[13.32854233107534,52.485974797438445],[13.328459709296137,52.48595576804364],[13.328297111637612,52.48592226860956],[13.328296398872997,52.48592224086175],[13.32829580389104,52.48592199966811],[13.328261709879824,52.48591500091488],[13.328213055545282,52.48590501295648],[13.328084898042523,52.485878624724876],[13.328084391951363,52.48587860507857],[13.328083969534685,52.48587843378722],[13.327981487318276,52.485857386628986],[13.32793690258491,52.48584814230106],[13.327931832827879,52.48584709849485],[13.327868733739132,52.48583419871302],[13.327830917852346,52.48582687257966],[13.32748582301884,52.48576367366484],[13.327463657978301,52.485763272393726],[13.327444401759125,52.48575655935597],[13.327320403679092,52.48573665970329],[13.327232588445515,52.48572460962807],[13.327046291491712,52.48570331001389],[13.327044829968571,52.48570337854828],[13.327043506690465,52.48570299361189],[13.327000107401089,52.485698093700776],[13.326826362254526,52.48568606080381],[13.326681864749089,52.48568226089001],[13.326649374381242,52.485686670267086],[13.326617151507222,52.4856815816556],[13.326447054455764,52.485682481664725],[13.3264372245644,52.48568414548652],[13.32642730983887,52.485682681230955],[13.326420052765972,52.485682789546736],[13.326381397416244,52.48568313468842],[13.326378122273072,52.48568316654763],[13.326330623096364,52.485683666545924],[13.32629429473011,52.485684062358295],[13.326223931794544,52.485684751236114]]],[[[13.577271573283888,52.48973119910693],[13.57719382250601,52.4897560194567],[13.577193566130314,52.48975616340371],[13.577193226236155,52.48975620992801],[13.577159126622579,52.48976710976455],[13.577137993825739,52.48977402301539],[13.576942595940636,52.489839422043346],[13.576927093148816,52.489844698363804],[13.576719895310378,52.48991639730551],[13.57671988204737,52.4899164052749],[13.576719864033647,52.48991640812886],[13.576264168787349,52.490074105801256],[13.576245971810149,52.49008052680343],[13.57614117285312,52.490118226251774],[13.576029459334743,52.49016350200171],[13.575842760538547,52.49024830083922],[13.575842564852422,52.49024845183033],[13.575842271761456,52.49024852295443],[13.575530369638074,52.49039033195652],[13.575437854141162,52.490432360339106],[13.575424369635364,52.490436213042045],[13.575354291011307,52.49045615084745],[13.57535174303778,52.49045745543407],[13.575348470827763,52.49045781784212],[13.575201072648,52.4905003171936],[13.575196292605417,52.490501702971095],[13.575130973626036,52.490520742898276],[13.575099588251026,52.490529627092194],[13.575087623618318,52.49053306087283],[13.575030224322422,52.49054976061835],[13.575030198521686,52.49054977406163],[13.575030165166329,52.49054977783036],[13.573753080830983,52.490921372167776],[13.573396906061282,52.49102500632606],[13.573332493016956,52.49104372873738],[13.573274501442395,52.491060449592155],[13.57277634416772,52.49120392166781],[13.572277841647926,52.49134736442719],[13.571413322522275,52.49159659441427],[13.57127213485882,52.491630885899276],[13.571152228564664,52.49165776749613],[13.57114121873234,52.491660237959664],[13.571057477594946,52.49167415374017],[13.571057197026372,52.49167425353195],[13.571056872304377,52.49167425442425],[13.570658857653418,52.491740524836004],[13.570492667481222,52.49176676035691],[13.570049912713927,52.491836668990025],[13.570041711792419,52.491837981956856],[13.569980102190934,52.49184798186522],[13.569913821267093,52.491857949558096],[13.569621502367184,52.49190179239709],[13.569580701585364,52.491908358752546],[13.569540002215021,52.49191535864106],[13.569533118922156,52.49191785691121],[13.569525113264097,52.49191798021429],[13.569143819094991,52.49198667912167],[13.569125644734847,52.491993462626425],[13.569104377954767,52.49199421950953],[13.56902627910869,52.4920100192596],[13.568992226378384,52.49201724206849],[13.568941156460827,52.49202857996838],[13.568730927042944,52.49207507207772],[13.568718117061943,52.49207765295803],[13.568581778008825,52.49209733592979],[13.56801128846939,52.49228488552438],[13.567670855272706,52.49262141765616],[13.567651700693755,52.493016760989114],[13.567958965110172,52.49336498379536],[13.568510321718561,52.49357277807692],[13.56915803148575,52.493584463346785],[13.569347134515146,52.493557162911074],[13.569395983476603,52.49354110365539],[13.569451377236922,52.49353917355362],[13.5695327784413,52.49352277329413],[13.569566824317047,52.49351558066799],[13.569794727575465,52.49346517987551],[13.569796186629302,52.493464856579266],[13.569831045719779,52.493457117584015],[13.569872415630012,52.49344874824696],[13.57022646689673,52.493384957674586],[13.570239399171161,52.49338273345028],[13.570511612123633,52.493341906129096],[13.570590166215023,52.49333009287517],[13.570600546960755,52.49332660363754],[13.570612397626917,52.493326617343584],[13.570681001819477,52.49331548213595],[13.571119573662077,52.49324623392835],[13.57129374556385,52.493218738358756],[13.571309732168206,52.49321614572499],[13.571715435849862,52.49314859503942],[13.57185113530768,52.4931260449744],[13.571954227881253,52.493105954125326],[13.572015557040366,52.493092192439846],[13.572150987215752,52.49306183046727],[13.572182212145822,52.49305453986612],[13.572375314792565,52.493007639134824],[13.572407544522962,52.492992976602125],[13.572447096224339,52.492988597412705],[13.573345791206592,52.49272951342311],[13.573844081098065,52.49258613101447],[13.573844248237465,52.49258604467783],[13.573844463694341,52.49258602087339],[13.574343069856953,52.49244241868165],[13.574403561159604,52.492424977051485],[13.574407083490872,52.49242395734377],[13.574473484305997,52.49240465704958],[13.574830340120595,52.49230082418364],[13.576107421820602,52.49192922840386],[13.576158825469351,52.491914272944335],[13.576190628621978,52.49190527043836],[13.57619623739542,52.49190240997798],[13.576203423233151,52.49190159492934],[13.576272736431115,52.491881390604526],[13.576414839113495,52.49184041786696],[13.576482926328847,52.491821046518844],[13.576484766667992,52.491820521817274],[13.576523829168059,52.49180936107136],[13.576548990924728,52.49180219962797],[13.576606828255485,52.49178461499962],[13.576630095252526,52.4917770773834],[13.577200456967292,52.4920314630511],[13.577918164254694,52.492052857381616],[13.578536893704515,52.49182983040559],[13.578566262747698,52.49181044212274],[13.578699606692208,52.491752652917505],[13.578936564859951,52.49166604540613],[13.579433491497003,52.49132609802588],[13.579525099753514,52.49087394425883],[13.579419185858626,52.49075049498644],[13.57969095086109,52.49064797511179],[13.579893215718535,52.49057162122832],[13.58054553380529,52.49033423483977],[13.58063168061753,52.490303260558406],[13.581085834647778,52.49002116033025],[13.58124806868905,52.48963824174788],[13.58107491916227,52.489257108752035],[13.58061278819793,52.48897988443007],[13.579985503368352,52.48888084840839],[13.579361138236338,52.488986536093215],[13.579272139122596,52.48901853562491],[13.579266440024716,52.48902059714451],[13.578602546533133,52.489262193618764],[13.578595215874852,52.489266795372174],[13.578585145978442,52.48926864338726],[13.578374708156625,52.489348081757456],[13.578053444687868,52.48946927292969],[13.577802095643452,52.489558535024784],[13.577408701538674,52.48968737576709],[13.577271573283888,52.48973119910693]]],[[[13.627834185788874,52.50257958811691],[13.627252295983984,52.50275378038035],[13.626891082346722,52.503082181388955],[13.626847334707621,52.503476798606215],[13.626865470538338,52.50349935968414],[13.626855766903756,52.50358496264613],[13.627140334072548,52.50394032256435],[13.627677951189197,52.50416124581783],[13.62832456127541,52.50418853394792],[13.630285744022332,52.5039549339197],[13.631911519273842,52.50376552814051],[13.63191167830196,52.50376548120854],[13.631911854482205,52.50376548905675],[13.632216959511362,52.50372988848892],[13.632223232177067,52.50372803600627],[13.632230187380792,52.5037282999108],[13.632409454507336,52.50370615858889],[13.632571912183655,52.503686988976135],[13.632575674826024,52.50368654134327],[13.632830648127332,52.50365596015225],[13.63378031844048,52.50354873133888],[13.633786687169515,52.503546879009065],[13.63379372601392,52.503547171241756],[13.638306000172925,52.503006462609655],[13.638309879292404,52.503005993808934],[13.639065691690083,52.50291389233786],[13.639128050038188,52.50290527744413],[13.63975275992447,52.50280867589871],[13.639817725518775,52.502797484227585],[13.640375633922387,52.502691382540306],[13.640467236796365,52.502671550015485],[13.640817041582695,52.502586348685355],[13.640891897711974,52.50256636429033],[13.641264002273058,52.502458062638],[13.641331729187698,52.50243678372761],[13.64167043281204,52.5023222820275],[13.641749092253837,52.50229333996695],[13.642063994934801,52.502167638173745],[13.642119316423782,52.502144235502115],[13.642458318688638,52.501992433410045],[13.642481297238813,52.50198189399565],[13.64273889874192,52.501860892354756],[13.643132673393774,52.501546742376355],[13.643216298319535,52.501154528218834],[13.642967373947782,52.50078934401698],[13.642452605027612,52.50054903891338],[13.64180992148065,52.50049800012919],[13.641211522184909,52.50064990279737],[13.640965313695819,52.50076555110389],[13.640665048962754,52.50090000501797],[13.640416786200953,52.50099910459251],[13.640151621210604,52.50108874516309],[13.640051633582843,52.50111784667985],[13.639522569601088,52.50113346974173],[13.639075325546,52.50122094220029],[13.638528454437129,52.50130277944704],[13.63780536238452,52.501396590137446],[13.633408713319033,52.50192025960677],[13.631808368257888,52.50210666209834],[13.631799952972644,52.50210914524459],[13.63179062169152,52.50210881023369],[13.631465002084314,52.502149718711216],[13.630267530924609,52.50228743089087],[13.630262839426374,52.50228880701912],[13.630257645967069,52.50228859276147],[13.627834185788874,52.50257958811691]]],[[[13.494237503271496,52.499291708803355],[13.494238453578419,52.499294689257624],[13.494278394426777,52.49934464098548],[13.494730571189114,52.49991838308764],[13.494653984177987,52.49996772501473],[13.494503256669471,52.50035239039552],[13.49468787951823,52.500731513314555],[13.49475287852018,52.50079611388919],[13.494847901085679,52.50087796884488],[13.494864800984699,52.50089066898199],[13.494875784742531,52.50089880777903],[13.494935184436919,52.50094220825584],[13.495471136528968,52.50117110852335],[13.495946143199413,52.50127571026771],[13.496147463758675,52.501286116548236],[13.496177991429645,52.50129745721026],[13.496265409548961,52.50132707934514],[13.496408111169757,52.501370980032355],[13.49647837791891,52.501390956787574],[13.496632245631924,52.50143121195642],[13.496658560422203,52.5014385617483],[13.496688080413122,52.50144160630231],[13.496712012534118,52.50145258377478],[13.496781010863897,52.501469536002766],[13.497639519948544,52.501681091036396],[13.497639671275696,52.50168110235641],[13.497639793075672,52.501681158316664],[13.497819515542325,52.501725414735546],[13.49808103910853,52.50178987144861],[13.498081366779791,52.501789895973864],[13.498081630558344,52.5017900171132],[13.49835453814966,52.50185718013101],[13.498362475429879,52.501905172905595],[13.498741255775942,52.502226105603654],[13.499332244743853,52.502388463151284],[13.499453434369522,52.502380997949686],[13.49958332186548,52.50241278115588],[13.49959754956091,52.50241382412492],[13.499609204300407,52.50241891212295],[13.500369514790474,52.50259311500993],[13.500369858328343,52.50259313548664],[13.500370139170377,52.50259325794998],[13.500419539852487,52.50260455813731],[13.500572342506109,52.502605204457055],[13.501014563566327,52.502631561600616],[13.501101607646133,52.50260744160004],[13.501282178287747,52.50260820430972],[13.501326902178798,52.50259840290959],[13.501407564005147,52.50261826746384],[13.501518896098187,52.50264617324379],[13.501535095472674,52.502647444874604],[13.501548328890587,52.50265328663224],[13.50167333060229,52.50268238711326],[13.501812100131675,52.50271461262936],[13.501825285010089,52.50271762275592],[13.50251069455721,52.50287142531313],[13.50255146588194,52.50288009008682],[13.50275366882541,52.50292069077297],[13.502756989944562,52.50292135448973],[13.50295759287437,52.50296125516491],[13.502983362520556,52.50296619381894],[13.503722785735139,52.50310256928921],[13.50416759732934,52.50318494560662],[13.504394873852855,52.50323019231729],[13.50442303962866,52.503235576284645],[13.5045827740388,52.50326485274758],[13.50510294126416,52.50336120967953],[13.505493938253622,52.50343414811112],[13.506075611561084,52.503542805998215],[13.506077880736727,52.50354322844435],[13.506168761869894,52.50356009007639],[13.50655045779992,52.50363283186569],[13.506566422723674,52.503635803231866],[13.50726414477261,52.50376256406412],[13.507345558404216,52.50377862470664],[13.507360047478333,52.503779074881415],[13.507372400430944,52.503783717521124],[13.507690584037531,52.50384170484248],[13.507821366307088,52.50386578857082],[13.507821773546329,52.50386579634763],[13.50782211998867,52.50386592720406],[13.50802158595791,52.50390257532123],[13.508169859953302,52.50393221194053],[13.508182027953925,52.50393460213933],[13.508387427901715,52.50397424431833],[13.508494973508654,52.50399503710613],[13.508619567013977,52.50402128178924],[13.508690818585423,52.50403988581256],[13.509122239505505,52.504162367119925],[13.5092627671708,52.504177409974496],[13.509385484839338,52.50421558100339],[13.509529320240777,52.504311617131954],[13.50979672083858,52.50445801901312],[13.509811009517037,52.50446244231673],[13.509820089675173,52.50447049769777],[13.510017638543877,52.5045733746863],[13.51006627934671,52.50459948554417],[13.51006757357098,52.50460017933257],[13.510090709962686,52.50461256474088],[13.510156272971049,52.50464823214655],[13.510163790292657,52.50465054101438],[13.510168499759066,52.50465479713307],[13.510511166500574,52.5048363864619],[13.510701229119183,52.504937767449505],[13.510859821599961,52.505022364301816],[13.510871105111347,52.505028311219846],[13.511401906869358,52.50530471485404],[13.51142065846613,52.505314283369856],[13.511670732523017,52.50544726057102],[13.512048589669304,52.505648480040314],[13.512049155554223,52.50564864928694],[13.512049507452899,52.505648968302516],[13.512360908349876,52.50581447045865],[13.51246004355377,52.50586714283899],[13.51249474104312,52.5058774907952],[13.512518194326756,52.5058962135324],[13.512643294993625,52.50595501433965],[13.512662525478392,52.505959900468774],[13.512675703310444,52.50596974483805],[13.512774703956968,52.506013245450845],[13.513019792213605,52.506097214433574],[13.513216794769559,52.50614791525712],[13.513858864721827,52.50620205821513],[13.514459276162299,52.50605305004948],[13.51485714357037,52.50574081901625],[13.514945860560758,52.50534902951669],[13.514701663112564,52.504982661940325],[13.51418998949429,52.50473988254502],[13.514127937857086,52.504723913010466],[13.51407617507235,52.5046995834581],[13.514005602617429,52.50466208774525],[13.51369473008737,52.50449686975783],[13.513316989852013,52.504295716638154],[13.513316565549239,52.5042955897382],[13.51331630178487,52.50429535049746],[13.513051702544272,52.504154652330016],[13.513034105287169,52.50414939900282],[13.51302268191386,52.50413968738368],[13.513017956954538,52.50413732492629],[13.512502344132267,52.50386883586598],[13.512349357288617,52.50378723084475],[13.512349347452064,52.50378722789667],[13.512349341348754,52.50378722234235],[13.512220971551773,52.50371875030231],[13.512217536113582,52.503615158065195],[13.512104763736996,52.50337765732473],[13.511990260885044,52.503129961866584],[13.511658846672402,52.502790068283055],[13.511093347486977,52.502596830892685],[13.510445284307865,52.50260202541485],[13.510085836646006,52.50273253656905],[13.509990678008107,52.502723495530915],[13.509799109243598,52.50266910901062],[13.509688433777358,52.5024410462556],[13.509547777587477,52.502151346805924],[13.509547684934656,52.50215125455311],[13.509547680232325,52.50215114638984],[13.509532253160259,52.50211940400793],[13.509498624570496,52.50204996190559],[13.50949835277667,52.502049690857014],[13.509498339056805,52.50204937319715],[13.509466137396068,52.50198307350928],[13.509127939087634,52.50164618601748],[13.508741360364326,52.501517877927014],[13.50868037468026,52.50139549734285],[13.508606065760663,52.501246387605754],[13.50860469370069,52.501245043222525],[13.508604596545998,52.501243460517614],[13.508517292267706,52.5010707613625],[13.508517214784133,52.501070686114915],[13.508517209300054,52.501070597306516],[13.508414304262434,52.50086719830236],[13.508241880007036,52.500699831257855],[13.508069500758626,52.50053244720021],[13.508069409446728,52.50053241775577],[13.508069354478291,52.50053236439884],[13.507782908271816,52.500440032083304],[13.507496487401431,52.50034767122951],[13.507496384199502,52.50034767359207],[13.507496292880685,52.50034764415607],[13.507172575964312,52.50035508590531],[13.506848857103808,52.50036249528391],[13.506262748920786,52.50047285908372],[13.506083234559737,52.50050662414165],[13.505882707836067,52.50054436677268],[13.505630026937347,52.50059198193757],[13.505383648440725,52.50063832143387],[13.505249711637767,52.5006896528942],[13.50509807250386,52.5007170782954],[13.504980040027236,52.50079300407351],[13.504834808582512,52.50084866331507],[13.504760870693026,52.50093398630675],[13.504652015767633,52.501004007520294],[13.504612001995048,52.501105776939696],[13.504531828671466,52.50119829424185],[13.504537702037911,52.50129474714061],[13.504500799381232,52.501388602578736],[13.504504696813443,52.501479002600576],[13.504555262935241,52.5015831315017],[13.504555896323096,52.501593532912764],[13.504564261609438,52.501601662078066],[13.50459616396472,52.501667357074844],[13.504449289608894,52.50164015676226],[13.50444791415964,52.50163990256171],[13.504432006970413,52.50163696879031],[13.504360220750755,52.501482412581765],[13.50427104823354,52.50129028315317],[13.504270953681644,52.50129018641229],[13.504270951006255,52.50129007378187],[13.504260450433803,52.50126747388376],[13.504252120763518,52.50124959586873],[13.504106375362419,52.50093594710093],[13.503945009863749,52.50058834196284],[13.50394487313109,52.500588202080216],[13.503944869213694,52.50058803921712],[13.503842163619508,52.500367140213704],[13.503796257940072,52.50026851884743],[13.503463848702742,52.49992899564435],[13.502897809460446,52.49973638924384],[13.502249805876314,52.499742306296476],[13.501693462041832,52.49994516134549],[13.501435668079075,52.50022731610305],[13.501214440988678,52.500265397549605],[13.501047593923156,52.50029282182399],[13.500486752325804,52.50049101751512],[13.50029973889698,52.500689280995694],[13.500252136678476,52.50067743659435],[13.50023847029137,52.500673998520256],[13.500234612899668,52.500673032692575],[13.500109814549079,52.50064193320073],[13.499978254177384,52.500609193754876],[13.499975923075938,52.500609014429436],[13.499974046066876,52.50060815197359],[13.499826248033026,52.50057175256957],[13.49943347791974,52.500475034100376],[13.499365359006417,52.5004582281719],[13.499018450686984,52.500372853807384],[13.498757049102124,52.50030842755403],[13.498576928404649,52.50026407330486],[13.49771797620897,52.50005241037683],[13.497716771303558,52.500052113901965],[13.497674164585252,52.50004164591049],[13.4976605234652,52.50003783593379],[13.497632804017734,52.5000303402457],[13.497610550407202,52.50002451827254],[13.497533538331663,52.49994082233869],[13.497511355470392,52.499913742806925],[13.497503302829077,52.49990820014602],[13.497500647262994,52.49990097201826],[13.497471046621495,52.499866472289035],[13.497424282369538,52.49981208094984],[13.497386834698696,52.49976457424827],[13.497356310854936,52.499725891678764],[13.497354910295554,52.4997241225907],[13.497339555521972,52.499704791002344],[13.49733238921368,52.49969566278987],[13.497139571666338,52.49945064773685],[13.496993363013715,52.499263981207676],[13.496992333972365,52.4992632471558],[13.49699204038894,52.49926229787526],[13.496855556628647,52.499089134281874],[13.497007362448784,52.499061382817125],[13.497231071656879,52.49903026978419],[13.497804135862026,52.49884557655555],[13.498149104189531,52.498510756541556],[13.498173546009662,52.4981155266898],[13.49787092007212,52.4977657887607],[13.497322319313069,52.49755525279557],[13.49667473750817,52.49754032954114],[13.496410141774119,52.4975771289553],[13.496329069649773,52.49759016132551],[13.495768378195896,52.49769265969889],[13.495760428351048,52.497694130523264],[13.494995039940468,52.497837428251245],[13.494784235524778,52.49791798959347],[13.494558683004842,52.49798196707234],[13.494475283359831,52.49802456651251],[13.494407950810954,52.49806156833533],[13.494361750860666,52.49808886799797],[13.494210084710696,52.49824337247529],[13.494046492098004,52.49839327651763],[13.493996289955492,52.49848397600173],[13.494020686607797,52.49873073860209],[13.494018227345224,52.49882361020197],[13.494031285730458,52.49883794380641],[13.49405307203772,52.49905830070922],[13.494234267401314,52.4992894023921],[13.494237503271496,52.499291708803355]]]]}}]}
