{"type":"FeatureCollection","name":"Owner-approved v179 thin outline scope","features":[{"type":"Feature","properties":{"revision":"v1.0.79","representation":"hairlines only; original city bounds and data unchanged","source":"OpenStreetMap / ODbL-1.0","area_m2":9379413.36},"geometry":{"type":"MultiPolygon","coordinates":[[[[13.193081674622476,52.433464049688794],[13.193033277161687,52.43344481609309],[13.192982028376466,52.43342857453636],[13.192928421813004,52.433415481430266],[13.192872973722151,52.43340566286565],[13.192816218088021,52.43339921339837],[13.192758701485849,52.43339619513873],[13.192716798656171,52.43339651600932],[13.19267777370235,52.43338834641864],[13.19262158960155,52.43338024033449],[13.192564376121053,52.43337553919681],[13.192506684244966,52.43337428827887],[13.192449069564125,52.433376499627315],[13.192392086925965,52.43338215194603],[13.192336285091553,52.43339119080127],[13.192282201451214,52.433403529145856],[13.192230356849628,52.43341904815737],[13.192181250570203,52.43343759838242],[13.192135355527029,52.433459001175805],[13.192093113710696,52.43348305042086],[13.192054931931832,52.43350951451427],[13.19202117790333,52.43353813859646],[13.191992176699019,52.43356864700578],[13.191968207622876,52.4336007459332],[13.191949501518907,52.433634126251704],[13.191936238547681,52.43366846649314],[13.191928546450859,52.433703435944196],[13.191926499320527,52.43373869783114],[13.191930116885134,52.43377391256313],[13.191939364319001,52.43380874100263],[13.191949963938455,52.433839141050434],[13.19195959033654,52.433862788004205],[13.192041088261748,52.43403748837279],[13.192055423692793,52.434064207767165],[13.192142374945073,52.43420713623387],[13.192307004911582,52.43449254726782],[13.192318184311365,52.434510400002516],[13.192485981743266,52.434758400745665],[13.192506243657075,52.43478517954481],[13.192748941082364,52.4350741805887],[13.192751447490735,52.43507713150018],[13.19287634622186,52.435222532035304],[13.192905022233179,52.43525233821004],[13.19306184573899,52.43539874144461],[13.193280381938525,52.43560603972175],[13.19329722120952,52.435621154435026],[13.193623119697055,52.43589825572932],[13.193635496354903,52.43590839772512],[13.194228195728753,52.43637665315761],[13.194925904932536,52.43693550415244],[13.194929697697455,52.43693825128438],[13.194933127747525,52.43694117109356],[13.195290889487724,52.43721615379827],[13.196148235763422,52.4379018972117],[13.19614968657079,52.437903052749334],[13.198818976985931,52.44002006311395],[13.198820001650537,52.4400208733349],[13.200147446423811,52.44106739259946],[13.20037290623557,52.441247702319615],[13.2003735949405,52.44124820040455],[13.20037420361869,52.44124873599915],[13.202436396187945,52.442885544009265],[13.202437070702612,52.44288607832296],[13.205032912606024,52.44493825448766],[13.205437264412136,52.44525992113456],[13.205438115956916,52.44526059688164],[13.208537604908534,52.447714008911035],[13.211382739134848,52.44996407598262],[13.213902843219191,52.45196113766196],[13.216279831692807,52.45384352370593],[13.216281557132408,52.45384475956011],[13.216283095619275,52.45384608435461],[13.216621849482687,52.454109384796986],[13.219866609683008,52.45667578854981],[13.219876595139098,52.45668346705502],[13.220766875906397,52.45734920459348],[13.221739788453037,52.458159542901726],[13.221748984118863,52.45816699694384],[13.223175080776986,52.45929226709384],[13.226406171554265,52.461850243954956],[13.226406790516812,52.46185068714544],[13.226407337910958,52.461851164179514],[13.226838442003858,52.46219015571749],[13.230201135351486,52.46484607798206],[13.232191549094733,52.46641978377933],[13.233697299648975,52.46764045192545],[13.233706041855399,52.4676468586644],[13.23371422923844,52.46765353323008],[13.234350008042005,52.46812203154055],[13.236005049501001,52.46943149516984],[13.236371840107651,52.4697233922802],[13.236371955457312,52.46972347530084],[13.236372057015453,52.46972356478895],[13.237754951992693,52.47082267016696],[13.237757516291161,52.470824693231364],[13.239111307062995,52.47188489851461],[13.239846751313147,52.472470133182796],[13.240985150263903,52.47339681684327],[13.241763813464528,52.47407322672198],[13.242531912470142,52.4747437831258],[13.242532363823706,52.47474417659368],[13.24328445311452,52.47539886786429],[13.244403153714735,52.47639134740901],[13.248966623608158,52.480439660648365],[13.248967387774298,52.48044033681851],[13.249868183046303,52.48123544044091],[13.249871972471459,52.481238745387195],[13.250479280074613,52.481762126020676],[13.251204589023972,52.48239100627483],[13.251217795121264,52.48240200711156],[13.253345287153143,52.48410541540886],[13.253347469081394,52.484107151335266],[13.25602640278513,52.48622498534055],[13.256248938412247,52.486411721322895],[13.256254048777762,52.486415594729394],[13.256258699330788,52.48641967834527],[13.258769690322495,52.48840858810345],[13.259434757107275,52.48893482460226],[13.259435839542439,52.488935599279124],[13.25943680010668,52.488936431687094],[13.260182683304587,52.48951974139864],[13.26027837598636,52.4895954451429],[13.260278423075183,52.489595478837984],[13.260278464541479,52.48959551518206],[13.263541317159676,52.492175288059784],[13.266423676993439,52.49447855654159],[13.266423856072693,52.494478685940884],[13.266424013724448,52.49447882534009],[13.267234710733131,52.495125328498524],[13.26723568964708,52.495126106931004],[13.269051383099889,52.496565813991275],[13.26905651022682,52.49656982032481],[13.270095606920977,52.4973700243244],[13.27009652059671,52.49737072612666],[13.271264019612019,52.49826517704921],[13.27174594533106,52.49864231345864],[13.271753744591404,52.498647835127194],[13.271761009720295,52.49865362182186],[13.27211317360805,52.49890729610652],[13.27325617401905,52.499776178470135],[13.273446309537894,52.49992074241094],[13.273531398067147,52.50004532807902],[13.27356151224648,52.50008305508965],[13.273598624402785,52.50011838373326],[13.274500520370456,52.50087568730741],[13.274503255502982,52.50087776167874],[13.274505698055451,52.50087996785299],[13.275198295285913,52.501443770570425],[13.2752012222085,52.50144613283349],[13.275721220262286,52.50186223486211],[13.275725310158181,52.50186546927781],[13.275940509427057,52.50203367011058],[13.275950244343846,52.50204055394434],[13.27595943144822,52.5020477126778],[13.27596912087802,52.502053902064816],[13.275978285239487,52.50206038243481],[13.27598907895323,52.5020666508206],[13.27599937164639,52.502073225550234],[13.27623097174654,52.502207326339644],[13.276270471913204,52.5022282448369],[13.276483572389013,52.502331345495875],[13.276519663131758,52.502347483540845],[13.276557656619383,52.50236190371873],[13.27681905783962,52.502452904369946],[13.276891657928067,52.50247430260672],[13.277217259969708,52.502554003223864],[13.277263910190696,52.50256405639726],[13.277311778060374,52.502571685758824],[13.277642880561016,52.5026154861273],[13.277719681535991,52.50262245112184],[13.277970183555269,52.50263495124016],[13.278013347248834,52.50263613504024],[13.278311318642054,52.50263763240538],[13.278958912803029,52.502641596581334],[13.279149436554574,52.50265133790364],[13.27925539068298,52.50266180161189],[13.279325028271213,52.50267117591294],[13.279431873033074,52.50269119557391],[13.279514650279333,52.50270992316953],[13.27954589873667,52.50271863715929],[13.279543985222881,52.502719161425105],[13.279517412414199,52.502728583614626],[13.279489812470008,52.502739583577785],[13.279489083715179,52.50273987496204],[13.27947138375057,52.50274697493828],[13.279445288839495,52.5027587476685],[13.279421474168583,52.50277220048434],[13.279388974164954,52.502792700426546],[13.279373348917284,52.50280337585314],[13.279352148893155,52.50281907581246],[13.279336699927587,52.50283159041746],[13.279323095284264,52.50284487837879],[13.279296395172961,52.50287367832035],[13.279285938375407,52.50288605232366],[13.279277082111218,52.502898883034746],[13.279262281983874,52.50292288299941],[13.279252649775083,52.5029415175821],[13.279246388565626,52.502960680027805],[13.279241688436496,52.5029806800152],[13.27923951897799,52.50299284541259],[13.279236918837036,52.50301414540497],[13.279236339754577,52.50302032229838],[13.279235239642633,52.50303712229471],[13.27923543683097,52.503054033854745],[13.279238237328997,52.50307085927451],[13.279243616355584,52.50308744965096],[13.279257716141917,52.50312224968297],[13.279264664724163,52.503135439034104],[13.279262753947386,52.503139072256225],[13.27925660554317,52.503156612139676],[13.279253351934754,52.50317443860388],[13.27925302551464,52.50319237419014],[13.279255629535838,52.50321024035331],[13.279261138079349,52.50322785923904],[13.279298535339775,52.50332175177105],[13.279311200198771,52.50335437392628],[13.279339925586036,52.5034317877759],[13.279375201864594,52.50353336956419],[13.279375307980779,52.50353367383798],[13.279389762828806,52.50357494569421],[13.279404242264977,52.50361658465266],[13.279402486963283,52.503618856346314],[13.279392646471432,52.50363580229114],[13.279385628847077,52.50365326327815],[13.27938150427813,52.5036710646768],[13.279380314018715,52.50368902845185],[13.27938206997645,52.503706974943896],[13.279386754593196,52.50372472466613],[13.279389702531708,52.50373317674485],[13.279371966278177,52.50374578709657],[13.279366466269815,52.50375008708579],[13.279351729646155,52.50376269215699],[13.279338825172418,52.50377602430456],[13.2793346251526,52.50378082429523],[13.279323610835375,52.50379483844343],[13.279314621324538,52.503809380767166],[13.279311821295371,52.503814580760334],[13.279305061694192,52.50382918636368],[13.279300344994803,52.50384408784212],[13.279299044960684,52.50384938783864],[13.279296288663186,52.50386564118478],[13.2792959621695,52.50388198011337],[13.279296262132744,52.50388748011381],[13.279298372648462,52.503903791652256],[13.2793029047898,52.50391991853086],[13.279304804756624,52.503925218535166],[13.279311080279037,52.503939775510595],[13.279319329413962,52.503953961100976],[13.279322629387625,52.503958961108324],[13.279323449918046,52.50396007001584],[13.279323567721162,52.50396219072706],[13.279325486175546,52.503977463869596],[13.279329528343824,52.50399258190855],[13.279331328310409,52.503997881912625],[13.279337955402495,52.50401372925391],[13.279346915257896,52.50402914348173],[13.279350315231172,52.504034243489286],[13.27936080180916,52.50404822784609],[13.279373208664412,52.50406161410815],[13.279377908647998,52.50406621411786],[13.279393259676997,52.504079806140226],[13.279410589096114,52.50409248160393],[13.27941658909241,52.50409648161484],[13.27943288916331,52.504106525284215],[13.279450432012075,52.504115756404204],[13.279457432019765,52.504119156415065],[13.279478603239108,52.5041285337018],[13.279501054217983,52.50413672793605],[13.279508954237677,52.50413932794549],[13.279531545260147,52.50414598955339],[13.279520963302659,52.504153487741405],[13.279515463294299,52.504157787730605],[13.279500726679336,52.50417039279309],[13.279487822222517,52.50418372492175],[13.279483622202699,52.504188524912415],[13.279472607936304,52.50420253899451],[13.279463618472043,52.504217081241265],[13.279460818442876,52.50422228123441],[13.27945367976725,52.50423787388916],[13.279448868852386,52.50425379521779],[13.279447668818083,52.50425909521457],[13.279445294858862,52.504274353666176],[13.279445064229098,52.504289367825706],[13.279324283312137,52.50430566783365],[13.27918503736771,52.50432447403826],[13.278840820412436,52.50437097633309],[13.278812917829006,52.50437563343392],[13.278785898222674,52.50438193793423],[13.27876002209971,52.50438982905002],[13.27873553894201,52.5043992307001],[13.278712684801794,52.50441005223962],[13.278691680025775,52.50442218933398],[13.278672727130724,52.50443552496473],[13.278656008850925,52.504449930557726],[13.278641686376329,52.504465267222834],[13.27862989779839,52.504481387092866],[13.27862075677862,52.50449813474931],[13.278614351452614,52.5045153487207],[13.278610743580204,52.50453286303945],[13.27860996794988,52.50455050884197],[13.278612032043254,52.50456811599685],[13.278616915962793,52.504585514744996],[13.278697614579208,52.50480701492797],[13.278705261831275,52.5048240198839],[13.278715602445867,52.50484048586159],[13.278728536935997,52.50485625443722],[13.27874394085789,52.504871173896746],[13.278761666008217,52.504885100695525],[13.278781541849924,52.504897900839495],[13.278803377152983,52.50490945117439],[13.27882696183426,52.50491964057061],[13.27885206897878,52.50492837099256],[13.278878457022978,52.50493555844184],[13.278905872078901,52.50494113376549],[13.27893405037702,52.50494504332134],[13.27896272080411,52.50494724949416],[13.278991607511827,52.50494773105752],[13.279020432570821,52.50494648337812],[13.279048918644902,52.50494351846029],[13.279290673011976,52.50491083815029],[13.279379726756778,52.50489885782702],[13.279380063727292,52.50489881236823],[13.279547831430968,52.504876116739524],[13.279650804910135,52.504862201457584],[13.279651959119384,52.50486393428105],[13.279664925556133,52.50487908839377],[13.279669425537815,52.50488378840321],[13.279683367113103,52.50489698979646],[13.279699143658595,52.50490939831429],[13.279704843652235,52.504913498325],[13.27972222719987,52.50492495431421],[13.27974117411433,52.504935446716345],[13.279748074120514,52.50493894672729],[13.27977201381832,52.504949885488124],[13.279797647617508,52.50495928681192],[13.279824711346887,52.50496705381217],[13.279831842993016,52.5049688367251],[13.279817057275134,52.504979389047726],[13.279811557266772,52.50498368903694],[13.279796820669306,52.504996294081856],[13.279783916246657,52.5050096261723],[13.279779716226837,52.505014426162965],[13.279768702063427,52.50502844011121],[13.279759712693526,52.50504298220206],[13.279756912664357,52.505048182195225],[13.279750061228333,52.50506302469314],[13.279745319425162,52.50507817087033],[13.279744019390352,52.50508357086685],[13.27974135253486,52.50509964011366],[13.279741059977852,52.50511579056476],[13.279741359941765,52.50512119056519],[13.279743475571372,52.505137445954155],[13.279747996334853,52.505153517492246],[13.27974989630167,52.50515881749656],[13.279755877586496,52.505172788621074],[13.279763677146828,52.50518642174511],[13.2797669771197,52.50519152175246],[13.279771785879614,52.50519806775847],[13.279773324907255,52.50521039161097],[13.279777201708471,52.505225132421906],[13.279778901676242,52.50523023242575],[13.2797852867556,52.50524579614072],[13.279793920403149,52.505260950499384],[13.2797971203772,52.505265850506525],[13.279808608173855,52.50528128285715],[13.279822426746579,52.50529598641965],[13.27982702673142,52.5053003864291],[13.279840522190948,52.505312220292936],[13.279855528273876,52.505323356210354],[13.279861228269406,52.50532725622082],[13.27988034318998,52.50533917297725],[13.279901185380263,52.50534995771557],[13.279907985388693,52.50535315772592],[13.279927514550964,52.50536159888974],[13.279948102078382,52.50536904495669],[13.279955702097338,52.50537154496576],[13.279980243787753,52.50537874547073],[13.279989790869287,52.50538090986447],[13.27999085434291,52.50538377763171],[13.279998510660622,52.50540058767421],[13.280008801348488,52.50541686566858],[13.28002162948222,52.50543245829368],[13.28003687423717,52.50544721868367],[13.280043128501609,52.505452141729194],[13.280121639034874,52.505659642430146],[13.280129413776338,52.505676428706096],[13.280139818068841,52.50569267616368],[13.280152753956129,52.505708231828876],[13.280168099645964,52.50572294924087],[13.280185710656744,52.50573668983114],[13.28020542117778,52.505749324228034],[13.2802270456304,52.50576073347496],[13.280250380415218,52.50577081015038],[13.280275205829069,52.50577945937924],[13.280301288133614,52.50578659972626],[13.280328381756094,52.505792163962774],[13.280356231601525,52.50579609969962],[13.280384575454585,52.50579836988054],[13.280413146448524,52.505798953130984],[13.280441675577903,52.505797843959435],[13.280469894231453,52.50579505280909],[13.280762395353447,52.50575715266843],[13.28092435695359,52.505736144685066],[13.280924755210915,52.505736092851365],[13.28111695594741,52.50571099275818],[13.28113932977791,52.5057080594809],[13.28117495927844,52.50581465517227],[13.281177967813447,52.50582313249882],[13.281299263797532,52.50614603304933],[13.281308027567006,52.50616656174951],[13.281548321622784,52.50666826283962],[13.281552104551906,52.5066749273264],[13.281555237352483,52.50668171624564],[13.281823431801019,52.50716971745603],[13.28183794446859,52.507193340333124],[13.282063441035517,52.50752454133392],[13.282064817324432,52.50752654564183],[13.282272914238732,52.50782704656373],[13.28228502579256,52.507843386936266],[13.282461423695402,52.508066387704204],[13.282465922985784,52.50807195245557],[13.282777319563966,52.5084488538019],[13.282778793755934,52.50845043938064],[13.2827800337405,52.5084520979112],[13.283117301388913,52.508850219017866],[13.283665153952493,52.50957145290885],[13.284022662484853,52.51005956016886],[13.284519563628697,52.5108410203028],[13.28462505919646,52.51104218355812],[13.284693187265523,52.51119443149175],[13.284769208243825,52.51140071693705],[13.284819050234105,52.51161399179158],[13.284884831562863,52.512097234679196],[13.284903512891503,52.512529529892355],[13.284887369970512,52.5129822215701],[13.284841802515986,52.51328121380268],[13.284841118910897,52.51328605373355],[13.284812388255514,52.51350689809546],[13.284742533308641,52.51378716066214],[13.284631226055227,52.51421604811342],[13.284536270853511,52.51449150460278],[13.284536008187004,52.51449250908393],[13.284535594524895,52.51449349446332],[13.28441992819621,52.51483870357675],[13.284235418826404,52.515324486266024],[13.284039827185325,52.515792390247526],[13.283935531434539,52.51600061840104],[13.283797043672068,52.51620535145428],[13.283671365748576,52.51637609857192],[13.283484245580038,52.51660440904132],[13.283477248749985,52.516613245474616],[13.283272846253965,52.51688064453675],[13.283256339787435,52.516904433914114],[13.283160338167749,52.5170579334565],[13.283158134159395,52.5170615145724],[13.283000031362288,52.51732261381471],[13.282985179843934,52.51735061666094],[13.282746773695417,52.51787211547221],[13.28274616500024,52.517873456968516],[13.281878342194712,52.519800452633234],[13.281877854250661,52.51980154276294],[13.281645648054164,52.520323541601165],[13.28164369485901,52.520328047680664],[13.281428901031555,52.520836900792595],[13.281227913256233,52.52127777115575],[13.281225605284025,52.52128400391715],[13.281222662139095,52.52129013631366],[13.2809703543342,52.52193093503304],[13.280964850158943,52.52194640654147],[13.280763942216224,52.52257790549767],[13.280761095761173,52.52258755396582],[13.280634289801233,52.52305375329587],[13.28063292435102,52.52306094314769],[13.280630878757385,52.52306807272069],[13.28057577524748,52.523337372420116],[13.280573679547802,52.523349204780644],[13.280508973847326,52.52378140441306],[13.280506816183884,52.52380292502072],[13.280485110496734,52.524228624864726],[13.280485452437299,52.52424021241457],[13.280485153971204,52.524251800411356],[13.280495451454236,52.52443990044074],[13.280495972334174,52.524447194135455],[13.280515169424499,52.52466509420544],[13.280515880383971,52.524671943393066],[13.280542677399403,52.524896143499795],[13.280545136870902,52.52491191831374],[13.280577834634924,52.52508181845531],[13.280581126052894,52.52509635291285],[13.280692920498561,52.52552525341168],[13.280697087902388,52.52553940942277],[13.280823183033977,52.525923409992984],[13.280825296141193,52.52592956500221],[13.280939992127559,52.526249665522336],[13.280946150871543,52.52626519156302],[13.281257542199361,52.52698029297814],[13.281261234157785,52.526988388766725],[13.281553626873036,52.52760169009381],[13.28156244343,52.52761861247917],[13.28204333384986,52.528468314646744],[13.282053413017032,52.52848480365528],[13.282523005464517,52.52919910574764],[13.28253372840715,52.5292143841522],[13.283099620974168,52.52997178663698],[13.283106699237425,52.52998091801203],[13.283333296613408,52.53026291899656],[13.283339901397158,52.53027088670915],[13.283603398676473,52.53057918784223],[13.283609108393659,52.53058570412567],[13.28387680588802,52.53088380526617],[13.283878108921988,52.53088524842264],[13.28415880635281,52.53119444961597],[13.284191857751567,52.5312267035988],[13.284602855680808,52.531584205246475],[13.2846313367863,52.53160699048578],[13.284984735875632,52.53186749182548],[13.285001809676396,52.531878889048805],[13.285018652728214,52.53189041325608],[13.285623752512421,52.53226561538916],[13.28564106208826,52.53227591689182],[13.285984562286055,52.53247211805554],[13.285998665968332,52.53247941545948],[13.286012336907485,52.532487012958256],[13.286412937654562,52.5326886142264],[13.286430799828796,52.532697254701795],[13.286624000328155,52.532787055285624],[13.286636513984774,52.53279271386295],[13.286816814533983,52.532872014389554],[13.286832387669174,52.53287863403063],[13.287155788825858,52.53301143493438],[13.287174148712975,52.53301867608586],[13.287413749706456,52.53310937671966],[13.287426926279204,52.53311422058291],[13.28766652736264,52.53319972119096],[13.28768359005076,52.533205580152966],[13.288040691825621,52.53332348100945],[13.28805420508426,52.53332780555671],[13.288235806046275,52.533384105972154],[13.288250712564258,52.533388567351885],[13.288432213586436,52.533440967744916],[13.288447376756247,52.533445186482766],[13.288668378070167,52.533504386933785],[13.288680532603017,52.53350754421176],[13.28892683412475,52.533569544689776],[13.288939288350821,52.533572251720834],[13.288951488209674,52.53357535979216],[13.289500791837403,52.53369636074653],[13.289508773296536,52.53369785328807],[13.289516564403128,52.53369968199379],[13.289536418751139,52.53370302301318],[13.289556110111581,52.53370670531079],[13.289564293042378,52.53370771359376],[13.289572340570446,52.533709067800025],[13.290577748135265,52.53384626895087],[13.290581408483874,52.533846654540994],[13.290585001383752,52.53384722952446],[13.29087390357754,52.53388432983772],[13.290893318785928,52.53388661643764],[13.291219821319233,52.53392161673889],[13.291248097402677,52.53392421845949],[13.291940902909525,52.533977518935394],[13.291961478374256,52.533978878575645],[13.292446382277571,52.53400567882538],[13.292456123601998,52.5340061675929],[13.292950727601786,52.534028467807325],[13.29295598118431,52.5340286902836],[13.293486896725415,52.53404971964244],[13.294381440205612,52.53408847895572],[13.294956445439096,52.53411791880733],[13.295674194720888,52.53416839706327],[13.296639872886047,52.53425031614309],[13.297062530383412,52.53429257218773],[13.297474318629394,52.53433763142047],[13.298151261643264,52.534419284197305],[13.298822912800114,52.534512927455765],[13.300956261688556,52.534819758781815],[13.30203718063385,52.53498175710152],[13.302039561306094,52.53498203915904],[13.302041890799224,52.53498245049195],[13.30461513479821,52.53535441381751],[13.306323472429531,52.53560237595142],[13.306325839801977,52.53560264548167],[13.306328157856552,52.53560304368874],[13.31168210207856,52.536351884822146],[13.31687464780539,52.53709991830607],[13.316877020215792,52.537100256861635],[13.319642240904571,52.537491160125114],[13.31964415607221,52.53749142878678],[13.320615779498604,52.5376266855883],[13.32201031100006,52.53784203097145],[13.322995630193358,52.53800165286827],[13.323974711015255,52.538186029230495],[13.324610177965338,52.53831462649778],[13.32533251214546,52.538477566594096],[13.325658641595814,52.53855458182333],[13.325660146565424,52.53855488634314],[13.325661598777897,52.53855527459011],[13.326177536799477,52.53867517100884],[13.326386412223192,52.538727866388875],[13.326851496555,52.53884843682552],[13.327682894949994,52.539088627723345],[13.328844534633362,52.5394423656471],[13.328897512498392,52.539456562625446],[13.328952517520108,52.539467525040735],[13.329009019959209,52.53947514731636],[13.329066475654066,52.53947935604382],[13.329124331261761,52.539480110689674],[13.329182029587576,52.53947740398598],[13.329239014951627,52.53947126200029],[13.329294738540861,52.53946174388461],[13.329348663694931,52.53944894130563],[13.329400271074986,52.539432977561866],[13.329449063665553,52.53941400639618],[13.329494571561412,52.53939221051495],[13.329536356493243,52.53936779982838],[13.329574016048543,52.53934100942885],[13.329607187547111,52.53931209732663],[13.32963555153377,52.539281341964994],[13.329658834854731,52.53924903953843],[13.329676813287946,52.53921550114013],[13.329689313702143,52.539181049765666],[13.329696215723759,52.53914601720247],[13.329697452895719,52.539110740834374],[13.329693013316968,52.53907556039237],[13.329682939756543,52.539040814682814],[13.329667329241177,52.53900683832459],[13.329646332120394,52.53897395852654],[13.329620150618082,52.53894249193643],[13.32958903688461,52.538912741591425],[13.32955329056814,52.538884993999964],[13.329513255928648,52.53885951638251],[13.329469318522362,52.53883655409837],[13.329421901488622,52.538816328282785],[13.329371461474896,52.53879903371753],[13.328835269918848,52.53863575755861],[13.328835178062125,52.53863516112198],[13.328824146614048,52.53860052375449],[13.32880760029735,52.53856671247091],[13.328785698473588,52.53853405289018],[13.328758652079129,52.53850285953914],[13.328726721593352,52.538473432823466],[13.328690214529775,52.53844605613476],[13.32864948247434,52.538420993121505],[13.328604917699309,52.538398485150125],[13.328556949385483,52.538378748980584],[13.328506039489023,52.538361974679134],[13.32794674261381,52.538198775899886],[13.327944602641981,52.538198154684046],[13.327503805125092,52.53807085563844],[13.327491034657985,52.53806728055336],[13.327169136556813,52.537979981216544],[13.327159005866662,52.53797730273038],[13.32669440869915,52.53785760364884],[13.326686837844107,52.537855914910665],[13.326679482035514,52.537853903621546],[13.326144285443847,52.537726404613764],[13.326143019048518,52.5377261458213],[13.326141797891049,52.53772581595305],[13.325892499489393,52.53766721641013],[13.325882016872969,52.537664821810765],[13.325046822373672,52.5374795232698],[13.325022798433187,52.537474547336146],[13.324452702393902,52.537364748218884],[13.324434548338528,52.53736144633937],[13.32377912207333,52.53724919333174],[13.323723868864047,52.53723969561892],[13.323245782153105,52.53712999119938],[13.323231471309299,52.53712718783577],[13.323217393325727,52.537123975865946],[13.323203941619337,52.5371217950151],[13.323190689621818,52.53711919906426],[13.323175997064864,52.53711726451332],[13.323161470565434,52.53711490940638],[13.322760791982798,52.537062634120126],[13.319744084277971,52.53664211159077],[13.318015356681359,52.53639234011461],[13.318010931430717,52.53639183910221],[13.318006589438403,52.53639111631253],[13.317204197679699,52.53628302941175],[13.312004327258256,52.53553837838732],[13.312003620901555,52.535538277495405],[13.307205856746299,52.53485478319808],[13.307203527383303,52.53485445433826],[13.303917696299772,52.53439478823255],[13.301718754810933,52.53407902665021],[13.301715449408405,52.53407865528913],[13.301712209229503,52.53407811061731],[13.301300936177388,52.53402205508761],[13.299128571221715,52.53371371514942],[13.299125632538162,52.5337133897686],[13.299122752162063,52.53371290805697],[13.29843915731181,52.5336203088341],[13.2984291161986,52.53361900447515],[13.29774002145458,52.53353330520106],[13.297725751360554,52.53353164185771],[13.296938957456279,52.53344604259316],[13.296925819294966,52.533444706375946],[13.296567622104838,52.5334108066716],[13.296558795636233,52.53341001297998],[13.29599200011524,52.53336171340609],[13.295978363823368,52.533360650037125],[13.295057071175668,52.533295450625005],[13.295035874690628,52.5332941866199],[13.293733785204957,52.53323098722031],[13.293722133881927,52.533230492404],[13.292884047467965,52.53319998034107],[13.292454791772009,52.53318220055856],[13.29203789678518,52.53315820105951],[13.291732025168288,52.53313661913485],[13.291464462097908,52.53311306134288],[13.29127569292084,52.53309498471311],[13.291088950431433,52.53307383030988],[13.290872284291066,52.533044553695035],[13.290571637864465,52.533003504315076],[13.290281633536823,52.532955479343975],[13.28981525481028,52.532867382577635],[13.28928569813073,52.532740556515066],[13.288982727401734,52.53266433997777],[13.288674514181576,52.53257694472979],[13.288362927034678,52.532479048564745],[13.287965910153591,52.53232673665556],[13.287639719061076,52.53219220577316],[13.287410975401336,52.53208927617311],[13.28721520534883,52.531996091843304],[13.28703123785865,52.53189842938883],[13.286759453881002,52.5317518675159],[13.28648761935797,52.531597892805515],[13.286023431058211,52.5313202197472],[13.285722391589374,52.53110770701079],[13.285342345442766,52.53078124074903],[13.285185231529647,52.53063586300615],[13.284889391380242,52.530338890317104],[13.28444038425103,52.52980498014107],[13.28426082811437,52.52957485245694],[13.283774378637796,52.52890024756754],[13.283326344931496,52.52818032704537],[13.283024330960508,52.52764665555522],[13.283033542626695,52.52765617957984],[13.283051879233966,52.52767393295966],[13.283142378714885,52.527756133327024],[13.28314554316897,52.5277589781028],[13.28323264269862,52.52783647845428],[13.283244028437998,52.52784625561823],[13.28335342796885,52.52793695605029],[13.283362442541488,52.527944234525094],[13.283458442205607,52.528019734897626],[13.283472196837625,52.528030146708375],[13.283567696606628,52.52809974706882],[13.283574699504737,52.52810475686722],[13.283689899283795,52.52818565729571],[13.283698513099699,52.52819157366594],[13.283808812951818,52.52826567406879],[13.283826080409918,52.52827678939642],[13.283915080383702,52.52833168970939],[13.283924935449354,52.528337627674155],[13.284026035474204,52.528397128021766],[13.28403282080851,52.52840105843298],[13.284162620885995,52.52847505887226],[13.284179494893982,52.528484314223746],[13.284300795064375,52.5285483146179],[13.284314868560609,52.52855550940178],[13.284451968836946,52.52862340983181],[13.28446086144897,52.52862772788949],[13.284588161751389,52.52868832827966],[13.2845945794597,52.528691340344565],[13.284713879772742,52.52874654070405],[13.284735189810311,52.5287559514149],[13.28489189034091,52.528821951860074],[13.284908985128729,52.52882888697691],[13.285015360530396,52.528870430742195],[13.285062740957038,52.528889169369066],[13.285072700210735,52.52889302242551],[13.285154100548482,52.528923822640756],[13.285168210245095,52.528928996457445],[13.285245642392683,52.528956499249176],[13.285380672478727,52.52900730278447],[13.28540089657497,52.52901457681058],[13.285591297478973,52.52907997728066],[13.28562085796143,52.52908946840346],[13.28581195900606,52.52914666882901],[13.285821656350652,52.529149504786865],[13.285993965906062,52.52919872214815],[13.286195792575642,52.529258117808475],[13.286219532055023,52.52926471324828],[13.286495433720072,52.529336913800826],[13.286516151858319,52.52934205390518],[13.28667805289655,52.52938005420177],[13.286679811812409,52.52938046507462],[13.28685101291543,52.529420265385774],[13.286882045982816,52.52942688158673],[13.287064247244448,52.529462281871176],[13.287090852087205,52.529467033760056],[13.287289453530626,52.52949943402631],[13.287302192681878,52.52950141973791],[13.287464993888431,52.52952561993896],[13.287493829892735,52.52952944275084],[13.28767983132255,52.52955114293595],[13.287685917652043,52.52955183282154],[13.2878622190161,52.529571232988054],[13.287889701546831,52.52957385048266],[13.288099503210054,52.52959075063277],[13.288117098456597,52.5295920042375],[13.288389800643746,52.529608904392525],[13.28865733329539,52.529625418801025],[13.288678395853028,52.52962648670648],[13.28896549817927,52.52963788681858],[13.288971879143586,52.52963811900288],[13.289473883220271,52.529654719172065],[13.289480282153722,52.52965490949649],[13.290008588156379,52.529668867422664],[13.290194074829268,52.52967438269093],[13.29056288576187,52.52968888651031],[13.29084367914148,52.52970014988437],[13.291125900134933,52.52971325163805],[13.29191077038747,52.529758795618704],[13.292172553839476,52.529778108317274],[13.292701415794916,52.52981919075203],[13.29331337624068,52.52987635031444],[13.2937410490373,52.52991976002449],[13.294134729142234,52.529966507724744],[13.294212171198213,52.52997572017144],[13.294767732134437,52.53004565717604],[13.295312359965367,52.53012155363361],[13.29560779057133,52.53016537862822],[13.296258215433994,52.530269628685815],[13.296273260058458,52.53027210662619],[13.296623437019072,52.53032980288517],[13.296638121130396,52.53033209914205],[13.297889130409725,52.530517300680955],[13.297900489087569,52.53051890979775],[13.299803503424375,52.53077641195881],[13.300062362125297,52.530811419929414],[13.300064015918922,52.530811642066716],[13.300159939745647,52.53082443843434],[13.300313668012684,52.5308457239035],[13.30032234552163,52.530846883545244],[13.300449231002153,52.53086323015699],[13.30047978253234,52.53086719412474],[13.300491210761752,52.530868692910175],[13.302521587362014,52.531135576915624],[13.30254141649572,52.531137967024875],[13.303659471847121,52.531260620895196],[13.304542007318734,52.53136175104247],[13.305807322223,52.53152395824495],[13.306345140908638,52.53159282777233],[13.307489948685948,52.53174626704907],[13.307803235642318,52.53178823854484],[13.312425707893317,52.53241010843061],[13.312426960224787,52.53241027601176],[13.313556007302418,52.53256056943016],[13.314199120689695,52.53264840258057],[13.315948002934928,52.532891647317314],[13.315952516758454,52.53289226374004],[13.317789184902459,52.53313845967971],[13.320499915051277,52.53350203720868],[13.321999481775427,52.533703619463175],[13.322000257044952,52.533703723341304],[13.324615264154826,52.534052950688476],[13.325735921824762,52.534209601890424],[13.326816088387325,52.53436503818455],[13.326817534726342,52.53436524513318],[13.3275724403678,52.53447264602887],[13.32757497727824,52.53447300334791],[13.327904179746895,52.53451890373153],[13.328635096833699,52.53462072013642],[13.328652760171495,52.53462300761382],[13.32988846964345,52.53477100887099],[13.329890164564686,52.53477121029123],[13.33033737756747,52.534823940682486],[13.334226814261537,52.53530196287274],[13.338264939327459,52.53579816636397],[13.338265623766898,52.535798250198],[13.338827428063066,52.535866850779385],[13.338828939382351,52.535867034066946],[13.338861178405638,52.535870917202296],[13.342548253627015,52.53634297905785],[13.342549001774449,52.53634307452297],[13.342656707541554,52.53635677351712],[13.343042714655358,52.536406545534234],[13.344161721954787,52.53655132072272],[13.344164493442783,52.53655167504013],[13.344170923340432,52.536552487238495],[13.344609663441329,52.536610880033564],[13.344613287177578,52.53661135504563],[13.344821185218867,52.536638190276314],[13.345191684678685,52.536686425151046],[13.345242739625592,52.53669304518298],[13.345252041423622,52.53669432292863],[13.345293741739136,52.53669982297485],[13.34530191598514,52.536700864221075],[13.345320537928249,52.536703152513006],[13.345405978391561,52.53671458868887],[13.345420481782215,52.53671641386053],[13.345825984896862,52.536764214267016],[13.345845148692407,52.536766273829556],[13.346324952449294,52.53681287423391],[13.346340529355809,52.53681425735484],[13.347283216760733,52.53689013665129],[13.34781119004813,52.53694131437348],[13.348247194117679,52.53699797243387],[13.348630889607078,52.53705958366254],[13.348848198651295,52.53709825896172],[13.348965611752057,52.53711975853872],[13.348978164805558,52.537121964987286],[13.34939306779964,52.53719186555865],[13.349394476782487,52.53719210178804],[13.34986258016849,52.53727020242716],[13.349878143275847,52.53727266046629],[13.350338246685524,52.53734126103505],[13.35036511185114,52.53734486377306],[13.350794415144062,52.53739606420786],[13.350826732009649,52.537399352831585],[13.351301735766377,52.53743945318474],[13.3513038057116,52.53743962564927],[13.352219712966958,52.537514926314344],[13.352222704901875,52.537515167530216],[13.35290810958197,52.53756933633903],[13.353419743350988,52.537610203914625],[13.353553367580563,52.53762265964498],[13.35371238383214,52.53763954056267],[13.353872225956703,52.53765840957294],[13.354145686472961,52.537697254470416],[13.354318602076292,52.5377282283404],[13.354499730434569,52.53776508959084],[13.354824512693439,52.53783769645048],[13.355170972685848,52.53794600966377],[13.355400841210843,52.5380265933956],[13.355618546471844,52.53811376535383],[13.355702122085384,52.5381504854018],[13.356434218410142,52.53847229702563],[13.358373574944025,52.539325868696345],[13.35876809067454,52.53950288925842],[13.358963200734559,52.539590372880944],[13.359471647889814,52.53982970707861],[13.359491019153776,52.53983844609788],[13.360002830440497,52.54005961712932],[13.360475850006296,52.540267080837275],[13.360496109192468,52.54027558116195],[13.361235188358231,52.54057202542372],[13.361812351556974,52.54081945151473],[13.362717549599264,52.54123505584255],[13.36352707384631,52.54161806021729],[13.363535026406264,52.54162175725432],[13.364118928005734,52.54188845899984],[13.364127029066369,52.54189209383568],[13.364976042515936,52.54226626537636],[13.365317040194405,52.54242366466657],[13.365328993399013,52.54242903902831],[13.365427969080557,52.54247237764889],[13.365460662303773,52.54248700116659],[13.36546519301821,52.54248900762736],[13.365894624704339,52.54267729065956],[13.366061338680552,52.54275055887827],[13.366215653467117,52.542820319216474],[13.366218145034091,52.542821439396505],[13.3663136453127,52.54286413967826],[13.366479974895121,52.542938408602076],[13.366529598153404,52.54296063990372],[13.366530266600618,52.542960938927955],[13.36674406722609,52.54305643955836],[13.367272300022199,52.543292355073476],[13.367620676870349,52.543447889959786],[13.367626460084896,52.543450439262635],[13.36765442141139,52.54346260852125],[13.367834496879222,52.543542466644645],[13.367835479061364,52.543542901270285],[13.36799279935894,52.543612366328546],[13.36805291936884,52.543638931080025],[13.36805724468221,52.5436408241716],[13.368123019694949,52.543669338927536],[13.368779920703973,52.54397055173982],[13.368793838870609,52.543976741680225],[13.369088236939062,52.54410369630444],[13.369839653292914,52.544430024014275],[13.370351332777577,52.544658727813854],[13.370366565365828,52.544665582503946],[13.370371109961686,52.544667607225016],[13.37080957329397,52.54486100087076],[13.370876358367317,52.54489117438211],[13.370892797370566,52.54489833881918],[13.37124994022244,52.54504841847477],[13.371546125536058,52.545177160801636],[13.371548985548333,52.545178396152025],[13.372191087632492,52.54545399799825],[13.37219447870866,52.545455442673024],[13.373516983154918,52.546014646439176],[13.373518409723161,52.546015247737444],[13.373665891872056,52.546077216064404],[13.374590090593118,52.54647317431099],[13.374591545063444,52.54647379545234],[13.375194617331937,52.54673051425127],[13.375517389202825,52.546868431787885],[13.375519793905635,52.54686945386585],[13.376050095689134,52.5470936553759],[13.376055547365375,52.5470959327475],[13.37646639707446,52.54726550453623],[13.37667486018741,52.547353263146775],[13.37669811422177,52.54736256666592],[13.376765350965924,52.54738810473057],[13.377044388666436,52.54749424329893],[13.377063692270907,52.54750127774007],[13.37736959369791,52.54760797850345],[13.377382848539856,52.5476124650057],[13.377634449799707,52.547695065606256],[13.37765560819928,52.54770167998575],[13.378018610197948,52.54780958078924],[13.378030404558766,52.547812988637524],[13.378784908904908,52.548024790234415],[13.37881032048291,52.54803148749029],[13.379811826747483,52.5482785894003],[13.379820910739182,52.548280777457514],[13.37996641167266,52.54831497772408],[13.379972819973283,52.54831645799064],[13.380015120249238,52.548326058065925],[13.38002818778846,52.548328917452906],[13.380480390832703,52.54842421820863],[13.380508505680249,52.54842966737891],[13.380997909168073,52.548516368082886],[13.381034913689268,52.54852213841726],[13.381790119385498,52.54862413927157],[13.381829458827667,52.54862860489879],[13.382123261138506,52.5486557051349],[13.382181320442314,52.548661038211975],[13.382199730603537,52.54866254892205],[13.382559333472495,52.548688549154726],[13.382578649506089,52.54868974954],[13.383540493725505,52.548739782606646],[13.383810744279481,52.54875783694551],[13.38408087619584,52.54878165050545],[13.384482000365773,52.54882873657888],[13.384904683985422,52.54888968393471],[13.385352449483728,52.5489585328853],[13.385354737620366,52.54895888174214],[13.386355456325072,52.54911015447045],[13.386524569309525,52.549135789490386],[13.386706586790451,52.549165115638324],[13.386714828177254,52.549166404765586],[13.38711683114776,52.54922740526997],[13.387118449413935,52.54922764934492],[13.387874255012136,52.54934095028301],[13.387879208986748,52.54934167908254],[13.387885639047541,52.54934260713344],[13.387900178201846,52.549344812512494],[13.387919965720787,52.549347594394206],[13.38795546599024,52.549352194432885],[13.387956495799243,52.54935232728749],[13.38802117415656,52.54936063460646],[13.388139653304746,52.54937604088377],[13.388151981830738,52.54937756040604],[13.388298924224287,52.549394679267614],[13.388312789362956,52.54940200078514],[13.388336440304098,52.54941219759263],[13.388361618247027,52.549420930725475],[13.388388080257911,52.54942811592015],[13.388415571012901,52.549433683848754],[13.388443825261742,52.54943758078789],[13.388472570387169,52.54943976913703],[13.388592419608326,52.54944526681165],[13.388967291325898,52.54946254211438],[13.389110534139913,52.54947694091584],[13.389183632236307,52.54948432053866],[13.389223431176006,52.549487494554874],[13.389422632777793,52.549499194662225],[13.38944549414626,52.54950026447492],[13.389958082681398,52.54951814897652],[13.390251571778442,52.54953041066523],[13.390255715377592,52.54953057484475],[13.390327873936823,52.54953327846627],[13.390612040775789,52.549547025319285],[13.390624108228952,52.549547533231],[13.390660408523711,52.54954883324389],[13.390664990090338,52.54954898642308],[13.3906748721544,52.549549293320375],[13.39072814327374,52.54955163586392],[13.390774819761564,52.54955387511698],[13.390778862759248,52.54955527545179],[13.390805296960298,52.54956244364618],[13.390832756167821,52.54956799841783],[13.390860976109288,52.54957188630645],[13.390889685190452,52.549574069894234],[13.391007485666936,52.54957946991991],[13.391036404563046,52.54957992820536],[13.391065257984563,52.549578657125465],[13.391093768298326,52.54957566891076],[13.391121661172727,52.549570992314386],[13.391129485794005,52.54956916125808],[13.391810369342677,52.54959761066414],[13.391814494526525,52.54959777416341],[13.392223139518299,52.54961309340686],[13.39258788517855,52.549628403002345],[13.392596521016332,52.54962872668809],[13.393821130969274,52.54966912709502],[13.39400420545319,52.54967513284634],[13.394004968591215,52.549675157578164],[13.395957884468261,52.54973765821142],[13.395972796524429,52.549738020078735],[13.396946104466684,52.54975412027263],[13.39695997705518,52.549754250183476],[13.397918417867844,52.549756349241974],[13.399030113772831,52.54975984741168],[13.399233269293527,52.54976054692724],[13.399295584066637,52.54976074764673],[13.399457612465927,52.54976124806221],[13.39945836968659,52.54976125010398],[13.401018640879377,52.54976483638822],[13.401499521671818,52.54977194399294],[13.401976857247838,52.54978589839955],[13.402583502613444,52.54981837449103],[13.402585016880018,52.549818454353314],[13.404923786384416,52.54993992695776],[13.405089038443974,52.549948697885654],[13.406608183887757,52.55002910569297],[13.406613965509749,52.5500293942199],[13.407249570649501,52.55005919450178],[13.407264868542923,52.55005978991724],[13.407758872560455,52.55007509007306],[13.407771244570537,52.55007539390266],[13.408002646458261,52.55007959395166],[13.40801129499723,52.55007971223042],[13.408435098459266,52.550083612289434],[13.408449998934062,52.550083634641084],[13.408772501570796,52.5500816346457],[13.408777218918114,52.55008159388248],[13.409111121647689,52.55007789387401],[13.409132517129937,52.55007741985828],[13.40946641985127,52.55006631978978],[13.409472458777122,52.550066100086454],[13.40980646149498,52.55005290000098],[13.409815925006079,52.55005247935866],[13.410156127765761,52.550035679244495],[13.410168696926943,52.55003497593263],[13.41076190171307,52.549997875670755],[13.410766920238133,52.54999754855642],[13.411341489482512,52.54995857954667],[13.411857156880588,52.54992570278935],[13.411859607468518,52.54992554338912],[13.412648162366782,52.54987323267356],[13.413413716424522,52.5498246181878],[13.413425625788673,52.54982378722142],[13.413987030286554,52.54978108691284],[13.41399082561913,52.54978079060701],[13.414088226397638,52.54977299055036],[13.414095691480254,52.549772363131034],[13.41441032430208,52.54974466906158],[13.414465023026349,52.54973986249882],[13.414466488781974,52.54973974035258],[13.41448208192195,52.54973831124344],[13.41448708196137,52.549737811239744],[13.414537255478633,52.54973277381545],[13.41454635990619,52.54973181500805],[13.41459716030339,52.54972621496645],[13.414613768984882,52.54972423368029],[13.414771870200356,52.54970393352859],[13.414776364285624,52.54970334532856],[13.414954065644821,52.54967964515128],[13.414977321756107,52.5496762408521],[13.415203623435351,52.54964014058178],[13.41522791998519,52.54963592381875],[13.41542232137197,52.54959942354646],[13.415459807966553,52.54959153474089],[13.415903610889986,52.54948783397772],[13.415931855035323,52.54948071736012],[13.416360057640516,52.54936481652062],[13.416360716017396,52.5493646380237],[13.41650911691837,52.5493243377319],[13.416534465061126,52.54931700881243],[13.416676765849862,52.54927330850177],[13.416684153311165,52.54927099994192],[13.416868154299996,52.549212499528586],[13.416874549421,52.549210435769844],[13.416918352287768,52.54919608982749],[13.417321249429916,52.54906655856561],[13.417574450349058,52.54898568172462],[13.417580319945097,52.54898378109104],[13.417763120897654,52.548923780669625],[13.418206866670115,52.54877803254225],[13.418208931478228,52.5487773511144],[13.418381132366257,52.54872025071417],[13.419784186795392,52.548254465432905],[13.420254933148534,52.54809814975207],[13.420267326481252,52.548093915613585],[13.420524327723736,52.5480036149882],[13.42055267459711,52.54799299455729],[13.420945876181177,52.547836193504445],[13.420971540434238,52.54782535714189],[13.421348641633418,52.54765695604843],[13.421394684611611,52.5476341390484],[13.42350748734414,52.5464747320744],[13.423508634250142,52.546474101019314],[13.424305835237414,52.546034298379816],[13.424306782682299,52.54603377454124],[13.424710481916257,52.545810082109774],[13.42493126437699,52.545689979058224],[13.424934810252724,52.54568803437733],[13.425086010436491,52.54560443387609],[13.42508717275114,52.5456037894934],[13.425253416521905,52.54551137736417],[13.425460427184126,52.54540114795746],[13.425671030317634,52.545295797892074],[13.425877105817172,52.54519406286238],[13.426154874127704,52.54507309584752],[13.426364211534912,52.54498738997369],[13.426547957088642,52.54491785944424],[13.426710666403123,52.5448592453305],[13.426836099061388,52.54481416331869],[13.427245864778026,52.54467137337057],[13.427370700255267,52.54462822512211],[13.427382629156616,52.54462416045131],[13.427385365356258,52.54462322227925],[13.427807667441733,52.544477521266266],[13.429767258604405,52.54380023984456],[13.430132174786216,52.54368816232542],[13.430469590489977,52.54359068018633],[13.430604979693715,52.54355512997741],[13.430606155956216,52.54355482019198],[13.43073864865131,52.54351982208342],[13.431282362933093,52.54337620870484],[13.431951593074801,52.54320137089677],[13.432476304741515,52.543065249321366],[13.432487240310858,52.543062332326535],[13.432973143242165,52.54292913136332],[13.43299460285122,52.542922928902854],[13.433419305223376,52.54279372798296],[13.433450129804495,52.54278364365224],[13.433991132424147,52.54259384233738],[13.434002990060536,52.542589569094865],[13.434131375906592,52.54254205924988],[13.434371661636133,52.542453548479614],[13.434373558552561,52.54245284676189],[13.434859160736055,52.542272445528475],[13.435238760345646,52.542131382507975],[13.436675502284885,52.541598239913796],[13.436676491959313,52.54159787184409],[13.436836367871706,52.54153828068196],[13.437353445244694,52.541345588660114],[13.437369442605256,52.54133940981239],[13.43775184413656,52.54118640878608],[13.437773746663451,52.54117720796419],[13.438066247624368,52.54104830712377],[13.438080230977535,52.54104195078491],[13.438139011984592,52.54101439708942],[13.43833788007741,52.54092283231241],[13.438339061207119,52.54092228706129],[13.438822162600365,52.54069868562665],[13.438825278869658,52.5406972332751],[13.438841335160522,52.5406896984524],[13.439847692208653,52.540225093801496],[13.440013749755884,52.54014848990167],[13.440184135563898,52.540070271582266],[13.440364974318014,52.53998729939426],[13.440367181081513,52.53998628193399],[13.440720861733492,52.53982241464358],[13.440746639770074,52.5398105469775],[13.440871128713736,52.5397532176316],[13.441243466345245,52.5395869617269],[13.441557275228385,52.53945249914834],[13.441795545872157,52.53935862025422],[13.442000584877407,52.539279329156926],[13.44233814123365,52.539151154127794],[13.44292780195294,52.53893217089424],[13.444087365149004,52.538502457646224],[13.445362839776022,52.53802942888968],[13.445885451160779,52.53783576127683],[13.445892971951372,52.53783292692305],[13.44638877408128,52.537642925634046],[13.446408492760844,52.53763502910741],[13.446604593483825,52.537553028564204],[13.446625957439915,52.53754366096766],[13.446810957984779,52.537458660420995],[13.446824510652489,52.537452242853774],[13.447002411083776,52.53736544230712],[13.447017780716875,52.5373576794286],[13.44718498101436,52.53727027889242],[13.447206677526857,52.53725835649985],[13.447476977730481,52.53710225558168],[13.447493521868143,52.537092317028076],[13.447677721842707,52.536977216375575],[13.447698469141656,52.53696356210268],[13.447895068861653,52.536827261370036],[13.447898938739216,52.53682455121822],[13.447990538584506,52.53675975087373],[13.44800870090288,52.536746253004694],[13.448095500637306,52.53667845266409],[13.448100056657223,52.536674847072675],[13.448241856169158,52.53656114651041],[13.44826485197943,52.53654135599186],[13.448616749979362,52.53621575452251],[13.448627938053866,52.53620499207286],[13.451010121322291,52.533820881878064],[13.451010858588383,52.53382014196406],[13.45104219306304,52.53378860943706],[13.452423616616533,52.53240587059822],[13.453171282310837,52.53165689653353],[13.453979346810952,52.53084892289685],[13.453979723360732,52.53084854586062],[13.45427892125012,52.53054854457959],[13.454423933523286,52.530403138481276],[13.454446855098693,52.530381101670784],[13.454452829032736,52.53037523450061],[13.454481329416918,52.53034663414058],[13.454773866460087,52.53005349738744],[13.45503586950813,52.529797249828455],[13.455644442245022,52.52920376496963],[13.455767323280288,52.52908395961787],[13.455878714662974,52.528976733099086],[13.455882229140803,52.52897330758922],[13.45650140745718,52.52836218320589],[13.45712231137669,52.527775210961984],[13.45788409944616,52.52707138543015],[13.45789973278503,52.52705692453853],[13.45800935396443,52.52695625507005],[13.458141725741978,52.52683474841218],[13.458302009145587,52.52669069124323],[13.458469460143919,52.52655309103065],[13.458646376044618,52.526415426669956],[13.458829091437185,52.52628617717457],[13.45911998011836,52.526106463348846],[13.459334975035787,52.525985455674856],[13.459632308599911,52.525841377650146],[13.459838007861025,52.52574717091541],[13.460005176627762,52.525678914641105],[13.460175321231961,52.525612448732595],[13.460179306118313,52.52561092260215],[13.460358064249508,52.52554438157086],[13.460499364978606,52.525495582214226],[13.461148176585036,52.52527115393821],[13.46204110621691,52.524972680777836],[13.462581901329006,52.52479274842492],[13.462647167331633,52.524771026420524],[13.463435335508299,52.52450810329937],[13.463668104814934,52.52443054669962],[13.463669563380588,52.524430059085724],[13.464011735091661,52.52431528348512],[13.464288218314538,52.52422859749716],[13.464557148442363,52.52415003458725],[13.464815596772183,52.52408225085877],[13.465086965271949,52.52401797437856],[13.46550226780053,52.52392802624151],[13.465846977235291,52.52385530939406],[13.465848410061684,52.52385500587569],[13.466007186380782,52.52382123216495],[13.46641806441697,52.523733958021204],[13.466530591985697,52.52371005215123],[13.466533740055425,52.52370937725902],[13.467187844501636,52.52356787621127],[13.467205641357337,52.523563828149406],[13.46753154348052,52.523486027578],[13.467555516273093,52.52347992984558],[13.467875918222203,52.52339332921827],[13.467903772860282,52.523385262363604],[13.468172674339701,52.52330206177308],[13.468205134885766,52.52329122368951],[13.468470436132728,52.523195923033],[13.468486675336973,52.5231898721803],[13.468715276306709,52.523101571582636],[13.468762187881914,52.52308143616066],[13.46897408844499,52.52298073552065],[13.468981901048545,52.52297695755999],[13.469170101490533,52.522884356978814],[13.469189314953983,52.52287448375756],[13.469370115229314,52.52277748316894],[13.469388633729682,52.5227671123442],[13.469570333842986,52.52266091172312],[13.46958972674333,52.5226490357298],[13.46976412666459,52.52253713510392],[13.469781956363263,52.522525167143804],[13.469991256030317,52.52237816635951],[13.470015480106365,52.5223599888221],[13.470211879429042,52.52220238804344],[13.470224931485973,52.52219149609319],[13.470391130713114,52.52204719541456],[13.470411854976597,52.522027916005094],[13.470565253905821,52.52187471534933],[13.470573981001783,52.521865707412694],[13.470704679932977,52.5217262068432],[13.470721119974762,52.521707384907735],[13.470839018681627,52.52156218437523],[13.470852013354074,52.521545065399515],[13.470998811305893,52.52133756471713],[13.47100684318366,52.52132562710242],[13.471140840989184,52.521115826468034],[13.471148532862918,52.52110307613169],[13.471361828727336,52.52072777510323],[13.471363527297362,52.52072474279213],[13.471491565825373,52.52049279231015],[13.47179257124633,52.5199542933496],[13.47187134116208,52.519840083886464],[13.472729338141313,52.518627821381685],[13.472729822725965,52.51862713473113],[13.473717508827844,52.51722353013576],[13.473717924477036,52.51722293797123],[13.474105818974701,52.51666893616484],[13.474112210948277,52.516659433313556],[13.474295707991384,52.51637513244651],[13.47430158836619,52.51636563005812],[13.474401486540426,52.51619702957952],[13.47440301926525,52.516194411129554],[13.474437018621964,52.51613561096605],[13.474438597265138,52.51613284491815],[13.47447096022357,52.51607538693609],[13.474508622518117,52.51600882880857],[13.47451044803739,52.516005551626876],[13.474678210854155,52.51569955396756],[13.47484544599122,52.51540435053932],[13.47484572741278,52.51540385258936],[13.474850433020807,52.515395506607945],[13.474962610537402,52.515200484518296],[13.475187529990428,52.51480965017458],[13.47519963110208,52.51479073224501],[13.475251633747094,52.51470945824971],[13.475337906751529,52.514579258434495],[13.475339330201901,52.51457708996691],[13.475351230012333,52.51455878991076],[13.47535268446778,52.51455653097135],[13.475424083295682,52.514444530633284],[13.47542876647502,52.51443693144248],[13.47554906429109,52.514234830866585],[13.475560445176987,52.51421369438296],[13.475619443755907,52.51409149409223],[13.47562996777525,52.5140663922181],[13.475668366442607,52.51395879202238],[13.475675140646915,52.51393642854047],[13.475784834989419,52.513496927961086],[13.47578580149562,52.513492902631405],[13.47580111796247,52.51342649452985],[13.475801800532288,52.51342362757746],[13.476075554366286,52.5122978674609],[13.476084787580756,52.51225984049045],[13.476184296427656,52.51185548916976],[13.476186551260916,52.51184534519809],[13.47622284887569,52.51166254500174],[13.476225528678581,52.51164576096287],[13.476253925568228,52.51141096079918],[13.47625532601379,52.51139380657735],[13.476261923936619,52.511238306528945],[13.47626198191081,52.511221181294005],[13.476256679921546,52.511072481305106],[13.476255539788639,52.51105662043285],[13.476240837979187,52.51092072049168],[13.476239019560298,52.51090758206842],[13.476208717189136,52.51072798219951],[13.476205144925704,52.51071085678183],[13.476166942932972,52.51055725695352],[13.476162238667989,52.51054089887495],[13.476114236807533,52.51039399909367],[13.476106457294259,52.51037337640552],[13.476015254708718,52.510160476822335],[13.476003777744406,52.51013698874856],[13.47589397547679,52.50993738924625],[13.475879857739674,52.50991436643386],[13.475723255343022,52.50968336713144],[13.47570758977488,52.50966221874001],[13.47560328857642,52.50953271919391],[13.475598345848569,52.50952672430967],[13.475456344351544,52.50935842492278],[13.475441984026794,52.509342416847765],[13.475117771571608,52.509001818045135],[13.475038171778726,52.508917946135625],[13.475023181598091,52.50890207437572],[13.475021902878092,52.508900727203034],[13.474171782595143,52.5080095313264],[13.47406836746615,52.507900632642354],[13.47406802476287,52.50790027224782],[13.473859051242927,52.50768080274383],[13.473510076573792,52.50731413384814],[13.473509223295803,52.50731324025906],[13.473363295619977,52.507160921982255],[13.472835864478492,52.50660890543663],[13.472753675740547,52.50652300908448],[13.472752825365555,52.506522123254435],[13.472210021015426,52.50595852553593],[13.472198570626627,52.50594712692254],[13.471930868874711,52.50569142802499],[13.47192388004864,52.50568490924712],[13.471840679570063,52.50560910958539],[13.471824891208378,52.50559542544799],[13.471721890777163,52.50551042585431],[13.47156872477611,52.505384050098016],[13.471335885480718,52.50519040135205],[13.471334483723258,52.505189240414296],[13.470895992690776,52.50482759847789],[13.4706692017853,52.50463985604442],[13.47065771140972,52.504630657527954],[13.470650477507522,52.50462505571193],[13.470562314977208,52.50454923839648],[13.47032074972543,52.50433090462846],[13.470126409982248,52.50412284821477],[13.470126099660492,52.50412251639829],[13.47012156621051,52.504117674911036],[13.47011653024167,52.50411176741399],[13.47011237941789,52.504106986452435],[13.4699984386794,52.50397810140467],[13.469976824436637,52.50394906674139],[13.469838171604815,52.50376257666274],[13.46961679596422,52.50339111731092],[13.469542272783219,52.50323683876294],[13.4695420171343,52.50323631100395],[13.469512234005682,52.503174999572245],[13.469491012208113,52.50312129563776],[13.469435207552111,52.50294831768031],[13.469407528459486,52.502854795644865],[13.469356992470827,52.50268441355708],[13.469337086253313,52.50260211673834],[13.469337069475728,52.502602001402984],[13.46932373776767,52.50250739502619],[13.469321411429242,52.502493882625416],[13.469295115029114,52.50236468281514],[13.469287721077144,52.50232567608531],[13.46924297163241,52.50200508429118],[13.469239189681625,52.501984810950994],[13.469172785984995,52.5017008112479],[13.4691694640522,52.501688207885955],[13.469122562006804,52.50152840809868],[13.4691196941492,52.501519313519765],[13.469062492010485,52.50134971378054],[13.469059130141693,52.50134037648281],[13.468925825830029,52.50099227709186],[13.46892346974986,52.500986351753475],[13.46884187795317,52.500788490438794],[13.468841374135565,52.50078723093577],[13.468840384223055,52.50078479321959],[13.4688028902785,52.500693823943024],[13.46850808072755,52.49995657447834],[13.468327581754417,52.49950499176517],[13.46832721247413,52.499504073118956],[13.468304411782013,52.499447673223166],[13.468203203649296,52.49919736116702],[13.468202229021223,52.49919498547704],[13.468062724929977,52.498859786114494],[13.468059553469374,52.49885248774254],[13.467950650586731,52.49861208823961],[13.46793861351334,52.49858866209162],[13.467798710801134,52.4983457627236],[13.467777377706012,52.49831373585678],[13.46759737541714,52.49807683664689],[13.467584352817413,52.49806076067862],[13.46747545171551,52.49793436114688],[13.467458343056327,52.497915852682496],[13.467273541665435,52.497729053454215],[13.467260311284516,52.4977162934284],[13.467133610533365,52.497599593945004],[13.467126494266653,52.497593190116795],[13.46702541386608,52.497504303164064],[13.466836207469171,52.49733422724297],[13.466820301111603,52.49732062071814],[13.466614700291581,52.49715312152565],[13.466595502059562,52.49713830835094],[13.466255001230591,52.49688930963741],[13.46624299978015,52.496880806593055],[13.466053499478587,52.49675070729116],[13.466050883097234,52.496748923036584],[13.465217694316962,52.496184508692124],[13.464856622301632,52.495938122539656],[13.464394525985584,52.495612532314],[13.463719132830109,52.495124801816104],[13.463694950509488,52.49510838812637],[13.4635584962613,52.49502130168252],[13.463332985341856,52.49485292270191],[13.463136034969061,52.494693910481594],[13.462963862899244,52.49454644357215],[13.46294394301589,52.49452813900123],[13.462828301179675,52.494420978692986],[13.462816002734192,52.494408989774705],[13.462808797645069,52.4944021396568],[13.462733440607959,52.494332248178885],[13.462622883910043,52.494225095896915],[13.462621310544625,52.49422357938428],[13.462257675017012,52.49387500833981],[13.462094184789569,52.49371067146414],[13.461902254167633,52.493497333796654],[13.461772047006166,52.49334105006559],[13.461708324657419,52.49325714255661],[13.461644145294176,52.49317214719814],[13.461551521729243,52.493031410142315],[13.461449828000664,52.49286836970036],[13.461438442588518,52.492850153171965],[13.461273158103605,52.492575875990525],[13.461266667781794,52.492565594732106],[13.461029564008161,52.49220649579063],[13.461026039150871,52.49220127585345],[13.46064213344541,52.49164517755909],[13.460628687248999,52.491625711007856],[13.460625633033656,52.49162136922492],[13.460044924893502,52.49081057179357],[13.460044191684291,52.49080955235356],[13.459709844271064,52.49034662533043],[13.45968844964733,52.490314732819925],[13.459609533737993,52.49018900963593],[13.459522402761621,52.49003514348826],[13.459474917903323,52.489939581625485],[13.459429380685371,52.48982316229601],[13.459374319585907,52.48967621630858],[13.459343946050998,52.48955604191225],[13.459326612094642,52.4894194751188],[13.459315675916399,52.48925364335641],[13.459318930110124,52.489096798752335],[13.459336173121066,52.48889394718705],[13.45938332853684,52.48847515753295],[13.459383617863772,52.48847243728702],[13.459397987420765,52.488328922196345],[13.459442052451974,52.48790000690202],[13.459442403334645,52.48789628224747],[13.459466299628279,52.48761738210096],[13.459466942315856,52.48760701632649],[13.459475739255087,52.48737761625946],[13.459475897918704,52.48737028140748],[13.459476895210635,52.487167581381726],[13.459476818815524,52.48716061071503],[13.459472816823371,52.48701151071948],[13.459472632271567,52.48700664530914],[13.459466430582403,52.48688014532678],[13.459466032576175,52.486873863826666],[13.459455542830481,52.48673887402161],[13.45960004659013,52.48653641252669],[13.459911724650173,52.48618044603205],[13.460349506872284,52.48574803947168],[13.460375948049204,52.4857190035448],[13.460630145282131,52.485406702397896],[13.46064053164647,52.48539219614571],[13.460651157159926,52.48537775458945],[13.46081195454858,52.48512695382901],[13.460830755416419,52.485092632493],[13.460962252033026,52.484805231840745],[13.460969214348207,52.48478846896171],[13.461113109622293,52.48440336823171],[13.461116893589331,52.484392464523765],[13.461204190173806,52.4841201640739],[13.46121245210902,52.48408551860024],[13.461234850240215,52.48394331847564],[13.46123544535444,52.48393555740922],[13.461236738033568,52.483927828027866],[13.461247936310475,52.48379812795934],[13.461248748189428,52.48377777941495],[13.46124654364325,52.48343747939089],[13.461244384494941,52.48340810837574],[13.461201780488688,52.48310550855484],[13.461199498902495,52.483092207453794],[13.461076990975673,52.48248690799403],[13.461074591492954,52.482476342416014],[13.460903890908044,52.48179873345371],[13.460769973493921,52.48112713842055],[13.460747909657373,52.48092253069789],[13.460747817005995,52.480707247675774],[13.460771556567462,52.480502216678495],[13.460822805848139,52.48029756467065],[13.460903467414918,52.48007001715118],[13.461019632002325,52.47984066541197],[13.461207835728915,52.4795305324571],[13.461506797943807,52.47911530006154],[13.461508417604302,52.47911302927355],[13.461781047792112,52.47872716900119],[13.46239490486257,52.47789518860256],[13.462420486336447,52.477853926313166],[13.462596382374448,52.47750732545203],[13.462599469412806,52.47750104013556],[13.462753765626733,52.47717613937379],[13.46276345636494,52.477152850525506],[13.463009147897795,52.47646714927383],[13.46301924700142,52.47642948664868],[13.463136238480635,52.47577788600825],[13.463138391188753,52.47576307470433],[13.46318228596676,52.475368574447714],[13.46318235348841,52.475366375751776],[13.463182729876571,52.47536418871246],[13.463182895059312,52.47534874066095],[13.46318336939282,52.47533329499557],[13.463183083656455,52.47533110284568],[13.463183107170218,52.475328903810045],[13.463138398624645,52.47468780396524],[13.46313469611533,52.474660051714395],[13.463061091232014,52.47428735203816],[13.463055659788587,52.474265515549014],[13.463014858057093,52.47412971573413],[13.463013545705964,52.474126301438794],[13.46301267689712,52.47412283471775],[13.462812269323267,52.47352203563043],[13.46279860924718,52.4734891178813],[13.462617905009516,52.47312651870341],[13.462613146299669,52.47311740674727],[13.462420342290539,52.472764507620646],[13.462400699476893,52.47273342998006],[13.461902169305013,52.47204187776484],[13.461525655173133,52.471477810587686],[13.461406465506489,52.47129728810229],[13.461244002483923,52.47102600848161],[13.460923025426679,52.47043756428927],[13.460692062900842,52.46994586360078],[13.460560832399537,52.469595603211204],[13.460406849530873,52.46918473421231],[13.460307095674052,52.46886181924521],[13.46023693781074,52.4686312962534],[13.46023390404388,52.46862348385691],[13.460231559014172,52.46861558352371],[13.459792444740518,52.46746198552816],[13.459786272424083,52.46744719968299],[13.459613867889775,52.46706800046927],[13.459597930161099,52.46703808832472],[13.459316025167649,52.46657838959129],[13.459306760704628,52.46656420646834],[13.459185058913445,52.46638880700848],[13.459176157034065,52.46637754950708],[13.459167786444812,52.46636614098484],[13.45892978387941,52.46608024201385],[13.458907332833302,52.46605569789054],[13.458592330532378,52.465740899201485],[13.458589399932517,52.465738001406606],[13.458329798132356,52.46548400248134],[13.458319880591874,52.46547528273457],[13.458310529026717,52.46546633275167],[13.458212828555844,52.46538223314191],[13.458205088313482,52.46537572586281],[13.458109987924066,52.46529762623703],[13.458099250484189,52.4652890787304],[13.457936649967053,52.46516357935675],[13.457925111817314,52.465154951958866],[13.457802411535546,52.46506605242044],[13.4577943207815,52.46506031416859],[13.457591820431581,52.46491971491749],[13.457571984600337,52.46490661295108],[13.457385984510683,52.464789713609775],[13.457380446633886,52.46478655874269],[13.457375297263086,52.46478316727036],[13.457162397287805,52.464656068006185],[13.457152379692298,52.46465022671296],[13.457017179778488,52.46457322716942],[13.456996777495013,52.464562701883494],[13.456976503551827,52.4645520844911],[13.456974713658626,52.46455131941342],[13.456973044665558,52.46455045839938],[13.456951051549932,52.46454120520079],[13.456929171377164,52.46453185265661],[13.456927267324964,52.46453119841693],[13.456925468195033,52.46453044146508],[13.456902096052364,52.46452254946594],[13.45687882036443,52.46451455183773],[13.456752868327944,52.46447611557635],[13.456512280164969,52.46435491619917],[13.456490734191874,52.464344567303364],[13.456261334819425,52.464239567988244],[13.456245917980283,52.46423274639289],[13.456143718316115,52.46418904668521],[13.45613244825717,52.46418434563931],[13.455959648889499,52.464114046117736],[13.45594565129875,52.464108524558796],[13.45571025226197,52.46401852518363],[13.455697245982762,52.46401369432659],[13.455524246755264,52.463951294767426],[13.455508316598511,52.46394575137052],[13.455323217503397,52.46388365181802],[13.455306217771213,52.46387816726579],[13.455117818770145,52.46381976769497],[13.455102283436258,52.463815126063146],[13.454982384113501,52.46378062632097],[13.454969060881943,52.46377691565212],[13.4548220617526,52.46373731595209],[13.454809541947286,52.46373404836429],[13.454604543210683,52.46368224876142],[13.454600258503085,52.46368131365782],[13.454596114962872,52.46368016549172],[13.454406216162127,52.463634265846416],[13.454384423647351,52.4636293002814],[13.454195824906469,52.46358890059969],[13.454186014116297,52.46358685808563],[13.453986715476283,52.46354655840574],[13.453969168905802,52.46354319515495],[13.453778270254727,52.46350859543383],[13.453754753151442,52.463504654817896],[13.453592454344193,52.4634796550233],[13.453582901980042,52.46347823532143],[13.453430703114057,52.463456435501975],[13.45341486795351,52.463454307462776],[13.453121070187382,52.46341740777258],[13.453097475972458,52.46341474928486],[13.452895177549278,52.463394549458386],[13.452879191357221,52.46339309053362],[13.45266639303834,52.463375490687774],[13.452649069372088,52.463374217274904],[13.452465670838013,52.463362417381234],[13.452455548159918,52.463361820029874],[13.452246949836509,52.463350620133134],[13.452226461415785,52.46334973975879],[13.452021963073152,52.46334313982495],[13.452012303125269,52.463342876627166],[13.451886304149118,52.46334007665776],[13.451879409132728,52.46334013023019],[13.451872526826268,52.46333986908541],[13.451493529913119,52.46333686913358],[13.451491531989689,52.46333685538704],[13.451328309494608,52.463335901443074],[13.451147012364123,52.46333187678649],[13.451003253431189,52.46332733034282],[13.450882759551389,52.46332105109293],[13.45083972529961,52.463317746818454],[13.450674333522949,52.4633050752981],[13.450538079010174,52.46329182597016],[13.45043363367987,52.46327860185068],[13.450306042511206,52.46326070641323],[13.450054547417471,52.463217103865354],[13.449999034859468,52.4632092308551],[13.449942536061572,52.46320467335435],[13.44988558051974,52.46320347407501],[13.449828702010109,52.463205644256405],[13.449772433586896,52.46321116355992],[13.449757035193166,52.46321362611595],[13.448290004058562,52.4629588486638],[13.448288995952284,52.46295870582515],[13.448288014463957,52.46295850542446],[13.447947216908469,52.46290010589851],[13.447943118466798,52.462899534434015],[13.447939112852515,52.46289875518547],[13.447809960386257,52.462877832702155],[13.446638107164805,52.46268003027034],[13.446616159444954,52.46267660172096],[13.446265562055398,52.46262620213827],[13.446240993757952,52.46262300661002],[13.445859896682835,52.4625786069857],[13.44585784998866,52.46257837082391],[13.445281154424496,52.46251247138263],[13.445263973292677,52.46251103677373],[13.445246897594293,52.46250919134898],[13.444532403259334,52.46245389183703],[13.444517436458403,52.46245318690473],[13.444502540748207,52.462452051580755],[13.44360124801695,52.4624106519714],[13.44358209561114,52.46240996366099],[13.442438204897671,52.46238026397344],[13.442430171815461,52.462380296346396],[13.44242215515975,52.46237998105676],[13.44129286435586,52.462369481213386],[13.441292720679595,52.46236948418591],[13.44129257721363,52.46236947858504],[13.44008104327488,52.4623585631601],[13.439543605186007,52.462330843777885],[13.438904643453418,52.46227622923474],[13.438362972266068,52.46221740656656],[13.437285452726792,52.462080533360655],[13.437115418639051,52.462056670637224],[13.437098703089985,52.46205448033275],[13.435431115819139,52.46185138204423],[13.43541403774445,52.46184946147408],[13.434465145118526,52.46175156231302],[13.434457959049515,52.46175084877051],[13.432959470771605,52.46160785000572],[13.43292983272913,52.461605490593506],[13.428995215194035,52.461354063792825],[13.428310930266898,52.46124640543354],[13.428310893602452,52.461246400823555],[13.428310857852843,52.46124639404341],[13.426287472656215,52.46092819665364],[13.426274360393254,52.46092654880856],[13.426261408449697,52.4609244813319],[13.42624608651495,52.46092299556673],[13.426230890986515,52.4609210859075],[13.426217577442433,52.46092023104171],[13.426204356109036,52.46091894896646],[13.425196064157685,52.460851949568855],[13.425124454565768,52.460849873218386],[13.424311561190398,52.46085657321637],[13.424226724451323,52.460861034411614],[13.423474830372628,52.460934333872494],[13.423459881453612,52.46093591205838],[13.422738112249629,52.46101797258731],[13.422302365175053,52.46103433498762],[13.421850017543367,52.46102668640504],[13.421413487522456,52.46099733369562],[13.4208959147915,52.46094560369646],[13.420425799065463,52.4608585315393],[13.420315779677303,52.46083784416995],[13.419427491556345,52.460606951515146],[13.419420181795171,52.46060508683604],[13.418632686673186,52.46040798835056],[13.41858727428508,52.460397930477995],[13.418540664728893,52.460390180922815],[13.418063668297654,52.46032358147645],[13.418061694277254,52.46032330803501],[13.417880495636481,52.46029840824235],[13.417837314743107,52.4602935003731],[13.417235519469877,52.460239200845216],[13.417163111128767,52.46023543707679],[13.41655451608105,52.460226837185594],[13.41653612523016,52.46022712881062],[13.416517729051769,52.460227019657076],[13.415125240383906,52.46026051947597],[13.415112704238778,52.46026119849353],[13.415100125762907,52.460261452252006],[13.41473802868995,52.46027965212843],[13.41471560944071,52.46028104330908],[13.414038914852076,52.460331042950266],[13.41401804516671,52.46033281694753],[13.413014653076385,52.460429316238866],[13.41299167044314,52.460431812653006],[13.41197647828019,52.46055481173885],[13.411963995631705,52.460556717207425],[13.41195136165955,52.46055820472171],[13.411334566282083,52.46065020403516],[13.411331223176584,52.46065081026552],[13.411327806942936,52.46065123815036],[13.410493813135506,52.460782037174305],[13.410480809343882,52.460784173700475],[13.409661315310823,52.46092497265102],[13.409646480737887,52.460927650315575],[13.408136891455138,52.46121334819231],[13.408136152405776,52.461213488381006],[13.408112186932096,52.46121804489007],[13.407939682506315,52.46123858312508],[13.407934988095978,52.461239289668306],[13.407930214899032,52.46123975966532],[13.407906952801927,52.46124350918156],[13.40788359308599,52.46124702498099],[13.407879034655709,52.46124800917921],[13.407874359860324,52.46124876268725],[13.406845967111401,52.461447961208314],[13.406837423881413,52.46144990258275],[13.406828686457658,52.46145148905278],[13.406343389761776,52.46155568828353],[13.406326639774583,52.46155945993246],[13.405851142887439,52.46167155911091],[13.405850390680952,52.4616717628783],[13.405849610122477,52.46167192196155],[13.405823988791662,52.46167891495782],[13.40579833557916,52.46168586421836],[13.405797619692548,52.46168611203919],[13.405796868420175,52.46168631708849],[13.405357470834801,52.461822416125365],[13.405328509296597,52.461832018269654],[13.404901711340372,52.46198311722794],[13.404846713289423,52.4620051845064],[13.404285715022477,52.46225878287046],[13.404251189006729,52.46227565179859],[13.404218833156305,52.46229405594426],[13.403775433203032,52.462565954391685],[13.403728956251816,52.4625980753946],[13.403383455212786,52.462867674041405],[13.403364372182253,52.46288343129626],[13.403137071107912,52.46308223036644],[13.403133062102002,52.46308613136144],[13.403128600560077,52.463089844539425],[13.402785898635763,52.46340654311073],[13.402782310971793,52.463410241032925],[13.402778283893102,52.46341376613372],[13.402503371988708,52.463681507823054],[13.402205129082976,52.46395199587301],[13.401782985608722,52.46427027179844],[13.401477735856817,52.464462987604946],[13.401183991003112,52.46463143849441],[13.400825960562843,52.46479177707852],[13.400426397814641,52.464928278960215],[13.40000349632917,52.4650587188296],[13.399572313803594,52.46518195541486],[13.398990866489978,52.465342601278145],[13.398988221615566,52.46534342978221],[13.398985467660886,52.465344112963805],[13.397795974662722,52.46568161054235],[13.397763363001927,52.4656916253718],[13.397029666787608,52.46593462367307],[13.397018443714586,52.46593843801027],[13.396217047623699,52.46621783607748],[13.396190437876266,52.46622769157124],[13.395681039982675,52.466427790225886],[13.395675534313252,52.46642997952768],[13.395245736018408,52.46660297837211],[13.395226382086344,52.466611111343745],[13.391987495975489,52.468031049888076],[13.391353702326043,52.46828947926197],[13.390144809836992,52.46867545951335],[13.38989363094129,52.46874405445756],[13.389545863304841,52.46883314563189],[13.38896603565106,52.46896064440422],[13.3886169586622,52.4690278145356],[13.388043308041654,52.46912585559372],[13.387564872606514,52.4691916451874],[13.387047265818836,52.46924634224149],[13.386644253989948,52.4692826219708],[13.38593746000891,52.469331758987586],[13.385188115604736,52.46936813781883],[13.383197702359903,52.46944447823129],[13.381043125615399,52.46949521058462],[13.381042479851317,52.46949524522397],[13.381041831623754,52.469495241911964],[13.378834649590175,52.469550141613354],[13.37881957698296,52.46955097024238],[13.378804457418557,52.46955136756436],[13.376662274700921,52.46967216673067],[13.376651213131568,52.4696731266205],[13.376640077003282,52.469673678097834],[13.376393067920494,52.46969339940056],[13.375649568023677,52.469747245947715],[13.375637557331505,52.46974819235505],[13.374743064439345,52.469824391801794],[13.374715895355983,52.469827103016556],[13.373845202121482,52.46992680227821],[13.373822070025966,52.469929745549564],[13.373148875125928,52.4700240448469],[13.373122648848923,52.47002810800766],[13.372391854186066,52.470152307082394],[13.37237371821993,52.47015558178134],[13.37012410404392,52.47058586630149],[13.369782101076659,52.470647403144774],[13.369750621881296,52.47065365966939],[13.369528523385583,52.47070205931258],[13.36949879488844,52.470709097490236],[13.369097197410987,52.470811896743236],[13.369055291506537,52.47082382560529],[13.368763097506665,52.47091569474879],[13.36854081099201,52.470984273447506],[13.368490526590932,52.47100173080965],[13.3680452284696,52.47117452964417],[13.368011519046153,52.47118863662833],[13.367162184573907,52.47157117984426],[13.366339370466028,52.47193344017104],[13.366333912056707,52.47193610131188],[13.36632814457429,52.47193850709142],[13.365517717874773,52.4723134480181],[13.364306239715706,52.4728700954421],[13.363281200906886,52.47331794640535],[13.362939250660451,52.473427774086176],[13.362578214119637,52.47353123267742],[13.362232203404098,52.47361600568593],[13.361809576718631,52.47370507353304],[13.361451006423714,52.47376854279131],[13.361026913940394,52.47381140607298],[13.360561544057072,52.47384987404341],[13.360091857113082,52.4738549508216],[13.359571326376331,52.47382545714733],[13.359404213157454,52.47381242115934],[13.359144168804347,52.47378012407355],[13.358727633519086,52.473714449088334],[13.357140499859238,52.47341560954777],[13.35710564242167,52.47340975521148],[13.356754845019914,52.473357855641225],[13.3567516002829,52.47335747742744],[13.356748421602601,52.47335692854696],[13.35646062375339,52.473316428884154],[13.356436265379804,52.473313330513896],[13.355923069329423,52.47325493101119],[13.355866379234952,52.473250206564884],[13.355316483656559,52.47322090683755],[13.35526679248282,52.47321954692628],[13.354300300361608,52.47321804700317],[13.354240741209757,52.47321979806351],[13.353905243912134,52.47324009792217],[13.353889283230416,52.47324119806476],[13.353549385944724,52.47326749787584],[13.3535030589468,52.47327223567055],[13.352831664101455,52.473357835034506],[13.352769062281052,52.47336804021049],[13.352217966132946,52.4734780393956],[13.352193792465878,52.47348322250976],[13.351598896410948,52.47361972150765],[13.351539749992385,52.47363560510568],[13.350814253984158,52.4738602035165],[13.35077003127224,52.47387539027423],[13.350118734122173,52.474122188599715],[13.350073218413733,52.47414129766948],[13.34950662004906,52.47440389598923],[13.349490818406053,52.4744114824258],[13.34908011933825,52.47461568115129],[13.349050289200868,52.47463155964207],[13.34842308978174,52.47498875753168],[13.348416621817776,52.47499282129227],[13.348409724863565,52.474996612905734],[13.348181724916403,52.47513491211166],[13.348166701927866,52.475144364730255],[13.347839301720475,52.47535806354637],[13.347826453612882,52.475367321191555],[13.347813146622444,52.47537633389726],[13.34719914514206,52.475835631533144],[13.347181717414236,52.47584932964457],[13.346929416442332,52.47605782863321],[13.346919513512018,52.47606626434583],[13.346680312365088,52.47627636336521],[13.34667957178507,52.47627708720607],[13.346678723838227,52.47627776570038],[13.346129405143396,52.47676515799123],[13.345950079211912,52.476921075743384],[13.34573512744644,52.47708816617108],[13.345519376522281,52.477243895078374],[13.345270125953412,52.47739464620022],[13.345034172589928,52.477529228390736],[13.344911492354674,52.47758923819658],[13.34476607785379,52.477650365472],[13.344579902848984,52.4777246174318],[13.344536548964758,52.47773999180774],[13.344056824408568,52.477748290986185],[13.344046929193558,52.47774851300513],[13.343521133472995,52.47776301292321],[13.343510061539316,52.47776338204011],[13.343017141385397,52.477782657732654],[13.342922747961445,52.47778572366761],[13.342769079721021,52.477789426524694],[13.34275800506701,52.477789757165404],[13.342606406298792,52.47779515713194],[13.342604825643601,52.4777952147362],[13.342594154871252,52.47779561240572],[13.34231676798865,52.477802812220894],[13.342093031019786,52.47780756022982],[13.341800519971272,52.47781080054798],[13.341505913827639,52.47781375747556],[13.34141904091573,52.47781394612966],[13.341174687960057,52.477813749326536],[13.340899152022782,52.47781209242822],[13.3406741125198,52.47780856701589],[13.340432621238168,52.47780472915478],[13.340263733996727,52.47780071259523],[13.340055204303349,52.47779405532016],[13.339390866210218,52.477772073955],[13.338788778215276,52.47775245797108],[13.338786677414596,52.47775239181967],[13.338277175178611,52.47773690426439],[13.337492836155592,52.47770702378408],[13.336721490896357,52.47767431144148],[13.336062522843191,52.47763008607264],[13.335180970344325,52.47756852687983],[13.334856528999198,52.4775443875107],[13.334852658969888,52.47754410749617],[13.333012373632327,52.47741470865921],[13.333011467268735,52.477414645355765],[13.332658270084444,52.47739014557635],[13.332648246129308,52.47738950324914],[13.332376148311448,52.47737350339629],[13.332354712215647,52.477372483679176],[13.332082514419715,52.47736258377756],[13.332080418601748,52.47736250983868],[13.331928319834223,52.477357309891],[13.331904818226803,52.47735679358169],[13.331239523647048,52.47735029367946],[13.33121288592871,52.4773504013005],[13.331209914260256,52.47735045436632],[13.33109364900919,52.477350545204125],[13.33085035278036,52.47734896793183],[13.330848647657275,52.477348958383494],[13.330551850076583,52.47734755841502],[13.330547674463604,52.47734754775393],[13.330292646601665,52.47734744846325],[13.329876020018116,52.47734575569393],[13.329875272042296,52.477345752943634],[13.328967226452736,52.47734276274567],[13.328854281264855,52.47734169996617],[13.328281493060315,52.4773351116403],[13.32816335046984,52.477333806658024],[13.328152699895806,52.47733374784333],[13.328135100039313,52.477333747844526],[13.328101740409236,52.47733374784738],[13.327815821009791,52.47733129235458],[13.327379476042946,52.4773266037188],[13.327008292036073,52.47732260391618],[13.326242836028726,52.47731479813592],[13.326241438304224,52.47731478489159],[13.325190646866186,52.47730558503769],[13.325025191891786,52.47730419958982],[13.325003808767097,52.47730392661502],[13.324991052344748,52.47730384816092],[13.324558455872133,52.477304048188834],[13.324553555106085,52.47730406289839],[13.322402972643761,52.47731596294883],[13.32240237782833,52.47731596641824],[13.320494693385207,52.47732766645392],[13.320492786373654,52.477327680020274],[13.320073089796134,52.47733108002146],[13.32007000466638,52.4773311099453],[13.320052304810702,52.477331309944894],[13.32004439955436,52.477331431696165],[13.319818801392652,52.477335831675965],[13.319809419932502,52.477336060366106],[13.319440222936487,52.477346860303946],[13.319425669508993,52.47734739634245],[13.319205071297066,52.477357196278305],[13.31918368885113,52.47735838580391],[13.319023944410896,52.47736906872412],[13.318822200338884,52.47738245175989],[13.318806002707769,52.477383665127675],[13.318573704556377,52.47740306498755],[13.318553895633217,52.477404929478425],[13.318286697727409,52.47743292927251],[13.318261241289324,52.47743595060245],[13.317766145071454,52.4775016501143],[13.317744895212954,52.47750472294667],[13.31725579884907,52.477581322376345],[13.317240016196727,52.477583937266274],[13.316802419372877,52.47766043669738],[13.316780420339915,52.47766456813813],[13.316419622857072,52.477737067601595],[13.31640167596071,52.47774087083264],[13.315994078697484,52.47783177016416],[13.315975459295316,52.47783614213276],[13.315590061765501,52.477931241439464],[13.315565138701597,52.477937803232045],[13.315221740743043,52.47803400254109],[13.31520390875113,52.478039220990695],[13.314940610217556,52.478119620420685],[13.314928576483002,52.47812340112202],[13.314742877466122,52.47818340070081],[13.314722328461741,52.47819036404903],[13.314431329852592,52.47829366333749],[13.31441305805639,52.478300423173515],[13.31409665940753,52.47842232234995],[13.314080237404218,52.478428885373624],[13.31381113841774,52.47854038463496],[13.313794318555482,52.47854761899354],[13.313660318984168,52.47860741860614],[13.313651968584283,52.47861121470296],[13.31330966957572,52.478769713688514],[13.313291517559318,52.4787784668906],[13.31294091832499,52.478954465796015],[13.312933567890328,52.4789582172451],[13.312922967910174,52.47896371721132],[13.312921583049704,52.47896443802072],[13.312740783377262,52.47905883744243],[13.31272579978089,52.4790669337544],[13.31235540019675,52.47927403252091],[13.312341660215063,52.47928196618629],[13.311767760460286,52.47962416420554],[13.311746364742024,52.47963760445306],[13.311407464470117,52.47986190321902],[13.311401319079911,52.47986603434631],[13.311360675718277,52.47989378580491],[13.31110463457582,52.480067437813716],[13.311104121408675,52.48006778630802],[13.31109662140011,52.480072886280375],[13.31108803367905,52.480078857326475],[13.310897106009024,52.48021460547279],[13.310743604113917,52.480318621237394],[13.310737146767968,52.48032307025306],[13.310649646634404,52.48038436992574],[13.310644083496964,52.48038832479001],[13.310489993303847,52.48049948838847],[13.310293224516698,52.48063266992219],[13.310287513332497,52.48063659267037],[13.309326711929401,52.4813062890845],[13.30932502658031,52.48130746895161],[13.308852725836504,52.48163956718176],[13.308850030030966,52.48164147619274],[13.308525777904796,52.48187272486632],[13.308387380995091,52.48191516018687],[13.307806467223035,52.48208114941485],[13.307790357502807,52.48208593622756],[13.307389659714213,52.482209635352106],[13.307350719015764,52.48222280776219],[13.306990920651097,52.48235560685549],[13.306976882498162,52.48236095403096],[13.306651883843506,52.48248865317254],[13.306606786343313,52.4825082623909],[13.306373686948149,52.48262006168389],[13.306348243712529,52.48263298686758],[13.306017044216434,52.48281108578926],[13.30601328291291,52.48281331776587],[13.306009240225888,52.48281535816354],[13.305992568580647,52.482825609749504],[13.30597560071429,52.482835678554515],[13.30597221585446,52.48283812486464],[13.305968520208678,52.48284039735671],[13.30570881991936,52.48301659639961],[13.305696418721514,52.48302528636455],[13.305259717865402,52.483341384706485],[13.305241189762967,52.48335550163556],[13.304935388719015,52.48360090042316],[13.304920065146103,52.48361377911561],[13.3047688641923,52.48374695861195],[13.303390443048505,52.484819901788796],[13.301815101082374,52.48599384331537],[13.301814492056035,52.48599434552489],[13.301813807967735,52.48599481032637],[13.300021905102994,52.487339526059586],[13.297235556345294,52.48936486602244],[13.297234165446316,52.48936588076006],[13.29647704179808,52.48992030429818],[13.295757458864257,52.49042843170427],[13.295535993557078,52.490565901659174],[13.294760029305772,52.491022681641525],[13.293978543362426,52.49148262927365],[13.291287927338601,52.49304237881066],[13.290896458211561,52.49324586297485],[13.290610066724486,52.49337795439274],[13.290407705621922,52.493454068624686],[13.290176298722976,52.49352852471059],[13.28988527460721,52.4935927262961],[13.289682616895627,52.49363712883173],[13.289482892951563,52.49366737796908],[13.289283610503698,52.49368772487949],[13.289081490013752,52.493701350016785],[13.288554782041054,52.49372086483121],[13.287954472191544,52.49373140005621],[13.287920505314736,52.493732596044225],[13.287569108156417,52.49375119591831],[13.28753329979638,52.49375376726383],[13.287116003103373,52.493791666988315],[13.287063717498036,52.493797902134155],[13.286699320236465,52.493851901732306],[13.286638737970026,52.49386301258091],[13.286231040725458,52.49395261192131],[13.286190069009265,52.49396269062826],[13.286150449870656,52.49397461498258],[13.285723152087503,52.49411561399641],[13.285709963159174,52.494120491020105],[13.285696422028176,52.49412499414076],[13.285685256572691,52.49412962705556],[13.285673709250645,52.49413389703704],[13.285661367010816,52.4941395396138],[13.285648614220062,52.4941448311587],[13.285371615036416,52.49427233034075],[13.285363120272649,52.49427631482472],[13.285063921058311,52.49441931391903],[13.28501788386151,52.494443767500044],[13.284660084059839,52.49465466627239],[13.284628135015739,52.49467503513131],[13.28459889947325,52.49469686952165],[13.284352998600568,52.49489596854296],[13.284346012947498,52.494901743642046],[13.284079611833997,52.495126642564706],[13.284072017396072,52.49513320711346],[13.283908216589749,52.495278206439544],[13.283886489711852,52.4952989214261],[13.283736588590902,52.49545322077874],[13.283722664882772,52.49546837612133],[13.283419861975414,52.49581747477277],[13.283411754706623,52.4958280454926],[13.283403076168808,52.49583844587747],[13.283143572787434,52.496191244677554],[13.283138250177442,52.49619870562259],[13.282935708327853,52.49649162811812],[13.282805708339827,52.49665566688666],[13.282682547634789,52.49678689913785],[13.282552857440862,52.49691685438165],[13.282348449117984,52.497089193480456],[13.28216281667146,52.49723661178492],[13.28178673054566,52.49751100859838],[13.281773755417376,52.49752081987071],[13.281557654752625,52.49769021902158],[13.281526677845989,52.49771692489451],[13.281348676759654,52.49788622414418],[13.281328949176755,52.497906409673995],[13.28096534599003,52.49830770807278],[13.28096040155957,52.498313859802806],[13.280954860868368,52.49831981926055],[13.280670972563973,52.49866342156341],[13.280595302917234,52.49875197186453],[13.28039344986949,52.49896309851147],[13.280370786432854,52.49898921261541],[13.280329735736135,52.49904161294032],[13.280104273589817,52.499316239466296],[13.280100699181155,52.49932118539544],[13.280096581413977,52.49932597136438],[13.279748677130865,52.4997835697666],[13.279739365471249,52.49979757976985],[13.279729732110521,52.49981150852694],[13.279709348329986,52.49984555499772],[13.279564876040821,52.499974315879506],[13.279495361035046,52.50003180069805],[13.27948656887337,52.500039872183],[13.279477200032654,52.500047698309515],[13.279470574613068,52.50005455541488],[13.279463353412469,52.50006118469921],[13.279455899935444,52.5000697432455],[13.279447833149485,52.5000780921104],[13.279349532190619,52.5001922916717],[13.279318471821755,52.50023487124479],[13.27927457104602,52.50030737103444],[13.279253633622957,52.50034983823884],[13.279213632352592,52.50045383803531],[13.279212549908824,52.50045743822742],[13.279211012067567,52.50046097615982],[13.279207334731648,52.50047478382146],[13.2792031978628,52.50048854296933],[13.279202698861512,52.50049219057447],[13.279201736655725,52.500495803460424],[13.279161233782466,52.50071550323668],[13.279159062528999,52.500729869794235],[13.279134759802558,52.50093576965094],[13.279134571788884,52.50093741521864],[13.279119566996082,52.50107323175673],[13.279092294629846,52.50116844280258],[13.279067072822867,52.50124145830499],[13.279034783567464,52.501300455365964],[13.279003902495834,52.50134341068531],[13.278948697361484,52.501396103059434],[13.278910189087682,52.50142907945506],[13.278870884689807,52.50145990742114],[13.278792211370932,52.50151166403932],[13.278726280756993,52.501548024061115],[13.27862608100765,52.5015944419034],[13.278535818583444,52.50162544500873],[13.278443752089778,52.50165353197983],[13.278326024863974,52.50167703844282],[13.278245036478253,52.501688966961765],[13.278173436480815,52.50169753559993],[13.27806746613953,52.50170422143286],[13.27795850888631,52.50170518566267],[13.277770935748697,52.50169784297024],[13.27760375329823,52.50167637177638],[13.277478202025174,52.5016445565314],[13.27737731188741,52.50161084044354],[13.277223838752574,52.50154573762999],[13.27705712786469,52.501457023240576],[13.276843744162758,52.501310566183065],[13.276519424251923,52.50105319562631],[13.275865795474923,52.500500969683216],[13.275862087370989,52.50049814039658],[13.27585875197094,52.500495143305024],[13.275585050896957,52.50027344437712],[13.275582984081051,52.50027193088972],[13.275581141168587,52.500270313274804],[13.275064239314469,52.49986101528403],[13.275058810376775,52.49985678226656],[13.273893206716625,52.498961786748715],[13.273893198051526,52.498961780727136],[13.273893190394805,52.49896177421644],[13.272827504208497,52.498143532469264],[13.272339523938156,52.49775283394526],[13.272335566614567,52.49774996880576],[13.272331983861827,52.49774692561298],[13.271327680724587,52.496976629473146],[13.271327156757916,52.49697622817189],[13.269817190429468,52.49582141094525],[13.266490747707193,52.49313188057756],[13.266488673835246,52.493130364511636],[13.266486824154356,52.49312874396537],[13.265791621680554,52.49257924666552],[13.265790576523894,52.492578499424425],[13.265789649196849,52.49257769632985],[13.265006141674727,52.49196532084245],[13.264652748511551,52.491686596174326],[13.262765313527664,52.49019245197572],[13.261374759326033,52.48908195709366],[13.261370998424544,52.489079240904985],[13.261367597599184,52.489076353240584],[13.261267986804846,52.48899997905299],[13.259869824190055,52.48790374244312],[13.257344669757405,52.48591737107323],[13.257116592967277,52.485728240696524],[13.257112082516263,52.485724861219666],[13.257107993344555,52.485721287559144],[13.253066712723175,52.48253448431617],[13.252184765261871,52.481805817723234],[13.251283765412548,52.481032730176366],[13.250181417531586,52.4800563887216],[13.245403812007996,52.4758150359728],[13.243885049835992,52.474455220611084],[13.24388166591393,52.474452223430994],[13.241775155110133,52.47260643188218],[13.241764217929695,52.47259716524178],[13.24098860741525,52.47196154422524],[13.240167196641794,52.47128762342593],[13.240162259432546,52.471283962405174],[13.240157765071594,52.4712800944959],[13.238987045841233,52.470370619328826],[13.23753851557329,52.46923004995154],[13.237538440667304,52.469229996595786],[13.237538374648663,52.469229939028835],[13.23720398744961,52.46896684471719],[13.235328623459441,52.46748253488253],[13.235126930149308,52.46731231507425],[13.235119853282743,52.467306921013765],[13.23511331636179,52.46730127852299],[13.233703063896288,52.466202549200545],[13.232088488626886,52.46491923097297],[13.23208511289162,52.464916573546056],[13.231401441026195,52.464383535534395],[13.227984295427762,52.46168150838524],[13.227532740167375,52.46132340551644],[13.227532423243524,52.461323178189296],[13.227532143658866,52.461322933265244],[13.22437373245451,52.4588265455217],[13.223428623549912,52.45807996577284],[13.221031464049581,52.45618597181028],[13.217740190032929,52.45357807298316],[13.2177382904299,52.453576711456584],[13.217736594598588,52.45357525296279],[13.217371223784651,52.45329159777715],[13.215073424978428,52.45147226009448],[13.21249934147655,52.449436011212704],[13.209501833339502,52.44706170409746],[13.206489638625124,52.444678370111546],[13.20350920294695,52.44231902017558],[13.201497940321653,52.44072404264883],[13.2014971375028,52.44072346678132],[13.20149642664799,52.44072284741929],[13.201271896531047,52.4405463204413],[13.200832008316286,52.440181366931256],[13.200823018053804,52.44017410259352],[13.199995315173142,52.43952260579916],[13.199995104279429,52.43952245563201],[13.199994918194728,52.439522293680184],[13.198955914612624,52.438706297701],[13.198456999592603,52.438314489186105],[13.19789930783681,52.43787649932894],[13.197400121531725,52.437484413369745],[13.196896257963322,52.43708860941322],[13.196374877335005,52.436673703723564],[13.196374414256285,52.43667337043266],[13.196374005432247,52.43667301161202],[13.195880203671228,52.43628201352823],[13.19587957327056,52.436281515266714],[13.194814465293604,52.43544116746667],[13.194663444214843,52.43531839740392],[13.194511888770101,52.43519144565427],[13.194271015490646,52.43498045685642],[13.19410370471114,52.434818234702526],[13.193896929147073,52.43459882300852],[13.19367996809062,52.43432801632422],[13.19344055483309,52.43395590113772],[13.193318518864043,52.43369279731668],[13.19330598978993,52.4336637739976],[13.193288540926172,52.433630140271944],[13.1932657823922,52.433597713838154],[13.193237933374595,52.43356680697759],[13.193205262082017,52.433537717336854],[13.19316808316192,52.4335107250613],[13.193126754670132,52.433486090097254],[13.193081674622476,52.433464049688794]],[[13.282036028048726,52.525387361007695],[13.281926880309845,52.52498876212218],[13.28186976305093,52.524595334355844],[13.281851604652031,52.52435855593014],[13.281847995231052,52.52424688624474],[13.28186900430947,52.52390961809754],[13.281902529396193,52.523611122916364],[13.28194870055589,52.52334648427515],[13.281998607289454,52.52310791883485],[13.282099705410095,52.52271756135267],[13.282277934831534,52.52217120221537],[13.282630141855355,52.52132949614023],[13.283185004424404,52.52002454268091],[13.283613134792601,52.519092365716624],[13.283612596840566,52.51909416128932],[13.283612490461998,52.519094517372324],[13.283387246962775,52.51985062298329],[13.283385620366886,52.51985593059515],[13.283385120052861,52.51985758453488],[13.283259614727678,52.520277983878465],[13.283259508697537,52.52027834005623],[13.283213706741815,52.520432639816555],[13.283155579566545,52.5206287227469],[13.283153991115109,52.52063433456967],[13.28313144138862,52.52071794407263],[13.283038988713496,52.52105845323927],[13.283038197091406,52.521061447078736],[13.283012695818728,52.521160546943214],[13.283011538503722,52.52116524691245],[13.282909159456926,52.521600582852756],[13.282813089515297,52.52199391959172],[13.282812718209064,52.52199546276465],[13.282649009283222,52.522686261886705],[13.282455542045364,52.52350650041184],[13.282455425982457,52.523506994908466],[13.282258255863791,52.524351219144215],[13.282206694111803,52.5245704441866],[13.282205908422284,52.524573904168655],[13.282156005462577,52.524801803898605],[13.282154862512298,52.52480735201915],[13.282118160027476,52.524997451817576],[13.282116325833579,52.5250083892901],[13.282098824210303,52.52513128918996],[13.28209824646192,52.52513565447933],[13.282080744565526,52.52527875437677],[13.282079917021873,52.52528670782855],[13.282068915314621,52.525414907759604],[13.28206827406591,52.525425205169746],[13.282066163618953,52.52547966238068],[13.282036028048726,52.525387361007695]],[[13.28587091067346,52.51611488630112],[13.285907787647446,52.516086234658225],[13.286237186150439,52.51580173331429],[13.286242918185541,52.51579622780439],[13.28624919758995,52.51579094919666],[13.286258414297082,52.515781344077695],[13.286268195783562,52.515771949135676],[13.2862730156526,52.515766127379464],[13.286278416711,52.51576049870191],[13.286438115127908,52.51557359798777],[13.286456743899407,52.515549687388855],[13.286723740172087,52.51517168614391],[13.286727455306751,52.515165623888244],[13.286731780830005,52.515159714211265],[13.286737576645843,52.51514910815318],[13.286743994184812,52.5151386361748],[13.286746717430766,52.51513238095488],[13.286750072640094,52.51512624107916],[13.286917168346333,52.514761740246385],[13.286929795807637,52.51472801583602],[13.287046790727562,52.51432771522283],[13.287048527716687,52.514319439950626],[13.287050964398745,52.51431123061459],[13.287105461095608,52.51405703031905],[13.287110311304586,52.51401786018149],[13.287132502583251,52.513365359997294],[13.287131231656328,52.51333315303119],[13.287053822544005,52.512648653335496],[13.287051374043115,52.512632390419576],[13.286954667279394,52.51211849083718],[13.286951602163361,52.512104598336165],[13.286798994350345,52.511501999015636],[13.286798652868242,52.51150098366239],[13.286798466420404,52.51149995341503],[13.286716462387213,52.511188053781154],[13.286715958619041,52.51118659849092],[13.286715671051454,52.51118512148125],[13.286632567185029,52.51088492185363],[13.286616534449678,52.510842694296414],[13.286496631532568,52.510595694840276],[13.2864940886956,52.51059059568884],[13.286384986215799,52.51037749618286],[13.28637674111581,52.51036379381618],[13.286368878090897,52.51035000810025],[13.285811969243198,52.50950901057919],[13.285811953636596,52.509508989983026],[13.285811941409392,52.50950896855366],[13.28570913168769,52.509353766439],[13.285148592254341,52.5084851717444],[13.285146435103465,52.508482257301445],[13.285144668540616,52.508479246562835],[13.283860270585848,52.50658815428835],[13.283686596319704,52.50631244830821],[13.283583497992101,52.50612424757138],[13.283526436562596,52.50596800553093],[13.283462550163797,52.5057134816172],[13.2834275434015,52.50547381339231],[13.283403021674006,52.505111348120344],[13.283398094852318,52.5047349298832],[13.283393657651835,52.50469366631654],[13.283357743660067,52.50451648246734],[13.283334696610822,52.50439180099532],[13.283327492239058,52.50436320873807],[13.283282990472653,52.50422410893903],[13.283278329290368,52.50421087011295],[13.283231227772573,52.5040883703268],[13.283222086638377,52.5040674501373],[13.28315428500997,52.503929150444684],[13.283141845460479,52.50390653721414],[13.28306384406726,52.503778937563744],[13.283042650164147,52.503748595692095],[13.282999632539086,52.50369408722112],[13.28302916675656,52.50349014950939],[13.283033551177768,52.50346941509731],[13.283033785700862,52.50346829208439],[13.283038686429906,52.50344452664668],[13.283072257118711,52.50329485253755],[13.283108071710279,52.503153495741884],[13.283180840408308,52.50295074227579],[13.283251337274372,52.50277334804412],[13.28329868034143,52.50266610571083],[13.283384591488476,52.502501930320626],[13.283497599265937,52.50230969942915],[13.283620352970981,52.50211845245552],[13.283745372538485,52.5019451269406],[13.283810852702432,52.501858481926654],[13.283880065075936,52.501775481753874],[13.283892564945921,52.501760481697666],[13.28389294999946,52.50176001879993],[13.283902249902061,52.50174881875805],[13.283904591539537,52.50174596738418],[13.284071489716311,52.50154046662887],[13.2840717816127,52.50154010671159],[13.284266446461254,52.50129973986458],[13.284398744631108,52.50134115593765],[13.284404846793041,52.50134301210213],[13.284877748099342,52.50148271262292],[13.28490410228423,52.50148955398753],[13.284931420528594,52.50149480128557],[13.284950567690696,52.501497263431084],[13.285010295954049,52.50151570736754],[13.285036598405224,52.50152286661971],[13.285063920719065,52.50152842426925],[13.285092001746996,52.50153232719569],[13.28512057308833,52.50153453809448],[13.285149361655735,52.50153503583363],[13.285178092285538,52.5015338156557],[13.285206490367841,52.50153088922321],[13.285234284471377,52.50152628450723],[13.285261208937957,52.50152004551999],[13.285287006421731,52.50151223189423],[13.285311430348996,52.501502918313136],[13.285334247275022,52.50149219379659],[13.285355239115356,52.50148016085018],[13.285374205230314,52.50146693448548],[13.28539096434269,52.50145264112073],[13.285405356270395,52.501437417372514],[13.285500855783,52.50132391715823],[13.285512778725057,52.501307853216986],[13.285522065243411,52.5012911536682],[13.285528625979452,52.50127397920707],[13.285532397804289,52.501256495098566],[13.285533344426089,52.501238869587084],[13.285531456739182,52.5012212722775],[13.28552675291156,52.50120387250316],[13.285519278209907,52.50118683769632],[13.285509104563907,52.50117033177713],[13.285496329873956,52.50115451357625],[13.285485650325327,52.50114402625003],[13.285550225603174,52.50106361109178],[13.285561502913819,52.50104766004543],[13.28557020469313,52.501031119195986],[13.285576249684214,52.50101414300684],[13.285579581440286,52.50099689000653],[13.28558016885167,52.50097952130839],[13.285578006436202,52.50096219910592],[13.285573114390292,52.500945085158314],[13.285565538400217,52.500928339279795],[13.28555534921537,52.50091211784729],[13.285542641987478,52.50089657234018],[13.285527535381956,52.50088184792572],[13.285510170469719,52.50086808210349],[13.285490709409752,52.500855403421426],[13.285469333934804,52.50084393027539],[13.285446243654317,52.5008337698037],[13.285421654190413,52.500825016886544],[13.284829337679872,52.500636964123395],[13.284838881605216,52.500625988544044],[13.28495287062033,52.5004965729301],[13.28506154984749,52.50037884326599],[13.285210852097276,52.50023475798493],[13.28538919614647,52.500087602859864],[13.285511335473997,52.49999755603127],[13.285754723207623,52.49984080308507],[13.28601792701467,52.499684507028235],[13.286079731903447,52.49964891148284],[13.286079813650664,52.499648866438235],[13.286088860152573,52.49964377594599],[13.28678376072997,52.49924447359466],[13.286788212450478,52.49924188865781],[13.28709021263268,52.499064687624035],[13.287105858593913,52.49905515601746],[13.28729905854454,52.49893295532934],[13.287306141404745,52.49892839628863],[13.287460941299726,52.498826995727505],[13.287470275983988,52.49882073491402],[13.287659275743419,52.49869093421317],[13.287666625179458,52.49868578923204],[13.287857624840608,52.49854948851116],[13.28786410547988,52.49854478294616],[13.288207205385097,52.49829128938264],[13.288386770280496,52.498160758193414],[13.288572446442405,52.49802867135756],[13.288912278499339,52.497796579729034],[13.288926237844466,52.49778669039742],[13.289030818681818,52.497709822459406],[13.289178180440405,52.497609486321224],[13.289182311900914,52.49760664318203],[13.289256112313046,52.49755531209993],[13.289528312396813,52.497366180239496],[13.289531528066963,52.497363927078446],[13.289729739234739,52.49722387271048],[13.290033140846232,52.49701435123065],[13.29009794075822,52.49696955098962],[13.29010085129028,52.496967523484905],[13.290169147413915,52.49691958631483],[13.290241165612455,52.49687185193725],[13.290246461246825,52.49686829450584],[13.290255861235906,52.49686189447112],[13.290260798369768,52.49685848993011],[13.290400424807535,52.49676097079685],[13.291130523718063,52.49625096806812],[13.291146718563994,52.4962391536402],[13.291578017410572,52.49591045196523],[13.291579679055966,52.49590917968935],[13.291581613273337,52.49590769181823],[13.291785374133603,52.4957565672197],[13.291788668361695,52.49575410180791],[13.29187412343775,52.49568956595703],[13.2919956697078,52.495598925633054],[13.291998633899224,52.49559669705818],[13.292040152489381,52.49556522610504],[13.292785761668899,52.495014119594465],[13.293283844546396,52.494662207607895],[13.293703859387099,52.49438847510815],[13.293725124212763,52.494373837652454],[13.29395502374666,52.49420663677749],[13.29396007412609,52.49420291317908],[13.29446337291695,52.493826711240644],[13.294475470129553,52.493817356523614],[13.294753769190057,52.49359465542116],[13.294772460272652,52.49357882523658],[13.294961359301672,52.49340932445581],[13.29497334830811,52.49339812397738],[13.29520934677542,52.493168422975444],[13.295220263849208,52.49315736060261],[13.295449862027034,52.49291495960401],[13.29545365222602,52.49291089730939],[13.29558585559669,52.49276703572059],[13.295898971694525,52.492446904465105],[13.29622430941839,52.49215443481438],[13.296790944537998,52.49171920811732],[13.297265523015353,52.49136672652882],[13.297915847477931,52.49088277445009],[13.298067484127461,52.49077099970596],[13.298712305774252,52.490299697149624],[13.299031326461263,52.490087429471636],[13.299368152493267,52.48987539990844],[13.299369935479989,52.489874272618245],[13.299598435411193,52.489729171802935],[13.29960576194327,52.48972443414787],[13.29983416177392,52.48957403331801],[13.299846764015694,52.48956546343983],[13.300000963774906,52.48945716286218],[13.300003298367162,52.48945551310518],[13.300102106242733,52.48938526021426],[13.300105605680455,52.48938280314524],[13.300106237840135,52.48938235810039],[13.300110511258197,52.4893795091365],[13.300116784033857,52.48937525988362],[13.300205983917886,52.489313859552574],[13.300220157664162,52.489303731191946],[13.300410393615353,52.48916257766065],[13.300780172943446,52.48888839093696],[13.301146372103583,52.48861678953147],[13.301156340661574,52.488609188560034],[13.301638568427881,52.4882311068085],[13.301704168224822,52.48817960655068],[13.301725586013072,52.48816167653844],[13.302085294170313,52.48784014937118],[13.3022684917534,52.487678680614586],[13.302453731946045,52.487522872387245],[13.302668631019241,52.48735478924357],[13.302874723694801,52.48719858015629],[13.30473161100638,52.485818516967235],[13.30520930733403,52.48546349388975],[13.306566869960902,52.48445283747037],[13.307080443547736,52.48407187674847],[13.307932303672533,52.48343992741697],[13.308436263528451,52.48306592862645],[13.308994986028079,52.4826519066599],[13.309375385533754,52.48252990151355],[13.309376791420904,52.48252944912248],[13.309764293474238,52.482404348244046],[13.309794075945224,52.48239404616019],[13.310161077609145,52.482258345234044],[13.310180299049398,52.48225042580084],[13.310199768587289,52.482242735590766],[13.310204242675745,52.48224056076945],[13.310208983186149,52.48223860762711],[13.310226840630559,52.48222957606478],[13.310244981778663,52.482220757774925],[13.310560382262251,52.482051356748805],[13.310599334842387,52.482028412677536],[13.31110833458701,52.48169971084632],[13.311115743768877,52.48169442942305],[13.311123654306694,52.48168942638133],[13.311374044461775,52.481514661500455],[13.3118548764841,52.4811967090396],[13.31185812285454,52.481194544683035],[13.312384754868257,52.480840544946155],[13.312744839519334,52.48063540531772],[13.313473028917373,52.4802558743084],[13.314279925363515,52.47988731578735],[13.314437852682298,52.47982233978387],[13.31550329877247,52.47940317735569],[13.315963040974358,52.47925237198255],[13.316413525178335,52.479124951567606],[13.317252035730412,52.47890569798299],[13.31754690126607,52.47884087995938],[13.317852762987778,52.47877635174139],[13.318149869948824,52.47872055969631],[13.318493804614805,52.47865681816698],[13.319096191826059,52.478562394061136],[13.319408357367074,52.47852082931872],[13.319804942705346,52.47847154720945],[13.32019470314291,52.47843011410139],[13.320598581851801,52.4783928520852],[13.320817534050144,52.478378904299845],[13.321307296405152,52.478349221791674],[13.321584580743874,52.47834036013037],[13.321585794890174,52.47834032055885],[13.322235499419156,52.47831873281456],[13.322795505653835,52.47831107227749],[13.32394463372582,52.47829721904601],[13.32456026021591,52.4782937460144],[13.328150821280442,52.478285957652716],[13.330626759866885,52.478298932843444],[13.331507711558228,52.47830572297772],[13.33194333869801,52.47833269821956],[13.33245911950588,52.478380855861154],[13.332881017270841,52.47842185120165],[13.334259198355424,52.47860925543916],[13.334259793080816,52.47860931778438],[13.334260375260182,52.47860941469464],[13.3351767821585,52.47873281572791],[13.335191089514675,52.478734628904036],[13.335814594289609,52.47880872953276],[13.335826890841247,52.478810108331515],[13.336518296205023,52.47888300895785],[13.336523417556045,52.47888339206014],[13.336528471696315,52.478884025880696],[13.337287577641257,52.47895572650392],[13.337312609496657,52.47895775627396],[13.338120915946883,52.4790125567686],[13.338126493090616,52.47901291845336],[13.338698297668932,52.47904831877658],[13.33870037819672,52.47904844529862],[13.33922788242532,52.479079945587586],[13.33923750252912,52.47908047144331],[13.33974540662067,52.479105671680635],[13.33975483071772,52.47910609280498],[13.340257834786032,52.479126093000346],[13.340287914280594,52.47912681815686],[13.341136521195658,52.47913401827247],[13.341147465305061,52.47913378297567],[13.341158412552998,52.47913395545902],[13.341270913470183,52.47913235545366],[13.341290306435814,52.4791318843001],[13.341703309792655,52.4791176842131],[13.3417116780986,52.47911735996661],[13.342010880524812,52.479104459882464],[13.342026308792308,52.47910332796737],[13.342041805305529,52.47910262480264],[13.342634010040344,52.47905782448177],[13.342665873674072,52.47905487131426],[13.34306367677878,52.47901117099163],[13.343092983366722,52.479007479822755],[13.34342698589206,52.47895997946902],[13.343463243719608,52.478954073393254],[13.343809046196547,52.47889047292054],[13.343829836638367,52.47888639084281],[13.344051938167153,52.478839990499914],[13.34407589906609,52.47883462782669],[13.344295200493951,52.47878222744331],[13.344314598647903,52.47877734732996],[13.344552500115118,52.47871444687463],[13.344573762591594,52.478708516398434],[13.344800863895976,52.47864181592245],[13.344812284535827,52.478638368243715],[13.345003485586313,52.47857906782422],[13.34504345269993,52.47856545417597],[13.345253953644233,52.47848705364175],[13.34527978120869,52.478476859828824],[13.34533794326611,52.47845256611353],[13.34576925004412,52.47845470687796],[13.345900630271979,52.478457257107564],[13.346005761494773,52.4784617161856],[13.346148269493733,52.4784696780382],[13.346347296521769,52.47848514788121],[13.346527513175772,52.478503249817194],[13.34672242078516,52.4785276132916],[13.34706753177481,52.478582046080945],[13.34717992002941,52.478603201538135],[13.34730170882022,52.47862923007415],[13.347548673848383,52.47868584589927],[13.347757908349683,52.47873887052793],[13.348250489818826,52.47887413922796],[13.348401572184196,52.47891619417101],[13.349637027653438,52.47926332938999],[13.349640816374754,52.47926438401311],[13.34973423058963,52.479290143442036],[13.349820557034601,52.47931458647805],[13.349826263035194,52.47931617961336],[13.350168465030977,52.479410380325284],[13.35017079996447,52.47941101935332],[13.350370001135675,52.47946521976391],[13.350378981726768,52.47946760880786],[13.350688983604067,52.47954820942388],[13.350703628776339,52.47955187597771],[13.351063231050741,52.47963847664888],[13.351087807403223,52.47964401275157],[13.351445509809798,52.47971911334654],[13.351448781981114,52.47971979379119],[13.351801784373498,52.47979249436878],[13.351815299198252,52.47979516729769],[13.35251020404217,52.47992696835691],[13.352524781822485,52.4799296077369],[13.352662491889673,52.4799533641985],[13.352717425935907,52.47996346913251],[13.352727354416361,52.47996523752834],[13.35299025629957,52.48001053789691],[13.353000787570787,52.48001228834853],[13.353159388726858,52.48003768855699],[13.353166407704373,52.48003878452079],[13.353247908304867,52.4800511846232],[13.35326603124343,52.480053757018965],[13.353322931673198,52.480061257081864],[13.353334435079516,52.480062700203874],[13.35350233636511,52.480082700373416],[13.353521909788801,52.4800848231792],[13.353689511097787,52.480101223321114],[13.353699034762101,52.48010210650708],[13.353840535876316,52.48011450661563],[13.35385847724815,52.48011590751681],[13.354075778981523,52.48013080765097],[13.354093984542882,52.48013188145517],[13.35424168573289,52.480139181523896],[13.354249924176987,52.48013955320766],[13.354600327010099,52.48015385334648],[13.354601852059433,52.48015391436878],[13.355059746095039,52.48017187103007],[13.355684741750778,52.48019782520852],[13.35568732939238,52.48019792916434],[13.356071132497808,52.48021282931026],[13.356075925389188,52.480213003399],[13.356415928144864,52.480224503514634],[13.356424828215516,52.48022476331428],[13.35670983053141,52.48023176338991],[13.356729045042965,52.48023204364824],[13.356967246984814,52.4802331436731],[13.35699428489782,52.48023288943345],[13.357228986809435,52.4802273894046],[13.357255612366009,52.480226396286426],[13.357417713676934,52.48021809623019],[13.357437007361474,52.480216912720614],[13.357603408694926,52.48020501263583],[13.357621547492569,52.48020354067734],[13.35783844921031,52.48018384053362],[13.357867286317251,52.48018077230133],[13.358100688118933,52.480152272089754],[13.35812190635296,52.480149431698756],[13.358321607856855,52.48012033148187],[13.358341653246942,52.4801171821447],[13.358358853372831,52.48011428212308],[13.358369069037536,52.48011249900138],[13.358579570552786,52.480074498718665],[13.358594203360026,52.4800717302869],[13.358826604988991,52.48002572994587],[13.358843455282614,52.480022221945724],[13.358888755589183,52.480012321872756],[13.358892215354762,52.48001155831181],[13.359119716882345,52.47996085793862],[13.359136229602708,52.47995700549278],[13.359409331363064,52.47989040500631],[13.359423893232039,52.47988671506604],[13.359678994810006,52.479819614579895],[13.359695679388343,52.479815037075966],[13.359932180774088,52.47974743659149],[13.359949124651859,52.47974238996494],[13.360312626649275,52.47962968916748],[13.360328110327078,52.479624710492985],[13.360637511914454,52.47952160977307],[13.360651016902194,52.47951696767372],[13.360750253748845,52.47948179876796],[13.36155608442632,52.479201517930065],[13.361557844355971,52.4792009033358],[13.362038146684629,52.47903250217218],[13.362044363147861,52.479030291627815],[13.362287564286799,52.478942591025586],[13.362295730120435,52.47893959165783],[13.362524031138058,52.478854191076415],[13.36253632774932,52.478849462869825],[13.362646928202523,52.47880576257642],[13.362654174265106,52.478802853071606],[13.362971575494644,52.478673352209675],[13.362985267854224,52.47866759327217],[13.363255668780322,52.478550392505795],[13.363269931888059,52.47854401158922],[13.3634614324469,52.478455611022746],[13.363467093164791,52.47845296487677],[13.363654693672261,52.47836416431256],[13.36366945691005,52.47835694134538],[13.363884857365354,52.47824804066984],[13.363895168153023,52.47824270482782],[13.364131168546557,52.47811770406637],[13.364157486723904,52.47810288453728],[13.36432458678775,52.478002883959455],[13.364335676073331,52.47799606784731],[13.36447047604174,52.47791096736795],[13.364484074602347,52.47790208678917],[13.364614774463261,52.477813786308595],[13.36462415957864,52.4778072901027],[13.364708759435485,52.47774728978452],[13.364726599516239,52.47773400824637],[13.364811399258624,52.4776677079138],[13.364813582882787,52.47766598996832],[13.36489038263559,52.477605189665596],[13.364905645867257,52.47759254427626],[13.365004545412077,52.47750674387266],[13.365016119434422,52.47749631956992],[13.36509831895582,52.477419419225626],[13.36510125069336,52.477416648801785],[13.365171650259672,52.47734944850503],[13.365181832832173,52.47733936657871],[13.365250632319993,52.477268666282065],[13.365257918396251,52.47726096348131],[13.365334017750174,52.47717816314788],[13.36534016387929,52.4771713020171],[13.365483562520607,52.477007001380265],[13.365492063455116,52.4769968786402],[13.365527473717945,52.47695301734507],[13.36554830511977,52.47694914288259],[13.365584874841936,52.47694114263482],[13.366164355561084,52.47791840352963],[13.366175518292527,52.47793468361299],[13.366189241659328,52.47795021691624],[13.366205393398516,52.47796485372962],[13.366223817842059,52.477978452983585],[13.366244337417113,52.47799088360848],[13.366266754357444,52.47800202579772],[13.366290852609476,52.478011772162674],[13.366316399914629,52.478020028767574],[13.366343150047861,52.478026716034975],[13.366370845190842,52.478031769512704],[13.366399218416872,52.4780351404951],[13.366427996263619,52.47803679649245],[13.366456901368853,52.47803672154417],[13.366485655143759,52.47803491637257],[13.366513980458098,52.478031398375954],[13.3665416043113,52.47802620146091],[13.366694204824856,52.47799240133642],[13.366720841240229,52.47798558130812],[13.366746255074107,52.47797720053965],[13.366748320432528,52.47797635005887],[13.366750465947693,52.47797621536995],[13.366778815609601,52.477972692894824],[13.366806462239756,52.47796748860729],[13.366958962752838,52.47793368848283],[13.366985573211823,52.47792687193159],[13.36701096299135,52.47791849755043],[13.367012452617477,52.477917884162075],[13.367013606164427,52.477917811621715],[13.367041934480064,52.47791428994918],[13.367069560609277,52.477909088950085],[13.367221161119332,52.47787548882636],[13.367247787265507,52.477868667787945],[13.367273191129664,52.47786028708682],[13.367297128386861,52.477850427325635],[13.367319368817911,52.477839183332165],[13.36733969852358,52.477826663247114],[13.367357921981792,52.47781298748409],[13.367373863928089,52.477798287571545],[13.36738737104121,52.47778270488761],[13.36739831341762,52.47776638930049],[13.367406585820795,52.47774949772692],[13.367412108693246,52.47773219262319],[13.367414828921564,52.47771464042244],[13.367414720347119,52.477697009934154],[13.367411784017508,52.47767947072055],[13.367406048176369,52.47766219146576],[13.367397567991594,52.477645338353646],[13.366322957984895,52.475831640770245],[13.36632285240832,52.47583146286602],[13.366308245487318,52.475806889506],[13.366491570730489,52.475512975961934],[13.366509587656072,52.475479146016305],[13.366621363479895,52.475227568641245],[13.366649416732571,52.475166687494024],[13.36665345061255,52.4751574653519],[13.36668437067018,52.47508281580134],[13.36681799987217,52.47480696311502],[13.366887716531764,52.47467221332207],[13.366929380104763,52.47459184039948],[13.367009271669264,52.47445594804586],[13.367082627498249,52.47434180671814],[13.367214275387601,52.47416106677973],[13.36734364631849,52.47400045649059],[13.36748296807559,52.473845959092394],[13.367617505023471,52.4737097865446],[13.367754866342652,52.473585363825876],[13.367801587835803,52.473546279933146],[13.367947703055428,52.47343018004326],[13.368145634113095,52.47329227110128],[13.368280383456588,52.47320572859298],[13.368420428741096,52.47312303474963],[13.368612007278319,52.47301872836105],[13.368762246158965,52.4729432509034],[13.368910374337469,52.47287448009222],[13.369069748885401,52.47280470717536],[13.369221793847588,52.47274155676251],[13.369413276079502,52.47266981817679],[13.369604319773103,52.47260432499527],[13.369839143925288,52.472533397688125],[13.370043382187628,52.47248062959559],[13.370261440157257,52.472433248423386],[13.37049306659165,52.47239173456836],[13.37077321426918,52.4723538863376],[13.370954189217802,52.472336277024844],[13.37114719212542,52.472321327371404],[13.371493067614443,52.47230425628699],[13.371883332965634,52.47229604822376],[13.372263483617745,52.47229202704355],[13.372548491165418,52.472290439818785],[13.372707035742355,52.47228953657389],[13.376356195777184,52.472266635153844],[13.377596035124082,52.472258532267126],[13.378239940373815,52.47225403227324],[13.378248439045269,52.47225393538484],[13.378722742910604,52.47224643535549],[13.378749019370886,52.47224566078867],[13.379103422243812,52.47223036068837],[13.379119115393824,52.4722295542282],[13.379353917285659,52.4722155541307],[13.379367738591542,52.47221462928869],[13.379592740391343,52.472197929169035],[13.37961122721008,52.472196375098875],[13.379847529076734,52.47217417493634],[13.379865872054241,52.47217226998094],[13.380141774199465,52.47214086974839],[13.380161416016925,52.47213842231302],[13.380385817725449,52.47210802208656],[13.380391867820128,52.472107182010774],[13.380694170104857,52.4720641816902],[13.380714589270768,52.47206104108915],[13.380922512381431,52.472026635117075],[13.381447434863402,52.47194192196629],[13.38144857943107,52.471941736498344],[13.382108684298421,52.47183433569749],[13.382111251259223,52.47183391424601],[13.382425429574262,52.47178186633041],[13.382830169514868,52.47171623551032],[13.382923333320651,52.47170115755129],[13.382924928840835,52.47170089786316],[13.383052918179438,52.471679948710126],[13.383160607287657,52.47166239937229],[13.383165915176612,52.47166151814035],[13.38327353462064,52.4716433206694],[13.383379391257392,52.471626004006836],[13.38354238207593,52.47159933278112],[13.383666768859198,52.47157955291862],[13.383682459650158,52.47157691584481],[13.383859709849164,52.471545510568575],[13.383987634333034,52.47152435012219],[13.384018477599543,52.47151869094025],[13.384310279631084,52.471459790503886],[13.38433255337889,52.47145498976475],[13.384683621772279,52.47137445049882],[13.385058943777544,52.471293932895826],[13.3850734099627,52.47129069899972],[13.385171410608406,52.47126789883244],[13.385191979896438,52.47126284042871],[13.385556682169831,52.471168239742134],[13.385572484230634,52.471163972579696],[13.385597215451375,52.47115702750281],[13.385695343318504,52.471130674736074],[13.386149860570253,52.47100846902632],[13.386185064463845,52.470999248948736],[13.38618939813549,52.47099810134674],[13.386269982762792,52.470976526710366],[13.386756592917086,52.47084784122551],[13.387121245049242,52.470751393644505],[13.38786924417686,52.470565977578744],[13.3882400459231,52.47047530930487],[13.387833860408843,52.4706032058433],[13.386159336599546,52.47112090362503],[13.386135053663274,52.47112931685589],[13.386112184986917,52.47113909702008],[13.386090936250394,52.47115015615562],[13.386071498564428,52.47116239479752],[13.386054046751724,52.47117570287223],[13.386038737774609,52.47118996068786],[13.386025709323286,52.471205040010325],[13.386015078577413,52.47122080521693],[13.386006941152116,52.471237114515965],[13.386001370237958,52.471253821222085],[13.38599841594257,52.47127077507543],[13.38599810483988,52.47128782359321],[13.386007403797063,52.47144422360778],[13.38600979284809,52.471461462771366],[13.38601488432865,52.47147848187116],[13.386020441886991,52.47149042049736],[13.386016173555085,52.47150264300266],[13.386012939654975,52.47152051405627],[13.386012645017058,52.47153849299712],[13.386014229517032,52.47156265908087],[13.386015817542665,52.47158856644201],[13.386020517034641,52.4716647664495],[13.386022938168239,52.47168197602413],[13.386028052629724,52.47169896427347],[13.386035813209254,52.47171557437461],[13.386046148269772,52.47173165299519],[13.386058962408208,52.47174705170898],[13.386074137336069,52.47176162836597],[13.386091532971333,52.471775248404676],[13.386110988731517,52.47178778609429],[13.386127453528767,52.471796536645584],[13.386162993957797,52.47345777782257],[13.38615691028103,52.47346077698464],[13.385857810495088,52.473622976495385],[13.385837687915359,52.47363498691968],[13.385819534913605,52.47364811557348],[13.385803517316118,52.47366224252883],[13.385789781443082,52.47367723873832],[13.385778452771888,52.473692967213935],[13.38576963479088,52.47370928427838],[13.385763408053899,52.47372604087753],[13.38575982944436,52.473743083942],[13.385758931655511,52.47376025778538],[13.385780915462423,52.474604752423325],[13.3857822074386,52.47467404702682],[13.385782311639788,52.47467720242878],[13.385810787772341,52.47527787454931],[13.385811779404618,52.476027645535474],[13.38581324876288,52.47604543955919],[13.385817595344482,52.476063057393],[13.38582338694324,52.476076984592595],[13.38582040830586,52.47608480605939],[13.385816655817168,52.476102265887235],[13.385815718776747,52.4761198661255],[13.385816213605247,52.4761381793042],[13.385816509108434,52.47615069247594],[13.385816809023638,52.476163392476],[13.38581857932032,52.476180654303874],[13.385823057971878,52.47619773237344],[13.385830203529187,52.476214468618295],[13.385839949859331,52.476230708135596],[13.38585220675759,52.476246300619884],[13.38586686078224,52.47626110175412],[13.385883776304441,52.47627497454553],[13.385902796763489,52.47628779059357],[13.385923746115834,52.47629943127824],[13.385946430464433,52.47630978885827],[13.385970639853376,52.476318767468065],[13.385996150211172,52.47632628400524],[13.386022725424683,52.47633226889965],[13.38605011952455,52.476336666757476],[13.386078078961857,52.47633943687382],[13.386106344954946,52.47634055360957],[13.386134655884684,52.47634000662856],[13.386360056796727,52.47632900659152],[13.386385750826236,52.4763270552476],[13.386411064732465,52.47632373305525],[13.386435802742433,52.476319065707656],[13.38644654151052,52.47631638831524],[13.386638402893393,52.47630620235935],[13.386638700870177,52.47630618644635],[13.386814677433028,52.47629673353908],[13.386948617147608,52.47630768710361],[13.386967807419794,52.47630886726989],[13.387374109061831,52.476325667350984],[13.387378181103164,52.47632581842039],[13.38776907977254,52.476338660702055],[13.387921188472616,52.47634670724449],[13.387926850031066,52.476346973176845],[13.388082762713331,52.47635337370238],[13.388344050323797,52.47636409303862],[13.388298581791952,52.47689063410902],[13.388298486741391,52.47690839298729],[13.38830126165785,52.47692607094586],[13.388306879467015,52.47694349548251],[13.388315285353356,52.47696049656776],[13.388326397294898,52.47697690830395],[13.388340106863472,52.476992570544205],[13.388356280282675,52.47700733045504],[13.388374759733175,52.47702104400786],[13.388395364892673,52.47703357738443],[13.388417894695465,52.477044808282635],[13.388442129294438,52.47705462711002],[13.388467832206377,52.477062938053216],[13.388494752619627,52.47706966001292],[13.388522627841585,52.47707472739528],[13.388551185862166,52.47707809075205],[13.388580148008197,52.477079717263095],[13.388956128275765,52.477089434591875],[13.38895130436197,52.4771634518163],[13.388951568437081,52.47718104097447],[13.388954646352392,52.47719853018349],[13.38896050864598,52.47721575201709],[13.38896909920058,52.47723254160843],[13.388980335780673,52.47724873822839],[13.388994110819636,52.47726418682428],[13.389010292449406,52.47727873950417],[13.38902872576278,52.47729225695279],[13.38904923429632,52.47730460976515],[13.389071621719626,52.4773156796854],[13.389095673714841,52.47732536073902],[13.389121160028344,52.4773335602473],[13.389147836675054,52.47734019971462],[13.3891754482742,52.47734521557992],[13.389203730494183,52.47734855982517],[13.389232412583176,52.477350200435176],[13.390982935787697,52.47739774580322],[13.391138105683563,52.47761208479741],[13.391138966171834,52.47761326196768],[13.391563275917058,52.478188173469285],[13.391823289755797,52.478544983781156],[13.391825367414206,52.47854777072497],[13.391997366327754,52.47877337110175],[13.392001071008186,52.47877805215083],[13.392107370419124,52.47890755238106],[13.392112288394296,52.47891328385602],[13.392213087923022,52.47902578407086],[13.392222573676566,52.47903561629907],[13.392331473311,52.47914071652366],[13.392338454529806,52.479147144682244],[13.392492454131755,52.47928254499178],[13.39250551324346,52.47929316673863],[13.39262121307832,52.47938036695957],[13.392621999397486,52.479380957031346],[13.392808299142885,52.47952015738597],[13.39282770755627,52.479533284380615],[13.39314050752577,52.479724984928225],[13.3931544418585,52.4797329870152],[13.393313741956195,52.47981868727635],[13.39332488496399,52.47982438984853],[13.393504085160473,52.479911590126235],[13.393517656000363,52.479917811941434],[13.3937403563577,52.480013912262066],[13.393753443073042,52.480019245162865],[13.393967843507474,52.48010164544872],[13.393980729369208,52.48010632252697],[13.394209229914594,52.48018452280757],[13.394222828987727,52.480188896047565],[13.394497129732992,52.480271596353816],[13.394519252768172,52.480277588984244],[13.394828753746149,52.48035228927339],[13.394842322691535,52.48035533127701],[13.395082523503683,52.48040513147447],[13.39509881987706,52.48040819184909],[13.3953135206504,52.48044439199659],[13.395327681092057,52.48044655042237],[13.395552681937398,52.48047725055045],[13.395564285398883,52.48047868486956],[13.395613054222528,52.48048409249796],[13.395789154902412,52.4805035925811],[13.395808541024047,52.480505334665715],[13.395853341202677,52.48050843467963],[13.395853682873351,52.480508458198585],[13.395993883432608,52.48051805824172],[13.396000858887776,52.48051848460126],[13.396082659216665,52.480522884621635],[13.396094758908905,52.480523382391624],[13.396154169329616,52.48052507698612],[13.396331641767087,52.48053027904364],[13.396404642063372,52.48053237905449],[13.39642357165503,52.480532551599325],[13.396556796044088,52.48053115027937],[13.396779496952096,52.480528750276925],[13.396781558694595,52.48052872364627],[13.397053859804542,52.480524623638544],[13.397079263475973,52.48052356873429],[13.39722326238243,52.48051375514161],[13.397590377198233,52.48048858156636],[13.397661482875971,52.48048382176271],[13.401170743218872,52.48027413076253],[13.40129848231441,52.48033510885435],[13.401668875328498,52.48124295544328],[13.401670451939827,52.48124665182181],[13.401771990841246,52.481474745461774],[13.402072153601331,52.48220551584949],[13.402089355090311,52.48231639436866],[13.402104254457518,52.48241219440028],[13.40210821593791,52.48242738322853],[13.401947546815295,52.48245035893839],[13.401919147443373,52.48245534991205],[13.401891710484138,52.48246205365639],[13.401865512285228,52.48247040265077],[13.401840816717794,52.482480312803396],[13.401817872518825,52.482491684298324],[13.401796910785887,52.48250440260075],[13.401778142649485,52.48251833961059],[13.401761757146527,52.48253335495274],[13.401760301137186,52.48253503240846],[13.401739691912365,52.48254356600604],[13.40171701290579,52.482555143210405],[13.401696349491576,52.482568050365515],[13.401677909930159,52.48258215738514],[13.401661880069152,52.48259732208985],[13.401648421470195,52.48261339164018],[13.401637669780593,52.48263020407678],[13.40162973336606,52.48264758995289],[13.401624692218427,52.48266537404204],[13.40162259714933,52.482683377104074],[13.40162346927793,52.482701417691686],[13.401627299817923,52.482719313979125],[13.40163405016596,52.48273688559476],[13.401643652290558,52.482753955439094],[13.401656009417657,52.48277035146955],[13.401818640062178,52.48296038859086],[13.402074238754075,52.48325888914047],[13.402076940329877,52.48326197080614],[13.40212658631016,52.483317301808825],[13.402155530076822,52.48335276966727],[13.402169736853027,52.48336822060589],[13.402186365965827,52.48338274268373],[13.402205255880748,52.48339619483194],[13.402226223101168,52.483408446374945],[13.402249063950784,52.483419378299814],[13.402273556552128,52.483428884412554],[13.402299462981935,52.483436872369474],[13.402326531582371,52.48344326457454],[13.402354499405746,52.48344799893292],[13.402383094768876,52.48345102945436],[13.40241203989234,52.483452326699926],[13.402441053598961,52.483451878067946],[13.402469854045306,52.48344968791646],[13.402498161459643,52.48344577752093],[13.402850762747137,52.48338577729714],[13.402854157074358,52.48338518629],[13.403387058998826,52.4832902859364],[13.403394503791466,52.483288894673834],[13.40393960570821,52.48318219427761],[13.403947683927344,52.48318053389984],[13.40630522799617,52.48267263198206],[13.407258966756723,52.48246933024185],[13.40725945772571,52.48246922528585],[13.40733595798643,52.48245282522525],[13.407363772417845,52.482445869750855],[13.407409372550898,52.482432769703905],[13.40743481943705,52.48242450757302],[13.40745882145039,52.48241476620546],[13.407481148649088,52.48240363892494],[13.407501587136736,52.48239123233238],[13.407519941111536,52.48237766528457],[13.407536034742078,52.482363067755486],[13.407549713851799,52.48234757959118],[13.40756084739595,52.4823313491699],[13.40756932871695,52.48231453198064],[13.407575076566072,52.48229728913351],[13.40757803588171,52.48227978581628],[13.407578178316752,52.48226218971186],[13.407575502510031,52.48224466939182],[13.407570034099217,52.482227392701546],[13.4074550323362,52.48194029296371],[13.407452960192076,52.48193541695199],[13.407076658919198,52.4810983404299],[13.407288659004427,52.48100289183308],[13.407291334722345,52.48100167278428],[13.408069835861047,52.48064277163354],[13.40808000812929,52.480637863610184],[13.408651608736696,52.48034936271463],[13.408657765952228,52.48034616713475],[13.40902676624556,52.48014926653674],[13.409029317178307,52.4801478893692],[13.409410317436496,52.479939788743216],[13.409412505550753,52.47993858149666],[13.40981730578306,52.479712980823805],[13.409820547548689,52.47971114670888],[13.410064647649858,52.47957094629619],[13.4100661279817,52.47957009013585],[13.410505528130772,52.47931418938726],[13.410509106658148,52.4793120696632],[13.410809206703464,52.47913126914247],[13.410813873643887,52.479128393407485],[13.41110299234404,52.47894618108733],[13.411317792320277,52.47881078070571],[13.411324646174888,52.47880631043193],[13.41154304605954,52.478658910030624],[13.411548879659389,52.478654851989305],[13.411600529430707,52.47861781531967],[13.412202861425383,52.478808161872074],[13.41220415579281,52.478808568434225],[13.413479359150264,52.47920666989603],[13.413506931916872,52.47921421441024],[13.413535625831432,52.47921999389753],[13.413565138736901,52.47922394749775],[13.413595159851653,52.479226033578016],[13.413625373042219,52.479226230171065],[13.413655460152423,52.479224535206704],[13.413685104353798,52.479220966533475],[13.414328906755674,52.47912226616491],[13.414367010620449,52.47911470850093],[13.41490731235544,52.4789821080165],[13.414921374598505,52.47897839451765],[13.415171384740034,52.47890760274739],[13.415854717723617,52.478759295253326],[13.415855210832923,52.478759187927764],[13.415899860782657,52.4787494425015],[13.415946636425307,52.47873929118787],[13.416318837687514,52.47865849088961],[13.416345164646636,52.47865188400768],[13.416370323751444,52.47864375584297],[13.416394079878796,52.47863418235704],[13.416416211017445,52.478623253018604],[13.416436510342875,52.47861106996738],[13.41645478815016,52.478597747059545],[13.41647087362686,52.47858340880366],[13.41648461644928,52.47856818919702],[13.41649588818728,52.478552230473404],[13.416504583504425,52.47853568177382],[13.41651062114232,52.47851869775268],[13.41666131162543,52.477967441091145],[13.417587437997161,52.47806220670362],[13.417614552607764,52.47806419696897],[13.417641852595795,52.47806464471333],[13.417669103093102,52.47806354608461],[13.417696069657328,52.47806091053458],[13.417722520288931,52.47805676073743],[13.417748227427216,52.47805113239482],[13.418069928447142,52.477970232100006],[13.418096946235035,52.47796243634033],[13.418122530732235,52.47795300860243],[13.418146418403905,52.47794204599768],[13.41816836319406,52.47792966144743],[13.418188139060101,52.477915982519875],[13.418205542301187,52.47790115011587],[13.418220393656444,52.477885317017645],[13.418232540151376,52.47786864631498],[13.41824185667352,52.477851309725274],[13.418248247261047,52.47783348582471],[13.41852135207218,52.47683048749864],[13.418578655459266,52.47678811655673],[13.418626976893922,52.476753053924746],[13.418634314754428,52.47674750999928],[13.418698614653575,52.4766969098729],[13.41870548348999,52.47669128095104],[13.41880328327686,52.47660778075269],[13.418817830013078,52.47659408719532],[13.41883028283235,52.47657964447879],[13.41884053909079,52.47656457165139],[13.418848514250568,52.47654899295511],[13.418854142576686,52.47653303680161],[13.419226133981207,52.47518333582686],[13.41922635074503,52.475182538363384],[13.419228950679575,52.47517283836972],[13.419231550617651,52.4751631383629],[13.419231622601734,52.47516286851313],[13.419470061148449,52.47426470057134],[13.419471826082615,52.47425801223318],[13.419474586166409,52.47424792340871],[13.419474670563067,52.47424761324834],[13.419714664907065,52.473360812618324],[13.419714716477175,52.47336062141758],[13.41971697724189,52.473352211167445],[13.419718966704467,52.47334524750369],[13.419973214756277,52.47245080961402],[13.419975667942685,52.47244227233048],[13.419976162642246,52.47244049864392],[13.419982762486628,52.47241609862661],[13.419983326409776,52.47241393160291],[13.419985624003969,52.472404740984345],[13.42004010263997,52.47220507377483],[13.420221655616542,52.47214566022624],[13.420247390968779,52.47213617502867],[13.42027140828768,52.47212513669877],[13.420293457181357,52.472112660316924],[13.420313307780352,52.47209887595587],[13.420464030827068,52.47198275774017],[13.42049193078753,52.471961257685805],[13.420507619529817,52.47194796552567],[13.420521261373425,52.47193385629201],[13.42054046128158,52.471911756249376],[13.420551529615087,52.47189754672734],[13.420560520911906,52.47188280060389],[13.420567366294746,52.471867630844244],[13.420577266133007,52.4718412308191],[13.420579190454333,52.471835701004366],[13.420760499055262,52.47127116272309],[13.420815097988912,52.471100962582234],[13.420819239453452,52.47108359754244],[13.420820588922137,52.47106606865289],[13.420819133540945,52.47104854292375],[13.420814887179635,52.47103118733483],[13.42080789029947,52.47101416724476],[13.420798209567591,52.470997644815405],[13.420785937221723,52.4709817774669],[13.420771190191264,52.470966716377866],[13.4206896899534,52.470892016543644],[13.420672267683559,52.470877650886536],[13.420652595337753,52.47086441289833],[13.420635748597851,52.470855124646306],[13.420633341819201,52.47085187097303],[13.420618993450118,52.47083664039161],[13.420602278948381,52.47082233795001],[13.420583667625618,52.470809316909154],[13.420582222087326,52.470806886076545],[13.420569691469352,52.47079091765738],[13.420554649311093,52.47077577948981],[13.42053724154097,52.470761618431126],[13.420517637036024,52.470748571859396],[13.420443837035931,52.47070407198758],[13.420437565262326,52.47070040025967],[13.420348365291517,52.470649700410135],[13.420326391680426,52.470638381837105],[13.420302715185679,52.47062842600862],[13.420277561565285,52.47061992785411],[13.4202511706613,52.47061296840399],[13.420223794112951,52.47060761401697],[13.420061394702353,52.47058111412525],[13.420059600535186,52.47058082505311],[13.41938102194589,52.470472887574644],[13.418497742156442,52.47032825469131],[13.418495565894986,52.47032790377013],[13.417690005995698,52.47020001430876],[13.417570347295632,52.47012688686641],[13.417533759583467,52.47004939303575],[13.417524573033349,52.470032961859445],[13.417512833911484,52.47001714849675],[13.41749865171231,52.47000210044018],[13.417482158716652,52.46998795804398],[13.417463508757864,52.46997485321523],[13.416682408499394,52.46947675460768],[13.416675445441678,52.46947246110954],[13.416451912482223,52.469339184114524],[13.416348744110406,52.46917016100891],[13.416873624054888,52.46674404900407],[13.416876002510115,52.46672638442649],[13.416875521396443,52.46670866265736],[13.416872185393597,52.466691055947415],[13.416866026929961,52.466673735428834],[13.41685710586725,52.46665686945186],[13.416845508918552,52.46664062194859],[13.41683134880539,52.46662515083953],[13.416814763162007,52.466610606498755],[13.416795913197534,52.466597130292286],[13.41677498212902,52.46658485320411],[13.416752173400608,52.46657389456312],[13.416727708706103,52.46656436088326],[13.4167018258342,52.466556344828376],[13.416674776357315,52.46654992431137],[13.416646823186419,52.46654516173729],[13.416618238015738,52.46654210339638],[13.41624849699579,52.46651393267827],[13.414397861550194,52.46630750000034],[13.41236053383423,52.466059976148294],[13.412334410861703,52.466057540763536],[13.41195791236559,52.46603294087448],[13.411933516693217,52.46603197044507],[13.411244019498985,52.466022070507414],[13.411216251645273,52.46602247232415],[13.411188669423082,52.46602447086652],[13.411161518421348,52.46602804833973],[13.411135040389604,52.46603317289034],[13.411109471085535,52.46603979888991],[13.410580672602118,52.46619519833522],[13.410555601512499,52.46620350243897],[13.410050730502364,52.466390602356945],[13.409659629369296,52.46626129916547],[13.409656801920692,52.46626037648956],[13.40935500269113,52.46616317684366],[13.409348242790482,52.46616106727474],[13.409194043208547,52.46611446744711],[13.409190463631841,52.46611340401952],[13.40893566434285,52.46603900429681],[13.408928938385205,52.46603710350861],[13.408776738831355,52.46599550366582],[13.408769319341554,52.465993549930644],[13.408515220122938,52.46592915017761],[13.408500371667783,52.46592567100762],[13.408134372886087,52.46584677131844],[13.40811777623292,52.46584352756159],[13.40785937715356,52.465798127745494],[13.407850739974252,52.465796696672726],[13.407601681213444,52.46575790311341],[13.407188123021811,52.46569340966188],[13.407183352447786,52.46569269154106],[13.406782353937999,52.46563449178207],[13.406775596860877,52.4656335622245],[13.405774859754054,52.46550342472521],[13.405501664253414,52.465460731819675],[13.405472923900877,52.46545716161656],[13.405443744504366,52.46545535597148],[13.4054144157499,52.46545533281037],[13.405385228806233,52.465457092363174],[13.405356473434287,52.46546061716145],[13.405328435110594,52.465465872211794],[13.405301392193252,52.4654728053433],[13.405292326384203,52.46547580947564],[13.405287219927859,52.46547474573532],[13.405259240970258,52.46546984599773],[13.40523060650366,52.46546665790655],[13.405201596508538,52.465465212634065],[13.404704398529876,52.46545551268943],[13.404693611774562,52.46545542302341],[13.4044505127653,52.46545612302846],[13.404440465256636,52.46545625673606],[13.404048766850847,52.46546555671116],[13.404037920759135,52.465465936748316],[13.403550422732554,52.46548853667286],[13.403541305607703,52.46548904652425],[13.403259498562505,52.46550750880692],[13.403348144760349,52.46549202461378],[13.403802324839758,52.46542426046984],[13.40442094340952,52.465354868450284],[13.404800701039452,52.465323441546616],[13.405191201664955,52.465299533371244],[13.4056490357374,52.465281994058614],[13.406114834024073,52.46527532349169],[13.406577844784618,52.46527971134389],[13.407300528893865,52.465302958450685],[13.408006383769711,52.465348701126466],[13.408197718369479,52.46536328632283],[13.408456922772583,52.46538451810068],[13.409589507936097,52.46548169669085],[13.412465930282448,52.46572721585801],[13.414218717092034,52.46587641696399],[13.415120168142487,52.465959941862195],[13.415972539751186,52.466039892364535],[13.415973279127183,52.46603996141992],[13.418038424546817,52.46623200071566],[13.419198935507803,52.46634157312599],[13.419597227864372,52.46638340650653],[13.41999109513833,52.46643008425591],[13.420517548453269,52.46650218532406],[13.420854708618135,52.46655590401786],[13.421633250371894,52.46669701177892],[13.422553039753241,52.466878030627214],[13.42255363947913,52.46687814843698],[13.422589339725324,52.466885148492885],[13.422597072105738,52.46688662887298],[13.422958874639402,52.466954229416196],[13.422968856858484,52.46695603571793],[13.423326959412814,52.46701873622594],[13.423343551913227,52.46702148192997],[13.423688554442183,52.467075282371844],[13.42370782836773,52.46707807787057],[13.424253932480383,52.46715137848246],[13.424265243879429,52.467152825789356],[13.426572661496548,52.46743362815712],[13.426575367810337,52.467433953451234],[13.426675225271152,52.467445807652304],[13.427850827600487,52.467584770696604],[13.428381353441393,52.46765180008463],[13.429018157454767,52.46773900392269],[13.42945479713782,52.46780411948985],[13.429764665135515,52.467850276346624],[13.429778566709023,52.4678525473974],[13.429786141026709,52.46785375189471],[13.429804241159616,52.467856551917734],[13.429810951909783,52.467857564478265],[13.429914518408545,52.467872797768564],[13.430212283230137,52.467917357835205],[13.430238383423106,52.467921257867374],[13.430239992138468,52.46792149678649],[13.431483901356758,52.46810509830338],[13.43148777837342,52.468105662054455],[13.431720980111075,52.46813906233132],[13.431728981663975,52.468140172474186],[13.431963583430752,52.46817167273706],[13.43198936629203,52.468174767937754],[13.432196067894672,52.46819666812496],[13.432201189503603,52.46819719655587],[13.432348590652081,52.468211996683095],[13.432350055329362,52.468212142588534],[13.43289580112987,52.468266075174604],[13.433393123298698,52.4683224973665],[13.434290848980455,52.468450743946036],[13.434301067640629,52.468452214258214],[13.435136661850157,52.46857851468349],[13.435198667441416,52.468587900401026],[13.437026769199115,52.46886459496259],[13.438065266719077,52.469023441760925],[13.438351370043467,52.4690673962201],[13.438353375602713,52.46906770204902],[13.439008482910936,52.46916685189479],[13.43920278768559,52.46919669904343],[13.439205709413853,52.46919714299931],[13.440065989926126,52.46932643327684],[13.44035174389228,52.46937375805651],[13.440633180868254,52.469425777262735],[13.440902018724662,52.46947916083823],[13.441322126436573,52.46956811911027],[13.441338163788377,52.46957135837496],[13.44143153572729,52.46958931453622],[13.441741909240756,52.469649170921045],[13.441755758074441,52.469651727839256],[13.441771238898088,52.46965445973286],[13.441799039096072,52.46965935977251],[13.441811375494868,52.46966144572479],[13.442013276962983,52.46969414599208],[13.442017693791506,52.46969485016311],[13.44221540190561,52.46972587093082],[13.4424415228098,52.46976326258146],[13.44245556439377,52.46976547153142],[13.443736269715155,52.46995669921876],[13.444368675666196,52.47005471275661],[13.4443717778256,52.47005518806265],[13.444716875792867,52.4701074546044],[13.44598962788949,52.47030658677374],[13.446749086817785,52.470431238497774],[13.446753043760573,52.470431878946286],[13.447391821217634,52.47053381586173],[13.44850920311562,52.47071475116026],[13.448510073987602,52.470714891738695],[13.449617482052275,52.47089309319617],[13.44962052345522,52.47089357729733],[13.45075770816544,52.47107259904559],[13.451399505138859,52.471182806708484],[13.45164339264645,52.471227776204486],[13.451874616983337,52.47127350380941],[13.452235375167625,52.471356762965414],[13.452315711140551,52.47137816524609],[13.4524765230726,52.471425304509815],[13.452626467068072,52.47147300609699],[13.452900024022941,52.47157047448656],[13.45314152520216,52.47167203992006],[13.453354994593713,52.471775662860765],[13.453666488609407,52.47194704402399],[13.453865730529479,52.47207952827402],[13.454352750679766,52.472449897507005],[13.454383716239464,52.47247529732822],[13.454423959849928,52.47250914268637],[13.45462820813115,52.47269291921214],[13.45462862201033,52.472693291105756],[13.454677011239184,52.472736713057635],[13.454801859956962,52.47285510693501],[13.455095608062651,52.47316880889045],[13.455272117068779,52.47340626265181],[13.455462980578272,52.47369401655375],[13.455494478602906,52.47374351443329],[13.455630037343525,52.47401156625468],[13.45575986394188,52.474315543591],[13.45583639345584,52.4745488700497],[13.455878083207484,52.474707778274066],[13.455878093588817,52.474707816852614],[13.455898925669711,52.47480022412971],[13.456031488214958,52.47545361791859],[13.456601325900957,52.478286895009944],[13.456712151145986,52.47883705627314],[13.457266417809308,52.48157817135429],[13.45731409128556,52.48181385570463],[13.457762238795972,52.48404114181041],[13.457762457993065,52.48404221775635],[13.457827035071006,52.484355341921216],[13.458050139192343,52.48546603769784],[13.458117164385932,52.485798384246785],[13.458159625176496,52.48600821597862],[13.458209210394346,52.486267178986594],[13.458212773026087,52.48628903498889],[13.458210481150891,52.48629155862377],[13.45817753197516,52.486334219460986],[13.458034729675267,52.486555718786235],[13.458019612948357,52.48658214004524],[13.45790351029089,52.486813639475855],[13.457901529118379,52.486818415527175],[13.457898999563,52.48682309407737],[13.45772469501962,52.48720799321169],[13.457713566808362,52.48723728479678],[13.457706486659536,52.48726704156614],[13.457676184701247,52.48744702866955],[13.457611907129209,52.487702772281004],[13.457611468472486,52.48770535895513],[13.457610677009402,52.48770791417602],[13.457608493356412,52.48772290263254],[13.457605955093735,52.48773787025911],[13.457605933876895,52.48774047072467],[13.457605556502042,52.48774306099853],[13.457577850819703,52.48816976081792],[13.457578075720738,52.48818425581369],[13.457577884453018,52.48819875098934],[13.45757834935297,52.488201891557665],[13.457578398277683,52.48820504478107],[13.457580949504962,52.48821945652261],[13.457583086597532,52.488233893344244],[13.457629083988385,52.488434293549425],[13.457639096704048,52.488466892297076],[13.457726219757687,52.48869252389982],[13.457771770297736,52.48885622609667],[13.457784151239672,52.488915347243754],[13.457782415911312,52.48900819968558],[13.457782563531051,52.489021335501626],[13.45779505947675,52.489324835532216],[13.457796119183499,52.48933917306183],[13.457838894761352,52.48974003243932],[13.457817549080847,52.48992187021884],[13.457787541651015,52.490064793763025],[13.457786152830927,52.490071981639716],[13.45775685065695,52.490237981478934],[13.457753519416363,52.490271424427114],[13.457755302285676,52.490304911458935],[13.45777400037555,52.490448911536404],[13.457777533638255,52.490468963792445],[13.457801132257089,52.49057486389748],[13.457810726521704,52.49060694571914],[13.457849925229663,52.4907110458981],[13.457850013182098,52.49071123616839],[13.457850070508428,52.490711430746394],[13.457857861878782,52.49072821549471],[13.457865623048473,52.49074500545811],[13.457865741130309,52.49074518954992],[13.457865829425188,52.49074537976109],[13.45802242621271,52.491028880470175],[13.458025854417635,52.49103490953647],[13.458043754078146,52.491065509617194],[13.458050381915617,52.49107629168627],[13.458075981493513,52.49111599180085],[13.458076234976314,52.49111638422884],[13.458124634182349,52.491191184445334],[13.458148481887378,52.49122332740521],[13.45817737622901,52.49125388877093],[13.458211038945873,52.49128257421633],[13.45824914585213,52.49130910748103],[13.458291329959387,52.491333233031135],[13.458337185010917,52.49135471852029],[13.45838626939417,52.49137335702752],[13.458438110393859,52.49138896905005],[13.458492208744701,52.49140140423224],[13.458548043439919,52.491410542813725],[13.458605076749219,52.4914162967828],[13.458662759397866,52.491418610724196],[13.458720535856997,52.491417462352736],[13.458777849694176,52.49141286272803],[13.458834148932677,52.491404856147945],[13.45888889136781,52.49139351972194],[13.458941549789134,52.49137896262841],[13.458991617058189,52.49136132506317],[13.459038610992868,52.491340776889096],[13.459082079011369,52.4913175160002],[13.459109460928023,52.49129967666008],[13.459544613046742,52.49190726350176],[13.459556486141906,52.49192445321529],[13.459938561505226,52.492477920087886],[13.460170554823986,52.49282929240903],[13.4603339357994,52.493100422148764],[13.460336412411934,52.49310445725047],[13.460348840459782,52.49312434252617],[13.460452367054568,52.49329032817542],[13.460456273981992,52.49329642468648],[13.46055637238087,52.4934485251335],[13.460568003545283,52.49346499831612],[13.460638602638216,52.49355849862625],[13.460639142077499,52.49355921100315],[13.460707641205932,52.493649411303785],[13.460717008152296,52.49366117971243],[13.460856306649879,52.49382838031493],[13.460865039149283,52.493838462893706],[13.46106763726991,52.49406366375751],[13.461080468424655,52.49407721831152],[13.461253867137069,52.494251519034584],[13.461260487547971,52.494258016976595],[13.461626695353095,52.49460906142489],[13.461739611009778,52.49471850243319],[13.461745998439643,52.494724557934866],[13.461820931940037,52.49479405805896],[13.461833292859104,52.49480610814458],[13.46184062766273,52.494813078658616],[13.461960626939359,52.49492427914867],[13.461961881893616,52.494925437207854],[13.461987781741096,52.49494923731338],[13.461998745084097,52.49495896162279],[13.462181344215583,52.49511536235153],[13.462191165195025,52.495123528340294],[13.462399864390939,52.49529202915743],[13.462413689498371,52.495302761499346],[13.46266078882557,52.4954872624403],[13.462691144794336,52.49550820975093],[13.462830940621679,52.495597429994746],[13.463496960907202,52.496078398975435],[13.463501610629992,52.496081715692114],[13.463969109726607,52.496411117432714],[13.463975291926689,52.49641540412468],[13.46434019137472,52.496664405465495],[13.464341613311339,52.49666537224321],[13.465174199074156,52.49722938581967],[13.465356286020965,52.49735439731867],[13.465680975319593,52.49759183713407],[13.465869082018147,52.497745086884976],[13.466052287029736,52.497909771481055],[13.466055701782945,52.4979128074482],[13.46615488670234,52.49800002928602],[13.466271249648036,52.498107209219164],[13.466440650248476,52.498278445167756],[13.46653460355549,52.498387498076134],[13.466696489543901,52.49860056148421],[13.466820309639683,52.49881554761173],[13.466922195684326,52.49904047047234],[13.467059674824064,52.49937082491135],[13.467160388565636,52.49961993025263],[13.467182999724129,52.49967586492024],[13.467363323701878,52.50012703921612],[13.467658614621136,52.50086554056555],[13.467659588237916,52.500867939637864],[13.467698630462014,52.500962745093254],[13.46777950889617,52.50115888888391],[13.467909885251169,52.501499365690826],[13.467963974219936,52.501659747617275],[13.468007690196576,52.50180870555576],[13.468070246822633,52.50207628222733],[13.468114323292088,52.50239211298052],[13.468116099900579,52.50240291265664],[13.46812479929721,52.50244881269477],[13.468125389166003,52.502451814358025],[13.468150615247565,52.50257577167642],[13.468163060210255,52.50266410211097],[13.468163201517385,52.50266508912733],[13.468164801371687,52.502676089134106],[13.468168808704716,52.50269680062754],[13.468192607426433,52.502795200734234],[13.468195711967171,52.50280673561101],[13.468247889795158,52.50298266867755],[13.468276368683087,52.503078901629216],[13.468278084186988,52.50308444909601],[13.468337181864388,52.503267649365064],[13.468342503356613,52.503282485127585],[13.468370202492725,52.50335258525418],[13.468378081123264,52.50337048612153],[13.46841205214655,52.503440422456265],[13.468491622710712,52.503605158878834],[13.468503060980353,52.503626384172286],[13.468738456627081,52.504021385233195],[13.468755616136328,52.504047052397084],[13.468903829844706,52.50424640852352],[13.468933829449657,52.50428670865559],[13.46895171778426,52.504308710710575],[13.469073111750827,52.50444603026905],[13.46908146574774,52.50445583028671],[13.469092596314926,52.50446828130906],[13.469102740926491,52.5044791154956],[13.469307984149133,52.50469885040266],[13.469331545498413,52.50472199094822],[13.469589444048646,52.50495509199433],[13.469597248226075,52.504961971748344],[13.46969794774029,52.505048572150834],[13.469715683981766,52.50506304055454],[13.469726217540396,52.50507119770778],[13.469947692677101,52.50525454290844],[13.469948313528446,52.50525505591597],[13.470386408915008,52.505616378029885],[13.470619208944424,52.505809997621334],[13.470620535773973,52.50581109675733],[13.470774319843665,52.50593798475086],[13.470869149088145,52.50601624261121],[13.47094116329088,52.506081852368034],[13.471199526242174,52.5063286365595],[13.47173634424517,52.50688603197881],[13.471817825348907,52.5069711907038],[13.472345327060316,52.50752329455741],[13.472345673727459,52.50752365690145],[13.472491344857287,52.507675711092496],[13.472839972806952,52.50804202464001],[13.473048799567868,52.50826134538225],[13.473152327532683,52.50837036556064],[13.473152899934345,52.508370966985154],[13.474002651229304,52.50926179782007],[13.474017314141925,52.50927732344861],[13.474017935159376,52.509277979406036],[13.474098034495787,52.50936237974385],[13.474098414494417,52.50936277955317],[13.47441529878367,52.50969568803114],[13.474547933114552,52.50985288994403],[13.474641414268405,52.509968958910676],[13.474783034984661,52.51017786686371],[13.474880024775205,52.51035418389713],[13.474961753357787,52.51054497931341],[13.47500369794132,52.51067335237633],[13.475037730786315,52.51081020377899],[13.475065473036077,52.5109746559711],[13.475078602754515,52.51109605387731],[13.475083312847877,52.511228252730454],[13.475077438888897,52.511366603178914],[13.475051089571032,52.511584424939436],[13.475017459143508,52.51175377014976],[13.474919099828183,52.51215340744307],[13.474918929057193,52.51215410595554],[13.474909637818806,52.5121923677914],[13.474635732563067,52.5133186282266],[13.474635471954702,52.51331971113319],[13.474634471900456,52.513323911127905],[13.474634100759545,52.51332549458231],[13.474619064531504,52.513390680171916],[13.47451266831522,52.5138169215059],[13.474482754889237,52.51390073836017],[13.474434911995022,52.51399982728733],[13.474323108013886,52.51418765028237],[13.474254839830644,52.514294735540474],[13.474244379115456,52.51431082188088],[13.47415749527986,52.51444193865266],[13.47415488337178,52.514445949384566],[13.474101561904206,52.51452928132701],[13.474085761646162,52.51455398125223],[13.474078712217645,52.51456558731057],[13.473850377171686,52.51496233956547],[13.47373757502193,52.51515843902264],[13.473736375698543,52.51516054483137],[13.473731216011885,52.51516969576955],[13.473563153752654,52.51546634604728],[13.473561258341707,52.51546974657014],[13.473393454773849,52.51577580449022],[13.47335657976066,52.51584096840622],[13.47335630637792,52.51584145263324],[13.47332458585862,52.51589776749875],[13.473292141894243,52.5159538752548],[13.473195845034217,52.51611639086234],[13.473018477199396,52.51639118491793],[13.47263408643661,52.51694016337585],[13.47164682251921,52.51834311933549],[13.47078795342718,52.51955657217405],[13.470785794923863,52.51955966127854],[13.470697993647638,52.51968696086849],[13.470683406218173,52.51971035726811],[13.470375400107814,52.52026135577947],[13.470374678253727,52.52026265521235],[13.470247113904927,52.52049373613485],[13.470038318749689,52.520861101804094],[13.469912200566249,52.52105855763519],[13.46977571944715,52.52125146871107],[13.469672446320896,52.52137865309537],[13.46955467934488,52.52150434773703],[13.469415604691843,52.521643239523605],[13.469266631615723,52.52177258134915],[13.469088551017876,52.521915479872945],[13.46890054261831,52.52204752498011],[13.468744747547168,52.52214748692508],[13.468582048992987,52.52224258046326],[13.468420124009143,52.5223294535387],[13.468245583736834,52.52241533219881],[13.468060268393057,52.5225033982349],[13.467863968451724,52.522579221662056],[13.467622820412435,52.52266584571565],[13.467384185144917,52.522739681421974],[13.467089763353703,52.52281925975],[13.46678480670991,52.52289206001206],[13.466141235377725,52.523031282259005],[13.466030325216698,52.52305484449223],[13.465619091797876,52.523142194060405],[13.465460908966904,52.52317584149104],[13.465114628072834,52.52324888975309],[13.465110048848787,52.523249868625214],[13.464684351741148,52.52334206794262],[13.464668211520513,52.523345726395505],[13.464379013411662,52.52341422589204],[13.464359541836208,52.52341908352379],[13.464080443565667,52.52349228299157],[13.464058667430622,52.5234983163609],[13.463771469086243,52.52358221575984],[13.46375660572865,52.52358671572154],[13.46346540731222,52.52367801507503],[13.463450838874149,52.52368274106654],[13.463102169365156,52.52379969581586],[13.462869736641885,52.523877140030436],[13.462082188617531,52.524139855482474],[13.462017269854153,52.524161461840244],[13.461476005465855,52.52434154965513],[13.461474990688984,52.524341888073074],[13.460577795273544,52.524641785974985],[13.460570290181302,52.524644338149436],[13.459918266210114,52.52486987680386],[13.45976873985712,52.524921516729144],[13.45975210022649,52.52492748484093],[13.459561901078958,52.52499828435726],[13.459555520393609,52.525000693617855],[13.459546120434021,52.52500429359344],[13.459541658442392,52.52500601948933],[13.459364259181665,52.525075319021646],[13.459354262690017,52.525079311768835],[13.459168863405624,52.525155011264076],[13.459142830053281,52.52516627499931],[13.458917930721721,52.52526927433633],[13.458905195641131,52.52527527423787],[13.458584496438533,52.52543067325704],[13.458551410893827,52.525447959095665],[13.458310311142244,52.52558365828863],[13.458290582331417,52.52559529237439],[13.457976082330443,52.52578959126712],[13.45794912952417,52.525807405716144],[13.457744429179241,52.52595220494651],[13.457726925883424,52.52596518785971],[13.457536725312664,52.52611318711472],[13.457527325701266,52.526120702529816],[13.45734782501858,52.526268201811476],[13.457333395589014,52.52628059794432],[13.457164494710264,52.52643239724614],[13.457161286091035,52.526435311489095],[13.4570272156435,52.52655837492744],[13.456917015031381,52.52665957446858],[13.456915931038928,52.52666057352619],[13.45690001794358,52.526675292989495],[13.456136600688257,52.527380609366276],[13.456133212716704,52.5273837755092],[13.455507508938812,52.5279752728789],[13.455501379409764,52.52798119296366],[13.454880916674929,52.52859357155019],[13.454770389004853,52.528699964357656],[13.454768581432761,52.52870171542746],[13.454644743618154,52.52882245098158],[13.45403593961916,52.529416148397004],[13.454035530501839,52.52941654793808],[13.453771628755126,52.5296746468167],[13.453768276475794,52.529677965285536],[13.453473775472467,52.52997306350402],[13.453448116078977,52.52999881232587],[13.453425249120505,52.53002079615273],[13.453419381595006,52.530026556446266],[13.453271482037254,52.53017485432346],[13.452972469030772,52.530474663436486],[13.452164192340707,52.5312828312352],[13.45141653737335,52.53203177765382],[13.450034777985055,52.53341482137323],[13.450034045935748,52.533415556050436],[13.45000271361846,52.53344708568949],[13.447626303966796,52.53582536417945],[13.44729110284255,52.53613551020954],[13.447163607313072,52.536237739523706],[13.447087916188488,52.53629686184571],[13.447007589875707,52.536353686166045],[13.446823019405496,52.53648164541617],[13.446657594500985,52.536585012923815],[13.446406333327744,52.53673011714048],[13.446257801085714,52.53680775865063],[13.446094393759179,52.536887487153685],[13.445926757652996,52.53696450888549],[13.445751241425464,52.537037901481405],[13.445269175302228,52.53722263791572],[13.44475007354719,52.53741500405712],[13.443474759180717,52.53788797119608],[13.442314560406867,52.53831791816192],[13.441722163071523,52.538537916657724],[13.441717178253022,52.5385397885944],[13.441375079743281,52.5386696877111],[13.441370969762703,52.5386712626635],[13.441161770648923,52.53875216211591],[13.441157557747783,52.53875380660042],[13.440907558775368,52.53885230593699],[13.4408885487997,52.53886011932944],[13.440560649948525,52.53900061840542],[13.440551292015343,52.539004711908994],[13.440170793225334,52.53917461080593],[13.440163797009523,52.539177783420115],[13.440035931138306,52.53923666749717],[13.440009464925554,52.53924885189966],[13.44000802252588,52.53924951806617],[13.43965472496464,52.53941320671053],[13.439474807268333,52.53949575573927],[13.439303807773255,52.539574255234214],[13.439302702925678,52.53957476366676],[13.439135821430664,52.539651747154984],[13.438127524360215,52.540117244165806],[13.43812382572373,52.54011896570833],[13.438107479938862,52.540126636328445],[13.437626533416271,52.54034923881355],[13.437426225129306,52.54044146604843],[13.43742217349527,52.54044334832844],[13.437368288206635,52.54046860696972],[13.437093638883317,52.54058964008378],[13.436730279038748,52.54073502162771],[13.436221211586526,52.54092472778158],[13.43606180683638,52.54098414304623],[13.434625079434307,52.5415172778352],[13.434245412336468,52.541658365278145],[13.433760793070823,52.54183840051807],[13.43352094369727,52.541926750144626],[13.433519913603902,52.54192713045829],[13.43339690202237,52.54197265132332],[13.432877041080296,52.54215503472321],[13.43247862820621,52.54227623759333],[13.432009006761314,52.54240497497578],[13.43148910196752,52.54253984924486],[13.43148771951553,52.54254020914727],[13.430816723685897,52.54271550787191],[13.430814559234438,52.54271607645353],[13.4302697467,52.54285997960749],[13.430137835366246,52.54289482407319],[13.42999332466524,52.54293276929524],[13.429974057690938,52.54293807997168],[13.429620659746584,52.54304017923882],[13.429607873614884,52.54304398906731],[13.4292236757437,52.54316198822854],[13.429198150212102,52.543170312863],[13.42722654826458,52.54385174303645],[13.42680580478154,52.54399690572522],[13.426793674984271,52.5440010388331],[13.426790538073668,52.54400211537686],[13.42666323870102,52.54404611507106],[13.426661441762349,52.544046738702725],[13.42624734378388,52.5441910377016],[13.426240493112395,52.54419346226281],[13.426111393719212,52.54423986194309],[13.426110881993026,52.54424004607426],[13.42594238278271,52.54430074565624],[13.425931384155193,52.54430480701833],[13.425733185023244,52.54437980650785],[13.42571540668481,52.5443868063585],[13.425490207550084,52.54447900574395],[13.42547619350169,52.544484924195665],[13.42517699451271,52.544615223342916],[13.425148654500388,52.54462837070202],[13.424927255013797,52.54473767001652],[13.424924301547254,52.54473913771747],[13.42470520202879,52.54484873703346],[13.424691333980686,52.54485589490619],[13.424472734329994,52.54497229419726],[13.424463331845056,52.544977409766766],[13.424293012497168,52.54507208653809],[13.424144161022697,52.54515438762329],[13.423923140713542,52.54527461893309],[13.423919121626541,52.54527682550184],[13.423513895365765,52.54550136192608],[13.422717743313248,52.54594058170239],[13.420627599033335,52.54708754445233],[13.420287060880181,52.54723961664034],[13.419920857318129,52.54738565063142],[13.419684432436794,52.54746872113175],[13.419219995196755,52.54762294122206],[13.41781734803028,52.54808858962075],[13.417646303816898,52.548145306268076],[13.417203811368354,52.54829064222717],[13.417024010030012,52.54834965788022],[13.416773054938433,52.548429817084276],[13.416771655062234,52.54843026568479],[13.416366057219163,52.548560664765354],[13.416362054325878,52.548561963692414],[13.416319441708257,52.548575919765625],[13.416142330972486,52.54863222933419],[13.416016269702569,52.54867094240436],[13.415881016616813,52.54870767213143],[13.415467119121066,52.54881970080603],[13.415056120608035,52.548915736221],[13.414892756693115,52.54894640895683],[13.414690251809462,52.54897871309143],[13.414526482799937,52.54900055509992],[13.414378913799263,52.54901950293042],[13.414340987706996,52.54902368376049],[13.41429918187786,52.5490278811347],[13.414296433549815,52.54902813679327],[13.414241807321385,52.549032937001854],[13.413930839018816,52.5490603085589],[13.413839072413998,52.5490676574292],[13.413285522995832,52.54910976035796],[13.412524590692978,52.549158081423045],[13.412521887146255,52.54915825693655],[13.411733218507388,52.54921057530446],[13.411216848229795,52.549243496932256],[13.411212976121378,52.54924375167401],[13.410638988834968,52.549282681295914],[13.41005458229745,52.549319231380345],[13.409725404612292,52.5493354870877],[13.409399160271946,52.54934838059562],[13.409078973841469,52.54935902474028],[13.40875813969688,52.54936257996501],[13.408445451448621,52.54936451914399],[13.408033429705263,52.54936072755382],[13.407812543599912,52.549356718400915],[13.407332386075089,52.54934184715885],[13.406707325619305,52.54931254133118],[13.405191294068256,52.549232298530235],[13.405025561998,52.549223502146425],[13.40502446336853,52.54922344446559],[13.402685939448972,52.54910198493385],[13.402068401469172,52.54906892576609],[13.402045051163617,52.549067959817165],[13.401549055199279,52.549053459966785],[13.40153509466915,52.549053152779976],[13.401041198700563,52.54904585287122],[13.401029117411476,52.54904574974365],[13.399463208824185,52.54904215074724],[13.399301752270466,52.54904165212699],[13.399239823471525,52.54904145268241],[13.399036339950989,52.54904075210751],[13.397924049042205,52.5490372522082],[13.397923115009256,52.54903724971566],[13.396971160281595,52.549035165015574],[13.39601226281243,52.549019303321096],[13.394067212418548,52.5489570546037],[13.39388478196739,52.54895107001863],[13.393441519226142,52.548936448118106],[13.393442398406147,52.548923390032904],[13.393440714510223,52.54890565730329],[13.393436168250892,52.548888112424756],[13.39342880401216,52.54887092667053],[13.393418693686952,52.54885426780784],[13.393405935975165,52.54883829846027],[13.393390655420056,52.5488231745201],[13.393373001192368,52.5488090436267],[13.393353145634048,52.548796043725176],[13.39333128257582,52.5487843017198],[13.393307625444976,52.548773932235285],[13.39328240518192,52.54876503649776],[13.39325586798576,52.54875770134671],[13.393228272910974,52.54875199838724],[13.393199889338602,52.548747983291115],[13.393170994346644,52.54874569525331],[13.392588979865486,52.548717338262605],[13.39259042868085,52.54871665781376],[13.39261150982037,52.54870457460461],[13.39263054693435,52.54869129012894],[13.392647356743806,52.54867693228376],[13.392661777413723,52.54866163929991],[13.392673670111087,52.548645558411145],[13.392682920341432,52.548628844436685],[13.392689439051043,52.54861165829059],[13.392693163484223,52.548594165432576],[13.392707062783808,52.5484884653927],[13.39270795884693,52.54847089411892],[13.392706035385016,52.548453353504144],[13.39270131079411,52.54843601127667],[13.39269383025531,52.54841903326762],[13.392683665302625,52.54840258182509],[13.392670913138828,52.54838681426191],[13.392655695705875,52.54837188135126],[13.392638158518784,52.548357925885036],[13.392618469274119,52.54834508130847],[13.392596816246394,52.5483334704441],[13.39257340648773,52.548323204317335],[13.392548463847964,52.54831438109487],[13.392522226834188,52.548307085146014],[13.392494946330133,52.54830138623597],[13.39246688319722,52.54829733885868],[13.392438305780237,52.548294981715884],[13.391473598797354,52.548244528455164],[13.38994811626996,52.54815905835313],[13.389638238861506,52.54813984655959],[13.389630268563312,52.54813941891434],[13.389613894158108,52.54813867665726],[13.389589048474528,52.548136808989454],[13.389542559047673,52.548134722926996],[13.389306770344371,52.548123837305944],[13.388639942083282,52.54809323142323],[13.38861102333857,52.54809277144642],[13.38858216980294,52.54809404093313],[13.388553659121394,52.54809702766764],[13.388525765639914,52.548101702909854],[13.388498757765635,52.54810802167191],[13.388472895384163,52.54811592315105],[13.388448427358876,52.54812533131468],[13.388425589136277,52.54813615563194],[13.388404600480419,52.54814829194489],[13.388385663358221,52.548161623470634],[13.388368959996013,52.548176021925194],[13.388354651126013,52.54819134875786],[13.38834287443961,52.548207456484256],[13.388333743262343,52.54822419010566],[13.388327345463315,52.54824138860042],[13.388323742609549,52.54825888647334],[13.38831797514883,52.54830518164989],[13.387670161173705,52.54828964615584],[13.386071030991562,52.54822827933868],[13.386042638141932,52.54822802461225],[13.38601433672592,52.548229435744815],[13.385986389137775,52.54823249965316],[13.385959054491376,52.54823718793048],[13.385932586217958,52.54824345710977],[13.385907229716516,52.54825124906674],[13.385883220078666,52.548260491558835],[13.385860779909075,52.548271098894865],[13.385840117261608,52.5482829727295],[13.385830215111337,52.54828987497479],[13.385639804694696,52.548261091080796],[13.385188951504686,52.54819176747454],[13.385180460589908,52.54819050260462],[13.384741463865051,52.54812720313098],[13.384717222046541,52.54812403405163],[13.384290425328096,52.54807393447737],[13.38426331249223,52.54807114963618],[13.38396951481042,52.54804524986291],[13.383949349937925,52.54804368795034],[13.383661952238507,52.54802448812376],[13.383647841797984,52.54802364994079],[13.382688623683528,52.54797375367367],[13.382347892655517,52.54794911797191],[13.382299557957468,52.54794467821813],[13.382025733417866,52.547919420792056],[13.38130873952859,52.54782258112305],[13.38085186071937,52.54774164250835],[13.380420170470684,52.54765066497866],[13.38038758798839,52.547643270381876],[13.380249842774521,52.547610893202034],[13.379265710703505,52.547368078793205],[13.378529719778305,52.54716147491947],[13.378183276426793,52.54705849651359],[13.377948822053394,52.54698152557204],[13.377659265273195,52.54688052645605],[13.377389281144175,52.54677783228351],[13.377333688324223,52.54675671697479],[13.377134435997078,52.54667283645192],[13.377129946670316,52.546670965120214],[13.37671958441931,52.546501595638496],[13.376193205983494,52.546279054339514],[13.375871207304195,52.54614146811987],[13.375870348390967,52.546141101807606],[13.375267578386795,52.545884513432995],[13.374341907869928,52.545487927327244],[13.374337485238557,52.54548605084087],[13.374188499756036,52.54542345127223],[13.372868416435725,52.5448652750236],[13.37222944289925,52.54459101789938],[13.371930870829853,52.54446123902667],[13.371923196871018,52.54445795915967],[13.371570518227344,52.54430975649245],[13.371509137199096,52.544282024731565],[13.371503684103578,52.54427959042371],[13.371064765648269,52.54408599745042],[13.37105103005485,52.5440798164561],[13.371049493320362,52.54407912726602],[13.37053379482645,52.543848628787224],[13.370527257083378,52.54384574832492],[13.369771759465685,52.54351765051347],[13.369770155615866,52.54351695643762],[13.369481989758105,52.543392690241625],[13.368825676442388,52.543091749134845],[13.368812950515329,52.54308607458171],[13.368742920395423,52.54305571537157],[13.368684715863742,52.54302999720693],[13.368527807795699,52.54296071467033],[13.368346099059147,52.542880132822376],[13.368341835241377,52.54287825960714],[13.368314639575392,52.54286642366208],[13.367969257430115,52.542712226908336],[13.367441112563997,52.542476352398374],[13.36722766318288,52.542381009363545],[13.367177997372796,52.54235875916263],[13.367177243156927,52.5423584218361],[13.367010996894807,52.542284190755176],[13.366916898536719,52.54224211761369],[13.36676064234747,52.54217148015792],[13.36675423958917,52.54216862618842],[13.366584040109617,52.54209382668517],[13.36658350107016,52.542093590067715],[13.366156075548531,52.54190618797973],[13.366123233181865,52.54189149785775],[13.36611840170028,52.54188935962549],[13.366023034083605,52.54184760117781],[13.365682756066725,52.54169053525334],[13.36567226374413,52.54168580260704],[13.36482204226504,52.54131110143726],[13.364246170917085,52.541048069575446],[13.363437223448841,52.540665341109595],[13.363430430370416,52.54066217496426],[13.362514132840161,52.540241477712115],[13.362498569966558,52.54023457200278],[13.361906071895108,52.53998057370493],[13.361890983554476,52.53997431584614],[13.361154561258997,52.539678939190786],[13.360689846863536,52.53947511949335],[13.36068647463894,52.539473651385855],[13.360182808303177,52.53925600163234],[13.359678448706346,52.53901859333745],[13.359667443627957,52.53901353707655],[13.359467024467428,52.53892367365566],[13.359070405851154,52.53874571083112],[13.359066020339178,52.538743761939585],[13.357124027687822,52.537889036286295],[13.356391616684748,52.537567088657994],[13.35629761697235,52.53752578893228],[13.356276567115286,52.537516956534176],[13.356033568030128,52.537419657201724],[13.356003798014203,52.537408492493114],[13.355746499206372,52.537318293137474],[13.355721622638038,52.53731005036095],[13.355330424695753,52.537187751260994],[13.355264371753469,52.53717012192122],[13.354897574161624,52.537088122565734],[13.354881275288971,52.53708464307054],[13.354681776649212,52.537044043394204],[13.354661296660453,52.53704012663597],[13.354461998075811,52.537004426925535],[13.354429581575763,52.536999225730156],[13.354128983823223,52.53695652608603],[13.35410727307143,52.536953703677966],[13.35393107442464,52.53693290385479],[13.353920135396434,52.53693167767032],[13.353749636720977,52.53691357782587],[13.353737604591817,52.536912378517606],[13.353591705737939,52.536898778636086],[13.35357918570107,52.53689769522111],[13.353060889813527,52.5368562955879],[13.353060088362495,52.536856231909674],[13.35237579025768,52.536802150661984],[13.351462428156907,52.53672705937991],[13.351004699744111,52.53668841753066],[13.350604987575846,52.536640746325865],[13.350166063361492,52.53657530363974],[13.349706425428165,52.53649861554781],[13.349298529145285,52.53642989557124],[13.349185186383481,52.53640914135432],[13.349180805936028,52.53640835051458],[13.348953807550911,52.53636795084257],[13.348938752794309,52.536365402963945],[13.348533955748447,52.53630040349831],[13.348506697317323,52.53629644628655],[13.348041900841814,52.53623604679487],[13.348011567897538,52.536232608259716],[13.347460672211787,52.53617920872314],[13.347445261793759,52.53617784188641],[13.346502672800801,52.536101970715535],[13.346040259367191,52.53605705940679],[13.345651586740946,52.53601124303716],[13.345568420213942,52.53600011124092],[13.345558481908549,52.53599883560414],[13.345539562621227,52.535996510778794],[13.345496927622365,52.535990832125286],[13.345493738642821,52.53599041300959],[13.34543767619868,52.535983143817795],[13.3450669161068,52.53593487509103],[13.34506590922893,52.535934744565566],[13.344859323876744,52.53590807882186],[13.344419337830168,52.53584952028991],[13.34441320451125,52.53584872479292],[13.344405091003107,52.53584769992962],[13.343286882110215,52.53570302835812],[13.342899885047954,52.535653128778506],[13.3428982954146,52.535652925202065],[13.342790170362315,52.53563917290287],[13.339100072418345,52.5351667247659],[13.33909315845204,52.53516586575087],[13.339058214569953,52.5351616568275],[13.338497516566525,52.53509319144513],[13.334459777645778,52.53459703621917],[13.330568107379339,52.53411874027054],[13.33056353012654,52.53411818911676],[13.330114881271358,52.53406528951976],[13.328888898203108,52.53391845348471],[13.328166962303436,52.53381788830548],[13.327839089649775,52.53377217341708],[13.327086186456931,52.53366505759472],[13.326004917469803,52.5335094629195],[13.326001231760229,52.533508940135434],[13.324875940194849,52.53335164144985],[13.324870321115922,52.533350873551385],[13.322252928568314,52.5330013282665],[13.320753338236486,52.532799743221936],[13.318042367301988,52.53243613402041],[13.31620794002184,52.53219023889487],[13.314460208043952,52.53194715453555],[13.314457945313606,52.53194684265856],[13.313812150172236,52.53185864339768],[13.313809029167546,52.531858222552955],[13.312679064012888,52.53170780719162],[13.30805649961804,52.53108592609427],[13.307743025653707,52.53104392961818],[13.30659555789243,52.530890134070304],[13.30659015076207,52.53088942551897],[13.306049815315534,52.53082023384383],[13.304778385434064,52.53065724297],[13.304765969584578,52.530655735947185],[13.303874976448656,52.53055363681928],[13.303870473091882,52.530553131793894],[13.302760129773006,52.53043132422132],[13.300739248385934,52.53016568871837],[13.300727048478285,52.53016408873185],[13.300725782098938,52.53016392353663],[13.300694182338525,52.530159823571196],[13.300693351503233,52.53015971615434],[13.300570398321353,52.530143876168765],[13.300418731018228,52.53012287609574],[13.3004141812681,52.53012225765199],[13.3003168091552,52.53010926810464],[13.300058866112392,52.530074384028126],[13.298161601115924,52.52981766031693],[13.29692364275488,52.52963439119494],[13.296580711821882,52.52957788891138],[13.296563711945169,52.52957508893437],[13.296559848786496,52.52957446121298],[13.295902253585313,52.52946906208076],[13.295891736089194,52.52946743925176],[13.29558703834837,52.52942223962727],[13.295579024096153,52.52942108685312],[13.295024328255003,52.52934378749982],[13.295012175482443,52.52934217598906],[13.294447379782639,52.529271076590504],[13.294441067060296,52.52927030379085],[13.294360170265776,52.5292606804097],[13.293958473347258,52.52921298081572],[13.293942585807876,52.52921123156249],[13.293503189234189,52.52916663194855],[13.293495647349108,52.529165897004496],[13.292872552241118,52.529107697512806],[13.292857787205103,52.529106434681175],[13.292319691479431,52.52906463505392],[13.29231599690705,52.52906435527553],[13.292044899066072,52.529044355454985],[13.292029937338315,52.529043369651276],[13.291232043751142,52.52899707007972],[13.291220945231132,52.52899649049482],[13.290930147581081,52.52898299062402],[13.290924090430627,52.528982728549764],[13.290639892732989,52.52897132866163],[13.290639134332455,52.52897129853876],[13.290265337361557,52.528956598683536],[13.290256107661671,52.52895627999961],[13.29006440921997,52.52895058005905],[13.290061213051475,52.52895049032334],[13.289534517625372,52.528936575031615],[13.289038911730765,52.52892018650406],[13.288765550260146,52.528909332052955],[13.288508883067667,52.52889348840595],[13.288245113434225,52.528877141875085],[13.288057888824229,52.528862060406865],[13.28789832668984,52.5288445022439],[13.28772986451127,52.52882484834837],[13.287587792679247,52.528803729576154],[13.287408939301168,52.528774551113194],[13.287255618791228,52.528744762201676],[13.287100664916114,52.52870873908346],[13.286950083754189,52.52867339581655],[13.286696453667192,52.52860702371809],[13.286503304748706,52.528550182037975],[13.286497138910763,52.528548394259396],[13.286326609731834,52.52849968562046],[13.286155338821944,52.52844842097031],[13.285989730001045,52.528391536561685],[13.285858323779156,52.528342096726405],[13.285845485151283,52.528337402535094],[13.285768699550877,52.52831012953525],[13.285699306629917,52.52828387282786],[13.285655454806353,52.52826652984219],[13.285652610044826,52.5282654118255],[13.28555345681711,52.52822668884104],[13.285416032812371,52.52816880783637],[13.28531044168225,52.52811995110087],[13.28519081427828,52.5280630038028],[13.285065255313484,52.52800081987541],[13.284959483387905,52.527945013026],[13.284841392621267,52.52787768890476],[13.284748644468339,52.527823104492924],[13.2846733425963,52.52777665451929],[13.284575842405713,52.52771115392282],[13.28446843480207,52.52763572673029],[13.28438343452863,52.527573779362555],[13.284298735827512,52.52750716792167],[13.284199593598064,52.52742497305404],[13.284119645757771,52.527353837615784],[13.28404030961377,52.527281778354144],[13.283980909977783,52.52722036589974],[13.283874326376694,52.52710556321133],[13.28380085853418,52.527021588388905],[13.283727130298363,52.526928530389306],[13.283659503668718,52.52683755477067],[13.283598095130644,52.52674567733368],[13.283595864016668,52.526742385937446],[13.283535066119926,52.526653938399626],[13.283471926947467,52.526537304310864],[13.283415102456006,52.526416544324995],[13.283377444715203,52.526323379946405],[13.283339190553924,52.52621511417597],[13.283305076510514,52.52608248559146],[13.283279862341995,52.52597184525992],[13.283259480722183,52.52585294649462],[13.283249292066795,52.52577076116871],[13.283244689509162,52.525667279901846],[13.283242383130975,52.52555950116037],[13.283246726724247,52.525447343407976],[13.283256942144966,52.52532826877423],[13.28327368729732,52.5251913263271],[13.283290095213628,52.5250760851007],[13.283325202636787,52.524894221870284],[13.283374113884173,52.524670824115475],[13.283425386348837,52.524452803283715],[13.283622517682979,52.52360864949856],[13.283815820527328,52.522789015471176],[13.28397930032924,52.52209910620438],[13.28407540686841,52.52170557703246],[13.284075868554181,52.52170365077222],[13.284177909780285,52.52126970254507],[13.284202419023973,52.52117444800975],[13.284294508546386,52.52083524342679],[13.284294611562746,52.52083486270355],[13.28431645276685,52.52075387234027],[13.284373707359702,52.52056071574327],[13.28441944019007,52.520406635219096],[13.284544634741632,52.51998723996643],[13.284546281356473,52.51998186657205],[13.284546820885204,52.51998008097884],[13.284772258256636,52.51922325785718],[13.28482990111851,52.51903084014728],[13.284876704118982,52.518874628302505],[13.284887244739444,52.518843437225435],[13.284903717372273,52.51879597856915],[13.284906141430142,52.518788616113575],[13.285071530403536,52.51825761857611],[13.285106476767009,52.518170022880014],[13.285110915777922,52.518158003420744],[13.285129799746576,52.51810244844684],[13.285222921245133,52.51782884380861],[13.285337540513611,52.51750459175257],[13.285337688169028,52.517504172828346],[13.285365301261919,52.51742560172477],[13.285703700971744,52.51647662868309],[13.285703854615448,52.516476196531514],[13.285726044198682,52.51641359829025],[13.285826015432475,52.516146346104115],[13.28587091067346,52.51611488630112]],[[13.281355611646022,52.50219722871098],[13.281262075883049,52.50211423058061],[13.281012267898475,52.50186670973901],[13.2809854289208,52.50183278716639],[13.280863518313042,52.501655755742],[13.280794245878965,52.501538359738525],[13.280747902124649,52.50142041878912],[13.280709992949866,52.501264157276694],[13.280690750343027,52.501099117375574],[13.280692889631984,52.50095178231112],[13.280715990722108,52.500817287461444],[13.280743342001498,52.50069197480983],[13.280803597300665,52.50055068220609],[13.280944616923664,52.50026975434691],[13.28102513072332,52.500144435449485],[13.28122921098607,52.49989466468436],[13.281385617747503,52.499704774541314],[13.281788757994258,52.499237236769275],[13.281790659929761,52.49923474096798],[13.281792893875107,52.49923234982106],[13.282027591418494,52.498949748764495],[13.282028052956559,52.49894911804742],[13.282028609791055,52.49894851666767],[13.282206088148472,52.49873276131359],[13.282421644955496,52.498494649769604],[13.282800541085837,52.49812777521015],[13.283225697415183,52.497793446623476],[13.283231798305069,52.497788129555175],[13.283238427960413,52.49778305374365],[13.283324527594736,52.49771005339488],[13.28332735590084,52.49770763436316],[13.283597054682168,52.49747493326364],[13.283613395360286,52.49746006205318],[13.283779894315092,52.49730006134904],[13.2837965700721,52.497283013834235],[13.283977468530587,52.497085913040394],[13.28397895128351,52.4970842876265],[13.284164549659414,52.49687958680936],[13.284189139093693,52.496849160582144],[13.284406026838033,52.49654545376163],[13.28462017246344,52.496272651350054],[13.284623749370985,52.49626745452452],[13.284627886960942,52.49626241510426],[13.284898637829302,52.495887804683555],[13.285188258311289,52.49560913390378],[13.285392104469,52.49543638290284],[13.285599877046915,52.49528305004951],[13.285996867704798,52.4950589342172],[13.286243170498823,52.494949988920176],[13.28642402750611,52.49487883057167],[13.286821315856416,52.49475946650546],[13.28712452787868,52.49468536519235],[13.287395679539557,52.494637865976344],[13.287721670011354,52.494600961401716],[13.288029227230792,52.4945810102673],[13.288322828869637,52.494566488465615],[13.288608538567953,52.49456096842745],[13.288628468623669,52.49456037697651],[13.289182773125265,52.49453817683542],[13.289216845776542,52.49453620396513],[13.289460747727654,52.494517703833],[13.289484524938324,52.4945155989358],[13.289727426848614,52.494490998755445],[13.289762154673035,52.49448682370032],[13.290009656551545,52.49445232344379],[13.290035472361176,52.49444834814501],[13.290283774179594,52.49440644783324],[13.290352548054484,52.49439199878954],[13.290807450932164,52.49427679795183],[13.29084731958251,52.49426562179491],[13.290885714860348,52.49425266553503],[13.291215816368492,52.494131264705246],[13.291230509115604,52.494125679931756],[13.291549610438251,52.494000379089115],[13.29155340308589,52.49399872378889],[13.291557405978978,52.493997264534336],[13.2915769072057,52.493988465415484],[13.291596633993052,52.4939798556515],[13.291600142553728,52.49397798142056],[13.291603891830087,52.49397628971293],[13.292203093167952,52.49367708784775],[13.292238038524523,52.493658178345086],[13.293398159073847,52.4929784034538],[13.29477670114583,52.49219149797394],[13.294570230440085,52.49240258896],[13.294562253066076,52.492411001086104],[13.294428025407111,52.492557061838305],[13.294205636198697,52.49279184624341],[13.293981079887917,52.49301040567102],[13.293807337842267,52.49316630292798],[13.293544656147695,52.493376503147424],[13.293050035292138,52.493746212951564],[13.292832986649175,52.49390406539173],[13.292415845149726,52.49417592181238],[13.292400028355582,52.49418665362165],[13.29188992751859,52.49454705170529],[13.291881470042707,52.494553163175034],[13.291129368352111,52.49510906029223],[13.291124770924677,52.49511250136357],[13.291082445626715,52.49514458330665],[13.29096123472622,52.49523497216976],[13.29095893657238,52.49523669678431],[13.29087397453878,52.495300859308536],[13.29066853012062,52.49545323026789],[13.290661925654566,52.49545821856241],[13.290657554109671,52.49546158126285],[13.29023497622764,52.4957836315603],[13.289513193301309,52.49628781825522],[13.289376057342253,52.49638359665967],[13.28937177188158,52.496386514400925],[13.28929673911958,52.49643624622311],[13.28928555359404,52.49644387515248],[13.289213202522784,52.49649465780537],[13.289149973497317,52.49653837140366],[13.28884468270313,52.49674919457074],[13.28884027702781,52.496752272025894],[13.28864147686923,52.49689274062639],[13.288370791991213,52.49708081712075],[13.288298746300667,52.49713092697486],[13.288146024165398,52.497234911511725],[13.288131467135656,52.49724520832494],[13.288026599503961,52.49732228594721],[13.287689925872085,52.497552217399694],[13.287682081335783,52.49755768501521],[13.28749048100392,52.49769398429309],[13.287486413511559,52.49769690921662],[13.287303313141384,52.497830008519834],[13.287300300026578,52.49783221666247],[13.286958906631728,52.498084445678195],[13.286774814298745,52.49821581535345],[13.28659413576731,52.49833989957229],[13.286447572196025,52.49843590379335],[13.286265622655115,52.498550987152356],[13.285973807163625,52.49872221042538],[13.285285624328917,52.4991176486594],[13.285285291131315,52.4991178322572],[13.285275751662608,52.49912320628598],[13.285205951718893,52.4991634060495],[13.28519945144644,52.49916720745727],[13.28492445157594,52.49933050650976],[13.284907657025071,52.4993408924328],[13.284642456899881,52.49951169147954],[13.284616272732897,52.49952972903858],[13.284471272411874,52.49963662848332],[13.28445143696513,52.49965209294543],[13.284250736195691,52.4998176921407],[13.284226462282566,52.49983932850345],[13.284057661210438,52.50000222778857],[13.284042301425098,52.50001791976043],[13.283923400424513,52.50014671923946],[13.283917767985855,52.500152964533626],[13.283800266892333,52.50028636401233],[13.283798785367107,52.50028805680539],[13.283781174899593,52.50030830841544],[13.28343185698121,52.500198639577164],[13.283405606047117,52.500191366201186],[13.28337831583005,52.50018569366426],[13.283350247719113,52.50018167629855],[13.283343368787985,52.50018111694768],[13.283170889592201,52.500126949894344],[13.283144596237891,52.500119663880035],[13.283117260287096,52.500113983976206],[13.28308914442548,52.500109964763936],[13.28306051883301,52.50010764486592],[13.283031658587726,52.50010704657519],[13.283002841022487,52.500108175641],[13.282974343060012,52.50011102121356],[13.282946438551901,52.50011555594828],[13.282919395647141,52.50012173626851],[13.28289347421541,52.50012950278435],[13.282868923349916,52.50013878086324],[13.2828459789738,52.500149481347215],[13.282824861573046,52.50016150140955],[13.282805774077737,52.500174725543],[13.282788899911987,52.50018902666952],[13.282774401231281,52.50020426736161],[13.282690400807953,52.50030346717343],[13.282678390148048,52.500319541958724],[13.282669022896672,52.50033625858091],[13.28266238952303,52.50035345559577],[13.2826585540936,52.50037096691934],[13.282658350042247,52.50037456817029],[13.28263816603531,52.50038611263901],[13.282619132155501,52.50039936374112],[13.282602315505175,52.500413688418455],[13.282587877661848,52.50042894903872],[13.282508577257564,52.500523148860815],[13.282496627400322,52.50053924432257],[13.282487324524151,52.50055597798485],[13.282480758511703,52.500573188175615],[13.282476992803707,52.50059070861866],[13.282476063785923,52.50060837004009],[13.28247798043748,52.500626001803745],[13.282482724243993,52.50064343355976],[13.282490249376291,52.5006604968905],[13.282500483133099,52.50067702693767],[13.282513326643302,52.50069286399515],[13.282528655821118,52.500707855052006],[13.28254632256485,52.500721855270875],[13.282566156187729,52.500734729387254],[13.28258796506697,52.50074635301656],[13.282611538495129,52.50075661385576],[13.282636648715876,52.50076541276853],[13.28271323111159,52.500789274213076],[13.282732134669335,52.50080155804814],[13.282753921139614,52.500813183706654],[13.282777471755345,52.50082344862851],[13.282802559211763,52.50083225373866],[13.282812670130907,52.50083540970093],[13.282820976157314,52.500840743263645],[13.282843055513666,52.5008523672218],[13.282866909836695,52.500862602066725],[13.282892305387993,52.50087134751101],[13.283036536267556,52.50091542178869],[13.282933609792014,52.500934033714444],[13.282906053258415,52.500939938170525],[13.282879590193524,52.500947478829055],[13.282854480709242,52.50095658157119],[13.282830971613249,52.50096715692398],[13.282809293983115,52.500979100939844],[13.282789660895006,52.50099229621812],[13.2827722653293,52.50100661305916],[13.282757278273714,52.50102191073902],[13.28274484704257,52.50103803889271],[13.28273509382873,52.50105483899214],[13.282728114502435,52.50107214590427],[13.282723977668853,52.5010897895143],[13.282722723993635,52.50110759639767],[13.282724365803046,52.5011253915248],[13.282728886962683,52.50114299998142],[13.282736243035924,52.50116024868791],[13.282746361720578,52.50117696810057],[13.282759143559451,52.50119299387811],[13.28277446291783,52.501208168497065],[13.282792169218315,52.501222342800176],[13.282812088420814,52.50123537746253],[13.282834024733216,52.50124714436106],[13.282857762535876,52.50125752783403],[13.28288306850103,52.50126642581782],[13.282959527818043,52.501290311173996],[13.282849972809428,52.501425201443546],[13.28284204617617,52.50143474736055],[13.282829775026272,52.501449472531995],[13.28275551046129,52.50153852877945],[13.282745586957914,52.501551019595716],[13.282673186057055,52.5016468192628],[13.282668958093392,52.50165254456566],[13.282536956315191,52.50183554395282],[13.28252760931131,52.50184926406997],[13.282397307199176,52.502052263451745],[13.282391330753638,52.502061985261896],[13.282271928551843,52.502265084687096],[13.282265243097624,52.50227712157047],[13.282172041080406,52.50245522111402],[13.282164400327904,52.50247106924735],[13.282111598907248,52.50259066898298],[13.282107912994922,52.5025994578363],[13.282043811562769,52.502760748557805],[13.281355611646022,52.50219722871098]],[[13.346879850268364,52.477590685702324],[13.347113949427808,52.477400584770194],[13.34712107647272,52.47739467249497],[13.347265375861205,52.477272371911006],[13.347265960760701,52.47727187528897],[13.347333560470483,52.47721437501502],[13.34735435636896,52.47719544716454],[13.347585534968744,52.47696989518662],[13.348094046520938,52.47652003511225],[13.348329155980307,52.47633304212617],[13.348577179726709,52.47615484900043],[13.348581249912948,52.476151615763776],[13.348585707932243,52.47614857921825],[13.34881854290055,52.47597340006864],[13.349076912560834,52.47579884479894],[13.349574327572183,52.47549836975356],[13.349819386012346,52.475359771989524],[13.350383335930696,52.475065485830946],[13.350866726215253,52.47484256281627],[13.351471006049758,52.47460176318678],[13.35213736062992,52.47439669502435],[13.35265220525362,52.47427194797911],[13.35314567586084,52.47418015005303],[13.353664225605112,52.4741146043251],[13.35385603147955,52.47409736831703],[13.354135063176365,52.47407723107002],[13.354358101503166,52.474066751523424],[13.35462079639311,52.474057411699576],[13.354940194698733,52.4740603486971],[13.355213009078412,52.47406684429893],[13.35540549895989,52.47407541562707],[13.355589576368406,52.474086960248506],[13.355793778867254,52.47410398492917],[13.355996506953689,52.47412277972803],[13.35626512626818,52.474156470680626],[13.356538757990208,52.47419823049868],[13.356938391152791,52.4742835909143],[13.356960518498443,52.474288019339454],[13.357559422691955,52.47439992024029],[13.357564171904256,52.47440079424023],[13.35858777913619,52.474586295739485],[13.358597467043438,52.474587996404765],[13.358726367969943,52.474609896583196],[13.358740827332742,52.47461189217088],[13.358755113901925,52.47461430764157],[13.35876899154071,52.47461577920702],[13.358782730329267,52.474617675340305],[13.35879744039511,52.47461879587842],[13.358812045897627,52.474620344619936],[13.359164861788399,52.47464694510378],[13.359350284333653,52.474666702487795],[13.359379452170714,52.47466935266791],[13.359618554069613,52.474687352828134],[13.359646548695649,52.47468904683388],[13.359888850650504,52.47470014693953],[13.359906211406917,52.47470078494706],[13.360097512959861,52.47470608500265],[13.360132837393543,52.47470641580136],[13.360635041488216,52.47470191579845],[13.360680094264188,52.47470045644918],[13.361123597843577,52.47467565627853],[13.361177320770082,52.4746711205135],[13.361698924828097,52.474612020076215],[13.361764144272081,52.47460225201578],[13.362237247643138,52.47451365135748],[13.36224514327685,52.47451213552595],[13.362585745668474,52.47444513502913],[13.362613263732763,52.474439258879265],[13.363029466486262,52.47434325817461],[13.3630588991759,52.47433590873626],[13.36332230078229,52.474265008224066],[13.36336065683793,52.47425365415179],[13.363662058429156,52.474156053466636],[13.363677781191596,52.47415077306345],[13.363928882419408,52.47406337245868],[13.363951610108643,52.474054532248914],[13.363974433044094,52.47404578402196],[13.365053536873672,52.473585580998325],[13.365059422463837,52.473582798912545],[13.365065624294381,52.47358028602533],[13.366330028253111,52.47301148234976],[13.36633382134578,52.473009761568235],[13.367981894693637,52.472255782927085],[13.368784477972785,52.47189160725831],[13.36920936383133,52.47173467529025],[13.369648077639955,52.47159469494003],[13.37007248928707,52.47149103418032],[13.37055755909723,52.471393616633456],[13.372754891912907,52.47096437806645],[13.374073983231721,52.4707610587421],[13.374956961392316,52.47065884373221],[13.375753487529641,52.470579799242934],[13.376371589061138,52.470546365046104],[13.37677032396129,52.47052960735401],[13.376777189162006,52.47052911117394],[13.376784095855955,52.470528929298574],[13.378518440621782,52.47043100522894],[13.380216167156817,52.47035886734834],[13.380662660719622,52.47034381154451],[13.382704871234886,52.470300438834975],[13.382716781788258,52.470300112007536],[13.384915999659757,52.470226111553714],[13.384933468605034,52.47022536430047],[13.385284952121392,52.470207117095846],[13.386043238636779,52.47016936759673],[13.386053275715064,52.47016856354219],[13.386063376317693,52.47016815194598],[13.386473592336442,52.4701390324119],[13.386288623281564,52.47018795495203],[13.385800838958202,52.47031695066721],[13.385798404850922,52.47031759834985],[13.385718768392358,52.470338919090494],[13.385683139203902,52.47034825053435],[13.385677957389765,52.47034962568703],[13.385220975132054,52.470472493891855],[13.38511869070682,52.470499962822835],[13.38510971919853,52.470502426979586],[13.38508836903868,52.470508422565906],[13.384741830024554,52.470598311677],[13.384661391538991,52.47061702592151],[13.384287361772552,52.4706972661838],[13.384275447366537,52.47069991048138],[13.383929507599195,52.470779273097946],[13.383664219856923,52.470832821564976],[13.383546769011756,52.470852249513335],[13.38353664154702,52.470853984169395],[13.383362158304243,52.470884899192775],[13.383243634362657,52.470903746744504],[13.383239609872348,52.47090439599784],[13.383074632422447,52.470931392305346],[13.382966454535714,52.47094908868629],[13.382961686433335,52.470949881789885],[13.382854337772896,52.47096803347129],[13.382748995844679,52.47098520030121],[13.382748372559774,52.470985302096665],[13.38262087095741,52.47100617141441],[13.382528369689952,52.47102114214324],[13.382121698950034,52.47108708599754],[13.382118648792694,52.471087585942925],[13.381804233793625,52.47113967306128],[13.381145995026623,52.47124677022261],[13.380619871342851,52.47133167720795],[13.380616311556912,52.47133225896899],[13.380416776541571,52.471365276929674],[13.380127755621983,52.47140638807042],[13.3799161725954,52.471435051736016],[13.37965927631403,52.47146428894511],[13.379441397268243,52.47148475833832],[13.379232564097212,52.47150025841114],[13.37901252308892,52.471513378418344],[13.378679105086848,52.47152777262265],[13.378222209833496,52.4715349974186],[13.377582779542927,52.47153946621292],[13.376343719405066,52.47154756407366],[13.37269523591835,52.471570461705],[13.372537569279825,52.471571359816444],[13.372250331925466,52.471572959486636],[13.372245501224969,52.47157299848802],[13.371857904384719,52.47157709848053],[13.371847832284047,52.47157725765933],[13.37143893561453,52.47158585761684],[13.37141176630881,52.47158681330452],[13.371038969324738,52.47160521318058],[13.371012311251777,52.471606902603334],[13.370796712973224,52.47162360248322],[13.370778153436108,52.471625223804025],[13.370570555072053,52.47164542365584],[13.370536015924687,52.471649433469416],[13.370219218337741,52.47169223315073],[13.37018058950412,52.47169829679648],[13.369913891426911,52.47174609644079],[13.369882322505466,52.47175234971147],[13.369632424200013,52.47180664931109],[13.369600381967015,52.471814262302104],[13.36936428344232,52.47187526185928],[13.369332664174214,52.471884112360506],[13.369068465657957,52.47196391179347],[13.369041277185733,52.47197267053334],[13.368826878252344,52.47204617002313],[13.368807201807773,52.472053225025796],[13.368594202755,52.4721330244828],[13.368570971053774,52.47214219365035],[13.368401471688554,52.47221259318421],[13.36838954245589,52.472217680606335],[13.368217543031596,52.47229298011553],[13.36820425506393,52.47229897150976],[13.368040555533824,52.47237497102376],[13.368022830582111,52.47238353273015],[13.367854830947183,52.47246793220541],[13.36783706626339,52.472477224166035],[13.367627866554773,52.472591123480086],[13.367610413369574,52.472601019965936],[13.367452913453429,52.47269401942532],[13.367435498172837,52.47270474390168],[13.36728399810644,52.47280204335826],[13.367267900797255,52.472812810637194],[13.36704960047897,52.4729649098229],[13.367025546362258,52.47298279971164],[13.366863445832157,52.473111599071835],[13.36685473135003,52.4731187030559],[13.366797231117879,52.47316680282438],[13.366784582393272,52.47317781011387],[13.366632781590386,52.47331530948499],[13.366616845478278,52.47333055818926],[13.366468644415395,52.473480557553174],[13.366457025761987,52.47349286006405],[13.366305524421984,52.473660859396944],[13.366292949008892,52.473675600605986],[13.366152547453455,52.47384989997039],[13.36614290694083,52.47386247540289],[13.366001305066764,52.474056874747895],[13.36599118550445,52.474071644487175],[13.365909884190918,52.47419814410227],[13.36590381565286,52.4742080090234],[13.3658427140671,52.47431193606817],[13.365725768904564,52.474284266387954],[13.36569801865723,52.474278651072574],[13.365669493227575,52.474274744011005],[13.365640473877415,52.47427258372695],[13.365611246738455,52.47427219152086],[13.365582099991121,52.47427357125987],[13.365553321023192,52.474276709339684],[13.36552519359626,52.4742815748187],[13.365497995047912,52.47428811972313],[13.365471993557275,52.474296279519905],[13.365447445500827,52.47430597375312],[13.365424592924565,52.47431710683711],[13.365421880668173,52.47431872163586],[13.365381540113912,52.4742508589455],[13.365370385674181,52.474234621620774],[13.365356683481782,52.4742191285078],[13.365340564983864,52.47420452823131],[13.365322184806637,52.474190960850976],[13.365301719271995,52.474178556517806],[13.365279364706026,52.474167434225656],[13.365255335555663,52.47415770066979],[13.365229862331505,52.474149449223354],[13.365203189396585,52.47414275904168],[13.365175572622263,52.47413769430301],[13.36514727693373,52.47413430359285],[13.3651185737687,52.474132619437896],[13.365089738473614,52.47413265799407],[13.365061047662362,52.474134418891445],[13.36503277656287,52.4741378852379],[13.365005196376936,52.47414302378112],[13.364905896712282,52.474164823700804],[13.364896878324004,52.47416711016486],[13.364873404268804,52.47416664545846],[13.364845000000276,52.474167762424365],[13.364816905110818,52.47417054909228],[13.36478938219764,52.47417497941571],[13.364635482741148,52.47420467930549],[13.364608298571776,52.47421083977644],[13.36458223863776,52.47421860327162],[13.364562206730561,52.47422614373953],[13.364553723670017,52.47422695459676],[13.364525891867677,52.47423134770729],[13.364376492397659,52.47425974760183],[13.36434911858229,52.474265874391996],[13.364322871348403,52.474273624416874],[13.364298008089435,52.474282921676014],[13.364274772627333,52.474293674996034],[13.364253392821556,52.47430577892462],[13.364234078334599,52.474319114764654],[13.36421701857593,52.474333551738226],[13.36420238084451,52.47434894826895],[13.36419030868813,52.474365153370435],[13.364180920495626,52.47438200812685],[13.364174308335796,52.47439934725135],[13.36417053705443,52.47441700070686],[13.364169643638254,52.47443479537364],[13.364171636852102,52.47445255674693],[13.364176497152814,52.47447011064829],[13.364184176880753,52.4744872849336],[13.36440827448674,52.47490568544061],[13.364408753405753,52.47490657180139],[13.364554933636825,52.47517477172379],[13.364632036760005,52.47531848126253],[13.364587132698484,52.4753285591276],[13.364561321423023,52.47533521948394],[13.36453666399668,52.475343348045364],[13.364513383777563,52.4753528711799],[13.364491691648844,52.47536370262287],[13.364471784108492,52.47537574425832],[13.364453841489338,52.475388887007774],[13.364438026325505,52.47540301181827],[13.364424481880095,52.47541799074077],[13.364413330847372,52.4754336880892],[13.3644046742413,52.475449961669455],[13.364398590480414,52.47546666406753],[13.364395134677377,52.475483643984816],[13.364394338139647,52.475500747608585],[13.36439620808576,52.47551782000538],[13.36440072757984,52.47553470652442],[13.36440785568489,52.47555125419849],[13.364506286043536,52.47574229093987],[13.364494513052753,52.47575863118704],[13.364179819865306,52.476262415284836],[13.36414332903534,52.476320800034095],[13.364071889601783,52.476435101999726],[13.364047206741553,52.47647231728386],[13.364043123920622,52.47647883378334],[13.364019549281283,52.476518765915124],[13.363937518384503,52.47665003351205],[13.363912298536466,52.47668757850515],[13.36390263640059,52.476704256236644],[13.363895705481879,52.47672143306985],[13.363891572895549,52.476738942681706],[13.36389027866077,52.476756615526654],[13.363891835313042,52.4767742804783],[13.363896227782671,52.47679176648655],[13.363903413540568,52.47680890423378],[13.363913323009928,52.476825527774395],[13.363925860239826,52.47684147614173],[13.363940903834214,52.476856594906636],[13.363958308127307,52.47687073767295],[13.363977904594021,52.47688376749501],[13.363999503481748,52.47689555820382],[13.364022895647738,52.47690599562868],[13.364047854584229,52.476914978702794],[13.364074138611779,52.47692242044204],[13.364189803185466,52.476951035536786],[13.364174326768985,52.476966939149946],[13.364110609173105,52.47702775984212],[13.364035522541325,52.47709800440592],[13.363949964100488,52.477172229341974],[13.363882109342502,52.47722594724311],[13.363807065380827,52.477284619123665],[13.363736273665916,52.47733482565739],[13.363617006510044,52.47741540118746],[13.363494598792796,52.47749267741372],[13.363345908078333,52.47758166001956],[13.363128541819055,52.4776967899246],[13.36292563435973,52.47779937364271],[13.362748328695428,52.477883300530195],[13.362566725767525,52.47796713157009],[13.36231031620647,52.47807826731978],[13.362003435604324,52.478203475022454],[13.361902577081759,52.47824332589154],[13.361684537134034,52.47832488772673],[13.361448538171041,52.47840999078365],[13.36097223885111,52.47857698773664],[13.360165223625337,52.47885767942454],[13.36016108675059,52.478859131853284],[13.360066489637063,52.478892656331844],[13.359771574850225,52.47899092930775],[13.359424284871686,52.479098603363326],[13.359204608223992,52.47916139457639],[13.358965150603755,52.479224380028704],[13.35870758255592,52.47928719224991],[13.358490115596217,52.47933565627619],[13.3584549293184,52.479343345989136],[13.358238286215604,52.479386227135414],[13.358040228104693,52.47942198108282],[13.35803812637852,52.47942233544363],[13.357859061807417,52.47944842848071],[13.357650671333925,52.479473874629285],[13.357457304368731,52.479491437241485],[13.357309624414038,52.47950199849797],[13.357170482508382,52.479509122987075],[13.356962629360696,52.47951399386765],[13.356747565664842,52.47951300072114],[13.356476622907236,52.47950634599867],[13.356143471004408,52.47949507764452],[13.355763363919927,52.479480321035346],[13.35513856259586,52.47945437500329],[13.355136343548848,52.47945428541716],[13.354678109836394,52.479436315499456],[13.354332596410185,52.47942221495083],[13.354198130912994,52.47941556907149],[13.353998909786808,52.47940190873209],[13.353871131498266,52.47939071120764],[13.353718104555156,52.47937573722687],[13.353565726455084,52.47935758618478],[13.353523661332558,52.479352041578124],[13.353454704942846,52.479341550061314],[13.353304888859533,52.47931755684054],[13.353052219904232,52.47927401978223],[13.352997371778262,52.47926393067115],[13.352987614588313,52.479262191806036],[13.352852332301964,52.47923885421618],[13.3521714817505,52.47910971907705],[13.351826852757016,52.47903874315133],[13.351483178463708,52.4789665879886],[13.351143130749088,52.47888469673896],[13.350844921280421,52.478807162395405],[13.35065136501172,52.4787544980745],[13.350313193241359,52.478661407119944],[13.350227039766766,52.478637013144834],[13.35022167942013,52.47863551524278],[13.35012747737166,52.478609538657295],[13.348892975762624,52.47826267266455],[13.348891070964514,52.47826213995191],[13.348737671852092,52.47821944027386],[13.3487349380489,52.4782186844302],[13.34823314098036,52.478080885472124],[13.348217335326945,52.47807671357077],[13.347990836719749,52.4780193140116],[13.347972082023976,52.478014789411134],[13.347709483725644,52.477954589881584],[13.347697041663555,52.47795183457922],[13.347558542588791,52.47792223481311],[13.347537481060797,52.47791800360051],[13.347401482010966,52.47789240380646],[13.347375277676965,52.47788787360975],[13.347002480403178,52.477829074093314],[13.346973301965093,52.47782495215409],[13.346752503645197,52.47779735238692],[13.346729985644535,52.477794815091],[13.346615332107087,52.47778329873351],[13.346859587971636,52.4776062266229],[13.346879850268364,52.477590685702324]],[[13.458931251816109,52.48395291721864],[13.458483130923428,52.48172605726661],[13.45843538235893,52.48149003206528],[13.457881064000377,52.47874902121505],[13.457770279551628,52.4781991346413],[13.45720034899885,52.4753657697093],[13.457200272022515,52.475365388685226],[13.457067163436577,52.47470938927212],[13.457066129329508,52.474704560960085],[13.457043628029929,52.474604761060256],[13.457041702515236,52.474596869812956],[13.456997400339485,52.47442817001246],[13.456993359976167,52.474414483187495],[13.456911256814378,52.47416418356112],[13.45690366418139,52.474144056866365],[13.456766260280798,52.473822357493596],[13.456759101626995,52.4738070016071],[13.456613498276136,52.47351910226902],[13.45659973261176,52.473494962561965],[13.456559131929945,52.473431162743815],[13.456556045133421,52.473426412423095],[13.456359042023763,52.47312941330183],[13.456349456066906,52.473115777202125],[13.456156553526219,52.47285627805091],[13.456131538781605,52.47282641278034],[13.455816436100752,52.472489914111975],[13.45580033716011,52.472473726657604],[13.455663036281008,52.4723435272215],[13.455654773835406,52.47233590663693],[13.4556023806808,52.47228889271738],[13.455393086271794,52.47210057958799],[13.455382342054882,52.472091235215736],[13.455334541841626,52.472051035405315],[13.45533038282758,52.472047581189706],[13.455290882666416,52.47201518134509],[13.455277694466892,52.47200476734508],[13.454771692963073,52.47161996928399],[13.454746254289898,52.47160188598176],[13.454514954018066,52.47144808682189],[13.454475405377535,52.4714241650607],[13.454129705724064,52.47123396620733],[13.45410197074545,52.471219628431555],[13.453858471286267,52.47110142918479],[13.453826046024712,52.47108676764213],[13.453549746967628,52.47097056842416],[13.453512510263593,52.47095613314286],[13.45320771164744,52.4708475339129],[13.453183019644468,52.470839213661684],[13.453012020528925,52.47078481405911],[13.452994784416118,52.47077954795227],[13.45281568541305,52.470727048343136],[13.452796324600603,52.470721633900595],[13.452692725218803,52.47069403411018],[13.452665439926394,52.47068725598643],[13.45227764243283,52.47059775668356],[13.452250891634142,52.47059202835894],[13.452000593355752,52.470542528753484],[13.451989380780406,52.470540386554184],[13.451734482572999,52.470493386932304],[13.451723671748276,52.47049146225087],[13.451070276433718,52.47037926316151],[13.451057865804554,52.47037722100637],[13.449915995906414,52.470197462049775],[13.448810559115158,52.47001957811803],[13.447692602586713,52.469838550089136],[13.447690549170536,52.46983821999245],[13.447052734104801,52.469736436847235],[13.446291916253521,52.469611562288065],[13.446285212791073,52.469610487805596],[13.445006922156582,52.469410489446716],[13.445002517316537,52.46940981129697],[13.444656771991342,52.469357446806384],[13.444023426652372,52.469259287836664],[13.444018423847861,52.46925852668558],[13.442742276298027,52.469067979921675],[13.442519476379017,52.46903113748962],[13.442512102366987,52.46902994935831],[13.442312914458688,52.46899869646889],[13.442119408749937,52.46896735605178],[13.442097848859284,52.4689635559302],[13.44208958935557,52.46896209837241],[13.441785890107095,52.468903529251634],[13.441699890024934,52.468886990670484],[13.441282373398561,52.468798581244464],[13.441271547992987,52.468796360522454],[13.440991549915971,52.46874076096545],[13.44098004578671,52.46873855584857],[13.4406846478624,52.46868395628777],[13.440668190512689,52.46868107323012],[13.440367492687935,52.468631273636156],[13.440354081901237,52.46862915572188],[13.439488550076081,52.46849907648898],[13.439294711426173,52.468469300991295],[13.439292717262932,52.468468996925985],[13.438637625305411,52.46836984958061],[13.438352229737884,52.46832600392964],[13.438351632117417,52.46832591231876],[13.437312139768245,52.46816691362701],[13.437310716775047,52.468166697111656],[13.435481933104748,52.467889899822005],[13.435419834006709,52.467880499966654],[13.434580743844847,52.46775367131188],[13.434574307641698,52.46775272187862],[13.43456040774519,52.467750721895186],[13.434559489748727,52.46775059028323],[13.433648096542942,52.46762039136263],[13.433621524357559,52.46761698788455],[13.43310412834098,52.46755828838288],[13.433090638788235,52.467556856834136],[13.432538875578084,52.46750232969212],[13.432394771573923,52.46748786064615],[13.432203579827625,52.46746760378077],[13.431985823316873,52.46743836538952],[13.431758559479576,52.46740581561969],[13.430517410235973,52.46722262178143],[13.430492212404266,52.46721885659134],[13.430193612508111,52.46717417160994],[13.43019134507429,52.46717383519665],[13.430090006042416,52.46715892956535],[13.43007905029308,52.4671572347548],[13.430062630988388,52.46715455239531],[13.430049998258932,52.46715257991955],[13.429733875210303,52.467105491422345],[13.429292053084096,52.46703960309185],[13.429281203589465,52.46703805139549],[13.428634208446754,52.46694945213343],[13.428624663544232,52.46694819570841],[13.428085667639278,52.466880096280384],[13.428078263844816,52.46687919102857],[13.426899201256107,52.46673981920384],[13.426801384093158,52.46672820711574],[13.424501021467645,52.4664482638003],[13.423970244892413,52.466377020647435],[13.4236431746828,52.466326016698375],[13.42329834466108,52.46626564020189],[13.422945399635951,52.46619969476309],[13.42291385758847,52.466193510054055],[13.421987863774907,52.46601127051063],[13.421974782879495,52.46600879825469],[13.42118028849301,52.46586479941637],[13.421161401523404,52.46586158416493],[13.42080490412459,52.465804784630315],[13.42078511143606,52.46580185345211],[13.42024041552497,52.465727254073606],[13.420223739782527,52.46572512448096],[13.419815342910693,52.46567672489027],[13.419802973672848,52.46567534252581],[13.419393576849382,52.46563234289393],[13.419383735355911,52.46563136154515],[13.418217644486207,52.46552126249801],[13.418216303192152,52.4655211368164],[13.416150889093972,52.465329072864456],[13.415298365431008,52.465249108228825],[13.41529729516254,52.46524900845137],[13.41439180226229,52.46516510917905],[13.41438475449538,52.46516448274666],[13.412628568181733,52.46501499255399],[13.409752691590462,52.46476952037245],[13.40861890142454,52.46467223845977],[13.40861524875434,52.464671932154644],[13.408351550838647,52.46465033234451],[13.408346206691302,52.46464990979154],[13.40814680827352,52.46463470992621],[13.408136010369672,52.46463394857292],[13.407409216177351,52.46458684899824],[13.407378058761134,52.4645853393696],[13.406628864833289,52.464561239612756],[13.406607031009463,52.46456078513066],[13.406121634962387,52.46455618519938],[13.406098698711896,52.46455624073233],[13.40560990269471,52.464563240707434],[13.405586845999213,52.46456384721413],[13.405106549896956,52.46458224709656],[13.405084681402547,52.46458333504262],[13.404673084715517,52.4646085348661],[13.404652756960727,52.46460999781083],[13.404249160171943,52.46464339756855],[13.404221858149564,52.464646057042536],[13.403572863201349,52.46471885650331],[13.403539497720784,52.46472321309299],[13.403057601332746,52.46479511255649],[13.403035428301026,52.464798701724966],[13.402792248399432,52.464841178774954],[13.403032925480654,52.464664797048535],[13.403052662322116,52.46464950941965],[13.40328226146754,52.46446140850284],[13.403289476954777,52.46445536701774],[13.40353157589249,52.464248166035084],[13.403545761862011,52.46423545857805],[13.403769151792382,52.46402585476897],[13.404001810580176,52.46381283837784],[13.404004296410374,52.463810300950904],[13.404007113141336,52.46380789596525],[13.4043246655412,52.4635065362493],[13.404773264028544,52.46314324143212],[13.40511100834847,52.46293556965295],[13.40558885475795,52.462708791196235],[13.4059287296084,52.46258114442259],[13.406373135412393,52.46245357727837],[13.40645988354963,52.46243031716817],[13.408229045530563,52.46208887195008],[13.409150935582915,52.46191119307529],[13.409151133562629,52.461911148281864],[13.409151337738477,52.46191111546788],[13.410031843319704,52.46174098087625],[13.41083759302857,52.461611518448315],[13.411447488223084,52.46152208954177],[13.412177118376627,52.46141693902573],[13.413252359263813,52.461280150982866],[13.414254508470663,52.461177651850065],[13.41488909083064,52.46113047461846],[13.415501717177342,52.46109971918815],[13.41655088406992,52.461084946345416],[13.417064083859792,52.46109155144339],[13.41773736213487,52.461158016691556],[13.418169932149997,52.46122705514728],[13.418908245952094,52.46139878048907],[13.419669579200528,52.46159306903916],[13.419672232140194,52.46159374140624],[13.419819633050349,52.46163084169103],[13.41986771783716,52.46164147683839],[13.420500822235509,52.461762777809824],[13.420566168916563,52.46177282868566],[13.421195573743741,52.46184652930957],[13.421251436316963,52.461851388447236],[13.421747240294476,52.46187978870746],[13.42179828209204,52.461881351320024],[13.422290486102039,52.46188335136786],[13.422327215134723,52.46188280019499],[13.422857919445454,52.46186470008274],[13.422929702646279,52.46185953698797],[13.423697648565227,52.46177483280699],[13.424417244270284,52.46171514945667],[13.425115961795642,52.461702662742034],[13.4260004913652,52.46176477682902],[13.428682564424998,52.46217823010179],[13.42876638892251,52.46218727386595],[13.43275214639244,52.462437536592994],[13.43422938188587,52.46257212660588],[13.435162727488123,52.46267258790091],[13.436645983948594,52.4628598153541],[13.436822222236238,52.46288424443923],[13.436835119152763,52.46288593953762],[13.43809272872748,52.463042240852],[13.438113263505851,52.46304456199537],[13.43867186785205,52.46310146248353],[13.438678098212847,52.46310207615701],[13.439389703781023,52.46316977674185],[13.4394323209255,52.46317286409202],[13.439988925406688,52.46320066435123],[13.440004526585872,52.463200974151775],[13.440020088974052,52.46320171372606],[13.44125829904494,52.46322331397933],[13.441262954991473,52.46322325555026],[13.441267603023764,52.46322343128998],[13.442394000609292,52.46323218860852],[13.4435234048393,52.46325388336158],[13.444320433625483,52.46328643103091],[13.445022380786002,52.46333776951342],[13.44544770357328,52.46337805214608],[13.44565383903852,52.46340068770851],[13.446594310964342,52.46353978263297],[13.447551353737731,52.46370017878051],[13.44789120090439,52.463759799423826],[13.448710282929834,52.46390884062355],[13.449279055905972,52.464019402725356],[13.449324193599589,52.464040207865665],[13.449373901713367,52.46406077668903],[13.449426781556852,52.46407814596989],[13.44948228304642,52.46409213502268],[13.449641675229051,52.46412661174377],[13.449979568648688,52.46419978875092],[13.449987411941727,52.46420144941689],[13.450536915659969,52.46431515031726],[13.45055749582716,52.46431915310754],[13.450691396771864,52.46434355330409],[13.450710482780407,52.464346818576615],[13.450803583459095,52.46436171869851],[13.450804003720634,52.46436177265352],[13.450804413487576,52.464361851143806],[13.450967214675922,52.46438775135586],[13.450984930700102,52.46439039153621],[13.451187032213582,52.46441849176969],[13.45120909536903,52.46442128926835],[13.451422797012281,52.46444578947595],[13.451447930244822,52.46444832836242],[13.45161253154065,52.46446272848783],[13.451636804945963,52.46446453865097],[13.451765553769862,52.46447248611807],[13.451917403034008,52.46448213208592],[13.451938643776467,52.46448324431377],[13.452093845030525,52.464489644375156],[13.452109854240796,52.464490170894635],[13.452260555464738,52.46449387093403],[13.452275467824673,52.464494121513475],[13.452452069262907,52.46449572153755],[13.452469882689437,52.46449571828539],[13.452575983554159,52.46449471828399],[13.452576553796575,52.46449469578169],[13.452577124940312,52.46449470684981],[13.452812726860369,52.46449220684443],[13.452824199657238,52.464492016751166],[13.453198550171113,52.46448358237654],[13.453393036390713,52.46448217102094],[13.453585112218347,52.464482713373435],[13.453689222166012,52.46448637349206],[13.453821852219455,52.46449334966448],[13.453937332678548,52.464503993803916],[13.454049991162444,52.46451501283997],[13.454193627351534,52.464532967377494],[13.454304995889007,52.46454984904684],[13.454409200851293,52.464567887765874],[13.454545694621535,52.46459494828308],[13.454629834283628,52.464614383164694],[13.454828349162376,52.46466561580553],[13.454971994610473,52.46470688558455],[13.455155190489181,52.46476831567521],[13.455286774703234,52.46482021055185],[13.45546615578549,52.464895749264066],[13.455597612286116,52.46495633923065],[13.455768085686563,52.46503886141816],[13.455812426410658,52.46508166105481],[13.4558260960215,52.46509352434092],[13.455839424338178,52.46510553162452],[13.455842715005836,52.46510794725485],[13.455845676096157,52.46511051705873],[13.455861183741368,52.46512150487313],[13.45587637484548,52.46513265642361],[13.455880037336085,52.46513486342247],[13.455883396578411,52.46513724358303],[13.455900592912016,52.46514725010546],[13.455917500505775,52.46515743852555],[13.456049842808389,52.46522971297484],[13.4561747363295,52.46530134619346],[13.456277509536346,52.465362800526265],[13.456380888480444,52.46542493971732],[13.456519192761446,52.4655141280024],[13.456662505199548,52.46561366671381],[13.456780290324252,52.46569868797659],[13.456961049654364,52.465837080078934],[13.457112232691584,52.46596573678192],[13.45734838193438,52.46621420008292],[13.457610779447812,52.46650258708123],[13.457962923628479,52.466913095679146],[13.458221882681636,52.467322539003604],[13.458368676166758,52.46764254465462],[13.458601846346173,52.46823354848547],[13.45879788871288,52.46884589725497],[13.458802765021428,52.46885795302412],[13.458807065013987,52.46887009032317],[13.458809689462234,52.46887507240926],[13.458811744557694,52.46888015324594],[13.458818532289634,52.46889185906334],[13.45882475956649,52.468903680516775],[13.45893021119853,52.46907459833338],[13.458961449597176,52.4691322756584],[13.459033950237806,52.469369321024786],[13.459037139609524,52.46937900922551],[13.459181034503995,52.46978700988164],[13.459183352223894,52.46979330643204],[13.459217451125147,52.4698822065877],[13.459219860958152,52.46988734033743],[13.459221689883943,52.4698925627629],[13.45937928551164,52.4702546634822],[13.459381432236752,52.4702594619289],[13.45960492643521,52.47074576294803],[13.459613849195764,52.47076342047584],[13.459874243853632,52.47123532165464],[13.459881520949695,52.471247750735955],[13.460072117622637,52.47155535159165],[13.460079449755323,52.47156660806398],[13.460311446258894,52.47190600909551],[13.46031179447719,52.47190651742386],[13.460622989818464,52.47235981880689],[13.46062548743239,52.47236340235075],[13.460944415219762,52.47281419960213],[13.461204835841771,52.47323217061131],[13.461338208908167,52.473485858155925],[13.461443923544522,52.473720141235994],[13.461539340568397,52.47398213820131],[13.461589999251133,52.474126346193295],[13.461610522016931,52.47425113119724],[13.46161404924059,52.47426546186455],[13.46161716410637,52.47427982812086],[13.461677520024613,52.47448154089714],[13.461731894060506,52.4749397665398],[13.461748347929628,52.47534441435981],[13.461738625896723,52.475732421731884],[13.461705779121038,52.47597507319561],[13.461641769430212,52.47630886823048],[13.461403345526996,52.476952628175034],[13.461182093836534,52.47737860120595],[13.46104829428519,52.47760970455334],[13.460853104925029,52.4778909061889],[13.460706412860654,52.47809337916473],[13.460208062179227,52.47877271912724],[13.460205278083755,52.47877657467325],[13.459894073787734,52.47921447322872],[13.459881468559601,52.479233709567495],[13.459680264967496,52.47956840860599],[13.459668058052403,52.47959099798586],[13.459548355161527,52.479839897395756],[13.45954445661762,52.47984977274289],[13.459539887572653,52.47985954034101],[13.459440884404522,52.480118739839945],[13.459432573667206,52.480144820319836],[13.459367970435247,52.480396919979405],[13.459362075347379,52.48042971679014],[13.459335972020622,52.48068071663575],[13.459334789347873,52.48070286433282],[13.459334086111845,52.48094516430445],[13.459335620378548,52.480971746767665],[13.459363917208229,52.48121054688283],[13.459367264289805,52.48123080438583],[13.459511855387401,52.48191210502639],[13.459512609096858,52.48191552734848],[13.459666414507394,52.482589375912205],[13.459787988133522,52.48315085234334],[13.459833106680387,52.483469775863114],[13.459830361226977,52.48376339381313],[13.459803995661908,52.48400065546774],[13.459753764384855,52.48422988216182],[13.459613053322876,52.484568142103186],[13.459470244904022,52.48482613661378],[13.459325824520253,52.48505449233095],[13.459188971816385,52.4852273976774],[13.458996079595435,52.48426723153278],[13.458995844979947,52.48426607906167],[13.458931251816109,52.48395291721864]]],[[[13.27772373146608,52.50527982337523],[13.277733439348944,52.505286359359864],[13.27774415035492,52.50529228323591],[13.277755761331637,52.50529753795322],[13.277768160459388,52.50530207290603],[13.277781228328024,52.505305844420235],[13.277794839086955,52.50530881617412],[13.277808861657165,52.505310959548005],[13.2778231609936,52.50531225390002],[13.27783759938574,52.505312686764874],[13.277868449915129,52.505312686839616],[13.27788030238965,52.505316504503355],[13.27790702555587,52.50532316292643],[13.277934688281158,52.50532819362038],[13.277963025013728,52.50533154829236],[13.277991763731317,52.505333194738704],[13.27802062855261,52.50533311715408],[13.278049342385689,52.505331316283254],[13.278077629588106,52.50532780941391],[13.27816382990932,52.50531440936403],[13.27817300041132,52.50531268714582],[13.278437600610044,52.50531268677537],[13.278452039002781,52.505312253911065],[13.27846633833999,52.50531095955957],[13.27848036091116,52.50530881618622],[13.278493971671239,52.50530584443286],[13.278507039541203,52.505302072919136],[13.27851943867045,52.50529753796673],[13.278531049648821,52.50529228324974],[13.278541760656585,52.50528635937393],[13.278551468541343,52.50527982338941],[13.278560079811433,52.50527273824119],[13.278567511536291,52.50526517216303],[13.278573692145125,52.50525719802021],[13.278578562116136,52.50524889260788],[13.278582074549742,52.505240335911445],[13.278584195620214,52.50523161033626],[13.2785849049014,52.50522279991402],[13.278584904868275,52.50521258194572],[13.278595087036036,52.50520491778676],[13.278611015160777,52.505190178566586],[13.278624497145177,52.505174557033804],[13.27863540295702,52.505158203859374],[13.278643627411856,52.50514127677084],[13.278649091187429,52.50512393903104],[13.278651741588613,52.50510635786331],[13.278651553055557,52.50508870283874],[13.278648527410068,52.5050711442405],[13.278642693837915,52.50505385142157],[13.27862289355213,52.505006951466534],[13.278614341391714,52.504990146432476],[13.27860313778799,52.50497393210245],[13.27858939008487,52.50495846382492],[13.278585378386508,52.50495484586278],[13.27858621463098,52.50494942002613],[13.278586083716986,52.50493175658327],[13.27858490391279,52.50492477920387],[13.278584903563837,52.50482279990255],[13.278584194222953,52.504813989435014],[13.278582073092997,52.50480526381932],[13.278578560602538,52.5047967070883],[13.278573690579705,52.50478840164826],[13.278567509926392,52.50478042748538],[13.278560078166521,52.50477286139541],[13.278551466872788,52.5047657762441],[13.278541758977351,52.50475924026544],[13.278531047973129,52.50475331640455],[13.278519437013413,52.50474806171148],[13.27850703791844,52.50474352679181],[13.278493970098506,52.50473975531933],[13.278480359403986,52.50473678361533],[13.27846633691334,52.50473464029893],[13.278452037670782,52.50473334601143],[13.278437599385743,52.50473291321748],[13.27840577352924,52.50473291329446],[13.278396087997862,52.504729793074176],[13.278369310630232,52.504723123543016],[13.278341590600713,52.50471808833905],[13.278313195064783,52.504714735989616],[13.278284397687957,52.50471309880335],[13.27825547600839,52.50471319255886],[13.278226708762167,52.504715016352485],[13.27819837319705,52.50471855260718],[13.278112673516036,52.50473195255731],[13.278107580431458,52.50473291359983],[13.27783760061003,52.50473291322799],[13.27782316232559,52.504733346022455],[13.277808863083806,52.50473464031051],[13.277794840594124,52.504736783627436],[13.27778122990075,52.50473975533197],[13.277768162082143,52.50474352680493],[13.27775576298867,52.504748061724996],[13.277744152030609,52.50475331641839],[13.277733441028174,52.504759240279505],[13.277723733134632,52.50476577625829],[13.277715121842881,52.5047728614096],[13.277707690085046,52.50478042749943],[13.277701509433792,52.50478840166207],[13.277696639413017,52.50479670710172],[13.277693126924584,52.50480526383221],[13.277691005796598,52.50481398944726],[13.277690296457605,52.50482279991404],[13.277690296424792,52.50483292104162],[13.277681395371665,52.5048396147811],[13.27766546115665,52.50485434418899],[13.277651970626199,52.504869956045795],[13.277641053808852,52.50488629987963],[13.277632815927271,52.50490321816338],[13.277627336383986,52.50492054783305],[13.27762466799597,52.504938121859375],[13.277624836485451,52.50495577085771],[13.277627840231865,52.50497332472055],[13.277633650287346,52.5049906142572],[13.277653849994676,52.505038614303096],[13.277662405630156,52.5050554649183],[13.277673626567099,52.505071722718895],[13.277687404759988,52.5050872311556],[13.277690295573947,52.50508983774875],[13.277690295563028,52.505093068160136],[13.277689761012029,52.50509660574993],[13.277689943807722,52.50511426345759],[13.27769029548432,52.505116307950594],[13.277690295120042,52.505222799902555],[13.277691004399339,52.50523161032404],[13.277693125467838,52.50524033589858],[13.27769663789942,52.50524889259449],[13.277701507868374,52.50525719800641],[13.277707688475147,52.50526517214897],[13.277715120197973,52.50527273822703],[13.27772373146608,52.50527982337523]]],[[[13.31342536391816,52.45236070859442],[13.313376576149157,52.45235301955397],[13.31318117762648,52.45232761976746],[13.3131734196052,52.452326852169534],[13.313165771131866,52.45232574800972],[13.313144927444371,52.45232403307967],[13.313124166099014,52.452321978892634],[13.31311632228665,52.45232167956265],[13.313108533498944,52.45232103873136],[13.313087515047696,52.452320580236815],[13.31306652411342,52.45231977918801],[13.313058670048513,52.45231995100858],[13.313050815954776,52.452319779677225],[13.313029825154134,52.45232058203356],[13.313008806780127,52.45232104183731],[13.313001018099582,52.45232168315374],[13.312993174337377,52.452321982972286],[13.312972413335423,52.45232403845247],[13.312951569935093,52.452325754680736],[13.312943921646452,52.45232685931689],[13.312936163753582,52.452327627398006],[13.312915832485139,52.45233091620706],[13.312895364787323,52.45233387233199],[13.312887930546093,52.452335429649864],[13.31288033323358,52.45233665859667],[13.312860627495771,52.45234114906219],[13.312840732610933,52.4523453166154],[13.312833584011344,52.452347311617494],[13.312826220443943,52.452348989594825],[13.31280733000982,52.4523546384721],[13.312788199532848,52.45235997731867],[13.312781405418589,52.45236239079242],[13.31277434651007,52.45236450164081],[13.312756453301352,52.45237125452932],[13.31273827146632,52.452377713254265],[13.312731897267545,52.45238052195701],[13.312725210997847,52.45238304534833],[13.312708487333754,52.45239083721528],[13.312691429239067,52.45239835361892],[13.31268553634193,52.45240153050192],[13.312679287102895,52.45240444213495],[13.312663894039845,52.45241319794188],[13.312648123962896,52.4524216996385],[13.312642769119039,52.45242521410714],[13.312637017093667,52.452428485941844],[13.31262310287482,52.452438121367],[13.312608772689421,52.45244752648214],[13.312604007468774,52.45245134469083],[13.312598808052304,52.452454945218136],[13.312586506679615,52.452465367468534],[13.312573754393698,52.452475585427315],[13.312569624688452,52.452479670605086],[13.312565027954266,52.45248356515055],[13.312554457897793,52.45249467385593],[13.31254340632446,52.45250560625504],[13.312539951906686,52.4525099190599],[13.312536002124457,52.452514070117466],[13.31252726518199,52.45252575829614],[13.312518020756094,52.45253729985205],[13.312515274894702,52.45254179874985],[13.312512010104019,52.452546166343],[13.31250519042019,52.45255832143258],[13.31249784217366,52.452570360994976],[13.31249583131414,52.45257500265927],[13.312493282957949,52.4525795447261],[13.31248844621376,52.4525920496675],[13.31248306491804,52.45260447128975],[13.312481808427616,52.45260921101908],[13.312480001049467,52.45261388381734],[13.312477193829729,52.452626618181874],[13.312473831313957,52.452639302237664],[13.31247334129503,52.45264409438609],[13.312472292302639,52.45264885291441],[13.312471541647104,52.45266169406364],[13.312470230298848,52.4526745183991],[13.312470511472386,52.45267931681571],[13.312470230969907,52.45268411524698],[13.312471544112691,52.4526969395139],[13.31247229656586,52.45270978062378],[13.312473346225847,52.452714539097215],[13.312473836916519,52.45271933121996],[13.312477201216256,52.45273201509973],[13.312480010229224,52.45274474931701],[13.312481818268665,52.452749422020474],[13.31248307542869,52.45275416168385],[13.312488458490078,52.452766583023426],[13.312493297015248,52.4527790877102],[13.312495846023426,52.452783629642774],[13.312497857547397,52.45278827120103],[13.312505207533013,52.45280031037551],[13.312512028977103,52.4528124651041],[13.312515294407195,52.45281683252422],[13.31251804092461,52.45282133127632],[13.312527287053905,52.45283287234089],[13.312536025726558,52.45284456005376],[13.312539976131978,52.45284871090038],[13.312543431193722,52.4528530235205],[13.312554484424641,52.452863955327345],[13.312565056170799,52.452875063464234],[13.31256965350797,52.45287895776195],[13.312573783841016,52.45288304271676],[13.31258653772733,52.45289325998534],[13.312598840737639,52.45290368156747],[13.312604040732383,52.45290728181159],[13.312608806560126,52.452911099760215],[13.312742706251555,52.45300810026358],[13.312783524454849,52.453034791790195],[13.312828564897663,52.45305881535407],[13.3128773627051,52.45307992299784],[13.312929414218642,52.453097896860164],[13.313878513872282,52.453387797340234],[13.314015945210684,52.45342977680941],[13.314140278663476,52.45346908606159],[13.314406107328194,52.45355323200634],[13.31448406472519,52.453577918568094],[13.31477170320607,52.453668894239],[13.315030571755868,52.45375078446469],[13.3152014724355,52.453804853157656],[13.315520536625417,52.45390587870893],[13.315577786833101,52.45392403125258],[13.315587825520925,52.4539271401811],[13.31574277143089,52.45397399367988],[13.315954617698374,52.454038147252746],[13.315999442174622,52.454050327247835],[13.316045771374945,52.45406018425081],[13.3163297519262,52.454112604951206],[13.316391080932473,52.454131166596504],[13.31682462767388,52.45426245073069],[13.316918357020127,52.454290789968404],[13.317298169701456,52.454405833459575],[13.317298298861376,52.45440586786674],[13.317298421911842,52.454405909806425],[13.31742502259686,52.45444421008993],[13.317432337277975,52.454446156107885],[13.317439407263006,52.45444841457483],[13.317576908050057,52.45448721486646],[13.317578739811339,52.45448766653102],[13.3176657871843,52.45453072409161],[13.317751072760515,52.454605378313005],[13.317785011945691,52.454632283243924],[13.3178229556097,52.45465711153886],[13.317892130079645,52.45469829135819],[13.317906903737265,52.45470772833397],[13.317938374215085,52.454727981743304],[13.317955684573263,52.454740253216556],[13.31797022033749,52.454751218880645],[13.317980855779398,52.4547600207035],[13.318030468205345,52.45480199408555],[13.318110297367587,52.454873907019746],[13.318141552140613,52.45489953213881],[13.318176407903726,52.45492336067344],[13.318256545949367,52.454973473218864],[13.318256717895478,52.4549737159423],[13.318290254520509,52.45502200954059],[13.318353427765608,52.45511439465483],[13.318354407580461,52.45511581893051],[13.318404278513732,52.455187878218425],[13.318466149286877,52.45527733755766],[13.318468411063147,52.4552802064124],[13.318470288003867,52.455283177059094],[13.318581586479793,52.455436477549206],[13.318582065472263,52.455437135523596],[13.318616665002635,52.45548453567586],[13.318621243705921,52.455490653806855],[13.318652747360332,52.45553172884265],[13.318754150293524,52.45566420413771],[13.318759183800484,52.455670614084084],[13.319008980936408,52.45598081516802],[13.319028384381278,52.456002927408726],[13.31947548071557,52.456472329288246],[13.31947746961965,52.4564741997786],[13.3194791888843,52.45647616748547],[13.319673887387708,52.456674868298734],[13.31967500915358,52.45667589517536],[13.319675972962237,52.45667698026221],[13.31994434348297,52.45694664893787],[13.319962556972115,52.45696523059487],[13.320037889715875,52.457042747817816],[13.320046129395227,52.457050350036994],[13.320053769298362,52.45705818252947],[13.320160568352748,52.45715637289929],[13.320238993011078,52.457232053068324],[13.320273143227505,52.457266836101475],[13.32027914557512,52.45727232032123],[13.320284584857115,52.45727801951295],[13.320318956538754,52.45731028340919],[13.32038552164287,52.45737551220614],[13.32045502069298,52.45744371390636],[13.3204551174008,52.45744379917703],[13.320455200046437,52.457443889798476],[13.320595589567564,52.457581481068885],[13.320723247428845,52.457706610537585],[13.32076414478635,52.45774880086222],[13.321380138154943,52.45838370472214],[13.321522397497635,52.458530364557475],[13.321634273368057,52.458645741050226],[13.321637067742817,52.4586485927126],[13.321928879717225,52.45894328557004],[13.321961867040333,52.45897775588596],[13.321982985030374,52.45899995460242],[13.321984103874945,52.45900112561571],[13.322140604690805,52.45916421581184],[13.322492304923943,52.45953240646823],[13.322494688121665,52.45953487867244],[13.32251238503073,52.45955307012498],[13.322952879071481,52.46000726318091],[13.323395207929282,52.46046282964348],[13.323405959321912,52.46047431982403],[13.323407478146995,52.46047577257094],[13.323408780582456,52.46047730170742],[13.323481579991162,52.4605534020132],[13.323567618850271,52.460643243759506],[13.323603872492853,52.46068115908147],[13.3236238341338,52.46070227817879],[13.323661335236245,52.46074189125875],[13.32366261225626,52.46074323349551],[13.324269426393922,52.46137786893618],[13.32428937557258,52.46139935293676],[13.324369807558572,52.461486406350154],[13.324433054495108,52.46155559285334],[13.32443394624783,52.46155656480852],[13.324601444769186,52.461738465517854],[13.324682643359349,52.46182656516408],[13.324776829866762,52.461928943106734],[13.324817265635774,52.46197288254],[13.324820128022992,52.46197566396032],[13.324822617759114,52.46197857607651],[13.325053215900805,52.46221877704438],[13.325408035754924,52.462588302189175],[13.32541735215744,52.46259767416522],[13.325453351911289,52.46263267431388],[13.325468126353103,52.462646337604895],[13.32563062993583,52.462789423959855],[13.326053192051383,52.46322728801041],[13.326071264054356,52.46324604036829],[13.326124629064974,52.463301786649836],[13.326125383371556,52.46330257232869],[13.326164283060136,52.46334297249185],[13.32616435215296,52.46334303680425],[13.326164410640253,52.46334310492819],[13.326223010172157,52.46340390517395],[13.326223101193209,52.46340398981824],[13.326223178275217,52.46340407947768],[13.326303214915452,52.46348701482021],[13.32639716490357,52.46358446040054],[13.326433378094894,52.46362207069681],[13.32643377863433,52.463622443525814],[13.326434119016206,52.46362283802512],[13.32686760607037,52.46407050126465],[13.326883107933766,52.46408836688215],[13.326957644493696,52.464174798765654],[13.327036830907742,52.464267134393474],[13.327037196483282,52.46426755998099],[13.327067396177219,52.46430266011061],[13.327070649423598,52.46430602872108],[13.32707347202002,52.46430953922674],[13.327100437936934,52.46433929167634],[13.32739720160762,52.464667445198444],[13.327435022399767,52.46470918965805],[13.327435600245362,52.464709759518],[13.327436087522928,52.464710360123114],[13.327501986931834,52.46478246040266],[13.327508894528776,52.46478981295153],[13.327561794107671,52.464844613173284],[13.327693522225458,52.464980844077736],[13.327717531095615,52.46500574613909],[13.32771964388018,52.46500771026794],[13.327721475634847,52.46500977698745],[13.327823274876305,52.46511227741142],[13.327823723796401,52.465112683096734],[13.32782410736642,52.46511311306773],[13.327963006346483,52.465252113645356],[13.327995486349957,52.46528129388376],[13.328032492907981,52.465308389166914],[13.328073669629784,52.46533313854843],[13.328118619960996,52.465355303674095],[13.328166911002677,52.465374671077626],[13.328218077680491,52.46539105423652],[13.3282716272238,52.46540429536854],[13.328327043911635,52.46541426695145],[13.328383794039716,52.4654208729511],[13.32844133106076,52.46542404974648],[13.328499100848513,52.46542376674249],[13.32855654703479,52.46542002666456],[13.328613116368135,52.465412865532436],[13.328668264042449,52.46540235231325],[13.328721458944232,52.465388588257326],[13.328772188767944,52.465371705922884],[13.328819964950155,52.465351867899436],[13.32886432737496,52.46532926524178],[13.328904848805344,52.46530411562987],[13.328941138997816,52.465276661272334],[13.328972848460658,52.46524716657367],[13.32899967181962,52.46521591558777],[13.329021350758644,52.46518320928214],[13.3290376765073,52.46514936263935],[13.32904849185098,52.46511470162337],[13.32905369264454,52.46507956004034],[13.329053228814788,52.46504427632379],[13.329047104842196,52.46500919027523],[13.329045620767948,52.465004817149286],[13.32906135470269,52.46498114761656],[13.329077735604152,52.46494731092793],[13.329088607457493,52.46491265651188],[13.32909386557334,52.464877518111],[13.329093459326444,52.46484223412819],[13.32908739264273,52.464807144367505],[13.329075723960965,52.46477258676181],[13.329058565669442,52.464738894118184],[13.329036083023148,52.46470639091298],[13.329008492551827,52.46467539016699],[13.328907491806232,52.46457409058723],[13.328907273413012,52.46457389396231],[13.328907087174706,52.464573685359746],[13.328867486884445,52.46453408552443],[13.328864874496523,52.46453149782029],[13.328598072629303,52.46426969892451],[13.32859799491205,52.46426963040401],[13.328597928509888,52.46426955757954],[13.32849662780274,52.464170257998695],[13.328494699802842,52.46416838099096],[13.328402325856123,52.464079062493944],[13.328381688887315,52.46405684988657],[13.32837255757242,52.46404736264363],[13.328259497119717,52.463933905751915],[13.328214257301093,52.463888076383164],[13.328195855457865,52.46386940010486],[13.32811060148645,52.46378080775628],[13.328108839465466,52.46377898899034],[13.328026789253402,52.463694861304],[13.328004331426245,52.46367153628756],[13.328004223118644,52.46367143546968],[13.328004131394295,52.46367132869061],[13.327990631286577,52.4636573287472],[13.3275511482647,52.46320254101348],[13.327550800025922,52.46320221797987],[13.32755050409898,52.46320187604083],[13.327527003914456,52.46317767613921],[13.327468614766675,52.46311767941757],[13.32743145049271,52.46307951652942],[13.327372470761514,52.46301884097973],[13.327372382606702,52.46301875966369],[13.327372307849013,52.463018673486204],[13.327292377681532,52.46293654621531],[13.32719804735397,52.46283951903496],[13.327197980934375,52.46283945777717],[13.32719792462143,52.46283939285191],[13.327154964180709,52.46279524509018],[13.326556881436753,52.46217650836328],[13.32652676016109,52.462145018320506],[13.326526113563379,52.462144344022974],[13.325958998390568,52.461554395794245],[13.325932627340448,52.46152632373355],[13.3258947507924,52.46148596234965],[13.32583780861858,52.46142513171399],[13.325837646320824,52.461424976536065],[13.325837509430851,52.46142481247394],[13.325755446778777,52.461337353366105],[13.325674184102418,52.461250694247205],[13.325585578069237,52.461156282392224],[13.325519607461839,52.461086027538094],[13.325438622853527,52.46099937309988],[13.325415140101569,52.46097419910902],[13.325408452373903,52.46096778355225],[13.325402361711141,52.46096114984988],[13.325387061606099,52.460946249913064],[13.325386725185847,52.46094592268236],[13.325236284502722,52.46079976525716],[13.32487026478908,52.46042227479666],[13.324869559250395,52.46042154908375],[13.324858319616398,52.46041001890641],[13.324788883003908,52.460338397733004],[13.324694102098997,52.46024047826376],[13.324644683397347,52.46018806220417],[13.324642376364766,52.46018563716162],[13.324609890835118,52.46015179443781],[13.32444269718526,52.45997486159801],[13.32411369924909,52.459626668074705],[13.324091127861056,52.45960279283516],[13.324087357251903,52.459598862130306],[13.323745562793205,52.45924767199692],[13.323644390518828,52.45914370448881],[13.323617410563415,52.4591159284079],[13.323617215549223,52.4591157483957],[13.323617049984307,52.45911555769526],[13.32346327792367,52.45895767910957],[13.323283873272267,52.4587635474538],[13.323278875856753,52.45875871067241],[13.323274414628408,52.458753682063936],[13.32309104490564,52.458569215257135],[13.323055260518512,52.458533146533576],[13.323017110068603,52.45849365794302],[13.3226404000132,52.4581040487407],[13.322313191862058,52.45776564436393],[13.322311750506358,52.45776430807462],[13.322310509938125,52.45776289860082],[13.321934317716165,52.457381610937546],[13.321855408598902,52.45730161935254],[13.321821790683622,52.45726279240516],[13.32178600115698,52.45722148961169],[13.321777753890208,52.457212298429056],[13.321737453540866,52.457168898599406],[13.321736415811866,52.45716789878934],[13.3217355321373,52.45716684518611],[13.321734217099296,52.45716545046614],[13.321708717381894,52.45713754022348],[13.321554078229326,52.45696810907134],[13.321434540049545,52.45683718797656],[13.321413551109845,52.456814120241475],[13.321412915027038,52.456813495468516],[13.321412377841497,52.45681283695321],[13.321339932109181,52.456733976735364],[13.32123867478823,52.45662202048541],[13.321230115227806,52.45661356518041],[13.321222156875654,52.45660489349424],[13.32114055631502,52.456525393831285],[13.321133695316814,52.456518866961105],[13.321095185504584,52.45648308733337],[13.320941965716363,52.45633881186547],[13.320941599179875,52.45633846715618],[13.320885684548546,52.45628594789876],[13.320825311240867,52.45622917420843],[13.320796718687808,52.456199680804616],[13.320735206058915,52.45613613790614],[13.320752564858632,52.45612996408621],[13.320776814215346,52.45612033493099],[13.320799399204803,52.45610929814566],[13.320820101682004,52.456096960333454],[13.320838721685448,52.45608344066407],[13.32085507936853,52.45606886972246],[13.32086901673661,52.45605338824762],[13.320880399173038,52.45603714577312],[13.320889116739288,52.45602029918275],[13.320895085236764,52.45600301119522],[13.320898247019958,52.45598544879239],[13.320898571553096,52.45596778160651],[13.320896055704976,52.45595018028169],[13.320890723779057,52.45593281482573],[13.320882627278605,52.45591585296791],[13.320871844409101,52.45589945853918],[13.320858479322755,52.45588378988955],[13.320815643586833,52.45583907987093],[13.320815810268652,52.45583889473893],[13.320827193579786,52.45582265276977],[13.320835912147551,52.45580580663366],[13.320841881765979,52.455788519040475],[13.3208450447803,52.45577095696373],[13.320845370643694,52.45575329002787],[13.320842856212188,52.455735688869936],[13.320837525774898,52.45571832349144],[13.320829430819307,52.45570136161639],[13.320818649533836,52.45568496707138],[13.320805286052556,52.45566929820327],[13.320732385757529,52.4555931983563],[13.32071661972695,52.45557844903321],[13.320698566507344,52.45556471313052],[13.320678399432817,52.45555212252897],[13.320656312132458,52.45554079811294],[13.32063251667125,52.45553084860988],[13.320607241514002,52.45552236954643],[13.320580729331857,52.45551544233126],[13.320553234672406,52.455510133473446],[13.320525021515806,52.455506493944064],[13.320496360740345,52.45550455868664],[13.320467527521796,52.4555043462818],[13.32043879869151,52.45550585876885],[13.320410450078622,52.45550908162619],[13.32038275386187,52.45551398391071],[13.32035597595647,52.455520518554934],[13.320330373461108,52.45552862281881],[13.320281827029401,52.455545883211585],[13.320260157166716,52.455540225987086],[13.320232684520052,52.455534925425624],[13.32022309104013,52.45553368867552],[13.320150823960882,52.455430638992944],[13.320013679411439,52.45523498038158],[13.319992253281168,52.45519872154146],[13.319967015586851,52.455155928104794],[13.319945029433265,52.45511868221743],[13.319958310355533,52.45511756625258],[13.320014482732343,52.455109355119184],[13.32006906716197,52.45509781992825],[13.320121537955764,52.45508307177239],[13.320171389782342,52.455065252687476],[13.320218142534573,52.45504453428457],[13.320261345953517,52.45502111609706],[13.320300583964833,52.454995223658955],[13.320335478685882,52.45496710633271],[13.320340255895058,52.45496235188668],[13.320373175180954,52.45493819190616],[13.320405597278514,52.4549089908161],[13.320433178064702,52.45487798890427],[13.320455651928677,52.454845484739515],[13.320472802444149,52.45481179135773],[13.32048446445332,52.45477723324702],[13.320490525657023,52.454742143222624],[13.320490927695754,52.45470685922163],[13.320485666711189,52.45467172104841],[13.32047479338283,52.454637067102176],[13.32045841243942,52.45460323111792],[13.320436681649856,52.45457053895256],[13.320409810303351,52.454539305446716],[13.320378057193496,52.45450983139285],[13.320341728125616,52.45448240063843],[13.3203011729715,52.45445727735269],[13.320256782299834,52.454434703482455],[13.320208983614775,52.45441489642237],[13.320158237238957,52.454398046921426],[13.320105031880514,52.45438431724603],[13.320049879926833,52.45437383961741],[13.319993312510332,52.454366714938466],[13.3199358743938,52.454363011822],[13.319878118724498,52.45436276593007],[13.319765248522883,52.454365671830296],[13.319749380264245,52.45434891293519],[13.319715699344393,52.45432024873218],[13.319687072942184,52.454300340170256],[13.319688184394584,52.45427747330512],[13.319688239057472,52.454276282149145],[13.319692137855402,52.45418598211976],[13.319692333912672,52.45417844239022],[13.319692633460683,52.45414454238493],[13.319691394397775,52.45412722715775],[13.319690204374137,52.45410991064695],[13.319690133178918,52.45410960230146],[13.319690110916826,52.45410929120058],[13.319686099744438,52.454092133547285],[13.319682137171151,52.45407497167905],[13.31968201684753,52.45407466908154],[13.319681944779298,52.454074360811774],[13.319675200133473,52.45405752596861],[13.319668503178846,52.45404068402142],[13.319668334885726,52.454040390086085],[13.31966821370551,52.45404008761621],[13.319658800546899,52.45402373771136],[13.319649433712133,52.45400737788116],[13.31964921907034,52.454007095438705],[13.319649049945303,52.45400680168167],[13.319637058933585,52.45399109417321],[13.319625112431101,52.45397537401215],[13.319624853507861,52.45397510578264],[13.319624638066834,52.453974823567435],[13.31961018468566,52.45395990972471],[13.319595773571857,52.45394498062606],[13.319595472860803,52.45394472919266],[13.31959521317868,52.453944461237164],[13.319578436626163,52.45393048468775],[13.319561699690366,52.4539164904243],[13.319561360087528,52.453916258208395],[13.319561058665268,52.45391600709314],[13.319542120510127,52.45390310243627],[13.319523218941027,52.45389017777919],[13.319522843717058,52.45388996701717],[13.319522503457483,52.45388973516045],[13.319501586084426,52.4538780266726],[13.319480701916191,52.45386629609184],[13.319480294684649,52.453866108813386],[13.319479918864705,52.45386589844811],[13.319457223720079,52.45385549888716],[13.319434558077106,52.453845075351836],[13.319434122759855,52.45384491336051],[13.319433714998848,52.453844726512564],[13.319409460651057,52.45383573603138],[13.319385231810598,52.45382671992254],[13.319384772599774,52.45382658477833],[13.31938433682479,52.453826423247186],[13.319358756853749,52.45381892842679],[13.319333198149534,52.45381140657308],[13.319332719467694,52.45381129957751],[13.319332259875251,52.4538111649187],[13.319305600621462,52.45380523793525],[13.319278958198227,52.453799282776075],[13.319278464655232,52.45379920495956],[13.3192779856714,52.453799098469894],[13.319250503873938,52.45379479640252],[13.319223034306841,52.4537904652876],[13.31922253065567,52.453790417399524],[13.319222036893237,52.45379034010456],[13.31919399721155,52.45378770438362],[13.319165965041263,52.45378503902279],[13.319165456132236,52.45378502152433],[13.319164952346304,52.453784974168435],[13.319136624810426,52.45378403017674],[13.319108299996882,52.45378305623822],[13.318970878125674,52.453782457024445],[13.318780756695114,52.4537815578818],[13.318764834318321,52.453781614157776],[13.318595335699175,52.45378361415322],[13.318595238626484,52.453783618215844],[13.31859514136866,52.4537836164657],[13.318474840656664,52.45378506008496],[13.318435301008023,52.45378514874086],[13.318368662393288,52.453785248205975],[13.318367934765572,52.45378524956663],[13.318278935490701,52.45378544957108],[13.318223750957221,52.45378715821383],[13.318169071919407,52.45379202105211],[13.318115380337971,52.45379999522306],[13.318063149470442,52.45381101043936],[13.318055828021855,52.45381279362164],[13.317996811060455,52.45381359427075],[13.317940227916768,52.45379762754243],[13.317820900352407,52.45376152772189],[13.3174410284961,52.45364646676511],[13.317440834235997,52.45364641501519],[13.317440649139803,52.45364635196324],[13.317347209086938,52.453618100379614],[13.316913770814558,52.453486849614194],[13.316871285908533,52.45347399131812],[13.31677937904294,52.45342690339541],[13.316767929235345,52.45342159931296],[13.316756921688873,52.45341595659413],[13.316624022036885,52.45335435699413],[13.316582593915442,52.453336810398355],[13.316538859978877,52.45332149405458],[13.316404325631314,52.45327894653436],[13.316125091992436,52.45319049941792],[13.316117147931763,52.45318802957729],[13.315861117319038,52.45310991379219],[13.315644946030623,52.45303856297399],[13.315634988597138,52.45303535114608],[13.315556289007237,52.45301055132788],[13.315551213753388,52.453008970962095],[13.315125234972019,52.45287790852601],[13.314963354750308,52.45282804552264],[13.314963152525486,52.45282799066066],[13.314962959994395,52.45282792404148],[13.314803260846075,52.452778824403524],[13.314803230065282,52.4527788160698],[13.31480320076786,52.452778805935],[13.314732880638127,52.45275719200167],[13.314607260639363,52.452718478371835],[13.314465224945293,52.45267477508845],[13.313518825251144,52.452383575777596],[13.31347289641512,52.45237091894777],[13.31342536391816,52.45236070859442]]],[[[13.386014630697359,52.48276116085548],[13.385999948799064,52.48277635363983],[13.38598777635193,52.48279235174539],[13.38597823055049,52.482809001148354],[13.385971403301262,52.48282614155432],[13.38596736033778,52.48284360794151],[13.385966140587634,52.48286123214948],[13.385968139397976,52.48303933214484],[13.385969690716607,52.48305657062547],[13.385973943306677,52.48307363876953],[13.385980857952996,52.483090379170896],[13.385990370890118,52.48310663744577],[13.386002394390315,52.48312226365652],[13.38601681757251,52.48313711369432],[13.386033507424777,52.48315105060835],[13.386052310030951,52.48316394586863],[13.38607305199003,52.48317568055157],[13.386095542015296,52.4831861464366],[13.38611957269842,52.48319524700426],[13.386144922422234,52.48320289832643],[13.3861713574046,52.48320902984031],[13.386198633854447,52.483213584999156],[13.386226500220163,52.4832165217939],[13.386254699509545,52.48321781314046],[13.386282971659945,52.483217447129626],[13.386311055936732,52.48321542713683],[13.386375856191258,52.48320882711251],[13.386376424898431,52.483208768838985],[13.3864596741166,52.4832001873635],[13.386531173365626,52.483196135457646],[13.386611286610885,52.48319234923038],[13.386743945480953,52.48319201529434],[13.386845772620212,52.48319830577608],[13.386929369522141,52.48320783801667],[13.387062379138975,52.48322496873481],[13.387143366713524,52.48323976292005],[13.38720843048431,52.483252613024796],[13.387295693320791,52.48327496820537],[13.387346543322625,52.48328863654356],[13.387347044803892,52.48328877100041],[13.387390044931823,52.48330027104409],[13.38741602153265,52.483306342658764],[13.38744282060415,52.48331089081918],[13.38747020302944,52.48331387494397],[13.387497924486427,52.48331526840696],[13.387525737627854,52.48331505877487],[13.387553394288371,52.48331324791809],[13.387580647698876,52.48330985199417],[13.387607254688437,52.483304901303484],[13.387632977854059,52.48329844001903],[13.387657587679012,52.483290525792135],[13.38768086458077,52.483281229238074],[13.387702600870277,52.483270633306084],[13.387722602605116,52.48325883253908],[13.38787110256351,52.48316253227143],[13.387889710372738,52.48314922295256],[13.387906110656767,52.48313487223798],[13.387920148042626,52.483119616085325],[13.387931689543711,52.48310359903022],[13.387940625819606,52.48308697281681],[13.387946872211884,52.4830698949602],[13.387950369546042,52.48305252725415],[13.387951084692013,52.48303503423822],[13.387949010877902,52.48301758163893],[13.38794416775402,52.48300033479976],[13.387938911326872,52.48298860999226],[13.388447448723733,52.482645466572144],[13.388545894673477,52.48270015451261],[13.388749163435948,52.48281313743875],[13.388909951221216,52.48290245594884],[13.388792155118526,52.48298217822306],[13.38840369713483,52.48324505722628],[13.388388749556487,52.48324330332599],[13.38836002958731,52.48324168750605],[13.38833118846228,52.48324179472922],[13.388302502855336,52.483243623966835],[13.388274247948578,52.48324715767098],[13.388246694792523,52.48325236194265],[13.388220107705992,52.48325918685703],[13.38819474174058,52.48326756694239],[13.38817084023398,52.483277421808104],[13.388148632475696,52.4832886569159],[13.388128331507469,52.483301164486676],[13.387982231423846,52.48340046421729],[13.38796435215037,52.48341385876932],[13.387948661711022,52.48342823936308],[13.387935305050359,52.48344347315603],[13.38792440555476,52.48345941942398],[13.387916063912563,52.483475930861005],[13.387910357183857,52.48349285494019],[13.387907338088521,52.4835100353226],[13.387907034519118,52.48352731330145],[13.387909449283107,52.48354452926825],[13.387914560076805,52.48356152418713],[13.38792231969129,52.483578141064065],[13.387932656448399,52.483594226397024],[13.387945474862772,52.48360963159411],[13.387977874723823,52.48364433166258],[13.387978128894632,52.48364460332813],[13.388017386519053,52.48368647838989],[13.388049397605593,52.4837220101145],[13.388071584815917,52.48375234322968],[13.388095948284185,52.48378791065867],[13.388101098213305,52.483796100720156],[13.388100001177058,52.483798275438225],[13.388094280669472,52.48381534721933],[13.388091294241756,52.48383267691848],[13.388091069954163,52.483850101725885],[13.388093609917105,52.48386745793798],[13.388098890271214,52.483884582495506],[13.38813168975447,52.48396838257021],[13.388139616919059,52.483985036488015],[13.388150135689287,52.48400114659152],[13.388163148178636,52.48401656295758],[13.388178533293285,52.48403114211895],[13.388196147858961,52.484044748399405],[13.388196972165535,52.48404527224965],[13.388200069157593,52.48406956554167],[13.388202898903097,52.48411407439579],[13.388202562557213,52.48415868476057],[13.388197843682438,52.48421041382851],[13.3881967656126,52.484217888101135],[13.388191971563051,52.48425094555293],[13.38819083501105,52.48426834372168],[13.388192460680049,52.48428572741294],[13.388196833323747,52.4843029335594],[13.388203911927796,52.484319800759],[13.388213630094418,52.48433617078895],[13.38822589666514,52.48435189009003],[13.388240596575814,52.484366811207],[13.388257591935886,52.48438079417187],[13.38827672332182,52.48439370781685],[13.388297811272535,52.4844054310049],[13.388320657972812,52.48441585376596],[13.388345049108912,52.48442487832862],[13.388370755878961,52.48443242003737],[13.388397537139296,52.4844384081466],[13.388425141666556,52.48444278648436],[13.388453310514391,52.48444551397929],[13.388481779442595,52.48444656504581],[13.388510281395915,52.484445929824325],[13.388800782570357,52.484430829772826],[13.38882951257828,52.4844284620142],[13.388857721999535,52.48442438107689],[13.388885137426215,52.48441862651361],[13.388911493146125,52.48441125409806],[13.388936533718184,52.4844023352842],[13.388960016448218,52.48439195651381],[13.38898171374123,52.48438021837857],[13.389001415307273,52.48436723464517],[13.3890189301996,52.48435313115255],[13.389034088665294,52.48433804459239],[13.389046743790493,52.48432212118403],[13.3890567729242,52.48430551525751],[13.389064078866932,52.48428838775765],[13.389065995565607,52.48428096085638],[13.38992296794376,52.48423596395614],[13.389938903912153,52.48423963725406],[13.389967177791874,52.484244258335515],[13.389996063436978,52.48424714301314],[13.390025275469613,52.48424826278754],[13.39005452528723,52.484247606595765],[13.390544027265474,52.484221706507164],[13.390544995928428,52.48422165426818],[13.390554095965175,52.48422115426647],[13.39058268601727,52.484218716054635],[13.390610747646663,52.48421458055274],[13.390638011177579,52.484208787503505],[13.390664214604335,52.48420139257882],[13.39068910610932,52.48419246684481],[13.390712446483056,52.48418209607881],[13.390734011423064,52.484170379945034],[13.390753593689453,52.48415743103675],[13.390771005096536,52.48414337379421],[13.390786078321259,52.484128343308726],[13.390798668511165,52.4841124840245],[13.390808654676373,52.48409594835033],[13.390815940852205,52.48407889519501],[13.390820457021306,52.48406148844016],[13.390822159786412,52.4840438953654],[13.390821032787274,52.484026285040585],[13.390799131785451,52.48387488508648],[13.39079520402695,52.48385748563526],[13.390788513954568,52.4838404032135],[13.390779125427082,52.48382380087005],[13.390767128059302,52.483807837071275],[13.390752636366594,52.48379266418861],[13.390735788671773,52.48377842704415],[13.390734884263377,52.48377780177141],[13.390704815680825,52.48356159122975],[13.390703897352463,52.48355601898445],[13.39069049689095,52.48348571901365],[13.390686021541876,52.48346908094494],[13.390671521280893,52.48342748097791],[13.39067071013286,52.48342522513758],[13.390653809849239,52.48337962517605],[13.390646887115317,52.48336417843782],[13.390627786907105,52.483327978481086],[13.390624932541773,52.48332283611123],[13.390607332374012,52.48329263615088],[13.390601122651114,52.483282888515724],[13.390578822486233,52.48325068856517],[13.390572602450915,52.48324231140503],[13.39054030226059,52.48320161147537],[13.390533503640508,52.483193567461925],[13.390505303509244,52.483162167521996],[13.39049098507165,52.48314785195873],[13.390442884937213,52.48310445205615],[13.39043001725382,52.48309371968489],[13.390401355123581,52.483071581118814],[13.39108793304024,52.482608457821584],[13.391241120076955,52.48266791491915],[13.391266241160402,52.482676639173256],[13.39129264207342,52.48268381792856],[13.3913200684965,52.482689382032085],[13.391348256231042,52.48269327788475],[13.39137693374447,52.48269546795775],[13.391405824785972,52.482695931154055],[13.391434651047742,52.48269466301163],[13.391463134846008,52.48269167574653],[13.391491001796066,52.48268699813507],[13.391517983455524,52.48268067523669],[13.39152012088968,52.482680021072824],[13.391523884906125,52.48268137939982],[13.391737385401994,52.48275607966627],[13.3917437053863,52.482758228389685],[13.391958405920096,52.482829128646515],[13.3919603532276,52.482829743739025],[13.391960466175684,52.48283045314204],[13.391966068214078,52.48284776217401],[13.391974422362091,52.482864652591395],[13.391985448157376,52.48288096170912],[13.391999039404485,52.48289653244086],[13.392015065197636,52.48291121481215],[13.39203337118148,52.48292486740485],[13.39205378103778,52.48293735871941],[13.392076098183631,52.48294856844138],[13.392100107664893,52.482958388600316],[13.392125578226612,52.482966724609796],[13.392299578715349,52.48301712479812],[13.392326261713022,52.48302389558807],[13.392353903213793,52.48302903712378],[13.392382237044382,52.483032499894854],[13.392410990364468,52.48303425055658],[13.392439886294117,52.48303427225089],[13.39246864658007,52.48303256476888],[13.392496994275291,52.48302914455271],[13.392524656405918,52.48302404453729],[13.392551366599955,52.48301731383316],[13.392572712510534,52.48301036909892],[13.392716948105098,52.48304913785455],[13.39272874426471,52.48305212380311],[13.392934844921058,52.48310112399329],[13.39293835684919,52.483101943222124],[13.393089167774725,52.48313645087972],[13.393089239478428,52.48313665010958],[13.39309817593128,52.483153424928155],[13.39310976210309,52.48316958431453],[13.39312388645083,52.483184972694175],[13.39314041299477,52.483199441915275],[13.393159182627544,52.4832128526751],[13.393180014645907,52.48322507586112],[13.393202708490431,52.48323599379413],[13.393227045676372,52.48324550136121],[13.393252791897165,52.48325350702771],[13.39327969928024,52.48325993371861],[13.393462699901734,52.48329743386757],[13.39349051238033,52.483302220078954],[13.393518959329178,52.48330531900834],[13.393547766816223,52.483306700814325],[13.393576657437446,52.48330635219066],[13.393605352988244,52.48330427649442],[13.393633577142515,52.48330049371368],[13.393661058113668,52.48329504027495],[13.393687531271896,52.48328796869256],[13.39371274169252,52.483279347062776],[13.393736446610877,52.48326925840814],[13.393737880946285,52.483268510364944],[13.39388618071101,52.483295359315726],[13.393894828887044,52.4832968378099],[13.394061329493365,52.48332363791972],[13.394065106788002,52.48332422961087],[13.394221920142868,52.48334811886849],[13.394222529238947,52.48334918265877],[13.394234698210106,52.48336519162167],[13.394249379677966,52.48338039498154],[13.3942664321533,52.48339464621693],[13.394285691295977,52.48340780798225],[13.394306971498718,52.48341975343154],[13.394330067675853,52.483430367440945],[13.394354757239816,52.48343954771817],[13.394380802246344,52.48344720578849],[13.394407951687699,52.48345326784732],[13.394435943911795,52.48345767547162],[13.394625044630827,52.48348147557178],[13.394653589875002,52.48348418494818],[13.394682432601504,52.48348517369452],[13.394711295225083,52.48348443229499],[13.394739899968982,52.48348196788482],[13.394767971538379,52.48347780418178],[13.394795239769957,52.48347198125768],[13.394821442232063,52.48346455515286],[13.394846326750443,52.4834555973368],[13.39486965383525,52.48344519402022],[13.394891198985963,52.48343344532545],[13.394891412071559,52.48343330388128],[13.395075249965023,52.48345162880808],[13.395082539152027,52.48345229831593],[13.395374040303,52.48347679842344],[13.395385659553376,52.48347763176221],[13.395389387347633,52.48347785338578],[13.395404419623263,52.4834927391588],[13.395421913237517,52.48350677051303],[13.395441574284067,52.48351968807368],[13.395463213610268,52.483531367563806],[13.395486623030383,52.483541696617564],[13.395511577328492,52.48355057586131],[13.395537836425262,52.48355791986962],[13.39556514768775,52.48356365798722],[13.395593248359974,52.48356773500881],[13.395621868090926,52.48357011171012],[13.395813468861757,52.48358021175705],[13.395842359602456,52.48358086502494],[13.395871216032456,52.48357978555584],[13.39589976000528,52.48357698375469],[13.39592771638632,52.48357248662794],[13.39595481570495,52.483566337523285],[13.395980796752026,52.483558595711706],[13.396005409097732,52.483549335816264],[13.396028415505544,52.483538647092686],[13.39604959421896,52.48352663256907],[13.396068741099029,52.483513408052765],[13.396071969435855,52.48351067996183],[13.3963164740775,52.483516730680215],[13.396325682856252,52.483516870524554],[13.396520566635937,52.48351796825941],[13.396522360881047,52.483519691016284],[13.396540183357745,52.4835335801172],[13.396560150036231,52.48354633575342],[13.396582068602928,52.48355783506498],[13.39660572794353,52.48356796729256],[13.3966309001764,52.48357663484421],[13.39665734284752,52.483583754235504],[13.396684801265819,52.48358925689353],[13.396713010956352,52.48359308981754],[13.396741700207784,52.483595216089334],[13.396770592689538,52.48359561522898],[13.39696239347137,52.483592515222675],[13.396991200371822,52.48359118414328],[13.397019655001332,52.4835881361665],[13.397047483489969,52.483583400628504],[13.397074417994489,52.483577023107856],[13.397100199276345,52.48356906498682],[13.39712457919689,52.48355960286056],[13.397147323105683,52.48354872779994],[13.397168212099004,52.48353654447496],[13.397187045126763,52.48352317014726],[13.39720364092754,52.483508733541484],[13.397205750158454,52.48350645183213],[13.397438557391474,52.48349621358263],[13.397444264598452,52.48349592850962],[13.39764981925731,52.48348443156272],[13.397651061595164,52.48348537369265],[13.397671304583195,52.48349796684808],[13.397693472104873,52.483509287876096],[13.397717350632426,52.48351922772663],[13.397742710156292,52.483527690653766],[13.397769306400708,52.48353459513798],[13.397796883176758,52.48353987467158],[13.397825174850174,52.48354347839914],[13.397853908900162,52.483545371607576],[13.397882808544542,52.48354553606042],[13.39791159540598,52.483543970173564],[13.398103896170529,52.48352767011428],[13.398132289902609,52.483524389370174],[13.398160020192519,52.48351942533512],[13.398186819984726,52.48351282581514],[13.398212431185136,52.48350465436663],[13.39823660714672,52.48349498968442],[13.398259115044882,52.4834839248438],[13.398279738119715,52.48347156640417],[13.398298277763494,52.483458033382746],[13.398314555433345,52.48344345610842],[13.398328414370656,52.48342797496653],[13.398328962374183,52.48342718806086],[13.398490091948316,52.48341013691331],[13.398496906745015,52.4834093652074],[13.398711507574374,52.483383465111125],[13.398716645669158,52.48338281589962],[13.398764768225398,52.483376462005204],[13.39878445524354,52.48338662279295],[13.398808248145084,52.48339663795924],[13.398833534505398,52.48340518100238],[13.398860070767151,52.48341216963576],[13.398887601333563,52.48341753654487],[13.398915861030368,52.48342123003556],[13.398944577660066,52.483423214532046],[13.398973474623793,52.48342347091967],[13.399002273585644,52.48342199672882],[13.39903069715369,52.48341880615892],[13.399218097861024,52.48339190605852],[13.399245867394411,52.483387030803506],[13.39927272059827,52.483380517438235],[13.399298398914075,52.48337242867736],[13.399322655096185,52.48336284240432],[13.399345255592566,52.483351850921466],[13.399365982793563,52.48333956006126],[13.399384637127206,52.48332608816727],[13.399401038980788,52.483311564954604],[13.399415030430246,52.483296130260996],[13.399426476760693,52.48327993270023],[13.39943526776344,52.48326312823128],[13.399441318797066,52.48324587865657],[13.399444571602277,52.483228350064046],[13.399444994862732,52.483210711228004],[13.399442584506453,52.48319313198399],[13.399437363744903,52.483175781593616],[13.399192959818082,52.48254068215046],[13.399184982064002,52.4825237329094],[13.399174322717133,52.48250734241826],[13.399161084348961,52.48249166839297],[13.399145394346968,52.482476861655144],[13.399127403688787,52.48246306468093],[13.399107285489354,52.48245041022998],[13.399085233335114,52.482439020068014],[13.399061459421214,52.48242900379525],[13.399036192509701,52.48242045779179],[13.399009675728315,52.482413464290154],[13.398982164231072,52.482408090584215],[13.398953922743143,52.48240438838153],[13.398925223013654,52.482402393305925],[13.39889634120093,52.48240212455463],[13.398867555215269,52.48240358471363],[13.398839142044928,52.482406759732754],[13.398651742752666,52.48243355963276],[13.398623952522824,52.482438423748924],[13.398597077461398,52.48244492815222],[13.398571376608958,52.48245301014876],[13.39854709768862,52.4824625918387],[13.398524474718366,52.482473580867065],[13.398503725755452,52.482485871313926],[13.398494670601135,52.48249240432654],[13.398453556707695,52.48249800302251],[13.398245676805619,52.48252339441765],[13.398064563926974,52.48254278552132],[13.397871887104293,52.482561557171124],[13.39769202144173,52.482576618391256],[13.397495473366963,52.482590373856425],[13.397303203582217,52.482601308178715],[13.397053418733199,52.482612042264954],[13.396724995024424,52.482619044497255],[13.396484570778775,52.48262010662072],[13.39621320380702,52.48261623962633],[13.3960233074314,52.482609721229686],[13.395721915195214,52.48259512833156],[13.39545420923159,52.48257650698791],[13.395112904280815,52.482543808283374],[13.39479032924305,52.48250542964046],[13.394607533633684,52.48248037205901],[13.394433505666642,52.48245376288227],[13.394310784899897,52.48243406577429],[13.394123089073446,52.48240159112689],[13.39398097856166,52.482374467897856],[13.393554168533266,52.48228702777399],[13.393342556387942,52.48223773019148],[13.393140977992193,52.48218314988006],[13.392953111467854,52.48212772832576],[13.392879408247788,52.482106005280414],[13.392678265240635,52.482043965115025],[13.39243573954472,52.48196532132726],[13.39223383002425,52.481893747573004],[13.39202823807727,52.48181702560337],[13.391836624197634,52.48174020667541],[13.391614498907499,52.48164602183228],[13.391414705092537,52.481555602243624],[13.391226967834765,52.48146580255871],[13.390927156108903,52.48130845768324],[13.390782049320372,52.48122746805413],[13.390639004916151,52.48114451603148],[13.390474658376167,52.48104328349574],[13.390316060843755,52.48094010807569],[13.390170402601047,52.480841393080965],[13.390021922462223,52.48073409337953],[13.389920790415774,52.48065764665972],[13.389821983016432,52.48057863990017],[13.389730367235293,52.480504433389356],[13.38964081836342,52.480428326871674],[13.389540840051042,52.48034106298902],[13.389448752289919,52.48025480886282],[13.3893192059236,52.48012808790127],[13.389197033094861,52.48000175304832],[13.389088433769107,52.479881580864834],[13.388976124724719,52.47974893180681],[13.388840169707777,52.47957361006993],[13.388702187417683,52.47937357147676],[13.388604368196255,52.47921803077753],[13.388514118840419,52.479061420492066],[13.388426804287041,52.47888660023625],[13.388343300635619,52.47870150151954],[13.388302979413595,52.47859366088671],[13.388264545140656,52.47848593043408],[13.388217918150279,52.47833564828142],[13.388187088845209,52.478210884740854],[13.3881528083363,52.47806065696511],[13.388120181732056,52.47786114084903],[13.388101214274682,52.47766214237074],[13.388090517956272,52.47748620244504],[13.388093973065985,52.47735433526699],[13.38809827740992,52.477351072425556],[13.38811410542786,52.47733631936264],[13.388127489787832,52.477320690309625],[13.388138301677651,52.477304335684856],[13.388146437043666,52.47728741288968],[13.388151817592119,52.477270084793425],[13.388154391542534,52.47725251816598],[13.388162090764075,52.47713551814068],[13.388161832745814,52.477117875755795],[13.388158743835149,52.477100333771226],[13.38815285378499,52.47708306113533],[13.388144219326096,52.477066224202105],[13.388132923620567,52.477049985129064],[13.388119075460802,52.47703450031557],[13.38810280822161,52.47701991889648],[13.388084278575601,52.47700638130587],[13.388063664984198,52.47699401792457],[13.388041165978844,52.47698294782443],[13.388016998248911,52.47697327762164],[13.387991394554799,52.476965100449874],[13.387964601486214,52.47695849506342],[13.387936877087338,52.47695352507862],[13.38790848837166,52.476950238361304],[13.387879708750464,52.476948666565754],[13.387798175580121,52.476946668206416],[13.386818046090863,52.47692236998582],[13.386789152604898,52.476922520014476],[13.386760422339597,52.47692439862974],[13.386732131996322,52.4769279877386],[13.386704554039685,52.47693325277432],[13.386677954073539,52.47694014302925],[13.386652588283,52.47694859214323],[13.386628700967217,52.47695851874265],[13.386606522186552,52.476969827224174],[13.386586265546892,52.47698240867546],[13.38656812614241,52.47699614192403],[13.386552278676596,52.47701089470431],[13.386538875779628,52.477026524931425],[13.386528046538334,52.47704288206964],[13.386519895252858,52.477059808582055],[13.38651450043205,52.47707714144801],[13.386511914037223,52.47709471373289],[13.386508215327824,52.47715038871585],[13.386504116592395,52.477211663700636],[13.386504355932274,52.47722931091109],[13.386507427796193,52.47724685876633],[13.386513302586192,52.477264138170405],[13.386521923694374,52.477280982614104],[13.386533208048291,52.477297229779346],[13.38654704691133,52.477312723103466],[13.386563306930448,52.47732731328787],[13.386581831421111,52.477340859736756],[13.386602441877107,52.47735323191198],[13.386621229336376,52.47736248348857],[13.386621670823345,52.47746019633488],[13.386621734196797,52.47746346303429],[13.386628532872912,52.47766176304045],[13.386628828317997,52.47766688708314],[13.38662912642577,52.477670564893835],[13.386614041188293,52.47767837917312],[13.386593953927587,52.477691050322996],[13.386575996492308,52.47770486218377],[13.386560341673738,52.47771968185556],[13.386547140107478,52.47773536674103],[13.386536518823956,52.4777517659175],[13.38652858002603,52.477768721589044],[13.38652340010548,52.477786070604864],[13.38652102890784,52.477803646029166],[13.386521489252646,52.477821278747356],[13.386533888479704,52.47793757877173],[13.386537179034981,52.47795511054605],[13.386543268723734,52.477972360884166],[13.386552098875788,52.477989163581086],[13.386563584416669,52.47800535674468],[13.386577614687175,52.478020784355365],[13.38659405450948,52.47803529776946],[13.386612745489472,52.47804875715134],[13.386633507542816,52.478061032820754],[13.386656140630025,52.478072006502344],[13.386675555221979,52.4780796536601],[13.386676051821809,52.47808302144177],[13.386677013874658,52.47808857760302],[13.386703213011783,52.478220277660355],[13.38670377214816,52.478222924131146],[13.386731571338194,52.47834722419272],[13.38673226662106,52.47835015300799],[13.386733557373587,52.47835529188121],[13.386715372588663,52.47836701258348],[13.386697657333793,52.478380943609714],[13.386682263000827,52.47839586749045],[13.386669337757816,52.47841164058797],[13.386659006009,52.478428111090984],[13.386651367197388,52.47844512047567],[13.386646494847527,52.47846250503152],[13.386644435857754,52.47848009743684],[13.386645210048679,52.47849772836927],[13.38664880997229,52.47851522813548],[13.386682209229466,52.47863122821081],[13.386688601029373,52.47864843003992],[13.386697722941152,52.47866516661626],[13.386709487154247,52.47868127682237],[13.386723780421196,52.47869660557046],[13.386740465147739,52.47871100529545],[13.386759380717306,52.4787243373755],[13.386780345037188,52.47873647346657],[13.38680315629144,52.47874729673794],[13.386827594883703,52.47875670299695],[13.386853425551209,52.47876460169206],[13.38685841544882,52.47876576991293],[13.386858524370814,52.47876607017893],[13.386909823550383,52.47889887029576],[13.3869113553711,52.47890265191025],[13.386979654392363,52.47906375206585],[13.386981444914639,52.479067727683685],[13.386969430176443,52.47907765016538],[13.386954605604396,52.479092805224354],[13.386942286715712,52.47910877491666],[13.386932592281578,52.47912540527593],[13.386925615770727,52.4791425359659],[13.386921424448177,52.47916000182644],[13.386920058726611,52.47917763446574],[13.386921531776624,52.47919526388386],[13.3869258293996,52.479212720111676],[13.386932910164486,52.4792298348497],[13.386988509515517,52.47934093497592],[13.38699829937737,52.47935753467461],[13.387010706997707,52.4793734685305],[13.387025612879333,52.47938858308175],[13.387042873463429,52.47940273275734],[13.387062322512131,52.47941578127897],[13.387083772709536,52.47942760297363],[13.387107017465764,52.479438083984064],[13.38713183290666,52.47944712336533],[13.38715798002998,52.479454634057085],[13.387183027653714,52.47946007068971],[13.387183989889776,52.479461745916446],[13.387276689054897,52.47961454612464],[13.387278485115388,52.47961743040197],[13.387332084667477,52.47970133052183],[13.38733500273434,52.47970572603926],[13.387365960565354,52.479750646778236],[13.387365383640748,52.479751151373165],[13.38735124528017,52.47976653842437],[13.3873396452349,52.47978269752324],[13.387330695228718,52.47979947304022],[13.387324481462995,52.479816703408744],[13.387321063786363,52.4798342226814],[13.387320475118184,52.47985186212812],[13.38732272113138,52.47986945186117],[13.387327780197671,52.47988682247146],[13.387335603595732,52.4799038066601],[13.387346115980334,52.47992024084966],[13.387422915463507,52.48002484101876],[13.387436004921366,52.48004055546961],[13.387451552387528,52.48005541157407],[13.387469408347386,52.4800692664638],[13.3874894010855,52.48008198689884],[13.38751133833693,52.480093450548914],[13.387535009136169,52.48010354717001],[13.38756018584598,52.48011217966446],[13.387586626346557,52.48011926501486],[13.387614076364008,52.48012473508242],[13.387642271915716,52.4801285372622],[13.387643586400719,52.480128633440835],[13.387714560251322,52.48021576000666],[13.387717256796481,52.48021898822846],[13.387810156321004,52.48032748842819],[13.387813828037547,52.480331642939994],[13.387904396134617,52.4804309763651],[13.387901573599365,52.48043433416474],[13.387890988670282,52.48045068933268],[13.387883071559209,52.4804675976689],[13.387877898024486,52.48048489738522],[13.387875517572624,52.4805024229483],[13.387875952984468,52.48052000666353],[13.387879200097101,52.480537480279764],[13.387885227843547,52.480554676599056],[13.387893978549906,52.48057143107666],[13.38790536848711,52.480587583395454],[13.387919288671958,52.480602978999954],[13.387968450474037,52.48065157129425],[13.387969176915048,52.48065359761379],[13.387978347050883,52.48067073322382],[13.387990281827575,52.480687221970946],[13.388004861244406,52.48070289806143],[13.388034675989802,52.48073151199811],[13.388023250671013,52.480743501321534],[13.388011263374151,52.480759499673425],[13.388001894623853,52.48077613678113],[13.387995234142329,52.480793253320506],[13.387991345716483,52.4808106853759],[13.387990266586948,52.48082826601002],[13.387992007091325,52.480845826862506],[13.387996550565067,52.48086319976221],[13.388003853500924,52.480880218337724],[13.388013845965471,52.48089671961066],[13.38802383217604,52.48090927621572],[13.388024916206417,52.480918777596756],[13.388029739609923,52.48093617165661],[13.388037332076593,52.480953193331665],[13.388047620497883,52.48096967871161],[13.388060505804239,52.48098546905021],[13.38807586391898,52.481000412293945],[13.388154763718353,52.48106941245229],[13.388172437470182,52.481083358030524],[13.388192263816507,52.48109617944312],[13.388214052029719,52.48110775334808],[13.388237592508542,52.48111796840436],[13.388262658794398,52.48112672634301],[13.388277230007883,52.481130716870005],[13.38829032531719,52.481139098735596],[13.388312138170193,52.48115057301637],[13.3883356822182,52.4811606917663],[13.388360732349478,52.48116935823646],[13.388387049051646,52.48117648956366],[13.388414380701798,52.48118201756267],[13.388442465972394,52.48118588937828],[13.388471036329998,52.48118806799061],[13.3884998186029,52.4811885325691],[13.388528537593107,52.48118727867171],[13.388549413118172,52.481185101182994],[13.38858501449075,52.481213519900066],[13.388603486319017,52.48122686715577],[13.388623993251532,52.48123905647604],[13.388646341552185,52.48124997270315],[13.388652299957506,52.4812523432911],[13.388707970883775,52.48129486184823],[13.38869902998162,52.48130096671579],[13.388409203954286,52.48149590918362],[13.388283042063518,52.48157985088397],[13.388281604848428,52.48158081411498],[13.388017887895753,52.48175884964774],[13.38800053829887,52.481752146002265],[13.387942438432352,52.48173164607521],[13.387923085856267,52.48172539180843],[13.38785758603771,52.481706091880284],[13.387845250601556,52.4817026685129],[13.387740550918132,52.48167536861711],[13.387722142009324,52.4816710081082],[13.387658942220543,52.48165750816149],[13.387630167516178,52.4816523494707],[13.387565767755364,52.48164294950965],[13.387562332987107,52.481642461417294],[13.387487833266414,52.48163216146024],[13.387465566040422,52.48162962824308],[13.387380766373829,52.48162202827619],[13.387351764610456,52.48162031859288],[13.387271264937212,52.48161801860484],[13.387256860192023,52.481617822492815],[13.387181460499479,52.48161792249486],[13.38717670844734,52.48161795220947],[13.386827655350555,52.481621854405354],[13.386819427140143,52.48161865145551],[13.38679365315755,52.48161066985037],[13.386766721796064,52.48160426924645],[13.386738892473284,52.48159951129775],[13.386710433256143,52.481596441835315],[13.386681618278821,52.48159509042578],[13.386604418593013,52.48159379043358],[13.386590453116211,52.48159375753409],[13.386417253822378,52.48159585753127],[13.386388543518125,52.48159706437796],[13.386360163284989,52.48159997654554],[13.3863323842007,52.48160456621798],[13.386305471601224,52.481610789556385],[13.386279682546464,52.48161858711766],[13.386255263364973,52.481627884422174],[13.386232447301168,52.481638592665334],[13.386211452287498,52.48165060956563],[13.386192478862828,52.48166382034166],[13.386175708256978,52.48167809880837],[13.386161300659621,52.48169330858239],[13.386149393690166,52.481709304384665],[13.38614010108318,52.48172593342802],[13.386133511601953,52.48174303687665],[13.386129688190538,52.48176045136317],[13.386128667372427,52.48177801054902],[13.386135365335289,52.482083010549175],[13.386137078795695,52.48210011497364],[13.38614145188255,52.48211704209101],[13.386148444865581,52.48213363810367],[13.38615799421028,52.48214975222214],[13.38616838904456,52.482163145450286],[13.386181722272942,52.48268698311771],[13.386173137895922,52.482688335260974],[13.386146002906784,52.48269439471187],[13.38611997120919,52.482702048551445],[13.386095293425766,52.48271122309177],[13.386072207144638,52.48272183000423],[13.386050934632081,52.482733767169904],[13.386031680692643,52.482746919662624],[13.386014630697359,52.48276116085548]]]]}}]}
