{"type":"FeatureCollection","features":[{"type":"Feature","properties":{"revision":"v1.0.98","areaM2":1034671.5509745629,"newAreaM2":960129.7517429736,"scope":"Exact named park polygons and finite Panke/approach street strips; no full district"},"geometry":{"type":"MultiPolygon","coordinates":[[[[13.375196,52.58142459999999],[13.3750162,52.581499],[13.37408,52.5821063],[13.3738035,52.5822198],[13.3738999,52.58225670000001],[13.373624,52.5823687],[13.373687,52.5823949],[13.373710200000001,52.58237479999999],[13.3738038,52.5824131],[13.3737586,52.5824547],[13.3735049,52.5823423],[13.3734897,52.5823486],[13.373140000000001,52.5824805],[13.3716522,52.58290039999999],[13.3710716,52.5830631],[13.37076311574499,52.58359830882729],[13.371103842602121,52.58368008917281],[13.371108329534463,52.58368132428117],[13.37111259611061,52.583682821328],[13.371116601241148,52.58368456589594],[13.371120306354515,52.583686541183866],[13.371123675768448,52.58368872816871],[13.371126677033649,52.58369110578865],[13.371129281246262,52.58369365114595],[13.371131463326252,52.58369633972743],[13.371133202258939,52.583699145640615],[13.371134481297371,52.58370204186304],[13.371135288123625,52.583705000502505],[13.371135614967429,52.58370799306574],[13.371135458681001,52.58371099073267],[13.371134820769367,52.58371396463418],[13.371133707375868,52.58371688612992],[13.371132129223007,52.58371972708431],[13.371130101509177,52.58372246013736],[13.371127643762309,52.583725058968284],[13.371124779651801,52.58372749854886],[13.371121536760574,52.58372975538456],[13.371117946319428,52.58373180774083],[13.371114042906283,52.58373363585229],[13.37110986411317,52.58373522211325],[13.371105450184189,52.583736551247064],[13.371100843627959,52.583737610453454],[13.3710960888082,52.58373838953167],[13.37109123151652,52.58373888097873],[13.37108631853138,52.583739080061726],[13.371081397167618,52.58373898486338],[13.371076514820748,52.58373859630053],[13.371071718510537,52.58373791811521],[13.371067054428165,52.58373695683876],[13.37071267180896,52.58365189882661],[13.370706840335439,52.58368071331718],[13.371013075585346,52.58374618139836],[13.371017635980362,52.58374731229211],[13.371021992435114,52.58374871001173],[13.371026102994616,52.5837503610964],[13.37102992807197,52.583752249645336],[13.371033430829607,52.5837543574708],[13.371036577534058,52.58375666427332],[13.371039337880822,52.58375914783712],[13.371041685286208,52.58376178424419],[13.37104359714337,52.58376454810449],[13.371045055040002,52.58376741280055],[13.371046044935683,52.58377035074383],[13.37104655729709,52.58377333364031],[13.3710465871898,52.58377633276309],[13.371046134325834,52.58377931922897],[13.37104520306642,52.58378226427663],[13.371043802380008,52.58378513954366],[13.371041945755891,52.58378791733965],[13.371039651074303,52.583790570912875],[13.371036940434228,52.58379307470794],[13.371033839940576,52.583795404611934],[13.371030379452774,52.58379753818656],[13.371026592297214,52.58379945488429],[13.37102251494629,52.583801136246265],[13.371018186667163,52.58380256607999],[13.371013649143578,52.583803730615415],[13.371008946074438,52.583804618637345],[13.371004122752952,52.58380522159368],[13.370999225630433,52.58380553367756],[13.370994301868949,52.58380555188351],[13.370989398887108,52.58380527603612],[13.370984563903404,52.58380470879201],[13.370979843481463,52.58380385561403],[13.37077708614794,52.583760509517745],[13.370802071237234,52.583819239030454],[13.370803071007899,52.58382217573283],[13.370803593395857,52.58382515798389],[13.370803633370134,52.58382815706294],[13.37080319054565,52.5838311440872],[13.370802269186953,52.58383409028999],[13.370800878167142,52.58383696729775],[13.370799030882413,52.583839747403324],[13.370796745123059,52.583842403832726],[13.370794042902139,52.58384491100307],[13.370790950243476,52.58384724476894],[13.370787496931046,52.583849382654826],[13.370783716222137,52.58385130407169],[13.370779644527058,52.58385299051525],[13.370775321058497,52.58385442574407],[13.370770787453875,52.58385559593609],[13.370766087374353,52.583856489821706],[13.370761266084346,52.58385709879229],[13.370756370015604,52.5838574169831],[13.370751446320043,52.58385744132981],[13.37074654241564,52.583857171597934],[13.370741705529772,52.583856610385126],[13.370736982244388,52.58385576309621],[13.370732418047384,52.583854637891044],[13.37072805689455,52.583853245606],[13.37072394078622,52.583851599649556],[13.370720109362809,52.58384971587321],[13.370716599523037,52.58384761241878],[13.370713445068581,52.58384530954371],[13.370710676378543,52.58384282942599],[13.370708320116883,52.58384019595052],[13.370706398975635,52.58383743447915],[13.370704931456372,52.58383457160635],[13.370678403848213,52.5837722159455],[13.370661108983372,52.58375855707239],[13.370629634486564,52.58379671931866],[13.370627210911662,52.583799330030295],[13.37062437889604,52.583801783474826],[13.370621165713523,52.58380405602419],[13.370617602308805,52.583806125792485],[13.370613722999424,52.583807972846685],[13.370609565145276,52.58380957939862],[13.370605168788813,52.58381092997628],[13.37060057626941,52.58381201157284],[13.370595831815615,52.583812813771914],[13.370590981119197,52.58381332884788],[13.370586070895103,52.58381355184027],[13.370581148431576,52.58381348060152],[13.37057626113473,52.58381311581772],[13.370571456071998,52.58381246100193],[13.370566779518851,52.58381152246041],[13.370562276513128,52.58381030923185],[13.37055799042131,52.58380883300032],[13.370553962520841,52.58380710798276],[13.370550231602644,52.58380515079206],[13.370546833597516,52.583802980277056],[13.370543801230092,52.58380061734105],[13.370541163703704,52.583798084740415],[13.370538946419135,52.583795406865526],[13.370537170729982,52.58379260950578],[13.370535853737033,52.58378971960133],[13.370535008123563,52.583786764983515],[13.370534642033197,52.58378377410695],[13.370534758991488,52.583780775775416],[13.370535357871969,52.583777798864475],[13.370536432906995,52.583774872043406],[13.370537973743302,52.58377202349909],[13.370539965541719,52.58376928066451],[13.370577571930275,52.58372368371557],[13.37043529498232,52.5837067814123],[13.370254010037081,52.58374148768768],[13.370107575458253,52.583782210088486],[13.37010300139859,52.58378332032279],[13.370098270707429,52.583784152123634],[13.37009342894399,52.583784697480326],[13.370088522737202,52.58378495114076],[13.370083599336612,52.583784910662025],[13.370078706157356,52.583784576434],[13.370073890323525,52.583783951675464],[13.370069198214315,52.5837830424032],[13.370064675017389,52.583781857374],[13.370060364293668,52.58378040800041],[13.370056307557832,52.58377870824065],[13.370052543878495,52.583776774464425],[13.370049109501966,52.58377462529506],[13.370046037503165,52.58377228143024],[13.370043357467091,52.58376976544274],[13.370041095203922,52.58376710156288],[13.370039272500424,52.58376431544533],[13.370037906910163,52.58376143392192],[13.370037011584431,52.583758484743335],[13.370036595145612,52.58375549631179],[13.370036661604143,52.583752497407495],[13.370037210319893,52.583749516911524],[13.370038236008334,52.58374658352773],[13.370039728791436,52.58374372550615],[13.370041674292803,52.58374097037109],[13.370044053776127,52.583738344655956],[13.370046844325627,52.583735873647825],[13.370050019066754,52.58373358114383],[13.370053547425005,52.583731489222],[13.370057395420359,52.583729618028656],[13.370061525994544,52.58372798558437],[13.37006589936791,52.583726607610465],[13.370215161891947,52.58368509878467],[13.370220955844244,52.58368374451088],[13.370417355725683,52.58364614453469],[13.370422181403702,52.58364537889731],[13.370427108021035,52.583644908821014],[13.370432086912551,52.58364473894923],[13.37043706889675,52.58364487095998],[13.370442004761589,52.58364530354922],[13.370608886864817,52.58366512890822],[13.370615947229762,52.58363024258776],[13.369168530200362,52.583342452888196],[13.369167941180372,52.58334231594712],[13.369167337321185,52.58334220556054],[13.369167300088016,52.58334219624517],[13.369167261553729,52.583342189160014],[13.36913429517492,52.583335035165234],[13.369108701601778,52.583330310199706],[13.36873356651504,52.58344081495646],[13.368729033991936,52.583441986637794],[13.368724334750853,52.58344288206754],[13.368719514048134,52.583443492622244],[13.36871461830987,52.58344381242188],[13.368709694684794,52.58344383838662],[13.368704790590211,52.58344357026638],[13.368699953255323,52.58344301064335],[13.368695229266402,52.583442164907],[13.368690664118128,52.583441041202235],[13.368689414246779,52.5834406427042],[13.36864525528803,52.5834538876348],[13.368635686228787,52.583456410380386],[13.36862575729419,52.583458349667204],[13.368615564105674,52.583459686818834],[13.368605204829619,52.58346040895765],[13.368594779231945,52.58346050912908],[13.368584387717304,52.58345998636841],[13.368574130362095,52.58345884571014],[13.368564105950668,52.583457098139476],[13.368554411023954,52.58345476048656],[13.36854513894972,52.58345185526436],[13.368536379023357,52.58344841045185],[13.368528215607926,52.58344445922461],[13.368520727321668,52.58344003963522],[13.368513986280886,52.58343519424688],[13.368508057405409,52.58342996972348],[13.368502997793387,52.58342441638014],[13.368498856171408,52.58341858769872],[13.368495672425253,52.58341253981269],[13.368495256801092,52.583411364277424],[13.36849271081118,52.58341122359372],[13.368487874356271,52.58341066116782],[13.36848315169405,52.58340981269445],[13.368478588306424,52.583408686344825],[13.368474228141372,52.58340729296637],[13.368470113189728,52.583405645978104],[13.368466283080762,52.58340376124145],[13.368462774700536,52.583401656907476],[13.36845962183667,52.583399353242086],[13.36845685485295,52.583396872430896],[13.368454500396899,52.583394238365486],[13.368452581143165,52.58339147641337],[13.368451115575143,52.583388613173675],[13.368450117806967,52.583385676220985],[13.368449597447603,52.58338269383977],[13.368449559508297,52.583379694752004],[13.36845000435433,52.58337670784052],[13.368450927701492,52.58337376187093],[13.368452320657354,52.58337088521449],[13.368454169806908,52.58336810557499],[13.368456457341765,52.58336544972183],[13.368459161231657,52.583362943232316],[13.368462255436608,52.58336061024529],[13.368465710157714,52.58335847322864],[13.368469492124124,52.58335655276299],[13.368473564913451,52.58335486734345],[13.368477889302541,52.5833534332015],[13.368781137741793,52.58326432114292],[13.368785136885526,52.5832444833892],[13.368786675079487,52.583218456055775],[13.36870457173191,52.58319116898959],[13.368587719454473,52.583162731820096],[13.3677762,52.58304039999999],[13.36797798797309,52.5829227043775],[13.3679039967547,52.582814504944196],[13.36781566053462,52.58269529011187],[13.367812903123003,52.58269102171139],[13.36781084583473,52.58268660923328],[13.367809508482413,52.58268209517211],[13.367808903945269,52.58267752300082],[13.367809038045094,52.5826729367519],[13.367809909490198,52.58266838059345],[13.367811509887872,52.58266389840372],[13.367813823825196,52.582659533348654],[13.36781682901751,52.582655327466064],[13.367820496523011,52.58265132126081],[13.3678247910215,52.58264755331483],[13.367829671154526,52.58264405991541],[13.36783508992371,52.58264087470584],[13.367840995143359,52.582638028361345],[13.367847329943025,52.58263554829372],[13.36785403331523,52.58263345838731],[13.367861040702968,52.582631778769],[13.36786828462144,52.5826305256144],[13.367875695307948,52.582629710991995],[13.367883201393742,52.58262934274706],[13.367890730591345,52.582629424425996],[13.367898210390699,52.582629955242155],[13.367905568757468,52.58263093008354],[13.367912734826769,52.5826323395619],[13.367919639585617,52.58263417010323],[13.367926216537573,52.58263640407849],[13.367932402343103,52.582639019973335],[13.367938137429606,52.58264199259533],[13.367943366565088,52.58264529331656],[13.367948039390113,52.58264889034934],[13.36795211090276,52.58265274905236],[13.36795554189204,52.58265683226426],[13.368044340802667,52.582776671004396],[13.368045235368214,52.582777927003676],[13.368093031196992,52.58284781992038],[13.368185037584988,52.58279818724644],[13.368081500000002,52.582712699999995],[13.3682019,52.5826653],[13.3681925,52.58265509999999],[13.3681188,52.58267949999998],[13.3681016,52.582659799999995],[13.3682974,52.582595600000005],[13.3683781,52.58269039999999],[13.368629994834532,52.582544490736844],[13.368685371625798,52.58250480672842],[13.368686467695927,52.58250407867321],[13.368687024985629,52.58250367961253],[13.368687403854713,52.58250345683773],[13.368687924324048,52.58250311112039],[13.368690299518281,52.5825017541891],[13.368690567472692,52.58250159663204],[13.368690617699157,52.58250157241466],[13.368690679189328,52.582501537285765],[13.368847939412149,52.58241824582177],[13.368911946420582,52.582381169393486],[13.36891264162643,52.58237976391278],[13.368917026367189,52.58237342798844],[13.368940218257954,52.58234433823856],[13.36895861014484,52.582321248486515],[13.368963519832892,52.58231577350667],[13.36896927211215,52.582310611910884],[13.369052572166304,52.582243111970655],[13.369057548066115,52.582239377326154],[13.369062965563412,52.58223587809951],[13.369212730279214,52.5821460761635],[13.3691666,52.5821611],[13.369110500000001,52.58209740000001],[13.3691568,52.5820823],[13.3691774,52.58210569999999],[13.3692226,52.58209099999999],[13.36925093588559,52.58212316722334],[13.369542765534655,52.58194817839928],[13.36954468695009,52.581947054797254],[13.370027857532696,52.58167150976832],[13.369979149317059,52.58160304863912],[13.3699389,52.5816136],[13.3698754,52.581525799999994],[13.3698061,52.5815462],[13.3697443,52.5814583],[13.3698489,52.58143030000001],[13.3699104,52.5815152],[13.3699155795245,52.5815136986886],[13.369914695187505,52.581512455713934],[13.369911023537533,52.5815065113433],[13.369908326074606,52.581500376374734],[13.369906628776384,52.58149410989141],[13.369905947988356,52.581487772243015],[13.369906290266442,52.581481424464585],[13.369907652313882,52.58147512768869],[13.369910021012984,52.58146894255668],[13.369913373551487,52.581462928634714],[13.36991767764227,52.58145714384003],[13.369922891834296,52.581451643883284],[13.36992896591183,52.581446481731945],[13.36993584137805,52.58144170710021],[13.369943452018404,52.58143736597028],[13.369951724538302,52.581433500149465],[13.369960579268971,52.58143014686762],[13.369969930934722,52.58142733841853],[13.369979689474167,52.58142510184903],[13.36998976090758,52.58142345869839],[13.370000048241932,52.581422424791015],[13.370010452404994,52.581422010083934],[13.370020873199422,52.581422218571014],[13.370031210267715,52.58142304824439],[13.370041364058679,52.58142449111391],[13.370051236786145,52.58142653328402],[13.370060733370702,52.58142915508758],[13.370069762355335,52.58143233127529],[13.3700782367862,52.581436031258846],[13.370086075050036,52.581440219405515],[13.370093201660126,52.58144485538131],[13.370099547983287,52.58144989453933],[13.370105052900833,52.58145528834989],[13.3701096633972,52.58146098486776],[13.37019235068653,52.58157720444543],[13.370209182589862,52.581567529401255],[13.370209837180843,52.58156715630715],[13.370294044554036,52.58151956521595],[13.370889904274067,52.58117944516479],[13.373330573324079,52.579738749648534],[13.373222324849312,52.57966054295979],[13.3731921,52.579674699999984],[13.373208200000002,52.57968739999999],[13.3731451,52.579717],[13.373133,52.5797076],[13.3730841,52.579730600000005],[13.3729978,52.57966280000001],[13.373144500000002,52.5795938],[13.37315701625715,52.57960361251837],[13.373155667181855,52.579600504302014],[13.37315400292422,52.57959423453255],[13.373153355502504,52.579587895582215],[13.37315373115129,52.57958154849867],[13.373155126252437,52.579575254407715],[13.373157527369933,52.579569073924866],[13.373160911379314,52.57956306657151],[13.373165245690371,52.57955729020162],[13.373170488561037,52.57955180044474],[13.373176589499385,52.57954665017007],[13.373183489749914,52.57954188897746],[13.373191122859389,52.57953756271968],[13.37319941531683,52.57953371306077],[13.373208287261463,52.579530377074974],[13.37321765325181,52.57952758688954],[13.373227423088547,52.57952536937537],[13.373237502683136,52.57952374588823],[13.373247794963964,52.57952273206313],[13.37325820081116,52.579522337663754],[13.373268620011162,52.579522566488336],[13.373278952221824,52.5795234163332],[13.373289097938729,52.579524879013924],[13.373298959453473,52.57952694044413],[13.373308441794622,52.579529580771215],[13.373317453642331,52.57953277456748],[13.373325908207793,52.579536491075054],[13.373333724069058,52.57954069450208],[13.373340825955152,52.579545344367354],[13.373378930370546,52.57957288734784],[13.373483957682497,52.57964876665025],[13.373798419965151,52.57946529053684],[13.374523419976253,52.57903351178613],[13.374451100000002,52.5790576],[13.3743683,52.5789658],[13.3744993,52.5789222],[13.374572984691227,52.57900399270142],[13.37491505855431,52.57880026329642],[13.374774941790069,52.578671535347425],[13.374771093595527,52.57866759264689],[13.374767898308747,52.57866343915397],[13.374765386701936,52.57865911486916],[13.374763582963059,52.5786546614377],[13.374762504462904,52.578650121748616],[13.374762161587794,52.57864553952161],[13.374762557639574,52.57864095888603],[13.37476368880382,52.578636423955906],[13.374765544186586,52.57863197840505],[13.374768105919314,52.57862766504653],[13.374771349330949,52.5786235254203],[13.37477524318552,52.57861959939315],[13.374779749982967,52.57861592477484],[13.374784826320315,52.57861253695384],[13.374790423309637,52.5786094685567],[13.374796487048894,52.57860674913365],[13.374802959141034,52.57860440487417],[13.374809777256383,52.57860245835471],[13.374816875732916,52.578600928321244],[13.374824186208603,52.5785998295088],[13.37483163827977,52.57859917249951],[13.374839160179123,52.57859896362071],[13.374846679466886,52.57859920488403],[13.37485412372844,52.57859989396597],[13.374861421271694,52.578601024230316],[13.374868501817517,52.57860258479202],[13.374875297176558,52.57860456062211],[13.374881741905938,52.57860693269228],[13.374887773939493,52.57860967815827],[13.374893335185508,52.57861277057982],[13.374898372086157,52.57861618017527],[13.37490283613331,52.57861987410845],[13.375027392749633,52.57873430639646],[13.375714262215524,52.57833507537889],[13.375721352501756,52.5783313052111],[13.37572896268187,52.578327932099654],[13.375737033032967,52.57832498251589],[13.375751838073747,52.57832010123372],[13.375614801339873,52.57823823228135],[13.3755382,52.578293],[13.3753633,52.57820050000001],[13.3753936,52.5781793],[13.3754717,52.5782194],[13.375548200000003,52.578165199999994],[13.375590107475723,52.57818891200443],[13.37559011980524,52.57818888072813],[13.375592587225707,52.57818454701785],[13.375595740046723,52.578180381507956],[13.375599547904752,52.57817642431447],[13.375603974127927,52.578172713547325],[13.375608976089234,52.578169284943115],[13.375614505617024,52.57816617152114],[13.375620509458946,52.578163403265265],[13.375626929794782,52.57816100683526],[13.375633704793298,52.57815900530998],[13.3756407692077,52.57815741796516],[13.375648055003992,52.57815626008776],[13.375655492016175,52.578155542828725],[13.375663008621977,52.578155273095646],[13.375670532432606,52.5781554534862],[13.37567799098988,52.57815608226309],[13.375685312464034,52.57815715337093],[13.375692426345477,52.57815865649434],[13.37569926412382,52.57816057715755],[13.375700465399142,52.57816100614175],[13.3756535,52.57813500000001],[13.375715900000001,52.578092799999986],[13.375745,52.57810899999999],[13.3757672,52.5780942],[13.375855200000002,52.578143299999994],[13.3757885,52.5781882],[13.3757513,52.5781665],[13.375733497219006,52.578178209850826],[13.375887514372927,52.57827022309458],[13.375890969832096,52.57827228620816],[13.37589262824259,52.578270972167466],[13.375892698771828,52.578270916416635],[13.375969798792863,52.578210116442456],[13.375974060018804,52.57820716893057],[13.376060404900295,52.57815466902696],[13.376051770186342,52.57814870158098],[13.376047074340937,52.57814511591112],[13.376042978032237,52.578141267112684],[13.376039520709835,52.57813719225172],[13.376036735669498,52.578132930571456],[13.37603464973252,52.57812852311422],[13.37603328298742,52.57812401232629],[13.37603264859648,52.57811944164905],[13.376032752669005,52.57811485510061],[13.37603359420249,52.578110296851925],[13.376035165092283,52.57810581080145],[13.376037450209646,52.57810144015223],[13.37604042754747,52.57809722699599],[13.37604392423652,52.578093370923526],[13.3759961,52.5780612],[13.3759114,52.57810779999999],[13.3757643,52.5780089],[13.375845200000002,52.57796439999999],[13.3759009,52.578001900000004],[13.3759274,52.5779874],[13.3759745,52.5780191],[13.3759856,52.578013],[13.37607812776087,52.5780751117223],[13.376084480258514,52.578073571072586],[13.376091715178157,52.578072300334505],[13.376099119717217,52.578071467721166],[13.376106622566152,52.5780710812511],[13.376114151468647,52.57807114464621],[13.376121633917492,52.57807165729595],[13.376128997852838,52.57807261426324],[13.376136172356167,52.57807400633203],[13.376137336045446,52.57807431151781],[13.37613910593444,52.57807390861168],[13.376146383566697,52.57807273186476],[13.37615381548984,52.57807199534043],[13.376161330130605,52.57807170613181],[13.376168855119126,52.57807186702409],[13.376176317985873,52.57807247646785],[13.37618364685959,52.578073528593784],[13.376190771159411,52.578075013269405],[13.376191230882146,52.57807514095941],[13.376263771299483,52.57803106215719],[13.376267529337282,52.57802899815489],[13.376271609545084,52.57802717526004],[13.376275970416916,52.57802561201607],[13.376280567591769,52.57802432432506],[13.376285354304848,52.578023325286054],[13.376290281863293,52.57802262506179],[13.376295300141502,52.5780222307753],[13.376300358091036,52.578022146437455],[13.376305404259892,52.5780223729062],[13.376310387315915,52.57802290787777],[13.376315256568953,52.578023745910166],[13.376319962486514,52.5780248784785],[13.376382914952707,52.57804231339675],[13.376840983665922,52.577639367391775],[13.376839161409887,52.57763783608132],[13.376739891957213,52.57755862810518],[13.3766896,52.57758650000001],[13.376568100000002,52.5775052],[13.376606100000002,52.57748410000001],[13.3766196,52.5774925],[13.3766633,52.5774694],[13.37671574027986,52.57750403771688],[13.37671663576237,52.57750108020676],[13.376719522714332,52.57749497735678],[13.376723377680634,52.577489076279406],[13.376728163535523,52.57748343380516],[13.376733834188355,52.57747810427405],[13.376740335027463,52.57747313901225],[13.376747603446123,52.577468585837785],[13.376755569445484,52.57746448860011],[13.376764156308695,52.57746088675772],[13.376773281339736,52.5774578149982],[13.376782856659805,52.57745530290417],[13.376792790053644,52.57745337466838],[13.376802985857609,52.5774520488607],[13.376813345880935,52.577451338249354],[13.376823770351367,52.57745124967787],[13.376834158875997,52.57745178399927],[13.37684441140809,52.57745293606772],[13.376851941421071,52.577454258033264],[13.3768062,52.577418099999996],[13.3768979,52.57737349999999],[13.3769866,52.5774451],[13.37690971112292,52.57748083121535],[13.376968170263234,52.57752747617906],[13.377704602605155,52.57687955735157],[13.377707600408955,52.57687717832213],[13.377710966545193,52.57687498975584],[13.377714668596132,52.576873012729784],[13.377718670909013,52.576871266283796],[13.377722934939412,52.576869767237014],[13.377727419622428,52.576868530026125],[13.37773208176818,52.57686756656607],[13.377736876477737,52.5768668861355],[13.377741757575516,52.576866495287305],[13.377746678053965,52.5768663977856],[13.377751590526293,52.57686659456933],[13.377756447682797,52.57686708374339],[13.377761202746504,52.576867860596764],[13.37776580992363,52.57686891764798],[13.377768909232879,52.57686984926091],[13.377837836393166,52.57681462673034],[13.377900656508942,52.576764350788416],[13.378071632686167,52.57662471546888],[13.378164217977137,52.57654902761106],[13.378261064531326,52.576469989704506],[13.378437529904621,52.576325925200166],[13.378444167318666,52.576321027540466],[13.378451560756986,52.576316549808205],[13.378459639016734,52.576312535126284],[13.378468324299947,52.576309022158156],[13.378477532962776,52.57630604473549],[13.378487176321018,52.57630363153239],[13.37849716150418,52.576301805789235],[13.378507392349864,52.576300585088845],[13.378517770329838,52.57629998118721],[13.37852819549892,52.57629999990018],[13.378538567457474,52.57630064104758],[13.378548786318301,52.5763018984548],[13.37855875366859,52.5763037600124],[13.378568373517673,52.576306207792655],[13.378577553221447,52.576309218222164],[13.378586204374589,52.57631276230897],[13.378594243661924,52.576316805921735],[13.378601593660798,52.57632131011834],[13.378608183586698,52.57632623152109],[13.378613949974937,52.57633152273429],[13.378618837291869,52.57633713280078],[13.378622798469708,52.576343007692685],[13.37862579535983,52.57634909083165],[13.378627799100169,52.57635532363383],[13.3786287903932,52.576361646073934],[13.378628759691798,52.57636799726345],[13.378627707291187,52.57637431603696],[13.378625643326131,52.57638054154118],[13.37862258767334,52.576386613821036],[13.378618569760054,52.57639247439708],[13.378613628280668,52.57639806682868],[13.378607810824095,52.57640333725753],[13.378431340653245,52.576547406125535],[13.378334556425196,52.576626393377715],[13.378241982235767,52.576702072395285],[13.378070652798712,52.57684199666541],[13.37807003046577,52.57684249979276],[13.378006947137068,52.57689298652665],[13.37773452123642,52.577111246209704],[13.37771928744668,52.57712440843783],[13.379787883825095,52.57776155374165],[13.379792047891655,52.577760985618106],[13.379796927066096,52.57776062029176],[13.379801841508105,52.57776054763239],[13.379806744029143,52.57776076833762],[13.379811587555137,52.577761280288314],[13.379816325578487,52.57776207856867],[13.379820912604616,52.57776315551357],[13.379825304588818,52.57776450078224],[13.380059107358152,52.57784508886713],[13.380093926613446,52.57785581290887],[13.380097484270811,52.577851999393786],[13.380100123922176,52.57784946774429],[13.380103158195093,52.577847105903054],[13.380106557867835,52.57784493661587],[13.380110290199688,52.577842980774136],[13.380114319246278,52.57784125721362],[13.380118606205714,52.57783978253315],[13.380123109792287,52.57783857093468],[13.380127786634063,52.577837634086535],[13.380132591690579,52.57783698101106],[13.380137478686606,52.57783661799771],[13.380142400557794,52.57783654854252],[13.380147309903931,52.57783677331435],[13.38015215944543,52.57783729014854],[13.380153955663387,52.577837594598066],[13.380346260351471,52.57760699632716],[13.38034239031566,52.57760749576465],[13.380332028462368,52.57760819664307],[13.38032160373617,52.5776082754196],[13.380311216533318,52.577607731335554],[13.380300966888688,52.577606569630824],[13.380290953512368,52.57760480149329],[13.380281272839019,52.57760244395117],[13.380175917656535,52.577573056443136],[13.380000017170259,52.57752411144299],[13.379990758004606,52.57752119242502],[13.379982013080783,52.57751773457869],[13.37997386661736,52.57751377120511],[13.379966397069326,52.57750934047385],[13.37995967637252,52.57750448505541],[13.379953769250843,52.57749925171026],[13.379948732592942,52.57749369083848],[13.379944614904346,52.57748785599442],[13.37994145584034,52.577481803370944],[13.379939285824076,52.57747559125817],[13.379938125753586,52.57746927948217],[13.37993798680055,52.57746292882888],[13.379938870302727,52.577456600458525],[13.379940767751068,52.57745035531675],[13.3799436608717,52.57744425354764],[13.379947521801917,52.577438353914474],[13.379952313358535,52.57743271323388],[13.379957989395997,52.577427385828564],[13.37996449525078,52.577422423004236],[13.379971768267858,52.57741787255547],[13.379979738404092,52.577413778305434],[13.379988328902796,52.577410179683895],[13.379997457032934,52.577407111347384],[13.38000703488586,52.577404602845576],[13.380016970221927,52.5774026783366],[13.38002716735878,52.57740135635446],[13.380037528092823,52.57740064963053],[13.380047952644954,52.5774005649709],[13.380057563534464,52.577401062928644],[13.380119,52.57731199999999],[13.3802359,52.577341800000006],[13.38017484297975,52.577430456780434],[13.380264237277329,52.57745533103241],[13.380264281214195,52.57745534488372],[13.380264327151032,52.5774553560708],[13.38036972704117,52.57748475603082],[13.380378981763716,52.57748768026531],[13.380387721429615,52.57749114303685],[13.380395861871285,52.5774951109972],[13.38040332469191,52.57749954593285],[13.380409460064932,52.577503986800934],[13.3804651,52.57702339999999],[13.380465078229967,52.57702321495581],[13.380392767641865,52.577023929513054],[13.380276275462414,52.5770331999507],[13.380277,52.5770372],[13.3802334,52.57704019999999],[13.380232759323011,52.57703666293087],[13.380200974053784,52.577039192367145],[13.3801794,52.57706089999999],[13.3802399,52.577083],[13.3801934,52.577129899999996],[13.3801136,52.577100599999994],[13.3800998,52.57711459999999],[13.3800635,52.5771013],[13.3800709,52.5770832],[13.3799023,52.577021599999995],[13.3799796,52.576943500000006],[13.380041268094498,52.57696605768577],[13.380041982302718,52.57696452616999],[13.380043785404071,52.57696173538206],[13.380046028840479,52.57695906570073],[13.380048691006365,52.57695654283643],[13.380051746263579,52.57695419108572],[13.3800551651883,52.576952033097214],[13.380058914854413,52.57695008965348],[13.380062959150601,52.57694837947091],[13.380067259128117,52.576946919019505],[13.380071773375878,52.57694572236415],[13.38007645841928,52.57694480102928],[13.380081269138874,52.57694416388784],[13.38008615920489,52.57694381707582],[13.380091081523416,52.57694376393324],[13.380095988689932,52.57694400497186],[13.380100833445841,52.57694453787037],[13.380105569133583,52.57694535749665],[13.380110150145981,52.57694645595731],[13.380114532365454,52.576947822673546],[13.380199622234125,52.57697765719557],[13.380382601997743,52.576963095728516],[13.380382989858004,52.57696307659328],[13.380383373799654,52.576963038010746],[13.38038544258621,52.576962955586914],[13.38038750902715,52.576962853638165],[13.380387898098482,52.57696285775526],[13.380388286398997,52.576962842284736],[13.38045789460511,52.57696215443351],[13.3804311,52.5767344],[13.380654941623803,52.57646299409713],[13.380653648220559,52.5764626191535],[13.380652836595635,52.57646232120924],[13.380651996924197,52.576462053661075],[13.380650729460116,52.576461547688154],[13.38064943154361,52.57646107122813],[13.380567775543064,52.57642766273953],[13.3803668,52.576626],[13.3797485,52.576394599999986],[13.3797746,52.57636879999999],[13.379833900000001,52.576391],[13.379979,52.57624789999999],[13.3802567,52.57635189999999],[13.380298900000001,52.5763103],[13.380320918622713,52.57631853745001],[13.380320742463756,52.5763182352746],[13.38031955750356,52.576315324263554],[13.380318846603224,52.576312356511465],[13.38031861660901,52.57630936059946],[13.380318869735792,52.57630636537978],[13.380319603545722,52.57630339969802],[13.380320810971714,52.57630049211533],[13.380322480385512,52.57629767063329],[13.380324595709672,52.5762949624243],[13.380327136572406,52.57629239356986],[13.380330078503771,52.57628998880942],[13.380333393171334,52.57628777130212],[13.380337048653024,52.57628576240373],[13.38034100974457,52.576283981461],[13.38034523829852,52.576282445625374],[13.380349693591638,52.57628116968775],[13.380354332717083,52.5762801659361],[13.380359110997611,52.576279444037056],[13.380363982415863,52.5762790109429],[13.380368900057512,52.57627887082455],[13.380373816563074,52.57627902503143],[13.380378684584015,52.576279472078454],[13.380383457238725,52.576280207660304],[13.380388088564017,52.576281224692934],[13.38039253395777,52.57628251338183],[13.38039675060847,52.5762840613162],[13.380576818347452,52.57635773415668],[13.3806209,52.576310600000006],[13.3807047,52.57633950000001],[13.380657041020537,52.57639055626118],[13.380699992349125,52.576408129218414],[13.380700161428502,52.57640816503467],[13.3810085,52.5760343],[13.3809177,52.5760041],[13.3813217,52.5755202],[13.3814136,52.5755492],[13.3814785,52.575465],[13.380738,52.575171299999994],[13.3809335,52.5749891],[13.3816371,52.575269499999976],[13.3819733,52.57485630000001],[13.3821864,52.574592599999995],[13.38125469461077,52.57426186485483],[13.381172423492192,52.57432937098436],[13.381205488205195,52.57434380642166],[13.381211385548317,52.57434665798647],[13.381216795726123,52.57434984798791],[13.38122166663565,52.57435334570463],[13.381225951367334,52.574357117451726],[13.381229608656781,52.574361126905316],[13.381232603282172,52.5743653354522],[13.381234906403465,52.57436970256184],[13.381236495840161,52.57437418617661],[13.381237356284895,52.574378743116874],[13.381237479450895,52.57438332949684],[13.381236864151774,52.57438790114715],[13.381235516312971,52.57439241404029],[13.381233448914697,52.57439682471461],[13.381230681866931,52.57440109069288],[13.381227241817692,52.57440517089134],[13.381223161896402,52.57440902601538],[13.381218481394843,52.574412618938005],[13.381213245388754,52.5744159150573],[13.381207641071198,52.5744188119346],[13.3812512,52.5744352],[13.3812005,52.5744725],[13.3812358,52.5744896],[13.381175,52.5745402],[13.3811402,52.5745244],[13.3811022,52.5745559],[13.381162000000002,52.5745778],[13.3810917,52.57463760000001],[13.3810259,52.5746936],[13.380873,52.574627],[13.3810038,52.5745162],[13.381119726549285,52.574421213547865],[13.381116111717184,52.5744197935606],[13.381081781867517,52.57440480576735],[13.381076478728932,52.574409283266114],[13.381036494817005,52.57444303925147],[13.381033421660025,52.5744453822466],[13.38102998635147,52.57444753044207],[13.381026221975235,52.57444946314958],[13.38102216478434,52.57445116175606],[13.381017853851787,52.57445260990298],[13.381013330694271,52.57445379364386],[13.381008638872336,52.5744547015786],[13.381003823570872,52.5744553249633],[13.380998931163958,52.57445565779441],[13.380994008768244,52.57445569686656],[13.380989103789188,52.57445544180347],[13.380984263464516,52.574454895061564],[13.380979534409294,52.57445406190624],[13.38097496216699,52.57445295036127],[13.380970590770868,52.57445157113147],[13.380966462319916,52.574449937499615],[13.38096261657342,52.57444806519847],[13.380959090568032,52.574445972259355],[13.380955918261117,52.57444367883845],[13.380953130203707,52.57444120702268],[13.380950753246282,52.574438580617034],[13.380950281775966,52.574437911932414],[13.380948725988375,52.57443816848364],[13.38093844478532,52.57443921893692],[13.3809280440882,52.57443965037618],[13.38091762406185,52.574439458646424],[13.38090728505726,52.57443864559413],[13.380897126645127,52.574437219049464],[13.380887246656902,52.5744351927509],[13.380877740242623,52.5744325862129],[13.380868698954544,52.57442942453791],[13.38086020986543,52.57442573817473],[13.380852354729988,52.5744215626252],[13.38084520919752,52.574416938102246],[13.380838842083378,52.5744119091427],[13.380833314706235,52.57440652417833],[13.380828680297554,52.574400835069376],[13.380824983488953,52.57439489660518],[13.380822259882388,52.5743887659765],[13.380820535707286,52.574382502224715],[13.38081982756799,52.574376165673186],[13.380820142283818,52.5743698173464],[13.380821476823451,52.57436351838219],[13.380823818334113,52.57435732944302],[13.380827144265387,52.57435131013166],[13.380831422586384,52.5743455184173],[13.380836612094246,52.57434001007722],[13.38084156488817,52.57433577662148],[13.380840944274789,52.57433457853576],[13.380839929994103,52.57433164369793],[13.380839929292264,52.57433163980319],[13.380839579740256,52.574331233221],[13.38083773403583,52.57432845281419],[13.380836344539672,52.57432557557695],[13.3808354246333,52.574322629218685],[13.380834983175822,52.574319642114425],[13.380835024418618,52.57431664303164],[13.380835547964402,52.57431366085312],[13.380836548771043,52.57431072429888],[13.380838017200139,52.57430786164952],[13.380839939109832,52.57430510047392],[13.380842295991014,52.57430246736366],[13.380845065145582,52.57429998767702],[13.38135963442607,52.573884597437754],[13.3811755,52.57390509999999],[13.3811525,52.573829],[13.381117,52.573832900000006],[13.381099800000001,52.57377619999999],[13.3811353,52.5737722],[13.381111400000002,52.5736929],[13.3813017,52.5736717],[13.3813214,52.5737368],[13.3813425,52.5737344],[13.3813679,52.57381819999999],[13.3813459,52.573820700000006],[13.38136409399248,52.573880997371774],[13.381869126641776,52.57347329562553],[13.381835224350269,52.5734498268],[13.3816944,52.5735253],[13.3815485,52.5734248],[13.3816918,52.57334800000001],[13.381770220981545,52.57340204806389],[13.381769340373326,52.57340069737446],[13.38176798028816,52.5733978149298],[13.381767090479077,52.57339486514379],[13.381766679515332,52.57339187642447],[13.381766751354638,52.57338887755484],[13.381767305305043,52.57338589741567],[13.381768336031604,52.573382964707314],[13.38176983360777,52.57338010767334],[13.381771783610988,52.57337735382852],[13.381774167261597,52.573374729693874],[13.38177696160368,52.57337226054123],[13.381780139726166,52.57336997014986],[13.381783671021983,52.573367880577436],[13.381787521482824,52.57336601194766],[13.381791654026673,52.57336438225642],[13.381796028854911,52.57336300719852],[13.381800603835611,52.5733619000165],[13.38180533490928,52.57336107137309],[13.381810176513177,52.57336052924859],[13.3818150820201,52.57336027886391],[13.381820004187437,52.57336032263041],[13.381824895612121,52.57336066012658],[13.381829709187155,52.573361288102184],[13.38183439855527,52.573362200509465],[13.381838918555367,52.57336338856146],[13.381843225657438,52.57336484081662],[13.38184727838179,52.57336654328893],[13.381851037698505,52.573368479582705],[13.381854467403324,52.57337063105037],[13.381930825340513,52.57342348976808],[13.382104261925239,52.57328348870274],[13.382104365575204,52.57328341306018],[13.382104457416208,52.57328333195086],[13.382213057447167,52.5731968319874],[13.382216453714772,52.5731944012514],[13.382220247608352,52.57319219961028],[13.382224397736792,52.573190251083794],[13.38330629379715,52.572735094918094],[13.383306196132533,52.57273411920357],[13.383306379533376,52.57273112209566],[13.383307044217412,52.57272815037206],[13.383308183783274,52.572725232652104],[13.383309787256232,52.57272239703504],[13.383311839193892,52.572719670829336],[13.383314319834906,52.57271708028986],[13.383317205289298,52.5727146503649],[13.383320467768536,52.57271240445591],[13.383324075853153,52.5727103641922],[13.383327994795327,52.57270854922259],[13.38333218685353,52.572706977026215],[13.383336611655997,52.57270566274415],[13.383341226589522,52.57270461903362],[13.38334598720985,52.57270385594614],[13.383350847669691,52.572703380830596],[13.383355761160251,52.57270319826265],[13.383360680362026,52.572703310000506],[13.38336555790052,52.572703714968064],[13.38337034680246,52.57270440926529],[13.38337500094819,52.57270538620571],[13.383379475515818,52.57270663638089],[13.383383727412877,52.57270814775101],[13.383387715691322,52.57270990576074],[13.383387743207226,52.57270992059801],[13.383482340786605,52.57268920928722],[13.383479450925098,52.5726855404072],[13.383475883636226,52.572679572638144],[13.383473293602599,52.57267342057181],[13.383471705767265,52.572667143455966],[13.383471135421527,52.572660801742735],[13.383471588057683,52.57265445650629],[13.383473059316161,52.572648168854705],[13.383475535027518,52.57264199934147],[13.383478991348907,52.57263600738229],[13.383483394993725,52.57263025068294],[13.383488703552185,52.57262478468348],[13.383494865899761,52.572619662024316],[13.383501822689546,52.572614932039365],[13.383509506923813,52.57261064028082],[13.383517844599229,52.57260682808054],[13.383526755419547,52.57260353215195],[13.383536153568908,52.572600784236556],[13.38354594853828,52.57259861079816],[13.38355604599709,52.57259703276807],[13.383566348701683,52.572596065343554],[13.383576757431802,52.57259571784138],[13.383587171946129,52.57259599360817],[13.383597491947633,52.57259688998816],[13.383607618049483,52.57259839834876],[13.383617452732173,52.572600504163695],[13.38362690128267,52.5726031871529],[13.383635872706549,52.572606421477836],[13.383644280604303,52.57261017599031],[13.383652044003405,52.572614414532424],[13.383675469612507,52.57262852648608],[13.383675470687244,52.57262852404923],[13.383677207944737,52.572625717839216],[13.383679388290782,52.57262302888866],[13.383681990727391,52.57262048309356],[13.38368499019164,52.572618104971305],[13.383688357797022,52.57261591742449],[13.383692061111649,52.57261394152036],[13.383696064470596,52.57261219628791],[13.383700329319357,52.57261069853465],[13.38370481458516,52.57260946268475],[13.383709477072507,52.57260850064011],[13.383714271879175,52.5726078216657],[13.383719152828647,52.57260743230044],[13.383724072914804,52.57260733629407],[13.383728984754626,52.572607534571226],[13.383733841044506,52.57260802522238],[13.383738595015814,52.57260880352229],[13.38374320088529,52.57260986197556],[13.383747614295967,52.57261119038868],[13.383751792744345,52.572612775968345],[13.383755695989725,52.5726146034446],[13.383759286441745,52.57261665521787],[13.383762529522393,52.572618911528465],[13.383776960129365,52.572630005631396],[13.384069863402168,52.57266129748457],[13.384074201085802,52.572661882585635],[13.384078436784657,52.5726626992313],[13.384893770651015,52.57284446234596],[13.384899635067994,52.572834594837616],[13.38490022002595,52.572833658789975],[13.384902741906295,52.5728298139627],[13.384904790749122,52.572827086890804],[13.384907268450638,52.57282449530418],[13.384910151149176,52.57282206416119],[13.384913411082744,52.57281981687506],[13.38491701685639,52.57281777508831],[13.384920933744551,52.57281595846449],[13.384925124025477,52.57281438449861],[13.384929547344521,52.57281306834881],[13.384934161102763,52.572812022690314],[13.384938920867263,52.57281125759336],[13.384943780798976,52.572810780426245],[13.384948694094193,52.57281059578432],[13.384953613435297,52.572810705445804],[13.38495849144644,52.57281110835461],[13.384963281149805,52.57281180063047],[13.384967936418013,52.57281277560644],[13.384972412418367,52.572814023892974],[13.384976666044599,52.57281553346842],[13.38498065633201,52.57281728979478],[13.384984344851981,52.57281927595767],[13.38498769608206,52.572821472829304],[13.384990677748062,52.57282385925264],[13.384993261134882,52.57282641224514],[13.384995421363053,52.57282910722009],[13.384997137628329,52.57283191822348],[13.384998393402064,52.57283481818379],[13.384999176590387,52.57283777917286],[13.384999479650668,52.57284077267474],[13.384999299664177,52.57284376986037],[13.384998638364182,52.57284674186522],[13.384997502119267,52.57284966006725],[13.38499590187201,52.57285249636256],[13.384993685065988,52.57285587608822],[13.384987985515854,52.572865466224734],[13.385110137559915,52.572892699378976],[13.385110138867349,52.57289269971566],[13.385110140222627,52.57289269997267],[13.387986338613802,52.57353399954383],[13.387987732109172,52.573534324625214],[13.388434531869864,52.57364322455344],[13.388438389615795,52.57364428184213],[13.388664189512584,52.57371328179871],[13.38867015801494,52.5737154323062],[13.389013966809301,52.573859733628616],[13.38901573062525,52.57386055449453],[13.389017618010042,52.57386126607784],[13.389598657745125,52.57410513208239],[13.389598708212352,52.57410515329127],[13.389636332104097,52.574120985428095],[13.389636605357516,52.57412094299433],[13.389641471828513,52.57412049064741],[13.38964638764071,52.57412033108797],[13.38965130545224,52.57412046585262],[13.389656177901992,52.57412089364358],[13.389660958065702,52.57412161034093],[13.38966559990787,52.57412260904253],[13.389670058725095,52.57412388013035],[13.38967429157659,52.57412541136315],[13.389678257697724,52.574127187994335],[13.389681166818919,52.574128781068325],[13.389690212347842,52.57412633470243],[13.389700109163964,52.574124339214336],[13.38971027936235,52.574122944339166],[13.389720624998825,52.57412216351029],[13.389731046439685,52.57412200424748],[13.3897414433212,52.574122468084504],[13.389751715516153,52.574123550554404],[13.389761764098107,52.57412524123243],[13.3897714922941,52.574127523836516],[13.389780806416608,52.57413037638403],[13.3897896167658,52.57413377140349],[13.389797838493381,52.57413767619911],[13.389805392419724,52.57414205316571],[13.389812205796401,52.574146860150854],[13.389818213006805,52.57415205086076],[13.38982335619806,52.574157575306195],[13.389827585838187,52.57416338028384],[13.389830861193147,52.57416940988868],[13.389833150719117,52.574175606052385],[13.389833784733028,52.57417872408816],[13.389839183745403,52.57417805536849],[13.389849553878767,52.57417740619113],[13.38985997851835,52.57417737940797],[13.389870357269613,52.57417797527695],[13.389880590179944,52.57417918805959],[13.389890578701227,52.57418100607615],[13.389900226638913,52.57418341181822],[13.389909441078391,52.57418638211729],[13.38991813327982,52.57418988836786],[13.389926219532718,52.57419389680295],[13.389933621962127,52.574198368819296],[13.38994026927861,52.57420326134902],[13.389946097464781,52.57420852727455],[13.389951050391856,52.574214115882256],[13.389955080360188,52.574219973350914],[13.389958148558666,52.574226043269974],[13.389960225438497,52.574232267182886],[13.389961290997778,52.574238585149985],[13.389961334974162,52.57424493632585],[13.389960356943691,52.57425125954517],[13.389960199344078,52.57425175312732],[13.389960234842418,52.57425177903291],[13.389963004119053,52.57425425867373],[13.389965361129526,52.57425689174587],[13.389967283174483,52.57425965289142],[13.38996875174351,52.57426251551909],[13.3899697526934,52.574265452060175],[13.389970276384373,52.57426843423423],[13.3899703177729,52.57427143332128],[13.389969876460286,52.57427442043849],[13.389968956696517,52.57427736681828],[13.389967567339333,52.574280244085365],[13.389965721768919,52.5742830245301],[13.389963724016281,52.57428565490868],[13.389972149520302,52.57429843202302],[13.390058920272638,52.57438217261317],[13.392305231959613,52.57535304789853],[13.392313247046184,52.57534992028621],[13.392317517822406,52.57534842852433],[13.39232200803831,52.575347198974946],[13.392326674450732,52.57534624347927],[13.392331472119647,52.5753455712392],[13.392336354840971,52.57534518872877],[13.392341275591523,52.57534509963178],[13.392346186981884,52.57534530480628],[13.392351041712777,52.57534580227632],[13.392355793030584,52.575346587251],[13.3923603951776,52.57534765217059],[13.392364803832708,52.57534898677938],[13.392368976538203,52.57535057822437],[13.392372371793881,52.5753521753596],[13.392372933142155,52.57535205168467],[13.392383037091058,52.57535048759188],[13.392393344028191,52.57534953438702],[13.392403754692541,52.57534920124998],[13.392414168824159,52.575349491388984],[13.392424486129702,52.57535040200988],[13.392434607248303,52.575351924342954],[13.392444434708441,52.57535404372733],[13.392453873866645,52.57535673975229],[13.39246283381894,52.575359986453726],[13.39247122827629,52.575363752564286],[13.392478976395612,52.57536800181434],[13.392486003558318,52.57537269328146],[13.392492242088943,52.57537778178436],[13.3924976319069,52.57538321831813],[13.392502121105085,52.575388950526076],[13.392505666449779,52.57539492320402],[13.392508233797034,52.575401078831874],[13.392509798421502,52.575407358127634],[13.392510345254568,52.5754137006183],[13.392509869029492,52.575420045222224],[13.392508374332145,52.57542633083738],[13.392505875556854,52.57543249692984],[13.392502396767805,52.57543848411668],[13.392497971467298,52.575444234737915],[13.392495165472164,52.575447108908584],[13.39249610248984,52.575447820378805],[13.392498792160017,52.57545033236476],[13.3925010647325,52.575452992868044],[13.392502898321112,52.575455776266594],[13.39250427526732,52.575458655754794],[13.3925051823103,52.5754616036016],[13.392505610714636,52.575464591417656],[13.392505556354465,52.575467590428666],[13.392505019753205,52.57547057175248],[13.392504006078525,52.57547350667735],[13.392502525092576,52.57547636693833],[13.392501318383193,52.575478087779494],[13.392502462114582,52.57547846494749],[13.392506540950338,52.57548014429987],[13.39251032995916,52.575482059132526],[13.392513792650837,52.575484191004655],[13.392516895677755,52.57548651938512],[13.392519609156043,52.57548902185043],[13.392521906953384,52.5754916743005],[13.39252376694068,52.57549445119078],[13.392525171205163,52.575497325778336],[13.392526106222913,52.57550027037933],[13.392526562989108,52.575503256635656],[13.392526537104743,52.57550625578804],[13.392526028818997,52.575509238953],[13.39252504302685,52.57551217740104],[13.392523589221925,52.57551504283325],[13.392523159355056,52.57551566579918],[13.39268505219823,52.575602399791094],[13.392690780504175,52.5756057065076],[13.39281188051271,52.57568100643057],[13.392816590659981,52.575684134075],[13.392850779658142,52.57570838702682],[13.392974191264326,52.57569163067338],[13.392983659861079,52.57569061658273],[13.392993240169233,52.575690128149404],[13.39300285372702,52.57569016937364],[13.393012421800366,52.57569073991781],[13.393021866027695,52.57569183510921],[13.393031109061708,52.57569344597834],[13.393137208931558,52.57571514594722],[13.393137244534262,52.57571515443434],[13.393137281323542,52.57571516077073],[13.393460672226379,52.57578145889192],[13.393537358887675,52.5757971712187],[13.393547065198334,52.57579948873245],[13.39355635191027,52.575802374692394],[13.39356512958762,52.57580580130528],[13.393573313696736,52.575809735571056],[13.393580825420269,52.57581413960073],[13.39358759241623,52.575818970981246],[13.393593549514668,52.57582418318387],[13.393598639345312,52.575829726012365],[13.393602812890073,52.57583554608639],[13.39360602995513,52.575841587355555],[13.39360825955803,52.575847791639184],[13.393609480226074,52.5758540991867],[13.393609680203125,52.575860449253014],[13.393608857562858,52.575866780683505],[13.393607020227313,52.575873032503],[13.393604185890622,52.57587914450302],[13.393600381848625,52.5758850578216],[13.393595644736003,52.57589071551014],[13.393590020173487,52.57589606308189],[13.39358356232851,52.57590104903674],[13.393576333393552,52.57590562535702],[13.3935684029872,52.57590974797017],[13.39355984748367,52.57591337717303],[13.393550749277304,52.57591647801428],[13.393541195989036,52.575919020630984],[13.393531279622556,52.575920980536296],[13.393521095678262,52.57592233885514],[13.3935107422335,52.57592308250615],[13.39350031899804,52.5759232043275],[13.393489926353777,52.57592270314601],[13.393479664387991,52.57592158378832],[13.393469631929436,52.575919857034535],[13.393392936378772,52.57590414287985],[13.393392927821234,52.57590414083661],[13.393392918976602,52.57590413931329],[13.39307986739265,52.575839960837925],[13.393087187448002,52.57584447068722],[13.393094849697253,52.57585045500239],[13.393354880486573,52.5760801408268],[13.393360371314595,52.57608553974678],[13.39336496707406,52.576091240548564],[13.393368623505015,52.576097188330465],[13.393371305393696,52.57610332581214],[13.393372986911663,52.576109593886365],[13.393373651864554,52.57611593218821],[13.393373293848077,52.57612227967635],[13.39337191630968,52.57612857522099],[13.393369532515392,52.57613475819259],[13.393366165422055,52.57614076904565],[13.39336184745628,52.576146549892314],[13.393356620202148,52.57615204505975],[13.393350534000758,52.576157201626394],[13.393343647465425,52.57616196993153],[13.393336026917195,52.576166304053665],[13.39332774574615,52.57617016225269],[13.393318883704618,52.57617350737192],[13.393309526139102,52.5761763071959],[13.39329976316835,52.5761785347607],[13.393289688815443,52.57618016861357],[13.393279400102294,52.57618119301953],[13.393268996115253,52.57618159811297],[13.393261048748426,52.576181431737034],[13.393261939718888,52.57618464383349],[13.393262660865894,52.57619097985425],[13.393262359138198,52.57619732842782],[13.393261037441166,52.576203628413914],[13.393258708503035,52.57620981914022],[13.393255394752359,52.576215840986556],[13.393251128102017,52.57622163595923],[13.3932459496419,52.57622714824933],[13.393239909243183,52.5762323247704],[13.393233065078075,52.57623711566956],[13.393225483059569,52.57624147480772],[13.393217236206679,52.576245360203856],[13.393208403941227,52.576248734439375],[13.39319907132295,52.57625156501839],[13.393189328230337,52.576253824680784],[13.393179268495029,52.5762554916647],[13.39316898899816,52.57625654991608],[13.393158588737323,52.576256989243376],[13.393148167873155,52.57625680541559],[13.393137826764717,52.576256000203124],[13.393127665002956,52.576254581360594],[13.393117780451592,52.576252562552334],[13.393108268304607,52.57624996322067],[13.393099220169463,52.57624680839864],[13.393090723184871,52.576243128469045],[13.393082859181574,52.576238958871755],[13.393075703894278,52.5762343397624],[13.393069326232283,52.57622931562565],[13.392851977061621,52.576039532226154],[13.392847238068995,52.57603500496965],[13.3928431313954,52.57603025397023],[13.392839685308346,52.57602531193072],[13.392769885530056,52.57591241187427],[13.392769066625853,52.57591086043988],[13.392768126920853,52.57590933462842],[13.392717088920019,52.575812220255976],[13.392657680037976,52.575770076768535],[13.392541782623626,52.57569801165886],[13.392489664395075,52.57567008935865],[13.392487964582086,52.57567168530172],[13.3924848930067,52.57567402911581],[13.392481459129744,52.57567617822591],[13.392477696021325,52.57567811193493],[13.392473639922256,52.57567981162012],[13.392469329895023,52.57568126091259],[13.3924648074476,52.57568244585481],[13.392460116133696,52.57568335503511],[13.392455301133309,52.575683979697615],[13.392450408817615,52.57568431382643],[13.392445486302382,52.575684354203716],[13.392440580994228,52.57568410044062],[13.392439754322917,52.575684007292786],[13.392434695754906,52.575686949771935],[13.392428766691529,52.575689776971835],[13.39242241131461,52.57569223650638],[13.392415690830006,52.57569430468883],[13.392408669959798,52.575695961601426],[13.392401416318972,52.575697191287134],[13.392393999764254,52.57569798190338],[13.392386491721341,52.575698325836086],[13.392378964497016,52.57569821977295],[13.392372183411197,52.57569771618721],[13.392332482401082,52.575717943888115],[13.392329419329954,52.575719385906105],[13.390087518681733,52.576692986448585],[13.390083374441502,52.57669460538304],[13.390078989683314,52.57669596905604],[13.390074406634849,52.576697064334624],[13.390069669433442,52.57669788067067],[13.390064823701017,52.57669841020239],[13.390059916104718,52.57669864783008],[13.390054993907478,52.57669859126529],[13.390050104512845,52.576698241052725],[13.390045295008457,52.57669760056515],[13.390040611712564,52.57669667597083],[13.390036099727938,52.57669547617412],[13.390031802507528,52.57669401272975],[13.390027761435965,52.57669229973151],[13.390024015431008,52.57669035367656],[13.390020600568752,52.576688193306474],[13.390017549736177,52.57668583942683],[13.390014892314447,52.576683314706806],[13.390012653895942,52.57668064346088],[13.3900108560378,52.576677851414615],[13.390009516054302,52.57667496545697],[13.390008646850138,52.5766720133813],[13.390008256796126,52.576669023617725],[13.390008349648603,52.576666024959316],[13.39000892451325,52.57666304628477],[13.390009975853708,52.57666011628037],[13.39001149354491,52.576657263163625],[13.390013462970577,52.576654514411594],[13.390015865163996,52.57665189649625],[13.390018676990685,52.57664943462951],[13.39002187137118,52.57664715252048],[13.390025417541839,52.57664507214708],[13.390029281351103,52.576643213544415],[13.392269603471663,52.57567029906836],[13.392283777801048,52.57566307724299],[13.39216778343282,52.57560808926012],[13.392161967121188,52.57560503539591],[13.392156680972464,52.5756016426452],[13.392151977931295,52.57559794498898],[13.39214790510203,52.57559397946205],[13.392144503276938,52.575589785782135],[13.39214180652765,52.57558540595209],[13.392139841863905,52.57558088383918],[13.392138628963034,52.57557626473571],[13.392138179972907,52.57557159490543],[13.39213849939024,52.57556692112013],[13.392139584015597,52.575562290191186],[13.392141422985418,52.575557748500735],[13.392143997880858,52.575553341537116],[13.392147282912257,52.57554911343927],[13.392151245177457,52.57554510655463],[13.392155014326947,52.57554203740906],[13.391902590784737,52.57541752474666],[13.391257897878067,52.57513025164995],[13.390662669472093,52.574876195542984],[13.390529161811864,52.574820109164015],[13.3921168,52.575554399999994],[13.3919992,52.57562699999999],[13.3916542,52.575756599999984],[13.3913384,52.575880399999996],[13.390637000000002,52.576167899999994],[13.390612216883005,52.57617855629223],[13.390595905791367,52.576234999065],[13.390594815323235,52.57623792375599],[13.39059325955186,52.57624076924782],[13.390591253460096,52.57624350813677],[13.390588816367638,52.57624611404585],[13.390585971744969,52.57624856187872],[13.390582746987327,52.576250828061376],[13.390579173150883,52.57625289076919],[13.39057528465364,52.57625473013714],[13.390571118943974,52.57625632845107],[13.390566716139995,52.576257670318334],[13.39056211864317,52.576258742815995],[13.390557370729981,52.57625953561529],[13.390552518125514,52.57626004108109],[13.390547607563095,52.5762602543455],[13.390542686334223,52.576260173354655],[13.39053780183312,52.576259798888536],[13.390533001100295,52.57625913455349],[13.39052833036952,52.57625818674742],[13.390523834622563,52.57625696459824],[13.39051955715599,52.57625547987593],[13.390515539164191,52.576253746879225],[13.390511819342656,52.576251782297824],[13.390508433515311,52.576249605051785],[13.390505414289521,52.57624723610918],[13.39050279074205,52.57624469828427],[13.390500588139052,52.57624201601771],[13.390498827692742,52.57623921514123],[13.390497526357104,52.57623632262879],[13.390496696664622,52.57623336633692],[13.3904963466056,52.576230374736305],[13.39049643685594,52.57622833947219],[13.3901393,52.576381899999994],[13.3898208,52.5765116],[13.388647,52.5769934],[13.38790357896493,52.57728959860456],[13.387914950560507,52.57730194535076],[13.387917146005535,52.5773046298085],[13.387918898965777,52.577307432434935],[13.387920192559195,52.577310326239285],[13.387921014327691,52.57731328335263],[13.38792135635709,52.57731627529637],[13.387921215353368,52.57731927325643],[13.387920592674366,52.57732224836084],[13.38791949431673,52.577325171957696],[13.387917930858157,52.577328015891155],[13.387915917355528,52.57733075277256],[13.387913473199912,52.57733335624424],[13.38791062192981,52.5773358012333],[13.387907391004486,52.577338064193114],[13.387903811539504,52.57734012333015],[13.387899918007072,52.57734195881373],[13.387895747904064,52.57734355296712],[13.387891341390896,52.57734489043774],[13.387886740904756,52.577345958345],[13.387881990750918,52.57734674640432],[13.387877136676046,52.577347247026275],[13.387872225427627,52.57734745538956],[13.387867304303763,52.57734736948754],[13.387862420697669,52.5773469901475],[13.387857621641235,52.5773463210227],[13.387852953352084,52.5773453685572],[13.387848460788476,52.577344141923746],[13.387844187216313,52.577342652935556],[13.387840173792483,52.57734091593239],[13.387836459168483,52.577338947642595],[13.387833079118183,52.57733676702188],[13.38783006619331,52.57733439507089],[13.387827449409949,52.57733185463279],[13.38781941498365,52.577323131210605],[13.3875306,52.577438199999996],[13.387447500000002,52.57750889999999],[13.3873299,52.5776426],[13.3872502,52.5777209],[13.38723577620986,52.577730923317766],[13.387255540610571,52.57775698057392],[13.387257383912868,52.57775976160977],[13.387258770882482,52.57776263932088],[13.387259688162066,52.57776558599334],[13.387260126917617,52.577768573249074],[13.387260082923582,52.577771572319186],[13.387259556603547,52.57777455432101],[13.387258553026173,52.5777774905362],[13.387257081856363,52.5777803526874],[13.387255157262208,52.57778311321052],[13.387253169193418,52.57778533115879],[13.387286675139825,52.57781754089169],[13.38728910018028,52.577820146292],[13.387291094948067,52.577822883786666],[13.387292640284828,52.577825727084104],[13.387293721348652,52.57782864887653],[13.387294327756619,52.57783162110224],[13.387304527850896,52.577914721098715],[13.387304656203733,52.577917649064],[13.38730432386616,52.57792057106765],[13.387303533890641,52.57792346027074],[13.387257987869766,52.578051754485834],[13.387256712318711,52.578054651263855],[13.387254976827137,52.578057457928246],[13.387252798108698,52.5780601474493],[13.387250197145585,52.57806269392544],[13.387247198986456,52.57806507283264],[13.387243832505199,52.578067261260735],[13.387240130122857,52.57806923813392],[13.387236127495415,52.57807098441379],[13.387231863170395,52.57807248328269],[13.387227378215627,52.57807372030568],[13.387222715823746,52.578074683569525],[13.387217920896214,52.578075363797446],[13.38721303961089,52.57807575443846],[13.387208118977316,52.57807585173047],[13.387203206383985,52.57807565473652],[13.387198349141949,52.57807516535376],[13.387193594029203,52.578074388295214],[13.387188986840158,52.57807333104444],[13.387184571944644,52.57807200378332],[13.387180391860575,52.578070419294114],[13.387176486844485,52.57806859283639],[13.387172894503843,52.57806654199993],[13.387169649434854,52.578064286535465],[13.387166782889294,52.578061848164374],[13.38716432247353,52.57805925036951],[13.387162291882662,52.5780565181691],[13.387162073254489,52.57805612545216],[13.3870726,52.57815420000001],[13.386964200000001,52.57811769999999],[13.3870548,52.5780185],[13.38716106486647,52.57805431410696],[13.38716071067232,52.578053677875765],[13.38715959407035,52.578050756843076],[13.38715895283015,52.578047783202194],[13.387158793127114,52.57804478559091],[13.387159116499173,52.57804179287786],[13.387159919831984,52.57803883388452],[13.387203930427898,52.577914865450396],[13.38719520792235,52.57784380202955],[13.3871502248583,52.57780055907471],[13.387147796799427,52.577797950010876],[13.387145800220269,52.577795208526965],[13.387144254348904,52.57779236102498],[13.387143174072841,52.57778943492794],[13.38714256979564,52.57778645841579],[13.38714251686522,52.57778516247702],[13.3870269,52.5778471],[13.3863816,52.57814939999999],[13.385183622442248,52.57852097379565],[13.385194549923334,52.57853637346921],[13.385196279324113,52.57853918153143],[13.385197548584173,52.57854207933568],[13.385198345479754,52.57854503897452],[13.385198662336222,52.578548031945026],[13.38519849610198,52.57855102942325],[13.385197848377857,52.57855400254186],[13.385196725401695,52.57855692266804],[13.385195137988276,52.578559761679436],[13.385193101425191,52.57856249223473],[13.385190635325584,52.5785650880372],[13.3851877634393,52.57856752408781],[13.385184513424138,52.57856977692603],[13.385180916579511,52.57857182485577],[13.38517700754501,52.578573648154325],[13.3851728239668,52.578575229262285],[13.385168406135069,52.578576552952704],[13.385163796596014,52.5785776064777],[13.38515903974209,52.57857837969123],[13.385154181384491,52.5785788651468],[13.385149268311944,52.57857905816921],[13.385144347840127,52.57857895689955],[13.385139467355966,52.57857856231309],[13.38513467386129,52.57857787820992],[13.38513001352016,52.57857691117837],[13.385125531214284,52.57857567053146],[13.385121270110783,52.57857416821736],[13.385117271246465,52.57857241870417],[13.385113573132603,52.57857043884071],[13.38511021138407,52.578568247694164],[13.385107218376335,52.57856586636652],[13.38510462293367,52.578563317791264],[13.38510245005156,52.57856062651261],[13.385094030752548,52.57854876148816],[13.38502129734848,52.57857132035096],[13.385023725169921,52.578572316040166],[13.385027520030118,52.57857422675671],[13.385030989185436,52.57857635486586],[13.385034099226015,52.5785786798728],[13.385036820200439,52.57858117938647],[13.3850391259042,52.57858382933521],[13.385040994132051,52.57858660419859],[13.385042406891872,52.578589477253175],[13.385043350577925,52.5785924208299],[13.385043816101906,52.57859540658053],[13.385043798980469,52.57859840575064],[13.385043299378404,52.5786013894566],[13.385042322107054,52.57860432896368],[13.385040876577989,52.5786071959628],[13.385038976712362,52.57860996284318],[13.385036640806852,52.57861260295822],[13.385033891357448,52.57861509088216],[13.385030754842818,52.578617402654885],[13.385027261469293,52.57861951601274],[13.385023444879975,52.5786214106029],[13.385019341830722,52.57862306817941],[13.385014991836185,52.57862447277885],[13.385010436789246,52.578625610874155],[13.385005720557565,52.578626471504826],[13.385000888561114,52.5786270463825],[13.384995987334756,52.578627329970786],[13.384991064080074,52.57862731953854],[13.3849861662108,52.578627015186264],[13.384981340896191,52.57862641984503],[13.384976634606753,52.578625539248314],[13.38497209266671,52.57862438187675],[13.384967758817488,52.5786229588765],[13.384918297214837,52.57860475611542],[13.3845313,52.578758099999995],[13.3843641,52.578813600000004],[13.384267890553588,52.57884807359132],[13.384276753114106,52.57886522245423],[13.384277999355602,52.578868123964575],[13.384278772743661,52.57887108591668],[13.384279065830036,52.57887407978531],[13.384278875792049,52.57887707673789],[13.38427820445977,52.578880047912115],[13.384277058298403,52.57888296469393],[13.38427544834602,52.57888579899317],[13.384273390107268,52.578888523513896],[13.384270903404044,52.578891112017516],[13.384268012184616,52.57889353957527],[13.384264744292976,52.57889578280843],[13.384261131200699,52.5788978201134],[13.384257207703847,52.5788996318698],[13.384253011587864,52.578901200629375],[13.384248583263691,52.57890251128411],[13.384243965378571,52.57890355121166],[13.384239202405336,52.57890431039692],[13.38423434021411,52.578904781528514],[13.384229425630547,52.57890496006919],[13.384224505984871,52.57890484429949],[13.384219628656055,52.57890443533432],[13.38421484061554,52.578903737112284],[13.384210187974857,52.57890275635766],[13.38420571554156,52.578901502515606],[13.384201466387685,52.578899987661416],[13.384197481434958,52.578898226383934],[13.384193799060679,52.57889623564527],[13.384190454728135,52.57889403461736],[13.384187480645071,52.57889164449733],[13.384184905453502,52.578889088303384],[13.384182753953885,52.578886390653054],[13.384181046866278,52.57888357752625],[13.384179134174756,52.57887987649503],[13.3838584,52.5789948],[13.383285987766397,52.579146924289546],[13.383281175430863,52.579183515017796],[13.383281147022087,52.579183648391684],[13.383281138639653,52.57918378278668],[13.383280755794294,52.57918548513282],[13.383280392848363,52.579187189095784],[13.383280343116382,52.57918732013115],[13.383280313150015,52.57918745337849],[13.383279658238846,52.579189124667764],[13.383279022871113,52.579190798754254],[13.383278952294871,52.57919092618916],[13.38327890103316,52.5791910570056],[13.383277980363266,52.57919268114255],[13.383277078692611,52.57919430923021],[13.38327698795179,52.5791944318374],[13.383276915888407,52.57919455896308],[13.38327573832629,52.5791961203064],[13.38327457903624,52.57919768671581],[13.383274469004718,52.57919780331451],[13.383274376833668,52.579197925525165],[13.38327295371985,52.57919940903822],[13.383271547974957,52.57920089868399],[13.383271419712397,52.57920100815128],[13.383271308321337,52.57920112426994],[13.383269653361143,52.57920251566569],[13.383268014699466,52.57920391420172],[13.383267869441104,52.57920401548337],[13.383267739902788,52.57920412439175],[13.383265869034368,52.579205410270255],[13.383264013237097,52.57920670422786],[13.38326385238185,52.57920679634845],[13.3832637059438,52.57920689699771],[13.383261637184631,52.57920806497525],[13.383259582124099,52.57920924189287],[13.383259407221091,52.579209323965244],[13.383259245293585,52.57920941538608],[13.383256998566955,52.579210454214355],[13.383254764034525,52.579211502757616],[13.383254576768168,52.57921157399139],[13.38325440091066,52.57921165530334],[13.383251997853788,52.57921255497787],[13.383249605369253,52.5792134650487],[13.383249407543026,52.57921352475783],[13.38324921944912,52.57921359517783],[13.38324668320479,52.57921434703424],[13.383244155809114,52.57921510986815],[13.383243949328197,52.57921515747759],[13.38324375080934,52.57921521632747],[13.382980088956742,52.57928384579307],[13.383166352155971,52.57935808903296],[13.3831922,52.579337200000005],[13.383202200000001,52.57934180000001],[13.3832253,52.57932310000001],[13.383276,52.579346199999996],[13.3832622,52.5793573],[13.3832685,52.5793602],[13.383236469439353,52.57938603716331],[13.383237891863436,52.5793866041282],[13.383241874458836,52.57938836741934],[13.383245554160629,52.57939036001831],[13.383248895531281,52.57939256273532],[13.38325186639156,52.57939495435706],[13.383254438130434,52.579397511850885],[13.383256585980599,52.5794002105868],[13.383258289257025,52.579403024574496],[13.383259531556153,52.57940592671376],[13.383260300913875,52.57940888905543],[13.383260589920763,52.57941188307055],[13.383260395793425,52.579414879925096],[13.383259720401314,52.57941785075773],[13.383258570248731,52.579420766957696],[13.38325695641219,52.579423600440386],[13.383254894433739,52.579426323917794],[13.383252404171294,52.579428911161315],[13.3832495096074,52.57943133725436],[13.383246238618257,52.5794335788323],[13.383242622705273,52.579435614307464],[13.383238696691672,52.579437424077106],[13.383234498387138,52.57943899071211],[13.383230068223687,52.57944029912492],[13.383225448866279,52.57944133671477],[13.383220684801922,52.57944209348909],[13.383215821911248,52.5794425621597],[13.383210907026651,52.57944273821305],[13.383205987481247,52.57944261995364],[13.383201110653053,52.57944220852039],[13.383196323508681,52.579441507875615],[13.383191672151035,52.579440524766945],[13.38318720137531,52.57943926866225],[13.383182954237581,52.57943775165853],[13.382868712627905,52.57931249706919],[13.382843362701461,52.57931837937153],[13.382762364936921,52.57933717885416],[13.382761567543202,52.5793373601181],[13.382502767360197,52.57939496016281],[13.38250276002415,52.57939496155109],[13.382502752946067,52.57939496336965],[13.382404054959819,52.57941691309351],[13.382404083314892,52.57941693736696],[13.382404288439869,52.579417084514105],[13.382405510195333,52.57941815885205],[13.38240675411251,52.57941922371082],[13.382406911654531,52.5794193912105],[13.382407092115542,52.57941954989698],[13.382408135125063,52.57942069201198],[13.382409201714784,52.57942182601676],[13.382409331547203,52.57942200211661],[13.382409485606306,52.5794221708142],[13.382410339825109,52.57942336970711],[13.382411218815509,52.57942456193678],[13.382411319687964,52.57942474494088],[13.382411445861486,52.57942492202493],[13.382412103062947,52.57942616614974],[13.382412785988839,52.579427405122495],[13.382431850865451,52.57946858886295],[13.382517547918418,52.5795642848178],[13.382519690804841,52.57956698501949],[13.382521388903918,52.579569800169054],[13.382522625861949,52.57957270315506],[13.382523389766266,52.579575666020204],[13.382523673259959,52.57957866023046],[13.38252347361273,52.57958165694996],[13.382522792747192,52.57958462731866],[13.382521637220359,52.57958754273026],[13.382520018160502,52.579590375107756],[13.382517951159969,52.579593097173785],[13.38251545612505,52.57959568271332],[13.382512557084244,52.57959810682618],[13.38250928195687,52.579600346166835],[13.382505662284183,52.579602379169145],[13.382501732925626,52.57960418625417],[13.382499974404281,52.57960484080804],[13.382499746820752,52.57960604286091],[13.382497542823396,52.57961225054721],[13.382494350605306,52.579618296742865],[13.38249020090893,52.5796241232196],[13.382485133697818,52.579629673865206],[13.382479197771755,52.57963489522378],[13.382472450296799,52.57963973701069],[13.382464956254761,52.57964415259671],[13.382456787817382,52.57964809945723],[13.382448023651287,52.57965153958166],[13.382438748160371,52.57965443983965],[13.382429050672949,52.57965677229999],[13.382419024581447,52.57965851449973],[13.382408766442989,52.57965964966048],[13.38239837504947,52.57966016684996],[13.38238795047613,52.57966006108735],[13.382377593117743,52.579659333391184],[13.38236740272177,52.57965799076965],[13.382357477427687,52.57965604615294],[13.382347912821865,52.57965351826888],[13.382338801016978,52.57965043146247],[13.382330229764918,52.57964681546147],[13.382322281611678,52.57964270509005],[13.382317888440339,52.579639938243396],[13.382314556961843,52.57963919011323],[13.382310126615327,52.57963788190644],[13.382305928096423,52.57963631546675],[13.382302001839205,52.57963450587983],[13.382298385655705,52.579632470573046],[13.38229511437175,52.57963022914751],[13.382292219491582,52.579627803189446],[13.382289728894449,52.579625216062134],[13.382239162688643,52.57956623581605],[13.382203119811154,52.57952697647237],[13.382194471278336,52.57952003293449],[13.381700908506367,52.5796567905484],[13.381737562760891,52.57970831172627],[13.3818465,52.5796791],[13.3819001,52.57975299999999],[13.381785038020814,52.5797837591471],[13.381785067255974,52.57978403130732],[13.381784820080007,52.57978861582552],[13.381783836430275,52.579793163509386],[13.38178212577964,52.57979763056222],[13.381779704602398,52.57980197396383],[13.381776596215627,52.57980615188485],[13.381772830554645,52.57981012408954],[13.381768443884708,52.57981385232335],[13.381763478451779,52.579817300681285],[13.38175798207566,52.5798204359537],[13.381752007689482,52.57982322794614],[13.381745612829906,52.57982564977013],[13.381738859083033,52.57982767810211],[13.38173181149128,52.57982929340808],[13.381724537926985,52.57983048013171],[13.381717108438746,52.57983122684419],[13.381712516089282,52.57983140989989],[13.381707310920307,52.57983441531597],[13.381701364406107,52.579837229303564],[13.381694993745056,52.57983967468112],[13.381688260290204,52.57984172789824],[13.381681228888546,52.579843369181255],[13.381673967256496,52.579844582723695],[13.38166654532774,52.57984535683843],[13.381659034579721,52.579845684070314],[13.381651507345287,52.57984556126788],[13.381644036116045,52.57984498961382],[13.38163669284424,52.579843974613475],[13.3816295482498,52.579842526041894],[13.381622671139256,52.57984065784966],[13.381616127743097,52.57983838802851],[13.381609981077919,52.57983573843816],[13.38160429033954,52.579832734595676],[13.381599110332914,52.57982940542975],[13.38159449094432,52.57982578300216],[13.381590476660932,52.57982190219892],[13.3815871061424,52.57981780039434],[13.381509078974863,52.57970992105504],[13.380632686899979,52.579952714793286],[13.380709101359573,52.58006310773128],[13.380710789398346,52.58006592512813],[13.380712015977762,52.58006882974879],[13.380712769285106,52.58007179362018],[13.38071304206552,52.580074788198566],[13.380712831691884,52.58007778464457],[13.38071214019011,52.58008075410078],[13.380710974219646,52.580083667969674],[13.380709345009336,52.58008649818908],[13.380708724236381,52.58008731103035],[13.380709023864123,52.58009005479194],[13.380708692891144,52.58009640280661],[13.38070734208827,52.580102700491956],[13.380704984464046,52.58010888719775],[13.380701642723288,52.5801149033426],[13.380697349048438,52.580120690987634],[13.380692144789647,52.58012619439458],[13.380686080066553,52.58013136056248],[13.38067921328562,52.58013613973822],[13.380671610577645,52.580140485895576],[13.3806633451609,52.58014435717853],[13.380654496635984,52.5801477163044],[13.380645150219229,52.58015053092286],[13.38063539592201,52.58015277392746],[13.380625327683875,52.58015442371676],[13.380615042467852,52.58015546440235],[13.380604639326608,52.5801558859618],[13.380594218448522,52.58015568433525],[13.380583880192788,52.58015486146447],[13.380573724122883,52.580153425274226],[13.380563848047704,52.58015138959586],[13.380554347079606,52.58014877403414],[13.38054531271839,52.58014560377848],[13.380536831970113,52.580141909360265],[13.380528986509152,52.580137726358934],[13.380521851891638,52.58013309505916],[13.380515496827803,52.58012806006306],[13.380509982520268,52.580122669860515],[13.380508156739756,52.58012042006079],[13.380507297820866,52.58011955957469],[13.380505164514755,52.580116856553],[13.38050152579805,52.58011160006851],[13.380425611303322,52.58000521051758],[13.38004913873243,52.58010485782962],[13.378302918439845,52.580566845240625],[13.378303095315136,52.58056707815639],[13.378303795367325,52.58056791806601],[13.37830412828808,52.58056843841238],[13.378304513199105,52.580568945277044],[13.378305021736555,52.58056983484869],[13.378305583271274,52.58057071251253],[13.378305830862052,52.58057125023126],[13.378306132362031,52.58057177763746],[13.378311396495432,52.58058268189132],[13.378350687132928,52.58060143260446],[13.378472240078391,52.58064336364506],[13.378476400119835,52.58064496781535],[13.3784802820086,52.58064681264774],[13.378483848359993,52.580648880375485],[13.378487064828109,52.58065115108529],[13.378489900436584,52.580653602908995],[13.378492327876925,52.580656212234246],[13.3784943237715,52.5806589539318],[13.37849586889869,52.58066180159767],[13.378496948377993,52.58066472780725],[13.378497551813345,52.58066770437962],[13.378497673393237,52.58067070264872],[13.378497311946688,52.58067369373958],[13.378496470954532,52.58067664884637],[13.37849515851589,52.58067953950978],[13.37849338727018,52.58068233789113],[13.378491174275391,52.58068501704046],[13.378488540843817,52.58068755115605],[13.378485512336804,52.580689915832984],[13.378482117920505,52.58069208829808],[13.378478390285006,52.580694047629294],[13.378474365329483,52.580695774957164],[13.378470081816495,52.580697253646555],[13.37846558099867,52.58069846945684],[13.378460906221406,52.58069941067908],[13.378456102505442,52.58070006824879],[13.378451216113286,52.58070043583318],[13.378446294103654,52.58070050989223],[13.378444775825542,52.58070044181112],[13.378444799014199,52.58070154753904],[13.378443909686982,52.580707875604915],[13.378442006413922,52.58071412009975],[13.378439107524162,52.58072022088557],[13.378435240935234,52.5807261192084],[13.378430443884179,52.58073175826407],[13.378424762568974,52.58073708374531],[13.378418251703616,52.580742044364676],[13.378410973991208,52.58074659234854],[13.37840299952009,52.58075068389724],[13.37839440508886,52.58075427960678],[13.378385273466755,52.58075734484837],[13.378375692596526,52.58075985010198],[13.3783657547475,52.58076177124053],[13.37835555562696,52.58076308976232],[13.378345193458422,52.58076379296924],[13.378334768035659,52.58076387408899],[13.378324379761636,52.580763332340325],[13.378314128681547,52.58076217294064],[13.378304113519306,52.58076040705561],[13.37829443072677,52.58075805169175],[13.378285173554842,52.58075512953261],[13.378259533740671,52.58074603718911],[13.378258236151854,52.580747601405584],[13.378255595572691,52.58075013276101],[13.37825256039605,52.58075249426452],[13.37824915985232,52.58075466317351],[13.378245426690592,52.58075661860016],[13.378241396863272,52.58075834171266],[13.378237109179834,52.5807598159164],[13.378232604933062,52.58076102701402],[13.378227927501385,52.58076196334195],[13.378223121931109,52.580762615882804],[13.37821823450259,52.58076297835226],[13.378213312284533,52.58076304725954],[13.378208402680686,52.58076282194103],[13.378203552973316,52.58076230456665],[13.37819880986785,52.580761500119046],[13.378194219043067,52.580760416345484],[13.37818982471119,52.5807590636833],[13.377946034915835,52.580674628239734],[13.37707479151143,52.58078867377724],[13.377096653118901,52.58083888501331],[13.37714400777047,52.58089608628552],[13.37714824005606,52.58090189070062],[13.377151517989988,52.58090791986459],[13.3771538100036,52.58091411571331],[13.377155094023149,52.58092041857748],[13.377155357682394,52.580926767757056],[13.377154598441717,52.580933102105995],[13.37715282361258,52.58093936062101],[13.37715005028714,52.58094548302916],[13.377146305173666,52.580951410368215],[13.377141624339323,52.58095708555459],[13.377136052862847,52.580962453933004],[13.377129644400416,52.58096746380293],[13.37712246066892,52.58097206691644],[13.377114570851612,52.580976218942915],[13.377106050931811,52.58097987989593],[13.377096982961156,52.58098301451837],[13.377087454269393,52.580985592622014],[13.377077556623334,52.58098758937822],[13.37706738534308,52.58098898555705],[13.377057038384017,52.580989767712474],[13.377046615393454,52.580989928311894],[13.377036216750925,52.580989465808635],[13.377025942601477,52.580988384656884],[13.377015891891205,52.580986695268784],[13.377006161414313,52.580984413914116],[13.376996844880942,52.58098156256368],[13.376988032014658,52.580978168677625],[13.376979807688363,52.58097426494109],[13.376972251106922,52.58096988894931],[13.37696543504436,52.58096508284558],[13.376959425143015,52.58095989291545],[13.376954279281367,52.580954369140954],[13.376901935796765,52.58089114134831],[13.37689748538482,52.580884990220305],[13.376894106377955,52.58087859107472],[13.376873245531325,52.58083067784452],[13.376529708647562,52.58094898184685],[13.376201563465068,52.58108109615082],[13.376200986509879,52.5810813249876],[13.376015464933067,52.581153808582144],[13.376011195134511,52.581155301961836],[13.376006705598783,52.58115653321321],[13.37600203956263,52.58115749047866],[13.375997241962613,52.58115816453915],[13.37599235900233,52.581158548903105],[13.375987437707456,52.581158639868875],[13.375982525472848,52.58115843656042],[13.375977669606106,52.58115794093571],[13.375972916871977,52.5811571577679],[13.375968313041971,52.581156094599336],[13.375963902453563,52.58115476166891],[13.375959727583187,52.581153171813526],[13.375955828637169,52.58115134034438],[13.375952243164514,52.58114928489954],[13.375949005695292,52.58114702527411],[13.37594614740808,52.58114458322953],[13.375944792614268,52.58114314589236],[13.375944498170997,52.58114317942544],[13.375935166235003,52.581143729990515],[13.375891917460928,52.5811451121138],[13.375881491159582,52.58114513324248],[13.375877448243296,52.58114489895321],[13.375873467765102,52.58114538964776],[13.375863095068652,52.581146033196966],[13.37586006612467,52.58114612999315],[13.375850722028927,52.58114617794048],[13.375841407158003,52.581145725567936],[13.37583219356782,52.58114477637487],[13.37577409348847,52.58113717636335],[13.375771029887122,52.58113674663726],[13.375701809747778,52.581126377991325],[13.375681667726125,52.58116977488048],[13.375682616673139,52.58117000622889],[13.375693776361276,52.58117319471014],[13.37571865131859,52.58118028634894],[13.375758539241318,52.581186772180665],[13.375763005191965,52.58118763631177],[13.375767319317008,52.58118875047677],[13.375771443984286,52.58119010495679],[13.37580705791973,52.581203142814914],[13.375811148480016,52.581204812015976],[13.375814950754886,52.581206717414275],[13.37581842812637,52.581208840659826],[13.375819982980852,52.5812099975336],[13.375824634088485,52.581211874060756],[13.375832720530168,52.58121588329152],[13.375840122915612,52.58122035603324],[13.375846769955801,52.5812252492111],[13.375852597636012,52.581230515701264],[13.375857549832329,52.58123610478465],[13.375861578852147,52.58124196263546],[13.37586464589349,52.58124803283947],[13.375866721418701,52.581254256937356],[13.375867785438933,52.581260574987745],[13.375867827706651,52.58126692614433],[13.375866847814356,52.581273249242024],[13.375864855198513,52.58127948338592],[13.375861869048691,52.58128556853774],[13.375857918122783,52.58129144609408],[13.375853040470052,52.58129705945072],[13.375847283064719,52.58130235454792],[13.375840701353576,52.58130728039082],[13.375833358722014,52.58131178954076],[13.375825325883593,52.581315838572024],[13.375816680199026,52.581319388490094],[13.375807504931153,52.58132240510719],[13.375797888443067,52.58132485937152],[13.375787923347119,52.581326727647124],[13.375777705612999,52.58132799194137],[13.375767333643479,52.5813286400784],[13.375762461140015,52.581328652106514],[13.375761048908583,52.581329250960366],[13.375756751766815,52.58133071496724],[13.375752239744928,52.581331915355676],[13.375747556296224,52.581332840565295],[13.375742746524962,52.58133348168578],[13.375737856751954,52.58133383254278],[13.37573293406848,52.58133388975738],[13.375728025882779,52.581333652778525],[13.375723179463456,52.58133312388847],[13.375718441484269,52.58133230818074],[13.375663074149827,52.5813209614832],[13.375583242350636,52.581478608500724],[13.375582989498795,52.58147902512681],[13.375582751411729,52.58147952626032],[13.375581859915028,52.58148088635128],[13.375581333089404,52.58148175440614],[13.37549695473815,52.5816003332705],[13.37549477730702,52.58160302322243],[13.375492177520538,52.58160557021479],[13.375489180416025,52.58160794971862],[13.375485814857218,52.58161013881794],[13.375482113256275,52.58161211643055],[13.375478111261655,52.581613863510874],[13.375473847414789,52.58161536323359],[13.375469362778897,52.58161660115549],[13.375464700543546,52.58161756535471],[13.375459905608688,52.58161824654546],[13.375455024152254,52.581618638167484],[13.375450103185438,52.58161873644926],[13.375445190099931,52.58161854044425],[13.37544033221154,52.58161805204011],[13.37543712905756,52.58161752932876],[13.375404073399864,52.5816683423609],[13.375402249006465,52.58167097550582],[13.375204049474284,52.58194027567078],[13.375167428874967,52.58198992590092],[13.375130716094002,52.582043021435794],[13.375109803307529,52.582073240016584],[13.375109801670645,52.582073242091106],[13.375109800375206,52.582073244253316],[13.374870857484485,52.582418440324204],[13.374835315032028,52.582481961327446],[13.374807547453061,52.582566484189115],[13.374797408429329,52.582606557849765],[13.374796986462984,52.58260810143358],[13.374734789957488,52.5828197912507],[13.374716545570895,52.58288200212208],[13.374695796555924,52.582955123061126],[13.37469566142705,52.58295558910436],[13.374683418591433,52.5829969300267],[13.374681066334059,52.58300311750229],[13.374677729744382,52.58300913474296],[13.374673440955245,52.58301492379934],[13.374668241269736,52.58302042891954],[13.374662180763458,52.58302559708611],[13.374655317802258,52.58303037852671],[13.374647718480151,52.58303472719324],[13.374639455982798,52.58303860120558],[13.374630609882683,52.58304196325474],[13.374621265372785,52.583044780962226],[13.374611512446116,52.58304702719187],[13.374601445029027,52.58304868031115],[13.37459116007663,52.583049724399594],[13.374580756639064,52.58305014940198],[13.374570334907553,52.583049951225334],[13.374559995249511,52.58304913177818],[13.374549837241926,52.58304769895229],[13.37453995871235,52.58304566654664],[13.374530454796782,52.58304305413447],[13.374521417023406,52.58303988687485],[13.374512932431136,52.58303619527034],[13.374505082731373,52.583032014873226],[13.374497943521073,52.58302738594315],[13.374491583554697,52.58302235305937],[13.37448606408208,52.58301696469147],[13.37448143825856,52.583011272732456],[13.374477750633076,52.58300533199913],[13.37447503671914,52.582999199704076],[13.374473322652845,52.58299293490474],[13.374472624941163,52.582986597934564],[13.374472950303002,52.58298024982207],[13.374474295604507,52.582973951703025],[13.374486469665365,52.58293284367472],[13.374507203667246,52.582859776866314],[13.374507306951909,52.582859418882],[13.37452560709504,52.58279701889922],[13.374587587287499,52.582586068712125],[13.374597891716217,52.58254534206749],[13.374598717511564,52.58254250058707],[13.374628317715556,52.582452400614585],[13.374631933072818,52.58244422098491],[13.374670933212405,52.582374521018934],[13.374673599110551,52.58237025546405],[13.374913998271996,52.58202295778487],[13.374934890437629,52.581992769201804],[13.374972084116736,52.58193897851535],[13.374973085546872,52.58193757672929],[13.375010168123358,52.58188730050113],[13.375075662229191,52.581798312463384],[13.37507263784131,52.58179716009849],[13.37506873959921,52.581795328029294],[13.375065154927988,52.581793272032776],[13.375061918349992,52.58179101190932],[13.375059061035225,52.58178856942519],[13.375056610501154,52.58178596810286],[13.375054590347714,52.58178323299452],[13.375053020030022,52.58178039044077],[13.375051914671008,52.581777467817005],[13.375051284915804,52.58177449326965],[13.375051136829196,52.581771495445274],[13.37505147183724,52.58176850321455],[13.375052286713531,52.5817655453943],[13.375053573610273,52.581762650469926],[13.375055320133859,52.5817598463211],[13.37524361181949,52.58149717765276],[13.375282695321411,52.58142318099924],[13.375317391299703,52.58134158855948],[13.37530594227843,52.58134283391937],[13.375276,52.5813857],[13.375196,52.58142459999999]],[[13.375462334466748,52.57950278456542],[13.375463508170077,52.57948932036344],[13.3754608,52.5794892],[13.375462334466748,52.57950278456542]],[[13.36901237071933,52.583240000261306],[13.369011297639096,52.58324775198624],[13.369119288698244,52.58326839570625],[13.369140209533988,52.58327225801658],[13.3691485,52.5832696],[13.36901237071933,52.583240000261306]],[[13.370129400000001,52.5831605],[13.370300800000003,52.58310169999999],[13.3713445,52.582526099999995],[13.371434,52.5824009],[13.3714327,52.58230559999999],[13.371384300000003,52.58218430000001],[13.371259400000001,52.58207929999999],[13.371125500000002,52.582031099999995],[13.370937900000001,52.581987799999986],[13.3707912,52.581987999999996],[13.3706643,52.5819996],[13.370549100000002,52.582031199999996],[13.3694992,52.582643100000006],[13.3694056,52.5827391],[13.3693885,52.582836099999994],[13.3694279,52.58296639999999],[13.3695046,52.5830488],[13.369625400000002,52.583118799999994],[13.369831,52.5831708],[13.3699866,52.58317749999999],[13.370129400000001,52.5831605]],[[13.370771,52.581643799999995],[13.371245976150698,52.58193448788505],[13.37132590310219,52.58196974134109],[13.371330358305691,52.581971863124366],[13.371334544869015,52.58197417901819],[13.371831544862152,52.58227017879448],[13.371836664436406,52.5822735426191],[13.371841218078169,52.58227719591268],[13.371845161933317,52.58228110349206],[13.37184845802026,52.582285227725194],[13.371851074595735,52.58228952889351],[13.371852986460516,52.58229396557444],[13.37185335548472,52.58229537166868],[13.3718989,52.58229450000001],[13.3722492,52.58207589999999],[13.3711528,52.581412],[13.370771,52.581643799999995]],[[13.376324603391092,52.57868226448792],[13.37615616403824,52.57914519089716],[13.376115249384553,52.57925959837842],[13.376115832268528,52.579259680960014],[13.37611762120176,52.57925990545537],[13.376118228843639,52.57926002050092],[13.37611884861597,52.57926010830872],[13.376120578512015,52.57926046536629],[13.376122322709524,52.57926079559716],[13.376122908914494,52.57926094637078],[13.376123511574086,52.57926107076214],[13.376125175689275,52.5792615293918],[13.376126858353508,52.57926196217787],[13.376127417476107,52.579262147227546],[13.37612799721903,52.579262307004505],[13.376129579527042,52.579262862789406],[13.376131184453051,52.57926339396272],[13.376131711108627,52.57926361150632],[13.376132262351646,52.57926380513014],[13.376133747614015,52.57926445271778],[13.376135259345505,52.57926507716286],[13.376135748462081,52.579265325105325],[13.376136265896427,52.5792655507113],[13.376144740531423,52.57926964324714],[13.376350520754334,52.5786845096485],[13.376324603391092,52.57868226448792]],[[13.3765144,52.578231099999996],[13.376586120054174,52.57816416654843],[13.376562184772265,52.57815786021819],[13.37650532136563,52.5782364918311],[13.376468260991636,52.57828772795943],[13.376443280549783,52.578341079306924],[13.376345801647185,52.57862236252191],[13.3763715907047,52.578624596565746],[13.37646,52.57837320000001],[13.3765144,52.578231099999996]],[[13.3768811,52.57789410000001],[13.376973496827441,52.57778926269345],[13.376957801808176,52.57778388791986],[13.376611878216115,52.57810435794999],[13.376641611121732,52.57811219179818],[13.376726100000003,52.57803289999999],[13.3768811,52.57789410000001]],[[13.37719218993161,52.57757997103611],[13.377088637828102,52.57767010890786],[13.377088413063916,52.577670285437144],[13.37708821564862,52.5776704737125],[13.377014934605748,52.57773333421669],[13.377021433672109,52.57773555982664],[13.377193728622876,52.577580501402615],[13.37719218993161,52.57757997103611]],[[13.382847060726048,52.573214082427185],[13.382736166678045,52.5732624157482],[13.38287705987877,52.57320369270945],[13.382847060726048,52.573214082427185]],[[13.38299781197995,52.57315314993714],[13.38299079521364,52.57315628858994],[13.383004886893211,52.57315041525821],[13.38299781197995,52.57315314993714]],[[13.387998200000002,52.57384379999999],[13.3864301,52.573518799999995],[13.3862224,52.5734757],[13.386090038489002,52.57363772670026],[13.386026377430218,52.573719055513905],[13.386025780626554,52.57371979228952],[13.385913299541967,52.5738540746864],[13.3856142,52.5742202],[13.387739300000002,52.57465089999998],[13.388117,52.57471799999999],[13.3881979,52.5747159],[13.388321,52.574712700000006],[13.3886346,52.574424500000006],[13.388956020752332,52.574129934894486],[13.388913003956917,52.57410959207709],[13.388551511600562,52.573958460771124],[13.388531100000002,52.573954300000004],[13.387998200000002,52.57384379999999]],[[13.376071517907326,52.5809535452148],[13.376053150030508,52.58096442061898],[13.37615280094962,52.58092184543909],[13.376137528966815,52.58091468094811],[13.376071517907326,52.5809535452148]],[[13.37596381383187,52.58015279700951],[13.375907178396588,52.58016384740046],[13.375904649792677,52.580177825145334],[13.37584420271899,52.58072365612838],[13.375843662785645,52.580727132237655],[13.375815163121308,52.58086953226556],[13.37581379502489,52.580874650997984],[13.375811758499486,52.580879686568046],[13.3758078778612,52.58088785724273],[13.376018315881442,52.58089986160708],[13.376057173545806,52.580876984024655],[13.3758773,52.580792599999995],[13.37596381383187,52.58015279700951]],[[13.375997572060836,52.57989399606753],[13.37599604268797,52.57989458644757],[13.37599546015999,52.57989476521173],[13.37599490031497,52.5798949691046],[13.375993262692239,52.57989543956295],[13.375991645689325,52.57989593578311],[13.375991037202542,52.579896078904405],[13.375990447246188,52.57989624838779],[13.375988741810517,52.57989661880023],[13.375987052750203,52.579897016081624],[13.375986424164685,52.57989712218172],[13.37598580977861,52.5798972556234],[13.375984052954305,52.579897522422655],[13.37598230810319,52.57989781693924],[13.375981665472574,52.579897884996335],[13.375981032573662,52.57989798111119],[13.375979241279929,52.579898141727824],[13.375977457441918,52.57989833064322],[13.375976806955094,52.57989836000189],[13.375976161638523,52.57989841786429],[13.375974353126535,52.57989847075147],[13.375972547480998,52.579898552246334],[13.375971895402525,52.579898542623845],[13.375971243883056,52.57989856167652],[13.37596943556981,52.57989850632494],[13.375967625506133,52.57989847961442],[13.375957582589642,52.57989803033045],[13.375919785990039,52.58009720526107],[13.375972727538102,52.58008687557912],[13.375998871999153,52.57989352263616],[13.375997572060836,52.57989399606753]],[[13.3820225,52.5772865],[13.382086900000001,52.57728169999999],[13.3821567,52.57726369999999],[13.3822183,52.577260499999994],[13.3822452,52.57726859999999],[13.3822666,52.57729309999999],[13.3822586,52.5773273],[13.3822854,52.5773501],[13.3823229,52.5773517],[13.3823551,52.5773322],[13.3823846,52.577294699999996],[13.3824276,52.57728169999999],[13.3824839,52.5772784],[13.3825456,52.57729629999999],[13.3825804,52.5773371],[13.3825858,52.57740389999999],[13.3826099,52.57743809999999],[13.3826824,52.5774414],[13.3827628,52.57741369999999],[13.38285863280392,52.57734415673459],[13.382875148876293,52.577317873681245],[13.382877617486223,52.57731455324954],[13.382992483499645,52.57718174884625],[13.3830418,52.5771121],[13.383060600000002,52.577045299999995],[13.3830391,52.57700620000001],[13.382985500000002,52.57696049999999],[13.3829828,52.57691169999999],[13.382980100000001,52.576844799999996],[13.3830096,52.57680239999999],[13.383018880173962,52.57673923945662],[13.382768383179135,52.57667664937189],[13.3827172,52.57671609999999],[13.382652900000002,52.5767438],[13.3825858,52.57674049999999],[13.382475800000002,52.5767063],[13.3823337,52.576641099999996],[13.3823069,52.57660849999999],[13.382294787370077,52.57660547184791],[13.382228378465914,52.57663195559815],[13.382106577031234,52.57671324635924],[13.3821271,52.5767372],[13.3821888,52.57680570000001],[13.3821996,52.5768644],[13.382151300000002,52.57691],[13.3820386,52.5769671],[13.3819394,52.5770111],[13.3818402,52.57703229999999],[13.3817516,52.57708279999999],[13.3816953,52.5771284],[13.381612200000001,52.57714639999999],[13.381545100000002,52.5771627],[13.381521,52.5771806],[13.381529,52.57719529999999],[13.381652400000002,52.577221300000005],[13.3817758,52.577234399999995],[13.3818884,52.57725229999999],[13.3819474,52.577275099999994],[13.3820225,52.5772865]],[[13.3829077,52.5766394],[13.382891360054272,52.576641312124266],[13.38298321783175,52.57666426402901],[13.382977400000001,52.576657399999995],[13.3829077,52.5766394]],[[13.3820628,52.5766199],[13.382060490822294,52.5766533403192],[13.382158548813438,52.5765878960522],[13.382159591982596,52.57658725586901],[13.3821003,52.5765889],[13.3820628,52.5766199]],[[13.3834423,52.57570859999999],[13.3839828,52.5758641],[13.384594104160909,52.57507987692025],[13.384591208622274,52.575079005809364],[13.384587029486603,52.57507742067245],[13.384583125501068,52.57507559360962],[13.384579534263207,52.57507354221653],[13.384576290358607,52.57507128624924],[13.38457342502783,52.57506884743398],[13.384570965865546,52.57506624925788],[13.384568936554782,52.575063516742865],[13.384567356638838,52.575060676204544],[13.384566241333099,52.57505775499887],[13.38456560137847,52.575054781258665],[13.384565442937976,52.57505178362268],[13.384565767537383,52.575048790959805],[13.384566572050527,52.575045832090986],[13.38456784872941,52.57504293551176],[13.384569585278836,52.57504012911773],[13.384570289482381,52.57503926031253],[13.3841677,52.57492340000001],[13.3840751,52.5748967],[13.3834423,52.57570859999999]],[[13.3892784,52.57560889999998],[13.3890552,52.575551499999996],[13.389008799126836,52.575531363824574],[13.388950540702664,52.57559037692406],[13.388874583777207,52.575697974533306],[13.388872520458303,52.57570055596586],[13.388834566130075,52.575742867344324],[13.3889694,52.575807100000006],[13.3892097,52.5758697],[13.3893041,52.5758697],[13.3894844,52.575781],[13.3892784,52.57560889999998]],[[13.388673826488354,52.57563779007778],[13.3886771321121,52.57564000577268],[13.38877308721386,52.575683944168006],[13.388783348279977,52.57567250517696],[13.38885971634074,52.57556432547955],[13.388862811292672,52.575560648404355],[13.388926835671176,52.57549579478155],[13.388875,52.5754733],[13.388673826488354,52.57563779007778]],[[13.377134133897286,52.579854328305466],[13.377065648862994,52.57977105454749],[13.3770889,52.5798242],[13.377135506888008,52.57985849564352],[13.377134133897286,52.579854328305466]],[[13.377616800000002,52.5800256],[13.377638406492888,52.58002866318566],[13.377639063636266,52.580028164480225],[13.377338052191078,52.579929937080614],[13.377312628028953,52.57993668946579],[13.377395800000002,52.57997149999999],[13.377616800000002,52.5800256]],[[13.3793078,52.579814799999994],[13.3793753,52.5797906],[13.3797589,52.57974399999999],[13.379825811910138,52.57973140992567],[13.37980187920149,52.57968999013538],[13.379716804224067,52.579571003974806],[13.379714988647054,52.579568059327535],[13.379619676822173,52.57938542616908],[13.3791139872647,52.579411552851035],[13.3791145,52.57941580000001],[13.3791267,52.57945680000001],[13.3791482,52.57948659999999],[13.3791237,52.5795146],[13.3790316,52.5795332],[13.378945700000001,52.5795277],[13.3788382,52.579497800000006],[13.378737,52.5794698],[13.3786449,52.579471700000006],[13.3785221,52.5794885],[13.3782674,52.5795034],[13.3779574,52.579522100000005],[13.3777242,52.57952019999999],[13.377573800000002,52.5795034],[13.377522691130633,52.57949129315043],[13.377382446791092,52.57949792969177],[13.3773866,52.579522100000005],[13.377402,52.57957800000001],[13.377395800000002,52.5796153],[13.3773651,52.57965070000001],[13.377313,52.57967500000001],[13.3772178,52.57968429999999],[13.3771534,52.5796936],[13.37712486186698,52.579706592973295],[13.377219728470829,52.579821944996844],[13.377363998012713,52.57986906269594],[13.377734180292226,52.57998986212069],[13.377957418632878,52.58002370035307],[13.378401889623534,52.57999935377076],[13.379172601530604,52.57988931283594],[13.3792403,52.5798652],[13.3793078,52.579814799999994]],[[13.3800075,52.57968989999999],[13.3800413,52.579665699999985],[13.380044399999997,52.5796265],[13.380016700000002,52.5795761],[13.3800351,52.579538799999995],[13.380093500000001,52.5795146],[13.380170200000002,52.5794885],[13.3801732,52.579456799999996],[13.3801364,52.5794046],[13.380072,52.57936540000001],[13.380069021166888,52.579361821763804],[13.379722166673849,52.57938006687696],[13.379809828085488,52.57954803983407],[13.37989459585393,52.57966659597482],[13.379895923509704,52.579668652982264],[13.379921754225862,52.57971335744197],[13.3799768,52.579703],[13.3800075,52.57968989999999]],[[13.3799124,52.579126900000006],[13.379852148801437,52.57909517936417],[13.379836466166873,52.57911862305426],[13.379786873084791,52.57919291280817],[13.379784809162336,52.57919561804311],[13.379782322120791,52.57919818781236],[13.379779435655978,52.57920059763183],[13.37977617726934,52.57920282454134],[13.379772578005909,52.57920484732347],[13.379768672158514,52.57920664670564],[13.379661981904844,52.57925098351457],[13.379661793180613,52.5792511881435],[13.379677971686034,52.57928856078541],[13.37999418561893,52.57927192753606],[13.3799577,52.579228099999995],[13.3799124,52.579126900000006]],[[13.379712865970648,52.57914151688856],[13.379743476785062,52.57909566242178],[13.3797068,52.5791071],[13.379712865970648,52.57914151688856]],[[13.3794391,52.5791794],[13.3792394,52.57911020000001],[13.379157400000002,52.579135799999996],[13.3791025,52.5793164],[13.379102731294058,52.57931831588967],[13.379536798547099,52.57929588972631],[13.3795062,52.579280399999995],[13.3794391,52.5791794]],[[13.38457468427082,52.57380672615325],[13.384250018214427,52.57370923841588],[13.38410400377405,52.57388543781379],[13.38410157215605,52.57388804557205],[13.384098732706645,52.57389049556421],[13.384095512771255,52.5738927641955],[13.384091943359602,52.573894829617736],[13.384088058847079,52.57389667193973],[13.384083896643691,52.573898273418905],[13.384079496833776,52.5738996186321],[13.384074901789967,52.57390069462416],[13.384070155765121,52.57390149103267],[13.38406530446614,52.57390200018777],[13.384060394613778,52.57390221718599],[13.38405547349269,52.57390213993755],[13.38405058849607,52.57390176918637],[13.38404578666919,52.573901108503016],[13.384041114256364,52.57390016425022],[13.384036616255557,52.57389894552168],[13.38403233598504,52.57389746405443],[13.38402831466621,52.57389573411587],[13.384024591026593,52.57389377236624],[13.384021200926892,52.57389159769833],[13.384018177015609,52.573889231055375],[13.384015548414641,52.57388669522949],[13.384013340438809,52.57388401464208],[13.384011574352064,52.573881215108706],[13.384010267162717,52.57387832359042],[13.384009431459624,52.57387536793412],[13.384009075290978,52.57387237660442],[13.384009202086775,52.57386937840945],[13.384009810625804,52.57386640222349],[13.384010895047407,52.573863476708794],[13.384012444907922,52.57386063003969],[13.38401444528127,52.57385788963111],[13.384160931803585,52.573681120987395],[13.383875213152935,52.57358631542207],[13.383644663314566,52.573517257024456],[13.3831232,52.57400280000001],[13.383207309075985,52.574028613399555],[13.383210375019575,52.574028282148014],[13.383215283072717,52.574028050429256],[13.383220204771623,52.57402811291935],[13.383225092717739,52.5740284690165],[13.383229899837568,52.5740291152913],[13.383234579836005,52.57403004551978],[13.383239087642188,52.574031250743346],[13.383743717849379,52.57418457833332],[13.383865608771648,52.574037492387156],[13.383868040412008,52.57403488463401],[13.383870879883657,52.574032434647606],[13.383874099840902,52.574030166022666],[13.383877669273783,52.574028100607215],[13.383881553806715,52.574026258292314],[13.383885716029546,52.57402465682045],[13.383890115857842,52.574023311614624],[13.383894710918906,52.5740222356299],[13.383899456959867,52.57402143922857],[13.38390430827384,52.574020930080394],[13.383909218140111,52.574020713088764],[13.383914139274083,52.57402079034337],[13.383919024282642,52.57402116110029],[13.383923826120583,52.57402182178887],[13.38392849854367,52.57402276604636],[13.38393299655399,52.57402398477907],[13.383937276833311,52.574025466249935],[13.383941298160252,52.57402719619163],[13.38394502180727,52.57402915794389],[13.383948411913622,52.57403133261399],[13.38395143583072,52.57403369925872],[13.383954064436569,52.574036235086005],[13.383956272416212,52.57403891567448],[13.383958038505536,52.57404171520863],[13.383959345696063,52.57404460672743],[13.383960181398752,52.574047562384],[13.38396053756523,52.57405055371374],[13.383960410765326,52.574053551908534],[13.38395980222009,52.574056528094125],[13.383958717790053,52.57405945360818],[13.383957167918782,52.57406230027641],[13.383955167532303,52.57406504068383],[13.383833502163965,52.574211854812184],[13.384032982850993,52.57427244924659],[13.38403727534055,52.574273917572],[13.384041310932448,52.57427563515925],[13.384045050761765,52.57427758546704],[13.384048458811916,52.57427974971286],[13.38405150226151,52.57428210705389],[13.384054151800438,52.57428463478767],[13.38405638191215,52.57428730857074],[13.384057883046063,52.57428965278881],[13.3840727,52.57429419999999],[13.3841408,52.5743099],[13.384576130649677,52.57380710778508],[13.38457468427082,52.57380672615325]],[[13.382238200000002,52.575032300000004],[13.3815799,52.57583480000001],[13.3819891,52.57596209999999],[13.382402100000002,52.57546729999999],[13.382434,52.57543209999999],[13.3824777,52.5754002],[13.3825273,52.5753752],[13.3825863,52.5753653],[13.3826392,52.5753746],[13.3826849,52.57540389999999],[13.382695,52.57544060000001],[13.382685000000002,52.5754771],[13.382658000000001,52.575513599999994],[13.3822174,52.57603300000001],[13.3827563,52.5761531],[13.383409100000002,52.57535249999999],[13.3820804,52.57490510000001],[13.3820344,52.5749629],[13.382238200000002,52.575032300000004]],[[13.383162202972727,52.577116644347235],[13.383058827157639,52.57723616505929],[13.3836624,52.577450600000006],[13.384020987198184,52.57707799930093],[13.383981816190875,52.57706865965797],[13.383975999738682,52.57706700408049],[13.383792299661858,52.57700570404274],[13.383791113782094,52.57700529546759],[13.383667419599938,52.57696131751119],[13.38353674671388,52.57691921620792],[13.38353396458136,52.576918249368134],[13.38343096454427,52.57687974934517],[13.383427508588483,52.57687833402102],[13.38342425722098,52.576876748956664],[13.383421232845242,52.576875005073994],[13.383404639209568,52.576864608325614],[13.3832313,52.577044799999996],[13.383162202972727,52.577116644347235]],[[13.3858413,52.576256699999995],[13.385693000000002,52.57616540000001],[13.3854602,52.57607869999999],[13.3845272,52.5757753],[13.3843132,52.57582089999999],[13.384060476379434,52.5760989545756],[13.38420153410395,52.57609438142459],[13.384208210712151,52.57609443607093],[13.384451726614309,52.57610633482092],[13.384456608635325,52.57610672099837],[13.384461405016252,52.5761073968409],[13.384466069565407,52.57610835583981],[13.384470557360713,52.576109588759415],[13.38447482518231,52.57611108372606],[13.384478831928789,52.57611282634243],[13.384482539013025,52.5761147998262],[13.384485910733781,52.57611698517166],[13.384488914619538,52.57611936133278],[13.384491521741205,52.57612190542587],[13.384493706990732,52.576124592949924],[13.384495449322909,52.57612739802266],[13.384496731958052,52.576130293629696],[13.384497542543595,52.576133251884784],[13.384497873273068,52.57613624429831],[13.384497720961262,52.57613924205171],[13.384497087074926,52.57614221627495],[13.38449597771864,52.57614513832466],[13.384494403576019,52.57614798005986],[13.384492379806844,52.57615071411309],[13.38448992590105,52.57615331415389],[13.384487065491045,52.57615575514244],[13.38448382612411,52.57615801357062],[13.384480238997108,52.57616006768852],[13.384476338656041,52.576161897713845],[13.384472162663348,52.5761634860224],[13.384467751236171,52.576164817317895],[13.384463146859023,52.57616587877921],[13.384458393874649,52.576166660183844],[13.38445353805697,52.57616715400645],[13.384448626170261,52.57616735549125],[13.384443705518773,52.5761672626978],[13.3842035245991,52.57615552690351],[13.384003153030184,52.57616202297594],[13.383917100000001,52.576256699999995],[13.3843789,52.57641639999999],[13.384555400000002,52.5764666],[13.3847619,52.57650989999999],[13.3848707,52.576475699999996],[13.3849946,52.5764757],[13.3851073,52.5765122],[13.3851748,52.5765738],[13.385182725780819,52.57657407746681],[13.385219955497783,52.576475723571235],[13.385245704897681,52.5763896363521],[13.385244957901149,52.57631930925362],[13.385245167639926,52.576316312787256],[13.385245858471475,52.576313343273945],[13.385247023742611,52.57631042931175],[13.385248652231052,52.57630759896368],[13.385250728253487,52.576304879487544],[13.385253231816625,52.576302297073326],[13.385256069760757,52.5762999340841],[13.385253181857342,52.57629759366786],[13.385250623646245,52.57629503120853],[13.385248490028916,52.576292328327824],[13.38524680155319,52.57628951105601],[13.38524557447994,52.57628660652494],[13.385244820626463,52.576283642706905],[13.385244547252686,52.576280648145044],[13.3852438078949,52.576211040211454],[13.385157885930607,52.57620215628897],[13.384923628790315,52.57619071138006],[13.384918746755464,52.57619032522177],[13.384913950358078,52.576189649397655],[13.384909285790176,52.57618869041626],[13.38490479797417,52.576187457513136],[13.38490053013025,52.576185962561816],[13.384896523360132,52.57618421995956],[13.384892816251233,52.576182246488585],[13.384889444505049,52.57618006115454],[13.384886440593336,52.57617768500338],[13.384883833445375,52.576175140918814],[13.384881648169385,52.57617245340177],[13.384879905810708,52.576169648334535],[13.38487862314913,52.57616675273144],[13.384877812537304,52.57616379447877],[13.384877481781768,52.57616080206612],[13.384877634067783,52.57615780431205],[13.38487826792865,52.57615483008656],[13.38487937725985,52.576151908033076],[13.384880951377829,52.57614906629257],[13.384882975122894,52.57614633223249],[13.384885429005205,52.57614373218334],[13.38488828939249,52.57614129118499],[13.384891528737622,52.576139032745566],[13.384895115843928,52.576136978615025],[13.384899016165619,52.57613514857574],[13.38490319214049,52.57613356025197],[13.384907603551666,52.576132228940104],[13.384912207914907,52.5761311674614],[13.38491696088775,52.57613038603842],[13.384921816696558,52.57612989219674],[13.384926728577328,52.576129690692284],[13.384931649226063,52.57612978346561],[13.385168110052328,52.576141336033345],[13.385172493971433,52.576141669103784],[13.38530209388552,52.576155069093964],[13.385302553984138,52.576155134479244],[13.385303168187024,52.576155187511645],[13.385307951299835,52.57615589741185],[13.38530800852314,52.57615590963158],[13.385308055799674,52.57615591635012],[13.385308403142949,52.576155993900585],[13.385312597165113,52.576156889511836],[13.385313276089622,52.57615708187083],[13.385313803918097,52.576157199717706],[13.38570220372079,52.57626069965062],[13.385707245328556,52.57626225475722],[13.385711967860514,52.57626414543505],[13.386033387789551,52.57640925173395],[13.3859652,52.576337699999996],[13.3858413,52.576256699999995]],[[13.3854301,52.5765807],[13.3855803,52.57663769999999],[13.3858056,52.57667879999999],[13.3859858,52.5766628],[13.386090900000001,52.57663769999999],[13.3862392,52.57668670000002],[13.386249874351767,52.5766768693673],[13.386250255261025,52.57667648244547],[13.386250769443311,52.57667596945001],[13.386275988505762,52.57665125312499],[13.386269655173898,52.57663913715826],[13.386247848231783,52.576606001880805],[13.386225566109182,52.57657766670487],[13.386208160736048,52.5765642297476],[13.385656794083792,52.57631531409402],[13.385344364401206,52.57623205860896],[13.38534487641541,52.576280252583494],[13.385344666683654,52.57628324905011],[13.385343975859287,52.57628621856405],[13.385342810595237,52.57628913252728],[13.385341182113542,52.5762919628767],[13.3853391060973,52.576294682354494],[13.385336602539613,52.576297264770574],[13.385333764599945,52.57629962776176],[13.385336652507826,52.576301968176075],[13.385339210724375,52.576304530633585],[13.3853413443479,52.57630723351269],[13.38534303283037,52.57631005078321],[13.385344259910704,52.576312955313306],[13.385345013771364,52.576315919130764],[13.38534528715216,52.57631891369243],[13.385346064709076,52.57639210220911],[13.385345876528458,52.57639495202765],[13.385345253090643,52.57639777874915],[13.38531845318746,52.57648737876101],[13.385317982955547,52.57648876740879],[13.385284344317325,52.576577634894946],[13.3853062,52.57657840000001],[13.3854301,52.5765807]],[[13.386267556081414,52.57651496678918],[13.386268060862616,52.576515081206246],[13.386289858202787,52.57651542719503],[13.386353769493336,52.57651434781638],[13.386201110828393,52.576484970240415],[13.386267556081414,52.57651496678918]],[[13.3869364,52.5758889],[13.3869791,52.5758454],[13.3870313,52.575768],[13.3870473,52.5756979],[13.3871332,52.575571599999996],[13.3873451,52.575398799999995],[13.3874604,52.575338499999994],[13.3875328,52.57530349999999],[13.387557,52.575271699999995],[13.3875677,52.5752285],[13.3874068,52.575213000000005],[13.387274,52.5751951],[13.387152,52.5752285],[13.38705,52.5752684],[13.386895800000001,52.5754632],[13.3867523,52.575610700000006],[13.386592700000001,52.57584139999999],[13.3864921,52.5759033],[13.3864412,52.5759049],[13.3863848,52.5759318],[13.3863339,52.5759669],[13.386299,52.5759987],[13.3863124,52.5760199],[13.386358,52.57602959999999],[13.3863929,52.5760427],[13.3863741,52.57609399999998],[13.386506900000002,52.5761413],[13.386649,52.576048],[13.386684200000001,52.57604289999998],[13.386751,52.5760366],[13.3869364,52.5758889]],[[13.375768742688386,52.58097035409816],[13.375756196997735,52.581001231021745],[13.375820243461037,52.58101082468703],[13.375828966225523,52.58101196570438],[13.375923660122425,52.58095585285589],[13.375779509640935,52.58094762977515],[13.375768742688386,52.58097035409816]],[[13.376108986877442,52.57957125278219],[13.376118603388463,52.579535207542136],[13.376110543711336,52.579498740409946],[13.376088222003231,52.579468201632196],[13.37605862419982,52.5794465220332],[13.37601170887611,52.5796417438493],[13.376040762493679,52.57963108943138],[13.376082498508872,52.579603954385014],[13.376108986877442,52.57957125278219]],[[13.375763952093036,52.57961802632445],[13.375798419762312,52.57963567757426],[13.375851061631504,52.57941663108978],[13.375835598787948,52.57941901132207],[13.375784010340926,52.57943784833273],[13.37574381409472,52.579464951370994],[13.375718280058784,52.579498014766784],[13.375709534225328,52.579534867809265],[13.375715852913572,52.5795644823374],[13.375734421140399,52.57959308911733],[13.375763952093036,52.57961802632445]],[[13.376325778495174,52.57809363279306],[13.376310045785926,52.57808927556128],[13.376258525061724,52.57812058186889],[13.376287828675586,52.57812823192789],[13.376325778495174,52.57809363279306]],[[13.376055367449855,52.57824903891707],[13.376065594139797,52.57824752731764],[13.376076016144479,52.5782466394901],[13.376086531204015,52.57824638414573],[13.376097036145492,52.57824676378997],[13.376218766356242,52.578254864156534],[13.376231827254491,52.578215317216106],[13.376173777597419,52.57820016264566],[13.376166760114003,52.5781980668339],[13.376160129012735,52.57819554700947],[13.376153953094468,52.57819262931681],[13.376146462655777,52.57818870260984],[13.376047226403774,52.57824904087777],[13.376044818553543,52.57825093967986],[13.376055367449855,52.57824903891707]],[[13.389570826832147,52.57416770675349],[13.389532078484015,52.57418473429032],[13.38953352224326,52.5741853848726],[13.389574877366332,52.57416941121878],[13.389570826832147,52.57416770675349]],[[13.388395302612972,52.5736994963922],[13.388277391215933,52.573670757677725],[13.388482326229607,52.573732238152246],[13.38849488181524,52.57373667850394],[13.388962881515122,52.57392937826799],[13.388966374118068,52.573930879577624],[13.38944736860145,52.57414659470751],[13.38948314344013,52.57413087387254],[13.388960702149337,52.57391160162574],[13.388958938332408,52.573910780759014],[13.388957050946477,52.57391006917476],[13.388616103931502,52.57376696890764],[13.388395302612972,52.5736994963922]],[[13.383452480974125,52.57276200990166],[13.38346051684013,52.572759500922174],[13.383469710399323,52.57275692492586],[13.38338891972388,52.57277461330371],[13.382287925995195,52.573237804431066],[13.382262812084521,52.57325780773327],[13.382264124015764,52.573257183573624],[13.383292173633519,52.57282870479807],[13.383444823875607,52.572764925621186],[13.383452480974125,52.57276200990166]],[[13.38671092792791,52.57347121959596],[13.387332953535793,52.573614916288584],[13.38839151474543,52.57385847199324],[13.388417954444076,52.57386123019828],[13.388381946245412,52.57384640361531],[13.38818186501439,52.57378637922205],[13.387708081238179,52.57367592531016],[13.386599272492411,52.57342278866951],[13.38671092792791,52.57347121959596]],[[13.386354599979203,52.57657548081416],[13.386335354116085,52.57657580585489],[13.38633904216111,52.576580495760986],[13.386340362927388,52.5765823267835],[13.386342784388516,52.57658600614335],[13.386344918718928,52.57658392134367],[13.38634692669696,52.57658208207744],[13.386354599979203,52.57657548081416]],[[13.383774460359994,52.572701028976624],[13.383782933922337,52.57270039668314],[13.383791463456594,52.572700181000656],[13.383852510938036,52.57270013317424],[13.38375551169909,52.5726897703255],[13.383735072732565,52.57269509211623],[13.383737331547247,52.57270472745525],[13.383774460359994,52.572701028976624]],[[13.387951160646471,52.57359124422677],[13.38758626953234,52.57350989013395],[13.387782972810513,52.573554795723254],[13.38778366359334,52.573554955092916],[13.388211446869724,52.57365468489997],[13.387951160646471,52.57359124422677]],[[13.389913662696959,52.57435860956022],[13.389917749788623,52.574360434710584],[13.389915112354934,52.574357889373275],[13.389913662696959,52.57435860956022]]],[[[13.4057491,52.5796914],[13.4057025,52.5796779],[13.4056629,52.5796571],[13.4056355,52.579637999999996],[13.4056112,52.579616599999994],[13.4055968,52.57958599999999],[13.4055995,52.5795527],[13.4056174,52.57951869999999],[13.4048387,52.5793591],[13.404780444198613,52.579347188607905],[13.404756940432828,52.57938987437442],[13.404769635790732,52.57939241106894],[13.404831241197899,52.57940316756681],[13.40483507473506,52.579403962836714],[13.4048376,52.579399499999994],[13.404931400000002,52.5794191],[13.4049007,52.5794733],[13.404878881855737,52.579468740992944],[13.404878318039982,52.57946949706275],[13.404874546722484,52.57947346728775],[13.404870154746739,52.579477193211915],[13.404865184409804,52.579480638952504],[13.404859683578715,52.57948377132505],[13.404853705229502,52.57948656016308],[13.404847306936999,52.57948897860845],[13.404840550320364,52.579491003370144],[13.404840540284999,52.57949100566421],[13.404840574101645,52.579492880440185],[13.40483991842213,52.57949745002648],[13.404838530643325,52.57950195845876],[13.40483642413008,52.57950636231835],[13.40483361916908,52.579510619193634],[13.404830142773468,52.5795146880885],[13.404826028422702,52.579518529817236],[13.404821315740143,52.579522107381806],[13.40481605011145,52.57952538632826],[13.404810282247503,52.579528335078464],[13.404804067696032,52.579530925234295],[13.404797466306649,52.57953313185105],[13.404790541654467,52.57953493367775],[13.404783360427835,52.57953631336179],[13.40477599178608,52.579537257616],[13.404768506693467,52.57953775734668],[13.404760977235748,52.579537807741126],[13.404753475925954,52.579537408314],[13.40474607500602,52.579536562912054],[13.404744972259738,52.579536402466495],[13.404724765708648,52.57957289297396],[13.404722965017518,52.57957568437821],[13.40472072385315,52.57957835482319],[13.404718063799123,52.57958087859103],[13.404715010473177,52.57958323137644],[13.404711593280483,52.579585390520755],[13.404707845130476,52.57958733523024],[13.404703802119906,52.57958904677623],[13.404699503185208,52.57959050867557],[13.40469498972753,52.579591706849364],[13.404690305214,52.5795926297585],[13.404685494759129,52.579593268514856],[13.404680604690313,52.57959361696684],[13.40467568210169,52.57959367175867],[13.404670774400572,52.57959343236267],[13.404665928850902,52.579592901084354],[13.404661192118066,52.57959208304024],[13.404656609819472,52.579590986108556],[13.404652226085233,52.57958962085336],[13.40464808313316,52.57958800042285],[13.404644220862192,52.579586140422684],[13.404640676468127,52.57958405876568],[13.404639454495596,52.57958318478259],[13.404638031864438,52.579584087310785],[13.40463076857952,52.579587871282364],[13.404622931417627,52.57959120334762],[13.404614595855048,52.57959405141684],[13.404605842168005,52.579596388061454],[13.404596754659543,52.57959819077824],[13.40458742084764,52.57959944220599],[13.404577930622347,52.57960013029269],[13.40456837538008,52.579600248411694],[13.404558847143422,52.57959979542544],[13.404549437674863,52.57959877569645],[13.404540237593075,52.579597199045324],[13.404531335500192,52.57959508065613],[13.404522817128502,52.57959244093019],[13.404514764514795,52.57958930528959],[13.4045072552103,52.57958570393239],[13.404500361533799,52.57958167154173],[13.404494149875182,52.57957724695185],[13.404488680056051,52.57957247277407],[13.404484004753623,52.579567394986434],[13.404480168993418,52.57956206249092],[13.40447720971565,52.57955652664244],[13.404475155419476,52.57955084075433],[13.404474025888556,52.57954505958483],[13.404473832000523,52.57953923880977],[13.404474095048545,52.579537185594326],[13.404473669574044,52.57953741096278],[13.404469655506135,52.5795391476006],[13.404465381337713,52.57954063619881],[13.404460888231403,52.57954186242141],[13.404456219458345,52.57954281445914],[13.404451419981452,52.579543483143375],[13.404446536022402,52.579543862034285],[13.404441614616486,52.579543947482925],[13.40443670315963,52.57954373866641],[13.40443184895195,52.57954323759575],[13.404427098742204,52.57954244909652],[13.404422498277603,52.57954138076244],[13.404418091863198,52.57954004288217],[13.404413921935236,52.579538448340244],[13.404410028652439,52.57953661249297],[13.404406449509274,52.579534553020665],[13.404403218974851,52.57953228975714],[13.404400368160967,52.57952984449889],[13.404397924522486,52.579527240795166],[13.404395911592927,52.57952450372103],[13.404394348757839,52.57952165963606],[13.404393251068097,52.579518735930336],[13.404392629094966,52.579515760760785],[13.404392488828291,52.5795127627799],[13.404392831618816,52.57950977085989],[13.404393654165187,52.579506813814554],[13.404394948545738,52.57950392012189],[13.404426444380551,52.57944506247833],[13.404348779305222,52.5794285232548],[13.404341801715978,52.57942679890356],[13.404335135177773,52.57942466622738],[13.404328843893143,52.57942214576513],[13.404325722853452,52.57942060856286],[13.40432630386473,52.57942309720797],[13.404326628290669,52.579427679957696],[13.404326213781196,52.5794322600115],[13.404325064328035,52.57943679326097],[13.40432319100083,52.57944123604841],[13.404320611840541,52.579445545587305],[13.404317351685723,52.579449680374395],[13.404313441933306,52.57945360058935],[13.40430892023624,52.57945726847833],[13.404303830140872,52.579460648717465],[13.404298220667599,52.57946370875314],[13.40429214583873,52.57946641911548],[13.404285664158264,52.57946875370211],[13.404278838048446,52.57947069002968],[13.404271733248589,52.579472209450216],[13.404264418181988,52.57947329733082],[13.404256963296934,52.57947394319459],[13.404249440388268,52.579474140821475],[13.404241921905944,52.57947388830823],[13.404234480257285,52.57947318808668],[13.404227187109655,52.579472046900406],[13.403590486529982,52.57935184677452],[13.403583412163423,52.57935027557601],[13.403576624670864,52.57934828953583],[13.403570189419712,52.579345907780606],[13.403564168385058,52.579343153248075],[13.403558619552818,52.57934005246594],[13.403553596361295,52.579336635296485],[13.403549147186544,52.579332934648995],[13.403545314876473,52.57932898616281],[13.403542136338215,52.579324827864035],[13.403539642182675,52.57932049979944],[13.403537856429757,52.579316043650685],[13.40353679627703,52.57931150233297],[13.403536471934123,52.57930691958163],[13.403536886524405,52.57930233953115],[13.403538036054913,52.57929780628984],[13.403539909454826,52.5792933635153],[13.403542488682078,52.579289053993854],[13.403545748897121,52.57928491922848],[13.403549658702167,52.57928099903916],[13.403554180443548,52.57927733117945],[13.403559270574362,52.57927395097273],[13.403564880073851,52.57927089097219],[13.403570954919498,52.57926818064722],[13.403577436607288,52.57926584609969],[13.403584262715139,52.57926390981249],[13.403591367504053,52.57926239043309],[13.403598682551207,52.57926130259389],[13.403606137408909,52.57926065677133],[13.403613660283023,52.57926045918506],[13.403621178724388,52.57926071173789],[13.403628620326534,52.57926141199765],[13.403635913422983,52.57926255322043],[13.4037300690354,52.57928032872899],[13.403748200000003,52.57924020000001],[13.404299300000002,52.579333699999985],[13.4042763,52.57937840000001],[13.404048648810317,52.579340472306576],[13.404272612843311,52.57938275309454],[13.404279687240601,52.57938432425208],[13.40428647477133,52.57938631025227],[13.404292910068014,52.57938869196886],[13.40429820113393,52.57939111249834],[13.404297492393994,52.57938703466009],[13.404297437363118,52.5793824477734],[13.40429812063523,52.579377879687954],[13.40429953562982,52.57937337439688],[13.404301668719505,52.579368975288595],[13.404304499361269,52.57936472472887],[13.404308000294323,52.57936066365285],[13.404312137802645,52.57935683117088],[13.404316872039674,52.57935326419179],[13.404322157412075,52.57934999706746],[13.40432794301882,52.57934706126199],[13.404334173141402,52.579344485048786],[13.404340787780422,52.57934229323809],[13.404347723233414,52.57934050693816],[13.404354912708342,52.579339143352016],[13.404362286966823,52.579338215611706],[13.404369774990926,52.57933773265182],[13.404377304667113,52.579337699123556],[13.404384803480719,52.57933811534979],[13.404392199214293,52.57933897732203],[13.404399420643092,52.57934027673907],[13.404522920535346,52.57936657671198],[13.40455997733831,52.579374478755575],[13.404596068345692,52.57930893352305],[13.404596571715288,52.57930814927282],[13.404541199999999,52.57929630000001],[13.4045297,52.579294099999984],[13.4043383,52.579253699999995],[13.4031673,52.5790125],[13.4031699,52.57900570000001],[13.4033682,52.578582199999985],[13.4034315,52.57844659999999],[13.403634900000002,52.5780108],[13.403644100000001,52.5779921],[13.403634,52.57799000000001],[13.403635507851227,52.577987124373415],[13.403633407839232,52.57798675017266],[13.403621616196254,52.577984260345765],[13.403619154369155,52.577985068209465],[13.403614736224418,52.57798620144688],[13.403610160698706,52.5779870726167],[13.403605469570346,52.57798767376443],[13.40360070567322,52.57798799940113],[13.40359591250565,52.57798804655341],[13.403591133833226,52.57798781479075],[13.403586413289178,52.57798730622936],[13.403581793975977,52.57798652551281],[13.403364260474632,52.57794284119411],[13.403362741319384,52.57794646521617],[13.403362397637128,52.57794725614698],[13.403344509502432,52.577987012952214],[13.403538977121437,52.578019303480964],[13.403546141736424,52.57802072680315],[13.403553042595737,52.578022571425514],[13.403559613129278,52.57802481955362],[13.403565789953452,52.578027449500624],[13.403571513482609,52.578030435896366],[13.403576728503827,52.578033749932196],[13.403581384709558,52.578037359638785],[13.403585437182898,52.578041230194565],[13.403588846830916,52.57804532426168],[13.403591580761749,52.57804960234613],[13.40359361260192,52.57805402317869],[13.40359492275076,52.57805854411313],[13.403595498569484,52.57806312153756],[13.403595334503141,52.57806771129512],[13.403594432134188,52.57807226910997],[13.403592800167251,52.57807675101438],[13.403522997480797,52.57823195756453],[13.403466300256595,52.57835795186561],[13.403400793693956,52.578503666988325],[13.403328193943066,52.57866486703535],[13.403325850660217,52.57866922115193],[13.40332281880395,52.578673414576095],[13.403319127510658,52.57867740700841],[13.403314812254061,52.578681160081],[13.403309914504288,52.578684637726255],[13.403304481329348,52.578687806523476],[13.403298564942814,52.57869063601999],[13.403292222202019,52.57869309902391],[13.40328551406167,52.578695171865355],[13.403278504988048,52.57869683462398],[13.403271262339482,52.57869807132042],[13.403263855719008,52.578698870069786],[13.403256356305478,52.578699223196],[13.403248836169508,52.57869912730545],[13.40324136758086,52.57869858331966],[13.403234022313912,52.578697596466405],[13.402965422060653,52.57865299641895],[13.402958256508539,52.57865157286473],[13.402951354794459,52.57864972791085],[13.402944783513178,52.578647479359304],[13.402938606071078,52.5786448489064],[13.402932882074351,52.57864186193346],[13.402927666753852,52.57863854726182],[13.402923010432172,52.57863493687482],[13.402918958038082,52.57863106560914],[13.402915548673018,52.578626970818654],[13.40291281523379,52.578622692014044],[13.40291078409517,52.578618270481506],[13.402909474855404,52.57861374888445],[13.40290890014713,52.578609170851756],[13.40290906551547,52.578604580556856],[13.402909969364556,52.578600022291475],[13.40291160297293,52.578595540038286],[13.402984201917405,52.57843424298433],[13.403049702450975,52.57828864234155],[13.403106401182134,52.57816264563069],[13.403176199959244,52.578007448928425],[13.403176201324365,52.57800744638888],[13.40317620227418,52.578007443782326],[13.403214224881323,52.57792293835602],[13.403222358751778,52.57790353474287],[13.403222374896615,52.57790350284782],[13.403222385908482,52.57790347015184],[13.403222465440509,52.577903281548146],[13.403164563107238,52.57789171039116],[13.403029839845987,52.57786492564239],[13.402569962741305,52.57777321027549],[13.402233577157096,52.5777061942608],[13.402223838936273,52.57770392627596],[13.402214512517503,52.57770108772488],[13.402205687719553,52.57769770594446],[13.40219744953024,52.57769381350321],[13.402189877287936,52.57768944788759],[13.402183043917491,52.57768465114103],[13.402177015227931,52.577679469458914],[13.402171849278679,52.577673952743815],[13.402167595820421,52.57766815412482],[13.402164295815988,52.577662129445926],[13.402161981045868,52.577655936728135],[13.402160673802161,52.577649635610754],[13.402160386673913,52.57764328677705],[13.40216112242588,52.57763695136974],[13.402162873971935,52.57763069040222],[13.402165624443318,52.57762456417104],[13.402169347351107,52.577618631675016],[13.402174006841339,52.57761295004729],[13.402179558040313,52.577607574004915],[13.40218594748677,52.57760255532199],[13.402193113646737,52.577597942331046],[13.402200987506157,52.577593779457565],[13.402209493235532,52.57759010679219],[13.402218548920185,52.577586959704554],[13.402228067349157,52.57758436850273],[13.40223795685507,52.577582358141285],[13.402248122196934,52.57758094798103],[13.402258465477347,52.57758015160255],[13.402268887085299,52.57757997667535],[13.402279286655444,52.577580424884076],[13.402289564034678,52.57758149191227],[13.402299620246634,52.57758316748389],[13.402636021081122,52.57765018650981],[13.40309580637554,52.57774188355524],[13.40323055989301,52.577768674308494],[13.403230713665925,52.577768704959404],[13.403308939845099,52.57778433760347],[13.403312525493266,52.577782486693046],[13.40331657546694,52.577780781414596],[13.403320880310803,52.57777932617808],[13.403325398566906,52.577778134998184],[13.403330086722043,52.57777721934662],[13.4033348996268,52.57777658804157],[13.403339790930362,52.577776247162866],[13.403344713526897,52.57777619999333],[13.40334962000921,52.57777644698724],[13.40335446312529,52.5777769857659],[13.403359196233371,52.577777811140606],[13.40365865577875,52.5778398662511],[13.403663197712806,52.577840960429455],[13.403667543465627,52.577842318482794],[13.403671651846398,52.57784392753896],[13.403675483914204,52.577845772346635],[13.403679003347117,52.577847835420016],[13.403682176786472,52.57785009720445],[13.403684974153066,52.577852536261815],[13.403687368932252,52.57785512947375],[13.403689338425254,52.5778578522607],[13.403690863964325,52.577860678815],[13.40369146934432,52.5778620167739],[13.403699931306242,52.57786380353191],[13.403701300000002,52.57786089999998],[13.403709,52.5778622],[13.4037125,52.57785449999999],[13.4038078,52.577640800000005],[13.4038928,52.57765899999998],[13.403951504498988,52.57755942751028],[13.403923142626654,52.57755410965572],[13.403918514000159,52.57755308781053],[13.403914072071805,52.57755179450114],[13.403909859619844,52.57755024218288],[13.403905917212544,52.57754844580545],[13.403902282817464,52.577546422668945],[13.403898991435826,52.57754419225735],[13.40389607476542,52.57754177605073],[13.403893560895348,52.57753919731853],[13.403891474035502,52.57753648089538],[13.403889834283422,52.577533652941945],[13.40388865743074,52.57753074069297],[13.4038879548111,52.57752777219502],[13.403887733191018,52.57752477603636],[13.403887994704721,52.577521781071624],[13.403888736833592,52.57751881614397],[13.403889952430426,52.57751590980729],[13.40389162978828,52.57751309005112],[13.403893752753202,52.57751038403129],[13.403896300879822,52.577507817808176],[13.403899249628243,52.57750541609592],[13.403902570600373,52.57750320202429],[13.403906231813435,52.577501196915975],[13.403910198007956,52.577499420081224],[13.403914430987342,52.57749788863191],[13.403918889985736,52.5774966173167],[13.403923532060613,52.57749561837901],[13.40392831250633,52.577494901439174],[13.403933185284671,52.57749447340168],[13.40393810346821,52.57749433838874],[13.403943019692248,52.57749449770065],[13.403947886610961,52.57749494980309],[13.403952657353353,52.57749569034213],[13.403953897423662,52.577495922855604],[13.4041611,52.57712060000001],[13.4044682,52.576897599999995],[13.404752,52.576773300000006],[13.404933700000003,52.576805599999986],[13.4050552,52.576564100000006],[13.4051626,52.576584000000004],[13.4050892,52.57672989999999],[13.405130556173454,52.57673758318242],[13.405129599058842,52.57673662027642],[13.405126349033514,52.57673248258709],[13.405123780379498,52.57672817075268],[13.405121917834157,52.57672372629858],[13.405120779334615,52.57671919202736],[13.405120375845028,52.576714611606505],[13.405120711250992,52.576710029148],[13.405121782322134,52.57670548878341],[13.40512357874323,52.576701034238916],[13.405126083213563,52.5766967084142],[13.40512927161354,52.57669255296923],[13.405133113236975,52.576688607923174],[13.40513757108683,52.576684911268956],[13.405142602231505,52.576681498607265],[13.405148158218308,52.576678402803836],[13.405154185540072,52.5766756536729],[13.405160626150458,52.57667327769001],[13.405167418022982,52.57667129773712],[13.40517449574834,52.576669732882216],[13.40518179116435,52.576668598195646],[13.405189234012372,52.57666790460503],[13.405196752613929,52.57666765879002],[13.405204274561008,52.576667863117954],[13.405211727413375,52.57666851562102],[13.405219039396213,52.576669610015294],[13.405571631207513,52.576733708518226],[13.405975275129983,52.5768070291059],[13.40600853336857,52.57674225804601],[13.406011131156191,52.5767379526934],[13.406014409130945,52.57673382319412],[13.406018335724006,52.5767299093174],[13.406022873120031,52.576726248756],[13.406027977621356,52.57672287676302],[13.40603360006883,52.57671982581257],[13.406039686315236,52.57671712528685],[13.406046177746768,52.576714801193376],[13.406053011847508,52.57671287591433],[13.406060122801485,52.576711367991216],[13.4060674421265,52.57671029194607],[13.406074899333662,52.576709658141766],[13.406082422606213,52.57670947268218],[13.406089939491155,52.5767097373534],[13.406097377597003,52.57671044960647],[13.406104665290954,52.576711602582066],[13.406111732388727,52.57671318517642],[13.406118510830483,52.57671518214831],[13.406124935336264,52.5767175742659],[13.406130944034667,52.57672033849182],[13.406136479058706,52.57672344820515],[13.406141487103085,52.576726873457716],[13.406145919937572,52.57673058126253],[13.406149734871473,52.57673453591146],[13.406152895164777,52.57673869931917],[13.406155370381976,52.576743031389775],[13.406157136685193,52.576747490403136],[13.406158177063762,52.57675203341654],[13.406158481498041,52.5767566166783],[13.406158047055934,52.57676119604911],[13.406156877921127,52.57676572742711],[13.406154985352806,52.57677016717263],[13.406122488744638,52.57683345535362],[13.406396756280408,52.576882123211554],[13.40640387330301,52.57688362052083],[13.406410715149908,52.57688553559783],[13.406417215930523,52.57688784999938],[13.406423313038893,52.576890541436576],[13.406428947756606,52.57689358398949],[13.40643406581827,52.576896948356726],[13.406438617934135,52.57690060213766],[13.406442560264768,52.576904510144466],[13.406444520730641,52.57690696451942],[13.40656238671843,52.5769268463134],[13.406567061140834,52.57692778749933],[13.40657156162492,52.576929003276064],[13.406575844828632,52.57693048193504],[13.406579869502425,52.57693220923598],[13.406583596886527,52.57693416854405],[13.406586991084199,52.576936340990095],[13.406590019407458,52.57693870565228],[13.406592652691872,52.57694123975767],[13.406594865577427,52.576943918901456],[13.406596636752766,52.57694671728202],[13.40659794916043,52.5769496079495],[13.406598790161128,52.57695256306516],[13.406599151655474,52.57695555416963],[13.406599030161978,52.57695855245697],[13.406598426850595,52.57696152905202],[13.406597347531443,52.57696445528852],[13.406595802598872,52.57696730298521],[13.406593806931346,52.5769700447172],[13.40659137974817,52.57697265408008],[13.406588544424393,52.57697510594424],[13.406585328265704,52.57697737669686],[13.406581762245455,52.576979444469316],[13.406577880706378,52.576981289347806],[13.406573721029838,52.576982893565116],[13.406569323275841,52.576984241671724],[13.40656472979722,52.57698532068459],[13.406559984831755,52.576986120212226],[13.406555134076152,52.576986632554735],[13.406550224245922,52.576986852777964],[13.40654530262552,52.576986778761025],[13.406540416612934,52.576986411216744],[13.406535613263234,52.57698575368481],[13.406417807960647,52.57696588212413],[13.406412216538683,52.57696797551787],[13.40640544610845,52.5769699826008],[13.40639838535387,52.576971575737424],[13.406391102274053,52.57697273958492],[13.406383667009239,52.576973462934745],[13.406376151165311,52.576973738820655],[13.406374156260565,52.57697369262449],[13.4063346,52.57705299999999],[13.4063773,52.5770611],[13.4063813,52.5770532],[13.4066344,52.5771012],[13.4066681,52.57703000000001],[13.4069487,52.5770758],[13.4070339,52.57686549999999],[13.4071047,52.5766906],[13.407184107896287,52.576494637169446],[13.407170060036123,52.57648469155893],[13.406845,52.57643079999999],[13.406829,52.576430699999996],[13.406762215102656,52.57656259582433],[13.407012928750277,52.57660673975673],[13.407017510049206,52.57660769457583],[13.40702191891151,52.57660891401562],[13.407026114264925,52.576610386716034],[13.40703005702618,52.57661209895759],[13.407033710465113,52.57661403478934],[13.407037040546822,52.57661617617737],[13.407040016248732,52.576618503172845],[13.407042609849613,52.576620994097844],[13.407044797187808,52.576623625747274],[13.407046557886332,52.576626373605116],[13.4070478755427,52.57662921207274],[13.407048737881734,52.576632114707365],[13.40704913686992,52.57663505446851],[13.40704906879025,52.57663800396976],[13.407048534276848,52.57664093573401],[13.407047538309072,52.57664382244935],[13.407046090165133,52.576646637223526],[13.407044203335655,52.576649353834505],[13.407041895398004,52.5766519469747],[13.406890195489737,52.57680434702999],[13.40688743927313,52.57680683214196],[13.406884296492898,52.576809140705386],[13.406880797415711,52.57681125048748],[13.406876975739605,52.57681314116987],[13.406872868269424,52.57681479454423],[13.406868514562394,52.576816194687616],[13.40686395654715,52.57681732811589],[13.406859238119944,52.57681818391345],[13.406854404721887,52.57681875383852],[13.406849502901343,52.576819032402405],[13.406844579865616,52.57681901692233],[13.406839683026332,52.576818707547424],[13.406834859542824,52.576818107257125],[13.406830155867965,52.576817221832584],[13.4068256173008,52.576816059800905],[13.406821287550276,52.57681463235315],[13.406817208314314,52.576812953236434],[13.406813418878214,52.57681103862158],[13.40680995573634,52.57680890694743],[13.406806852240642,52.576806578743195],[13.406804138279453,52.57680407643076],[13.406801839989663,52.57680142410881],[13.406799979505006,52.576798647320686],[13.406798574742893,52.576795772808374],[13.40679763923187,52.57679282825504],[13.406797181981325,52.57678984201832],[13.406797207394735,52.57678684285734],[13.406797715227258,52.57678385965565],[13.406798700588089,52.57678092114311],[13.406800153987575,52.57677805561919],[13.406802061428609,52.57677529068041],[13.406804404541418,52.57677265295464],[13.406922135465377,52.57665437900147],[13.406733471077912,52.57662116021074],[13.406732634447593,52.57662098537997],[13.4066696,52.5767454],[13.4066599,52.57676459999999],[13.4065842,52.57691410000001],[13.4063978,52.57687919999999],[13.406546034657724,52.57658659858798],[13.406273356612715,52.57653943317268],[13.406271449860157,52.57654259331297],[13.406268171924056,52.57654672281981],[13.406264245369792,52.57655063670523],[13.406259708012124,52.576554297276296],[13.406254603548229,52.57655766927965],[13.406248981136867,52.57656072024097],[13.406242894924965,52.57656342077779],[13.40623640352614,52.57656574488237],[13.406229569456233,52.576567670172274],[13.406222458531216,52.576569178105835],[13.406215139233371,52.576570254160806],[13.406207682051747,52.57657088797416],[13.406200158803296,52.57657107344189],[13.406192641941246,52.576570808777866],[13.406185203857316,52.57657009653092],[13.40617791618454,52.57656894356044],[13.406170849107385,52.57656736097016],[13.406164070685847,52.576565364001375],[13.40615764619997,52.57656297188602],[13.406151637521166,52.576560207661544],[13.40614610251636,52.57655709794897],[13.406141094490685,52.57655367269667],[13.406136661674138,52.57654996489171],[13.406132846757094,52.57654601024237],[13.406129686479174,52.576541846834125],[13.406127211275427,52.57653751476295],[13.406125444983243,52.576533055749074],[13.406124404612768,52.5765285127353],[13.406124100183119,52.576523929473304],[13.40612453462589,52.57651935010247],[13.406125703756931,52.57651481872456],[13.40612759631665,52.576510378979265],[13.406141305323562,52.57648368006164],[13.406189326134408,52.57638813793231],[13.406192179047764,52.57638244080431],[13.4061001,52.576367399999995],[13.4061259,52.576309],[13.4061328,52.576293299999996],[13.406229862181409,52.57630915478019],[13.406238529495605,52.57629035532682],[13.406124346236071,52.57626879145454],[13.406119692673142,52.57626775660147],[13.40611522933929,52.576266447174795],[13.40611099975947,52.576264875943636],[13.406107045179121,52.57626305823009],[13.406103404161971,52.57626101175992],[13.406100112213972,52.576258756489615],[13.406097201437046,52.57625631441184],[13.40609470021605,52.57625370934091],[13.406092632941979,52.57625096668061],[13.40609101977411,52.57624811317641],[13.406089876443415,52.57624517665476],[13.406089214099174,52.57624218575159],[13.406089039200236,52.57623916963316],[13.406089353452058,52.576236157711605],[13.406090153790068,52.57623317935817],[13.406091432409546,52.57623026361669],[13.406144885766466,52.57612876140734],[13.406186809584211,52.5759938165162],[13.40618693062696,52.57599353407047],[13.406187047984607,52.57599309659867],[13.406188314423376,52.575990198335305],[13.406188465438253,52.57598995268306],[13.406188539984782,52.57598977873332],[13.406285801977392,52.57581316935871],[13.406276947502459,52.57581145708714],[13.406272333961926,52.57581041052424],[13.406267911017123,52.57580909350598],[13.406263721263487,52.57580751871598],[13.406259805050679,52.57580570132041],[13.40625620009399,52.575803658821755],[13.406252941111132,52.57580141089046],[13.406250059487883,52.57579897917535],[13.406247582975807,52.57579638709521],[13.40624553542503,52.57579365961318],[13.406243936554514,52.57579082299646],[13.406242801762179,52.57578790456322],[13.406242141976609,52.57578493241959],[13.406241963551802,52.57578193518893],[13.406242268205986,52.57577894173623],[13.406243053005081,52.575775980890064],[13.406244034508981,52.575773717391236],[13.406242933150342,52.575773163246794],[13.406234563684924,52.57576803265145],[13.406227059976093,52.57576242698303],[13.406220494288547,52.57575640022732],[13.406214929853213,52.57575001042547],[13.406210420258322,52.57574331911488],[13.406207008933324,52.57573639073664],[13.406204728730657,52.57572929201493],[13.406203601609391,52.57572209131437],[13.406203638423756,52.57571485798169],[13.406204838818633,52.575707661677804],[13.406207191233005,52.575700571707024],[13.406210673011312,52.575693656349586],[13.406215250621655,52.57568698220405],[13.406220879978743,52.57568061354594],[13.406227506868484,52.57567461170883],[13.406235067470103,52.575669034493465],[13.406243488970762,52.575663935611324],[13.406252690266825,52.575659364167265],[13.4062625827449,52.57565536418664],[13.406273071135246,52.57565197419126],[13.406284054429257,52.57564922682851],[13.406295426852221,52.57564714855687],[13.40630707888197,52.57564575939115],[13.406313049958658,52.57564541248535],[13.40631289267463,52.575644463776456],[13.406312880436657,52.575641464584486],[13.406313350791422,52.575638479103645],[13.406314299209049,52.57563553608577],[13.406315716555671,52.57563266387369],[13.406317589181386,52.575629890128376],[13.406319899051713,52.57562724156248],[13.406322623921286,52.575624743683115],[13.406325737548078,52.57562242054621],[13.406329209946152,52.5756202945248],[13.406333007674412,52.575618386093616],[13.40633709415868,52.575616713631845],[13.406341430043915,52.57561529324622],[13.406345973573227,52.575614138615755],[13.406350680990021,52.57561326086018],[13.406355506959377,52.57561266843275],[13.406360405004662,52.57561236703884],[13.406365327955124,52.575612359581044],[13.406370228400155,52.57561264613118],[13.406375059145885,52.575613223929615],[13.406440094483111,52.57562304387064],[13.406687696030492,52.57510977176053],[13.4066754000134,52.57510495592909],[13.406670631353485,52.575103030874104],[13.406382131001266,52.57498303058946],[13.40638084056065,52.57498248945175],[13.405796927456185,52.57473563321621],[13.405471945654082,52.5746026459456],[13.405123814179598,52.574480180600375],[13.405116192768944,52.57447736422005],[13.404820392355598,52.57436266394157],[13.404802426427473,52.57435484521709],[13.40433902607291,52.57412944471328],[13.404336216655055,52.57412805344839],[13.403938721805812,52.57392765656446],[13.403180427147642,52.5735473589592],[13.403171375968782,52.57354254375657],[13.402381004917208,52.57309672061369],[13.401505037466784,52.57268965976311],[13.40149556518885,52.57268498216675],[13.400964214469315,52.57240635998554],[13.400690976329866,52.57226363371199],[13.400677011486152,52.57225706327021],[13.400676478076981,52.57225751218878],[13.40067321450805,52.57225975750457],[13.40066960543752,52.572261797110585],[13.400665685622721,52.57226361136431],[13.40066149281364,52.572265182793465],[13.400657067389368,52.57226649626427],[13.40065245196922,52.572267539127296],[13.40064769100229,52.57226830133916],[13.40064283033938,52.572268775559344],[13.400637916791423,52.57226895722082],[13.400632997678672,52.572268844574126],[13.400628120374968,52.57226843870407],[13.40062333185151,52.572267743519426],[13.400618678224479,52.57226676571523],[13.400614204310925,52.57226551470828],[13.400609953197147,52.57226400254647],[13.400605965823742,52.57226224379278],[13.400602280591322,52.572260255385004],[13.400598932990702,52.57225805647262],[13.400566394032808,52.57223445908423],[13.400565988025113,52.57223413575119],[13.400562062457848,52.5722346152814],[13.4005773,52.572281499999995],[13.400559,52.5722837],[13.4005879,52.572363499999994],[13.4005805,52.572365399999995],[13.400596300000002,52.572411599999995],[13.4006381,52.5724058],[13.4006353,52.57239500000001],[13.400772,52.57237669999999],[13.4007884,52.5724195],[13.400803100000001,52.57241810000001],[13.400811900000003,52.5724427],[13.4007988,52.57244529999999],[13.400812900000002,52.572488299999996],[13.4006256,52.5725109],[13.4006428,52.5725642],[13.4006314,52.5725979],[13.4006431,52.572599499999995],[13.400552700000002,52.5729079],[13.4005609,52.572909300000006],[13.400552700000002,52.572939],[13.4005448,52.5729387],[13.4005398,52.57295880000001],[13.4005376,52.5729616],[13.400465600000002,52.573033499999994],[13.400469400000002,52.573036599999995],[13.4004734,52.5730442],[13.4004721,52.5730467],[13.400471499999998,52.573049100000006],[13.4004701,52.5730514],[13.400468000000002,52.573053599999994],[13.4004653,52.57305569999999],[13.4004621,52.573057500000004],[13.4004585,52.57305889999999],[13.4004546,52.57306],[13.4004505,52.573060700000006],[13.4004465,52.57306089999999],[13.4004426,52.573060999999996],[13.4004003,52.57310379999999],[13.400375400000001,52.57312879999999],[13.4003695,52.5731269],[13.4003154,52.5731853],[13.4003094,52.57318409999999],[13.400293300000001,52.5732002],[13.4002645,52.57322880000001],[13.4002645,52.5732315],[13.4002641,52.5732344],[13.400263099999998,52.573237500000005],[13.400261500000001,52.5732406],[13.4002594,52.5732437],[13.4002569,52.5732466],[13.400254,52.57324919999999],[13.400250900000001,52.5732513],[13.4002477,52.5732529],[13.4002379,52.57325440000001],[13.4002296,52.573254500000004],[13.4002225,52.57325409999999],[13.400216900000002,52.573253199999996],[13.4000941,52.573268799999994],[13.4000906,52.5732601],[13.3999721,52.5732758],[13.3999858,52.573313399999996],[13.4000254,52.57330830000001],[13.4000809,52.5734747],[13.400068100000002,52.5734761],[13.4000692,52.5734858],[13.400043600000002,52.57348919999999],[13.400050399999998,52.573509900000005],[13.400068,52.573514700000004],[13.400076400000001,52.5735425],[13.400063300000001,52.5735491],[13.4000851,52.573615],[13.39988,52.573640000000005],[13.3998738,52.573645799999994],[13.3998213,52.57365300000001],[13.3998148,52.573647799999996],[13.3996371,52.573669399999986],[13.3996332,52.573658099999996],[13.3995524,52.57366909999998],[13.3995627,52.573699700000006],[13.399584200000001,52.57369680000001],[13.3996001,52.5737455],[13.3996012,52.573749099999986],[13.3996195,52.5737532],[13.3996239,52.5737712],[13.399610400000002,52.57377759999999],[13.3996287,52.5738337],[13.3996469,52.57383630000001],[13.399651999999998,52.57385560000001],[13.399637300000002,52.57386049999999],[13.399651,52.5739026],[13.3996029,52.5739081],[13.3996075,52.5739206],[13.399520000000003,52.573931399999985],[13.3995162,52.5739185],[13.3994609,52.5739249],[13.3994471,52.5738825],[13.3994346,52.57387979999999],[13.399426800000002,52.57385729999999],[13.3994369,52.5738517],[13.3994264,52.57381959999999],[13.3994133,52.57381540000001],[13.399404500000001,52.573794799999995],[13.399416000000002,52.5737884],[13.3994045,52.573753499999995],[13.3993895,52.5737497],[13.3993814,52.57373059999999],[13.399394700000002,52.57372379999999],[13.3993451,52.5735733],[13.3994397,52.57356219999999],[13.3994389,52.5735599],[13.399445500000002,52.57355789999999],[13.3994516,52.57354440000001],[13.3994854,52.5735399],[13.399499600000002,52.573554999999985],[13.3995537,52.573548699999996],[13.3995586,52.5735308],[13.3995935,52.57352589999999],[13.399600200000002,52.5735332],[13.3996064,52.573539800000006],[13.3996154,52.57353839999998],[13.3996213,52.57354070000001],[13.3998546,52.573513],[13.3998573,52.57351919999999],[13.399902,52.573513600000005],[13.3998916,52.57347670000001],[13.3998733,52.57347819999999],[13.3998625,52.5734444],[13.3998547,52.5734452],[13.3998299,52.57336750000001],[13.3998348,52.5733665],[13.399824,52.5733306],[13.3998383,52.57332799999999],[13.399826600000003,52.5732966],[13.399783700000002,52.57330189999999],[13.3997846,52.573305600000005],[13.3997181,52.5733132],[13.3997186,52.57331589999998],[13.3996686,52.5733233],[13.3996656,52.5733207],[13.3994652,52.57334509999999],[13.3994659,52.57334769999999],[13.3994167,52.5733536],[13.399415800000002,52.57335129999999],[13.3992715,52.57336959999999],[13.3992582,52.5733295],[13.39925,52.57332919999999],[13.3992404,52.5732968],[13.3992479,52.57329459999999],[13.3992344,52.57325259999998],[13.3993245,52.5732425],[13.3993312,52.573229],[13.399374,52.57322429999999],[13.3993856,52.5732345],[13.399482,52.5732241],[13.399480300000002,52.573221200000006],[13.3996018,52.57320709999999],[13.3996028,52.573209899999995],[13.399718400000001,52.573195399999996],[13.3997179,52.5731921],[13.3998365,52.573178],[13.399839100000001,52.5731806],[13.3999422,52.573168700000004],[13.3999475,52.573154599999995],[13.3999939,52.5731489],[13.400000300000002,52.573155500000006],[13.4000049,52.5731605],[13.400148600000001,52.57314439999999],[13.4001769,52.573113199999995],[13.4001692,52.57310970000001],[13.4002293,52.57304659999999],[13.4002363,52.5730476],[13.4002977,52.57298310000001],[13.400292800000003,52.572979999999994],[13.4003494,52.5729216],[13.4003547,52.5729204],[13.4003824,52.572824899999986],[13.4003765,52.572823699999994],[13.4003947,52.57275419999999],[13.400401000000002,52.5727542],[13.4004228,52.5726826],[13.400418000000002,52.5726819],[13.4004377,52.5726121],[13.4004424,52.57261260000001],[13.4004602,52.5725511],[13.4004508,52.572548700000006],[13.400400000000001,52.5723904],[13.4003625,52.5722733],[13.400348800000002,52.57227379999999],[13.400336600000001,52.572234400000006],[13.4003535,52.572232500000005],[13.400474158039192,52.57221863206246],[13.40047128104159,52.572216276068836],[13.400467400733103,52.57221234524588],[13.400464171482355,52.572208201621535],[13.400461624388647,52.572203885101224],[13.400459783981704,52.57219943725543],[13.40045866798545,52.57219490091937],[13.400458287147313,52.57219031978049],[13.400458645134744,52.572185737957646],[13.400459738499903,52.57218119957629],[13.400461556712862,52.57217674834349],[13.400464082263039,52.57217242712701],[13.400467290827823,52.5721682775425],[13.400471151506839,52.57216433955266],[13.400474344364664,52.57216170823456],[13.400427358969495,52.57213960146216],[13.400425754494439,52.57213883883406],[13.399656853874662,52.57176963800447],[13.399642922960142,52.571762312837706],[13.398917826913063,52.571345288509804],[13.398502538820486,52.5711747318286],[13.398501427533931,52.57117575589306],[13.398498323256037,52.571178083509714],[13.398494859478607,52.571180214528454],[13.398491069559707,52.5711821284264],[13.398486989998352,52.57118380677162],[13.398482660082982,52.57118523340074],[13.398478121513106,52.571186394574475],[13.398473417997705,52.57118727911008],[13.39846859483428,52.571187878488985],[13.398463698472627,52.571188186938834],[13.398458776067482,52.57118820148907],[13.398453875024394,52.571187921999574],[13.398449042543184,52.57118735116199],[13.39844432516338,52.57118649447379],[13.398439768316008,52.5711853601854],[13.398435415886068,52.57118395922064],[13.398431309789895,52.57118230507158],[13.398428519892486,52.57118092378405],[13.398424159152853,52.57118234641845],[13.39841453147804,52.571184781167986],[13.398404558480392,52.571186629221174],[13.398394336205703,52.571187872780214],[13.398383963100477,52.571188499868875],[13.39837353906382,52.571188504447925],[13.398363164485342,52.57118788647331],[13.398352939278345,52.571186651896454],[13.39834296191756,52.57118481260709],[13.398333328490793,52.57118238631862],[13.39832413177352,52.57117939639765],[13.398315460335395,52.571175871638864],[13.39830739768727,52.57117184598775],[13.398300021476942,52.57116735821362],[13.398293402741334,52.57116245153639],[13.398287605222405,52.57115717321012],[13.398282684753251,52.571151574068104],[13.398278688720438,52.571145708033285],[13.398275655607625,52.57113963159885],[13.398275022059051,52.57113809523504],[13.398242221526544,52.57112282195236],[13.398237729680432,52.57112295030382],[13.398227319376419,52.57112262455544],[13.398217011604816,52.571121678663204],[13.398206905635522,52.57112012173658],[13.398197098794926,52.57111796876969],[13.398187685528603,52.571115240496894],[13.398178756491728,52.57111196319304],[13.398170397676008,52.57110816842047],[13.398169265851724,52.57110754059537],[13.398163313099872,52.57110476694487],[13.39815776630023,52.57110161194929],[13.398154685022789,52.57110049308198],[13.398146296810642,52.571096722468546],[13.398138555574612,52.57109246906023],[13.39813153586708,52.57108777381982],[13.398125305291614,52.57108268196516],[13.398119923851935,52.57107724253373],[13.398115443374035,52.571071507910325],[13.398111907007081,52.57106553332263],[13.39810934880788,52.571059376309265],[13.398107793412896,52.571053096165684],[13.398107255801008,52.571046753373146],[13.398107741149275,52.571040409016234],[13.398109244783088,52.57103412419455],[13.39811175222121,52.571027959434296],[13.398115239315251,52.57102197410545],[13.398119672482254,52.5710162258499],[13.398125009028115,52.57101077002639],[13.398129796218424,52.57100681648596],[13.398103798577935,52.570994459370226],[13.398089039291207,52.57100024529086],[13.398084773962358,52.57100174238732],[13.39808028833281,52.57100297754516],[13.3980756256017,52.57100393886913],[13.398070830673754,52.57100461710115],[13.398065949726838,52.57100500570945],[13.398061029767232,52.57100510095151],[13.39805611817694,52.5710049019101],[13.398051262257356,52.5710044105021],[13.398046508773731,52.57100363146005],[13.398041903504797,52.57100257228657],[13.398037490801887,52.57100124318209],[13.398033313161799,52.570999656946626],[13.39802941081753,52.570997828856555],[13.398025821350817,52.5709957765174],[13.39802257933019,52.57099351969432],[13.398019715978066,52.570991080121814],[13.398017258870059,52.570988481294286],[13.398015231669408,52.57098574823992],[13.398013653899103,52.570982907279536],[13.398012540753848,52.57097998577318],[13.39801190295376,52.57097701185653],[13.398011746641101,52.57097401417005],[13.398012073321151,52.5709710215831],[13.398012879847707,52.570968062915924],[13.39801415845338,52.57096516666209],[13.398015896824417,52.570962360714105],[13.39801807821928,52.57095967209475],[13.39802068162989,52.570957126696875],[13.398022813322129,52.570955437414455],[13.39801748707059,52.57095275485597],[13.3979875,52.570964],[13.3979864,52.5709676],[13.3979681,52.57097449999999],[13.3979236,52.570930399999995],[13.397952073014027,52.5709198091198],[13.397823900138166,52.570855254708945],[13.397539126149574,52.570766974698586],[13.3971787095176,52.57069680347917],[13.396432618470568,52.5706632070196],[13.395911773612157,52.570640191067476],[13.395911631769929,52.570641496155865],[13.395910826658442,52.570644454964516],[13.395909549441514,52.57064735144324],[13.39590781241935,52.57065015769739],[13.395905632320355,52.57065284670116],[13.395903030140014,52.570655392557946],[13.3959000309387,52.57065777074973],[13.395896663600343,52.57065995837321],[13.395892960554244,52.57066193436033],[13.395888957462775,52.57066367968124],[13.395884692877932,52.5706651775275],[13.395880207870043,52.57066641347402],[13.395875545632256,52.57066737561795],[13.395870751064548,52.570668054693265],[13.395865870341312,52.570668444160106],[13.395860950466682,52.5706685402677],[13.395856038821837,52.57066834209046],[13.395851182708697,52.570667851536925],[13.395846428894378,52.57066707333145],[13.395841823160799,52.570666014968566],[13.395837409863763,52.5706646866409],[13.395833231505796,52.57066310114104],[13.395829328326803,52.570661273738196],[13.39582573791656,52.57065922203132],[13.395822494852691,52.57065696577946],[13.39581963036765,52.57065452671162],[13.395817172047966,52.570651928317375],[13.395815143568552,52.57064919562071],[13.395813564464705,52.570646354938994],[13.395812449943978,52.57064343362959],[13.395811810739731,52.57064045982628],[13.395811653007751,52.57063746216846],[13.395811700370771,52.57063576860097],[13.395330993521135,52.57061452387017],[13.395330804128324,52.57061607523621],[13.39532995959927,52.570619029962366],[13.395328643811599,52.570621920024145],[13.395326869436982,52.570624717588686],[13.395324653563547,52.5706273957139],[13.395322017531306,52.57062992860792],[13.39531898672665,52.570632291877594],[13.395315590337864,52.57063446276331],[13.395311861074024,52.57063642035822],[13.395307834849996,52.570638145809575],[13.395303550440552,52.570639622500316],[13.395299049106947,52.57064083620907],[13.395294374199556,52.57064177524717],[13.395289570740369,52.5706424305711],[13.395284684989415,52.57064279586975],[13.395279763999241,52.57064286762508],[13.395274855161773,52.570642645146044],[13.395270005751895,52.57064213057526],[13.394956082607472,52.57059905460274],[13.394289236778782,52.57056206199731],[13.394284362473114,52.57056164381365],[13.394279578911577,52.570560936542364],[13.394274932162578,52.570559946994855],[13.394270466976922,52.57055868470103],[13.394266226356851,52.5705571618175],[13.394262251141903,52.5705553930105],[13.394258579615595,52.57055339531462],[13.39425524713675,52.570551187968796],[13.394252285798945,52.57054879223101],[13.394249724121453,52.57054623117356],[13.394247586774586,52.570543529460835],[13.3942458943421,52.570540713111846],[13.394244663122969,52.57053780924958],[13.394243904974415,52.57053484583986],[13.394243627197733,52.57053185142192],[13.39424383246797,52.57052885483365],[13.394244263018035,52.57052699177718],[13.392805942203214,52.57039238397726],[13.392794068905749,52.5703910552379],[13.392238967431425,52.57031865502481],[13.39222332635727,52.570316221876006],[13.392208044939936,52.57031305185708],[13.39204464457228,52.570274751752464],[13.39202143283206,52.570268281290055],[13.391929632669726,52.570238381213755],[13.391911872086725,52.57023187832018],[13.39189527027473,52.57022432385019],[13.391879994331504,52.57021579384006],[13.391812361369055,52.57017403605295],[13.391810578494365,52.57017510554228],[13.391806749222766,52.570176990065306],[13.39180263523078,52.57017863682163],[13.391798276138436,52.57018002995205],[13.391793713926235,52.57018115603992],[13.391788992530843,52.57018200424042],[13.391784157421965,52.57018256638489],[13.391779255164431,52.57018283705951],[13.391774332969765,52.570182813657595],[13.391769438241482,52.57018249640449],[13.391764618118595,52.57018188835552],[13.391759919021606,52.570180995366556],[13.391755386205473,52.57017982603758],[13.391751063323756,52.57017839162989],[13.391746992008226,52.570176705957635],[13.39174321146791,52.57017478525481],[13.391739758111495,52.57017264801883],[13.391738129060725,52.57017141912019],[13.391736452640092,52.57017050679585],[13.391733120522147,52.57016829926575],[13.39173015957003,52.57016590336439],[13.391727598299306,52.57016334216564],[13.39172546137636,52.57016064033525],[13.391723769380869,52.57015782389336],[13.391722538607597,52.57015491996386],[13.391721780909478,52.57015195651318],[13.391721503583463,52.57014896208102],[13.391721709300258,52.57014596550534],[13.391722396078595,52.57014299564484],[13.391723557304337,52.57014008110088],[13.39172518179415,52.57013724994209],[13.39172725390324,52.570134529434085],[13.391729753675992,52.57013194577679],[13.391732657038188,52.570129523852216],[13.391735936028835,52.57012728698481],[13.391738004174853,52.570126128043725],[13.390785412790393,52.56948613993815],[13.390778032155055,52.569480899183475],[13.390016003424252,52.56890875110709],[13.390009056616414,52.568903546735356],[13.390004898507167,52.56890542167282],[13.390000301182766,52.568907096674586],[13.38999545654942,52.56890848904078],[13.389990411263673,52.568909585362135],[13.389985213914478,52.56891037508047],[13.389979914555251,52.56891085059031],[13.38997456422183,52.56891100731227],[13.389969214440969,52.568910843737015],[13.389963916734095,52.56891036143986],[13.389958722121133,52.56890956506561],[13.389953680629146,52.56890846228379],[13.389948840810552,52.568907063714825],[13.38994424927552,52.56890538282774],[13.389939950243093,52.56890343581038],[13.389935985115336,52.56890124141367],[13.38993239207861,52.5688988207709],[13.389929205735807,52.56889619719415],[13.389926456773116,52.568893395949985],[13.389924171664491,52.56889044401591],[13.389922372416704,52.568887369820736],[13.389921076357407,52.56888420297064],[13.389920295968249,52.56888097396412],[13.389920038764696,52.56887771389831],[13.38992007090499,52.568859096331906],[13.389824234213577,52.56880554050936],[13.389823982087817,52.56880548664811],[13.389819715997238,52.56880427751588],[13.389815664953638,52.568802819418],[13.389811867970826,52.56880112639677],[13.389808361615843,52.56879921475693],[13.38980577317146,52.568797496820984],[13.389798165860567,52.56879839167376],[13.389787786994969,52.56879897852086],[13.38977736370459,52.56879894267418],[13.389766996371858,52.56879828447894],[13.389756784840278,52.568797010273975],[13.389746827452893,52.5687951323306],[13.389737220105143,52.56879266873455],[13.389728055321346,52.56878964321167],[13.389719421363614,52.56878608489953],[13.38971140138184,52.56878202806675],[13.389704072612908,52.568777511782955],[13.389697505636859,52.568772579542575],[13.389691763697165,52.56876727884592],[13.389686902091663,52.568761660741714],[13.389682967640022,52.56875577933546],[13.389679998232838,52.568749691268444],[13.389678022466756,52.56874345517212],[13.389677059369069,52.56873713110355],[13.3896771182145,52.568730779967005],[13.389678198435893,52.5687244629274],[13.389680289629698,52.56871824082123],[13.389683371656169,52.568712173570724],[13.389686042171316,52.56870830703262],[13.3896844139341,52.56870584144379],[13.389683032917791,52.56870296271534],[13.389682121630669,52.56870001536881],[13.389681688848835,52.568697027788744],[13.389681738740116,52.56869402874719],[13.389682270823936,52.56869104712654],[13.389683279975943,52.56868811164144],[13.389684756477356,52.568685250562204],[13.389686686108583,52.568682491442544],[13.389689050286151,52.5686798608543],[13.38969182624169,52.56867738413145],[13.38969498724119,52.568675085126145],[13.389698502842489,52.56867298597903],[13.389700130294456,52.568672105346714],[13.389650875211599,52.568635204131425],[13.389495004235574,52.568518430260596],[13.389494542953718,52.56851867662116],[13.389490541234503,52.56852042293856],[13.389486277868794,52.56852192184673],[13.38948179391519,52.56852315891034],[13.389477132556676,52.568524122215784],[13.389472338684765,52.568524802485854],[13.38946745846715,52.568525193169215],[13.389462538903091,52.56852529050334],[13.389457627370778,52.56852509355083],[13.38945277117105,52.568524604208456],[13.389448017071857,52.56852382718889],[13.389443410857856,52.568522769975246],[13.389438996889481,52.56852144274911],[13.38943481767572,52.56851985829239],[13.389430913464727,52.56851803186433],[13.38942732185621,52.568515981054425],[13.389424077439335,52.56851372561316],[13.389421211459588,52.56851128726166],[13.38941875151789,52.568508689482634],[13.389416721304777,52.56850595729416],[13.389415140372243,52.56850311700868],[13.38941402394545,52.568500195979745],[13.389413382776118,52.56849722233847],[13.389413279778676,52.56849528949612],[13.38933802180055,52.56844434680984],[13.38933797693339,52.56844431639798],[13.389311752778209,52.56842651719411],[13.389307536128175,52.568425694385674],[13.38930301820444,52.56842450410948],[13.389298713505449,52.56842304973399],[13.389294663487853,52.568421345265655],[13.389290907155571,52.56841940711948],[13.389287480684155,52.56841725396089],[13.38928441707239,52.568414906526],[13.389281745824507,52.56841238742197],[13.389279492666047,52.56840972090911],[13.389277679296091,52.56840693266746],[13.38927632317832,52.56840404954932],[13.389275437372799,52.56840109932071],[13.38927503041023,52.56839811039395],[13.389275106209787,52.56839511155404],[13.38927566404138,52.56839213168146],[13.389276698532687,52.568389199474005],[13.389278199720907,52.56838634317041],[13.389280153148695,52.56838359027841],[13.389282540003409,52.56838096730988],[13.38928533729828,52.56837849952538],[13.389288518093796,52.56837621069099],[13.389291757410279,52.56837429676235],[13.38873769106727,52.567996341595965],[13.388298675441792,52.56773069400125],[13.38828501247716,52.56772157249153],[13.388272882583733,52.567711678876584],[13.388262402578523,52.5677011084378],[13.388253673388913,52.56768996297471],[13.388246779080704,52.567678349824604],[13.388241786048559,52.56766638082879],[13.388238742376624,52.567654171255484],[13.388237677375528,52.567641838689646],[13.388238601300149,52.567629501900704],[13.388240714859418,52.56762060631381],[13.38821840887477,52.567605015890685],[13.388204191473934,52.56760484463448],[13.38818406499442,52.56760339148563],[13.388164269182676,52.56760074326468],[13.388144994684698,52.56759692547562],[13.388126427125774,52.56759197488618],[13.388108745322766,52.56758593917362],[13.388092119561952,52.56757887646558],[13.388076709959055,52.56757085478029],[13.388062664917214,52.56756195137147],[13.387742654772168,52.5673380677102],[13.387726391265268,52.56734083541331],[13.387724783846533,52.5673410577924],[13.387723189111565,52.567341311825594],[13.387716117418712,52.567342215019046],[13.387711256336749,52.56734268551253],[13.387706342979834,52.567342863407475],[13.387701424666382,52.56734274699063],[13.387696548762536,52.56734233738319],[13.38769176222601,52.56734163852986],[13.387687111153857,52.56734065716105],[13.387682640338516,52.56733940272785],[13.387678392836452,52.56733788731118],[13.387674409553474,52.567336125505385],[13.387670728850807,52.567334134277566],[13.387667386175636,52.56733193280446],[13.387664413719747,52.567329542287425],[13.387661840109482,52.567326985748494],[13.387659690130073,52.56732428780856],[13.38765798448693,52.567321474450296],[13.387656739606259,52.56731857276787],[13.387655967476853,52.56731561070609],[13.387655675534644,52.567312616791256],[13.387655866591098,52.56730961985641],[13.387656538806143,52.56730664876365],[13.387656861557849,52.567305827986],[13.38765278194365,52.56730633142735],[13.387652638435522,52.56730634470879],[13.38765249765774,52.56730636626333],[13.3876311393845,52.567308964991504],[13.387620830230468,52.56730990154464],[13.387610420066286,52.56731021786251],[13.387600009147961,52.567309910898786],[13.387589697738774,52.56730898360973],[13.387579585143648,52.56730744492567],[13.387569768752789,52.56730530966503],[13.387560343103747,52.567302598391635],[13.387551398970952,52.56729933721667],[13.387543022491492,52.567295557547084],[13.387535294335569,52.567291295783335],[13.387528288929587,52.567286592968685],[13.387522073739387,52.56728149439389],[13.387516708620517,52.56727604916119],[13.387512245241787,52.56727030971124],[13.387508726587692,52.567264331318185],[13.387506186544453,52.567258171557306],[13.38750464957368,52.567251889750516],[13.387504130476817,52.567245546395114],[13.387504634252615,52.567239202581064],[13.387506156048996,52.56723291940275],[13.387508681209807,52.56722675737058],[13.387512185415984,52.56722077582819],[13.387514294256855,52.567218053723515],[13.387511817379005,52.56721700509612],[13.387508069984909,52.56721506061106],[13.387504653419688,52.56721290167178],[13.38750160058672,52.56721054907006],[13.387498940886434,52.56720802546277],[13.387496699933163,52.56720535515364],[13.387494899308441,52.56720256385925],[13.387494092714274,52.56720083085653],[13.387493868155198,52.56720065739677],[13.3874912132005,52.56719813193498],[13.387488977268173,52.567195460063715],[13.387487181891412,52.56719266751453],[13.3874858443606,52.567189781181284],[13.387484977556808,52.56718682886089],[13.387484589827734,52.56718383898586],[13.387484684907324,52.56718084035034],[13.387485261879817,52.56717786183279],[13.38748631518855,52.567174932117965],[13.3874878346895,52.567172079420615],[13.38748980574896,52.56716933121376],[13.387492209384483,52.56716671396411],[13.3874950224477,52.56716425287719],[13.387498217847238,52.56716197165455],[13.387501764809638,52.567159892265636],[13.38750562917572,52.56715803473603],[13.387509773729548,52.56715641695473],[13.387514158556849,52.56715505450185],[13.387518741429394,52.5671539604985],[13.387519516830055,52.56715382708191],[13.386940041976814,52.56586724192207],[13.386936412489588,52.565867788665315],[13.386931541697452,52.56586821957565],[13.386926625046716,52.56586835748824],[13.386921709887512,52.56586820107494],[13.386916843555609,52.56586775184211],[13.38691207291654,52.56586701411609],[13.386907443914247,52.5658659950016],[13.386903001128633,52.5658647043133],[13.386898787346208,52.56586315448124],[13.386894843148053,52.5658613604312],[13.386891206518968,52.56585933944086],[13.386887912481695,52.56585711097351],[13.3868849927596,52.565854696490526],[13.386882475471172,52.56585211924475],[13.386880384859227,52.565849404056465],[13.386878741057435,52.56584657707446],[13.386877559896433,52.56584366552413],[13.386876852751355,52.5658406974453],[13.386876626432302,52.565837701422204],[13.386877024689756,52.56575912946704],[13.386530572775328,52.56501938718849],[13.386530541732647,52.565019306000174],[13.386530498487023,52.565019226912185],[13.386512583674218,52.564980169306935],[13.386507206816932,52.564977500406435],[13.386503547925049,52.564975494442294],[13.386500229308654,52.56497327959465],[13.386497282927822,52.56497087719372],[13.386494737157784,52.56496831037595],[13.386492616515648,52.56496560386124],[13.386490941424299,52.56496278371485],[13.386489728015704,52.56495987709633],[13.386488987975559,52.56495691199799],[13.386488728430768,52.5649539169754],[13.386488951880786,52.56495092087227],[13.386489656173573,52.56494795254265],[13.386490834526308,52.56494504057324],[13.386492475590725,52.56494221300783],[13.386494563562398,52.56493949707742],[13.386495403636951,52.56493863583412],[13.386436251175935,52.56479063041506],[13.386378935038946,52.56465512832094],[13.386377868820793,52.564651894554146],[13.386350005756112,52.56453503973494],[13.386339249779779,52.56452468252874],[13.386336825101736,52.56452207254578],[13.386334831907265,52.56451933030498],[13.38633328939185,52.56451648221563],[13.386332212410679,52.564513555706455],[13.38633161133558,52.564510578961304],[13.386331491955135,52.56450758064787],[13.386331855418952,52.56450458964155],[13.386332698226571,52.56450163474738],[13.386334012261209,52.56449874442259],[13.386335784867905,52.56449594650257],[13.386337998975417,52.5644932679328],[13.38634063326062,52.56449073450934],[13.38634366235387,52.56448837063042],[13.38634705708332,52.56448619906147],[13.386350784755864,52.56448424071584],[13.386354809471992,52.56448251445344],[13.386359092471528,52.56448103689909],[13.386363592506893,52.564479822282436],[13.386368266240355,52.56447888230087],[13.386373068661383,52.56447822600692],[13.386376841788419,52.56447794308305],[13.386366241362657,52.56441063158721],[13.386339378821305,52.56430000890035],[13.3863363,52.56430050000001],[13.3862951,52.564242000000014],[13.386323577694277,52.56423493799454],[13.386302041206054,52.564146247893824],[13.386266400000002,52.56415429999999],[13.386245400000002,52.56412000000001],[13.386293053229876,52.56410923411919],[13.386287879552368,52.56408792814597],[13.3862174,52.5641049],[13.3861841,52.5640539],[13.386274326148913,52.56403211312052],[13.386253870351284,52.56394787270115],[13.386225156955472,52.56388758645536],[13.386203917241941,52.56387357521147],[13.38609438877657,52.56382300316181],[13.386080803589632,52.563816155104654],[13.386068226460237,52.563808625846626],[13.386056749063869,52.56380047026929],[13.385951749184942,52.56371907012724],[13.385939056680899,52.563708067406246],[13.385928363554546,52.563696302059185],[13.385919791943063,52.56368390847203],[13.385913439751041,52.56367102820644],[13.385909379532276,52.563657808382956],[13.385846694201103,52.56336912233954],[13.385664694846588,52.563022001106674],[13.385664357755351,52.5630213521296],[13.385507292496623,52.562716096599154],[13.38536428571583,52.56252657538941],[13.385355035716383,52.562511991852155],[13.38526773639952,52.56234399171341],[13.385261239181691,52.56232785498749],[13.38519279100557,52.562091313886306],[13.385088472777362,52.56185327619702],[13.38496621921894,52.56167075963729],[13.38496047096666,52.56166105963522],[13.38495604534748,52.561651105358294],[13.384921868243216,52.56155951522779],[13.384917783975144,52.56155999318113],[13.384912883206754,52.56156026734021],[13.384907961942234,52.561560247437036],[13.384903067576152,52.56155993366333],[13.384898247244022,52.56155932904088],[13.384893547368371,52.56155843939254],[13.384889013211648,52.56155727328615],[13.384884688440332,52.561555841951964],[13.384880614704384,52.56155415917452],[13.384876831236143,52.56155224115995],[13.384873374472498,52.56155010637978],[13.384870277703964,52.56154777539315],[13.384867570754098,52.561545270648764],[13.384865279692265,52.56154261626869],[13.384863426582584,52.56153983781613],[13.384862029271446,52.56153696204907],[13.384861101215634,52.56153401666277],[13.384860651352746,52.5615310300229],[13.384860684015107,52.561528030892454],[13.384861198888064,52.56152504815467],[13.384862191013012,52.56152211053498],[13.384863650835156,52.561519246324224],[13.384865564295529,52.56151648310629],[13.384867912966394,52.56151384749249],[13.384870674228715,52.56151136486516],[13.384873821489995,52.56150905913337],[13.384877324440364,52.56150695250253],[13.384881149344501,52.561505065260604],[13.38488525936651,52.56150341558275],[13.384889614924672,52.56150201935625],[13.38489938114544,52.561499252564474],[13.384880146236458,52.561447705237185],[13.384877958222383,52.5614410054677],[13.384830291622743,52.561271077446555],[13.384743433122402,52.56110520489099],[13.384613428752086,52.56091765494225],[13.38418141881831,52.560521811633315],[13.384180165626432,52.56052234045988],[13.384175864497362,52.56052379790073],[13.384171349675702,52.56052499139424],[13.384166664641722,52.560525909446376],[13.384161854514941,52.560526543215786],[13.384156965619598,52.56052688659891],[13.384152045038524,52.56052693628876],[13.384147140159707,52.56052669180683],[13.384142298219903,52.560526155507596],[13.384137565849732,52.56052533255592],[13.384132988624591,52.560524230877306],[13.38412861062573,52.56052286108153],[13.384124474015726,52.56052123636053],[13.384120618632435,52.560519372361235],[13.38411708160533,52.560517287035054],[13.384113896997912,52.56051500046482],[13.384111095479678,52.56051253467148],[13.383817965427115,52.56022538043781],[13.383815859307855,52.56022445768904],[13.38381216428909,52.56022247674527],[13.383808805660582,52.56022028461565],[13.383805815767754,52.560217902411615],[13.383803223404877,52.56021535307511],[13.383801053537782,52.560212661157685],[13.383799327063413,52.560209852583974],[13.383798060608584,52.56020695440211],[13.383798026255365,52.56020682637842],[13.383754193663062,52.56016804727703],[13.383751604128854,52.56016549687411],[13.383749437247848,52.56016280406418],[13.383747713888239,52.560159994780506],[13.383746450646838,52.560157096078036],[13.38374565968927,52.56015413587288],[13.383745348632793,52.56015114267344],[13.383745520472953,52.56014814530586],[13.383746173554739,52.560145172636425],[13.38374730158852,52.56014225329358],[13.383748893710628,52.56013941539214],[13.383750934587978,52.56013668626267],[13.383753404565741,52.56013409218812],[13.383756279856637,52.560131658150844],[13.38375953277001,52.560129407591916],[13.383763131978517,52.56012736218542],[13.383767042819818,52.56012554162969],[13.3837687606549,52.560124893801316],[13.383262505070714,52.55963594404985],[13.38325744602859,52.55963743825036],[13.383252917535788,52.55963861221725],[13.383248222040844,52.559639510014634],[13.383243404764025,52.559640122996235],[13.383238512098426,52.55964044525871],[13.38323359116319,52.559640473698465],[13.383228689349714,52.559640208041635],[13.383223853865237,52.55963965084662],[13.383219131278207,52.55963880747954],[13.383214567069802,52.55963768606249],[13.383210205195912,52.55963629739536],[13.383206087663826,52.55963465485178],[13.383202254127665,52.55963277425039],[13.383198741506499,52.559630673702436],[13.383195583628787,52.55962837343737],[13.383192810906603,52.55962589560802],[13.383190450042738,52.55962326407729],[13.38318852377355,52.559620504188246],[13.38318705064999,52.559617642520195],[13.383186044858968,52.55961470663254],[13.383185516086707,52.559611724799524],[13.383185469425475,52.5596087257378],[13.38318590532455,52.55960573833003],[13.383186819585887,52.55960279134651],[13.38318820340456,52.55959991316834],[13.383190043453556,52.55959713151392],[13.383192322012126,52.55959447317206],[13.383193722226288,52.559593169433874],[13.38318785629154,52.559594117067455],[13.383180427087265,52.559594852112035],[13.383172915440177,52.55959513982157],[13.38316539369177,52.55959497742523],[13.383157934280828,52.55959436648701],[13.383150609045774,52.559593312890605],[13.383143488532827,52.55959182678274],[13.383136641316604,52.5595899224755],[13.383130133339687,52.55958761830845],[13.383124027277564,52.559584936472056],[13.383118381935018,52.55958190279391],[13.383113251679813,52.55957854649008],[13.38310868591909,52.55957489988368],[13.383104728623557,52.55957099809356],[13.38310141790403,52.55956687869618],[13.3830987856444,52.55956258136364],[13.383096857194595,52.559558147481646],[13.383095651126435,52.559553619750936],[13.3830951790548,52.55954904177604],[13.383095445525766,52.55954445764538],[13.383096447972845,52.559539911506626],[13.383098176741703,52.55953544714156],[13.383100615183142,52.559531107544444],[13.383103739813464,52.55952693450789],[13.38310633361698,52.559524213399115],[13.383102558875123,52.559523704954636],[13.383097880924508,52.55952277378408],[13.383093375258545,52.559521567652034],[13.38308908526932,52.559520098174225],[13.383085052271829,52.55951837950257],[13.383081315106075,52.55951642818884],[13.383077909763019,52.559514263025285],[13.383074869037973,52.55951190486365],[13.383072222214754,52.55950937641434],[13.383069994783675,52.559506702027726],[13.383068208196057,52.55950390745964],[13.383066879657642,52.559501019623326],[13.383066021962895,52.55949806633024],[13.383065643371795,52.559495076022216],[13.38306574753028,52.55949207749756],[13.383066333435151,52.5594890996337],[13.383067395443728,52.559486171109086],[13.3830689233282,52.55948332012699],[13.383070902374124,52.559480574143926],[13.383073313522143,52.55947795960518],[13.38307613355153,52.55947550169018],[13.38307933530383,52.55947322406991],[13.383082887944404,52.55947114867914],[13.383084465682611,52.559470393035404],[13.383035456480483,52.559390847142446],[13.383016636726824,52.55936032601712],[13.382797968154003,52.559012470737855],[13.382793581402955,52.55901336464417],[13.382788783801352,52.559014032301654],[13.382783901924293,52.55901441014795],[13.382778982787016,52.559014494544165],[13.382774073763605,52.55901428467753],[13.382769222130733,52.55901378256918],[13.38276447461237,52.55901299305468],[13.382759876929798,52.559011923737515],[13.382755473361284,52.559010584915846],[13.382751306315658,52.55900898948324],[13.382747415923893,52.559007152804625],[13.382743839652608,52.559005092568256],[13.382740611943255,52.55900282861537],[13.382737763880424,52.55900038274906],[13.382735322892488,52.55899777852446],[13.382733312487437,52.55899504102161],[13.382731752026508,52.55899219660425],[13.382730656537714,52.55898927266566],[13.382730036571122,52.558986297364996],[13.382729898097251,52.55898329935603],[13.382730242449583,52.55898030751121],[13.38273106631172,52.55897735064365],[13.382732361749326,52.558974457229624],[13.382734116286546,52.5589716551342],[13.382736313026154,52.55896897134312],[13.382738930812287,52.558966431702714],[13.382741944434194,52.5589640606711],[13.382745324869026,52.558961881082574],[13.382749039561341,52.558959913927715],[13.382753052736637,52.55895817815129],[13.38275732574588,52.55895669046974],[13.382761817437698,52.55895546521024],[13.382762092619236,52.558955399822175],[13.382705338138075,52.558865114291734],[13.382700883064086,52.55886601791851],[13.38269608395659,52.558866681500454],[13.382691201236705,52.558867055199904],[13.38268628192779,52.55886713541791],[13.382681373405577,52.55886692138195],[13.382676522941914,52.55886641515328],[13.382671777249513,52.55886562160718],[13.382667182032069,52.55886454838596],[13.382662781544107,52.55886320582535],[13.382658618164793,52.558861606854954],[13.382654731989787,52.55885976687377],[13.3826511604451,52.558857703601824],[13.382647937926667,52.558855436909624],[13.382645095469082,52.558852988626654],[13.382642660446734,52.558850382331265],[13.382640656310167,52.55884764312351],[13.382639102360248,52.55884479738349],[13.382638013562282,52.55884187251726],[13.382637400401899,52.558838896692876],[13.382637268784075,52.558835898569185],[13.382637619976261,52.55883290701974],[13.382638450596188,52.55882995085479],[13.38263975264444,52.55882705854383],[13.382641513581497,52.55882425794135],[13.3826437164485,52.55882157601868],[13.382646340030577,52.558819038604184],[13.382649359061157,52.558816670134505],[13.3826527444653,52.558814493419284],[13.382656463639718,52.55881252942143],[13.382660480766734,52.55881079705533],[13.382664757159255,52.55880931300456],[13.382669251633336,52.558808091561296],[13.382669461873116,52.55880804180999],[13.38259068449241,52.558682721062524],[13.382589595030755,52.55868094811194],[13.382484150772587,52.55850534056736],[13.382481511602506,52.55850591674395],[13.382476738480733,52.55850664653478],[13.382471870974278,52.558507087674286],[13.38246695595998,52.55850723591402],[13.382462040772216,52.55850708982638],[13.382457172747028,52.558506650818224],[13.382452398766251,52.558505923117494],[13.382447764806018,52.55850491373233],[13.382443315493976,52.55850363238369],[13.38243909367949,52.558502091411704],[13.382435140020991,52.5585003056568],[13.382431492594394,52.55849829231678],[13.382428186526424,52.55849607078124],[13.382425253656308,52.558493662444825],[13.382422722229162,52.558491090501164],[13.382420616623964,52.55848837971949],[13.382418957118778,52.55848555620616],[13.382417759695477,52.55848264715313],[13.382417035885805,52.558479680576205],[13.382416792660356,52.55847668504517],[13.382417032361424,52.5584736894086],[13.382417752680459,52.55847072251611],[13.3824189466803,52.558467812940506],[13.382420602861995,52.55846498870258],[13.382422705275527,52.55846227700124],[13.382425233673446,52.55845970395163],[13.382428163705852,52.558457294333635],[13.382430779716225,52.558455533949314],[13.382417468554777,52.55845245957376],[13.382412957983318,52.55845126042537],[13.382408661984318,52.55844979759798],[13.382404621930643,52.55844808517941],[13.382400876730257,52.55844613966123],[13.382397462451497,52.55844397977987],[13.382394411975731,52.5584416263362],[13.382391754680684,52.55843910199519],[13.382389516157517,52.55843643106763],[13.382387717964374,52.558433639276096],[13.382386377418763,52.55843075350704],[13.38238550743079,52.55842780155203],[13.382385116378819,52.558424811840005],[13.382385208028799,52.55842181316352],[13.38238578149799,52.558418834401486],[13.382386831263476,52.558415904241016],[13.382388347215354,52.5584130509011],[13.382390314754097,52.558410301860974],[13.38239271493117,52.55840768359536],[13.382395524631498,52.55840522131958],[13.382398716796104,52.55840293874666],[13.382402260682682,52.55840085785899],[13.382406122161669,52.55839899869662],[13.382410264044939,52.55839737916428],[13.382414646443934,52.558396014858936],[13.382418021328258,52.55839520741455],[13.382193693856557,52.55802160413667],[13.382191872795072,52.55802202326167],[13.382187120901577,52.558022802694715],[13.38218226653886,52.558023294502384],[13.38217735645718,52.558023493948276],[13.38217243794341,52.55802339911161],[13.382167558365618,52.55802301090572],[13.382162764716902,52.558022333069246],[13.382158103162809,52.55802137213015],[13.382153618596732,52.558020137342815],[13.382149354207552,52.55801864059894],[13.382145351063723,52.558016896313006],[13.382141647717736,52.55801492128347],[13.382138279834848,52.55801273453098],[13.382135279849608,52.558010357115194],[13.382132676653484,52.55800781193195],[13.382130495316632,52.55800512349276],[13.382128756846464,52.55800231768882],[13.382127477985318,52.55799942154155],[13.382117356791072,52.55797101175005],[13.382107508617986,52.55796354455823],[13.382104575011072,52.55796108185428],[13.382102051589493,52.55795845575873],[13.38209996265513,52.557955691562334],[13.382098328325492,52.55795281588582],[13.382097164339989,52.557949856423555],[13.382096481908343,52.557946841676795],[13.382096287602653,52.557943800679205],[13.38209658329408,52.55794076271726],[13.382097366134861,52.55793775704819],[13.382098628585709,52.55793481261819],[13.382100358488449,52.557931957783765],[13.382102539183093,52.55792922003848],[13.382105149668298,52.557926625748294],[13.382108164803622,52.55792419989763],[13.382111555551635,52.557921965848706],[13.382115289257577,52.5579199451166],[13.382119329963828,52.55791815716208],[13.38212363875621,52.557916619204036],[13.382128174138755,52.557915346053846],[13.38212969933528,52.55791502406899],[13.382109466434857,52.55788132694806],[13.381735254054941,52.55729756929382],[13.38173264688238,52.55729817947259],[13.381727832477887,52.55729898669627],[13.381722911437953,52.55729950242164],[13.381717931154977,52.557299721681964],[13.381712939591909,52.55729964236566],[13.381707984820332,52.557299265236566],[13.381703114557501,52.55729859392667],[13.3816983757068,52.55729763490105],[13.381693813906036,52.55729639739568],[13.381689473087906,52.55729489332844],[13.381685395056914,52.55729313718433],[13.381681619086763,52.55729114587601],[13.381678181542117,52.5572889385809],[13.38167511552841,52.557286536556504],[13.381672450573,52.55728396293565],[13.38167021234082,52.55728124250373],[13.381668422387206,52.55727840146002],[13.381667097950318,52.55727546716535],[13.381637528221937,52.55719463488563],[13.381549292964156,52.55704444901166],[13.381460666313538,52.55693537008349],[13.381439693962127,52.55691191067713],[13.381428698126644,52.556897517576296],[13.381424150999141,52.556890427994276],[13.381410203700018,52.556873261998184],[13.381409273058024,52.55687205167492],[13.381339375821089,52.55677580297053],[13.381337581326111,52.55677296299601],[13.381336252192485,52.55677002949288],[13.381335401220412,52.55676703071232],[13.38133503660512,52.55676399553429],[13.381335161857955,52.55676095318916],[13.381335775772556,52.55675793297643],[13.381336872436501,52.55675496398238],[13.38133844128822,52.55675207480001],[13.381340467218731,52.556749293253716],[13.381342930717159,52.55674664613129],[13.381345808058603,52.55674415892595],[13.381349071532668,52.55674185559079],[13.381352689710301,52.55673975830817],[13.381356627746477,52.55673788727606],[13.381360847715781,52.556736260513446],[13.381365308977648,52.55673489368696],[13.381369968567748,52.55673379995982],[13.381374781611758,52.55673298986522],[13.381379701757519,52.5567324712048],[13.381384681621435,52.55673224897353],[13.381389673244795,52.55673232531163],[13.381394628555638,52.556732699483895],[13.38139949983171,52.55673336788687],[13.381404240160048,52.5567343240835],[13.381404798891744,52.55673447525629],[13.381405010481732,52.55673421616012],[13.38141070767273,52.55672867776186],[13.381311412971291,52.55657199358893],[13.381310909436838,52.55657117544758],[13.38126610954049,52.55649617542238],[13.381264098780674,52.55649226240926],[13.381212845302128,52.5563738261596],[13.381210818400588,52.55637392600407],[13.381205898367549,52.55637387343179],[13.381201010480394,52.55637352718488],[13.381196201812244,52.55637289059794],[13.381191518673292,52.556371969801646],[13.381187006164804,52.55637077366378],[13.38118270774477,52.55636931370384],[13.381178664809374,52.556367603982046],[13.38117491629433,52.556365660964005],[13.381171498299897,52.55636350336206],[13.38116844374323,52.55636115195513],[13.381165782041354,52.556358629388555],[13.381163538827868,52.55635595995611],[13.381161735706092,52.55635316936585],[13.381160390040995,52.556350284492744],[13.381159514791987,52.5563473331197],[13.3811591183881,52.55634434367009],[13.381159204646824,52.5563413449339],[13.381159772737343,52.55633836579062],[13.381160817188537,52.55633543493106],[13.38116232794168,52.55633258058091],[13.38116429044732,52.55632983022916],[13.381166685805383,52.556327210363165],[13.381169490947212,52.556324746213654],[13.381172678857727,52.556322461511684],[13.381176218835591,52.55632037826016],[13.381180076788887,52.5563185165219],[13.381184215563437,52.55631689422645],[13.381188595300626,52.556315526997366],[13.381193173821245,52.55631442800177],[13.381197907031712,52.5563136078236],[13.381202749348711,52.556313074361576],[13.381449168488404,52.55629347934034],[13.38145407327454,52.55629323772179],[13.381458993299077,52.55629329028368],[13.381463881179586,52.556293636519875],[13.381468689843205,52.556294273095915],[13.381473372979958,52.55629519388123],[13.381477885488762,52.5562963900082],[13.38148218391175,52.55629784995746],[13.381486226852818,52.55629955966894],[13.38148997537626,52.55630150267721],[13.381493393381763,52.556303660270075],[13.381496447952063,52.556306011668745],[13.38149910966995,52.55630853422802],[13.381501352901587,52.5563112036543],[13.381503156043367,52.55631399423955],[13.381504501729976,52.556316879108934],[13.381505377001632,52.55631983047963],[13.3815057734289,52.5563228199283],[13.381505687193869,52.55632581866493],[13.381505119126933,52.55632879781005],[13.381504074698789,52.556331728672866],[13.381502563967764,52.556334583027535],[13.381500601482944,52.556337333385066],[13.381498206144066,52.55633995325796],[13.3814954010195,52.55634241741541],[13.381492213124098,52.55634470212619],[13.381488673159017,52.55634678538726],[13.381484815216066,52.55634864713565],[13.381483303112011,52.556349239847385],[13.381491287655008,52.556356591329425],[13.381494801013861,52.556360177781436],[13.381497752902026,52.55636394754866],[13.381500117821307,52.556367868068314],[13.381501875343655,52.55637190547542],[13.381503010287632,52.556376024895364],[13.381503512849548,52.556380190745024],[13.381503378688144,52.556384367040316],[13.381502608962116,52.556388517706814],[13.381501108971273,52.55639421770781],[13.381499630789133,52.556398493512546],[13.38149747833096,52.55640266161687],[13.381494671943338,52.55640668262052],[13.381491238154338,52.556410518513715],[13.381487560216897,52.556413818308805],[13.381534693788973,52.5565234910793],[13.381593278006068,52.55662596451484],[13.38162449020006,52.556672332919966],[13.381629447226679,52.556672843174276],[13.381648999567803,52.55667608342112],[13.381667936672539,52.55668047613],[13.381686076167439,52.55668597899712],[13.381703243360247,52.556692539027274],[13.381719272922217,52.55670009304422],[13.381734010480303,52.556708568299136],[13.381747314103835,52.556717883171224],[13.381759055671399,52.55672794795365],[13.38176912210471,52.55673866571752],[13.38177741645765,52.55674993324536],[13.38180854983976,52.55679847376698],[13.38187679574306,52.55687481192793],[13.38187826917069,52.55687430459259],[13.38188277020115,52.55687309242403],[13.381887444497176,52.55687215498502],[13.381892247042824,52.556871501303654],[13.38189713158704,52.55687113767521],[13.381902051089096,52.55687106760161],[13.381906958171587,52.55687129175773],[13.38191180557673,52.55687180798479],[13.381916546621452,52.5568726113113],[13.381921135646989,52.55687369400075],[13.381925528458583,52.5568750456263],[13.381929682751116,52.55687665317108],[13.381933558516522,52.55687850115357],[13.381937118429084,52.556880571776745],[13.381940328204898,52.556882845099366],[13.381943156932055,52.556885299228135],[13.381945577368331,52.55688791052851],[13.38194756620355,52.556890653852214],[13.382125076270622,52.55717211057208],[13.382179184909775,52.55722756465972],[13.38220137078221,52.55725024722719],[13.3822036801071,52.557252895650166],[13.382205552392382,52.55725566927873],[13.382206969606848,52.557258541401396],[13.382207918101873,52.557261484358044],[13.382208388742834,52.55726446980643],[13.382208376997108,52.55726746899503],[13.382207882977713,52.55727045304002],[13.382206911442228,52.55727339320342],[13.382205471746984,52.55727626116983],[13.38220357775695,52.55727902931917],[13.38220124771222,52.55728167099259],[13.382198504052342,52.557284160749326],[13.382195373200224,52.55728647461163],[13.38219188530767,52.55728859029571],[13.38218807396499,52.55729048742636],[13.382183975877522,52.55729214773311],[13.382179630512121,52.557293555226316],[13.382176528534016,52.55729433305609],[13.382494919579175,52.55779100358143],[13.3824965015007,52.55779355232461],[13.382512881802441,52.55782083269326],[13.382516884745291,52.557820035360905],[13.382521689547763,52.557819387582676],[13.382526575390868,52.557819029957514],[13.382531495221357,52.557818965929584],[13.382536401658676,52.55781919611547],[13.382541247451249,52.557819718298376],[13.382545985931534,52.55782052744941],[13.38255057146546,52.55782161577601],[13.382554959891898,52.55782297279703],[13.382559108947964,52.55782458544361],[13.382562978676017,52.55782643818516],[13.382566531808484,52.557828513178755],[13.382569734126758,52.557830790441116],[13.382572554790748,52.557833248041],[13.382574966635886,52.55783586231039],[13.382576946434728,52.557838608072466],[13.382578475120662,52.557841458884056],[13.38257953797153,52.55784438729033],[13.382580124751405,52.55784736508912],[13.382580229809179,52.55785036360262],[13.382579852132993,52.557853353953476],[13.382578995359976,52.55785630734301],[13.382577667741229,52.557859195328426],[13.382575882062362,52.55786199009683],[13.382573655520368,52.557864664733096],[13.382571009558006,52.55786719347893],[13.382567969657302,52.55786955198112],[13.382564565094134,52.557871717526005],[13.38256082865631,52.557873669258136],[13.382556796327782,52.55787538838124],[13.382552506942112,52.55787685833921],[13.382547446781565,52.557878398388745],[13.38297687079742,52.55859356259607],[13.383448716407173,52.55934416287525],[13.383463880891298,52.559358809175926],[13.383469025487656,52.55935729655676],[13.383473557360029,52.55935612748524],[13.383478255429342,52.55935523476289],[13.383483074450703,52.559354626987094],[13.383487968014393,52.55935431001105],[13.383492888992812,52.55935428688742],[13.38349778999435,52.559354557838894],[13.383502623819778,52.55935512025606],[13.383507343916806,52.55935596872257],[13.383511904828401,52.55935709506719],[13.38351626263056,52.55935848844269],[13.383520375355317,52.55936013543009],[13.383524203394932,52.55936202016804],[13.383527709883305,52.55936412450551],[13.383530861051035,52.559366428176595],[13.383533626550637,52.55936890899574],[13.383535979748801,52.5593715430713],[13.383537897982885,52.55937430503574],[13.383539362779182,52.55937716828985],[13.383540360030814,52.55938010525893],[13.383540880133618,52.559383087658375],[13.383540918078621,52.55938608676604],[13.383540473500291,52.5593890736989],[13.383539550680071,52.559392019691145],[13.383538158505125,52.55939489637126],[13.383536310382782,52.55939767603522],[13.383534024111398,52.55940033191331],[13.38353217256843,52.559402049244376],[13.383536714365558,52.55940123064798],[13.383544106257881,52.559400367214984],[13.383551601420326,52.5593999495074],[13.383559127670608,52.55939998154795],[13.383566612527057,52.55940046302806],[13.383573983906631,52.559401389310864],[13.383581170819133,52.559402751475766],[13.383588104050851,52.5594045364044],[13.38359471683113,52.559406726906985],[13.383600945475406,52.559409301887854],[13.383606729998512,52.559412236548596],[13.383612014692364,52.55941550262689],[13.38361674866247,52.559419068668674],[13.383620886318058,52.55942290033109],[13.383624387811146,52.55942696071322],[13.38362721942031,52.5594312107114],[13.383629353875438,52.55943560939587],[13.383630770620368,52.559440114404936],[13.383631456010853,52.559444682352925],[13.383631403445987,52.559449269248006],[13.38363061343176,52.559453830915885],[13.38362982794671,52.55945615271488],[13.38364485691311,52.559480053676296],[13.38364652492001,52.55948081195297],[13.383650162152039,52.559482832187],[13.383653456959163,52.55948505996926],[13.383656377610572,52.55948747384503],[13.38365889597877,52.559490050567355],[13.383660987810448,52.55949276532108],[13.383662632960055,52.55949559196162],[13.383663815583828,52.5594985032669],[13.383664524292364,52.55950147119948],[13.38366474039114,52.559504311190686],[13.383686083229467,52.55952576781574],[13.383992368588048,52.55983363867488],[13.384160572094949,52.559960060879334],[13.38416501994014,52.5599637612368],[13.384168851239385,52.559967709472666],[13.384172029095064,52.559971867563306],[13.384174522902539,52.559976195464074],[13.384176308644898,52.55998065149499],[13.384177369124261,52.55998519274206],[13.384177694127409,52.55998977547061],[13.384177280524156,52.559994355546465],[13.3841761322975,52.55999888886097],[13.384175650500739,52.560000032456124],[13.384286304014934,52.56009508678958],[13.384288990124812,52.56009765229536],[13.384291250688664,52.56010036590463],[13.384293063935964,52.56010320148384],[13.38429441240407,52.56010613172486],[13.384295283106416,52.56010912840785],[13.384295667657563,52.56011216267317],[13.384295562353971,52.560115205299155],[13.384294968209675,52.560118226983654],[13.384293890946507,52.56012119862619],[13.384292340939012,52.560124091608216],[13.384290333114526,52.56012687806871],[13.384287886809432,52.56012953117251],[13.384285025582928,52.56013202536873],[13.38428177699016,52.5601343366369],[13.384278172316842,52.56013644271819],[13.384274246277945,52.560138323329895],[13.384271925793856,52.56013922572177],[13.384495205145786,52.560354864988575],[13.384806549239453,52.560640143490964],[13.384807909120253,52.560639572163026],[13.38481227849451,52.56063809876228],[13.384816863799713,52.56063689346134],[13.384821620876941,52.560635967867924],[13.384826503913022,52.56063533089595],[13.384831465881744,52.560634988679794],[13.384836458996732,52.56063494451518],[13.384841435171664,52.56063519882745],[13.384846346483352,52.56063574916744],[13.384851145633274,52.56063659023508],[13.384855786403078,52.560637713930454],[13.38486022409969,52.56063910943176],[13.384864415985716,52.560640763299624],[13.384868321691048,52.56064265960641],[13.38487190360163,52.56064478008964],[13.384875127221704,52.56064710432798],[13.384877961506032,52.560649609937734],[13.385037561603882,52.560806672619414],[13.385040088417055,52.56080947181845],[13.385054383462174,52.56082744203715],[13.385056338763507,52.560830242344565],[13.38505783426692,52.56083314596739],[13.385058855569817,52.560836124942185],[13.3850593928364,52.56083915057979],[13.385059440892398,52.56084219374165],[13.385058999274902,52.56084522512047],[13.385058072236832,52.56084821552241],[13.385056668705978,52.56085113614826],[13.385054802199026,52.56085395887078],[13.385052490691384,52.56085665650554],[13.38504975644408,52.56085920307287],[13.385046625789366,52.560861574047905],[13.385043128877143,52.56086374659681],[13.385039299384584,52.560865699796715],[13.385035174191815,52.56086741483723],[13.385030793026736,52.56086887520153],[13.385028373171245,52.56086950275165],[13.385127516088687,52.56101252864131],[13.385134018396668,52.56102324095186],[13.385228119125603,52.561202940802374],[13.385234940782164,52.561219994259766],[13.385284096798795,52.561395226196474],[13.385307252682644,52.56145727973036],[13.385312099679163,52.56145690410189],[13.385317006307458,52.561456672200634],[13.38532192660699,52.56145673450845],[13.385326813192684,52.56145709042528],[13.385331619004143,52.56145773652346],[13.385336297758863,52.561458666580734],[13.38534080439796,52.56145987164014],[13.3853450955201,52.561461340096336],[13.38534912979948,52.5614630578073],[13.38535286838382,52.5614650082306],[13.385356275268519,52.56146717258257],[13.385359317643413,52.56146953001937],[13.385361966208745,52.56147205783763],[13.385364195457337,52.56147473169311],[13.385365983920247,52.56147752583512],[13.385367314373529,52.56148041335458],[13.385368174004105,52.56148336644312],[13.38536855453317,52.56148635666088],[13.385368452295921,52.56148935521044],[13.385367868276864,52.561492333214126],[13.385366808100327,52.56149526199212],[13.385365281976297,52.561498113338665],[13.385363304602107,52.56150085979375],[13.385360895020884,52.56150347490748],[13.38535807643816,52.561505933494836],[13.3853548759984,52.56150821187825],[13.385351324523574,52.56151028811563],[13.385347456216328,52.56151214221165],[13.3853433083306,52.561513756310305],[13.385338920812844,52.56151511486691],[13.385334335917307,52.56151620479781],[13.38532959779912,52.56151701560636],[13.385329545866572,52.56151702122089],[13.385354992241986,52.56158521246628],[13.385475781070035,52.56176553985182],[13.385484103599817,52.56178062852341],[13.385561516700038,52.561957269610566],[13.385563301536632,52.56195696493482],[13.385568147844245,52.56195644294624],[13.38557305477084,52.56195621295707],[13.385577975060126,52.561956277182226],[13.385582861327132,52.561956635003185],[13.385587666514525,52.56195728297396],[13.385592344345813,52.56195821485425],[13.385596849771005,52.56195942166952],[13.385601139400457,52.56196089179754],[13.385605171922741,52.5619626110802],[13.385608908502498,52.56196456295988],[13.385612313154436,52.561966728638936],[13.385615353089891,52.561969087260735],[13.385617999032595,52.5619716161105],[13.385620225500633,52.561974290834044],[13.38562201105184,52.56197708567231],[13.385623338490312,52.56197997370954],[13.385624195032001,52.56198292713235],[13.385624572427853,52.561985917497694],[13.385627013029437,52.56203965219179],[13.385629753750502,52.56204048703458],[13.385633919031864,52.56204208445783],[13.385637807330513,52.56204392299459],[13.385641381200031,52.56204598493874],[13.385644606222106,52.562048250432674],[13.385647451337995,52.56205069765849],[13.385649889147645,52.56205330304806],[13.385651896173565,52.56205604151011],[13.385653453086931,52.56205888667178],[13.385654544893736,52.56206181113261],[13.385655161079194,52.56206478672845],[13.385655295709011,52.5620677848027],[13.385654947486524,52.56207077648229],[13.38565411976521,52.56207373295565],[13.38565282051639,52.562076625750365],[13.38565106225245,52.56207942700723],[13.385648861906365,52.56208210974853],[13.385646240668612,52.562084648138025],[13.385643223783097,52.5620870177296],[13.38563984030406,52.56208919570276],[13.385636122816248,52.56209116108241],[13.385632107121115,52.56209289494082],[13.385630561443554,52.562093432062746],[13.38563496948818,52.562140604122696],[13.385651546901448,52.56222021382671],[13.385697585181955,52.56232831181457],[13.385918190798627,52.562655690416776],[13.385919726456736,52.56265830041496],[13.386283027172023,52.56337680027461],[13.386284080585721,52.56337923610718],[13.386284801246138,52.56338171653213],[13.386326316194245,52.56356936315533],[13.38635681653899,52.56361032298711],[13.386426827640843,52.563646486462154],[13.386427862103492,52.56364706437697],[13.386428522395343,52.56364740274982],[13.38642898804473,52.56364769339737],[13.38642970137532,52.563648091907936],[13.386431336002666,52.56364915893819],[13.386431960545076,52.56364954876303],[13.386432125574336,52.563649674344234],[13.386432361785264,52.56364982853484],[13.386432758907372,52.563650108856166],[13.38646974495231,52.56366818231436],[13.386470517441724,52.56366829617066],[13.386475574736355,52.56366937069457],[13.386480434848503,52.56367074212137],[13.386485050972702,52.56367239724348],[13.386489378653211,52.56367432012119],[13.386493376212133,52.56367649223621],[13.38658427621183,52.563730992207006],[13.386588228657613,52.56373363115163],[13.386591693760712,52.56373651324305],[13.38659463153176,52.5637396052203],[13.38659700806709,52.563742871400166],[13.386606172559361,52.56375754738078],[13.38665095634922,52.56378006613433],[13.386654915220662,52.56378226441139],[13.386658501449283,52.56378468856971],[13.386661680497722,52.56378731526339],[13.386664421749975,52.56379011919593],[13.386666698806229,52.563793073363996],[13.386668489737106,52.563796149317334],[13.386669777294872,52.56379931743287],[13.38667054907954,52.56380254719991],[13.38667079765829,52.56380580751406],[13.386670520637058,52.563809066976724],[13.38666972068359,52.56381229419747],[13.386668405501768,52.5638154580964],[13.386666587757407,52.56381852820342],[13.386664284956291,52.56382147495169],[13.386661519275583,52.56382426996238],[13.386658317350244,52.56382688631798],[13.386654710016538,52.56382929882157],[13.386650732015049,52.56383148423931],[13.386646421656119,52.563833421524436],[13.386641820450894,52.5638350920198],[13.386636972711559,52.56383647963757],[13.386631925124565,52.56383757101422],[13.386631427907373,52.56383764605602],[13.38665442147945,52.563885922089945],[13.386660381716359,52.56390257839675],[13.386775583881242,52.56437697821662],[13.386776864025938,52.564383377885314],[13.38679298051614,52.5644857096147],[13.386808856160934,52.564569956697994],[13.386893424481691,52.5647787986466],[13.3869486,52.56478119999999],[13.3869578,52.5647963],[13.3870097,52.5647885],[13.3870416,52.564866],[13.386970900000001,52.564876700000006],[13.3869743,52.56488779999999],[13.386939872037482,52.564893500300386],[13.386944103758132,52.564903950451274],[13.386952185657336,52.56490460280132],[13.386956952302587,52.56490513140366],[13.386961613005251,52.56490593781455],[13.386966124270458,52.564907014508314],[13.386970443997907,52.564908351437],[13.38697453187477,52.564909936124046],[13.386978349751898,52.56491175378073],[13.386981861999832,52.56491378744422],[13.386985905439174,52.56491636632983],[13.386986243721992,52.56491648143001],[13.386990285113244,52.56491819319986],[13.38699403170896,52.564920138116314],[13.38699744742739,52.56492229744884],[13.387000499373293,52.564924650401856],[13.387003158154737,52.56492717431523],[13.387005398166162,52.56492984488227],[13.387007197834974,52.56493263638403],[13.387008539829306,52.564935521936796],[13.387009411224934,52.56493847375118],[13.387009803629752,52.56494146339955],[13.387009713264584,52.56494446208999],[13.387009140999604,52.56494744094348],[13.387008092345937,52.56495037127201],[13.387006577402603,52.56495322485491],[13.387004610759256,52.56495597421059],[13.387002211355679,52.56495859286123],[13.38699940229939,52.56496105558778],[13.386996210643106,52.56496333867279],[13.386992667124204,52.564965420128885],[13.386988805868718,52.56496727991049],[13.386987431273216,52.56496787762697],[13.386986405085725,52.564968274968756],[13.386985206143274,52.56496879144624],[13.386983918581409,52.56496923774793],[13.386982885036648,52.5649696379384],[13.386981968863138,52.56496991356984],[13.38698092806502,52.5649702743369],[13.386979310251874,52.56497071341485],[13.386978055221016,52.56497109099171],[13.386971938748587,52.56497268828808],[13.387029756583546,52.565115467344405],[13.387776048787478,52.566772435320054],[13.387890699999998,52.566745],[13.3880025,52.566942600000004],[13.388031,52.5669372],[13.3880461,52.566959399999995],[13.3881355,52.56694079999999],[13.3881738,52.566933000000006],[13.388377200000003,52.5668919],[13.3883274,52.566805],[13.3881998,52.56658199999999],[13.3880927,52.566394900000006],[13.388166,52.5663785],[13.3882593,52.5663577],[13.3882673,52.56635539999999],[13.388377,52.56654729999999],[13.388503,52.5667678],[13.3886026,52.5669422],[13.3885835,52.5669658],[13.3882397,52.567043500000004],[13.388201200000001,52.56705219999999],[13.3881131,52.567072],[13.388003500632005,52.56709662674343],[13.388003633096123,52.56709665198346],[13.388008164170332,52.56709782335506],[13.38801248500378,52.567099259710346],[13.388016553984528,52.5671009472164],[13.388020331926105,52.567102869621664],[13.388023782444884,52.567105008412334],[13.388026872310478,52.56710734299074],[13.388029571765772,52.56710985087365],[13.388031854813493,52.56711250790879],[13.388031914963312,52.567112598577594],[13.388036433540583,52.5671118923913],[13.388046735003268,52.56711092510524],[13.38805714245563,52.56711057774401],[13.388067555668648,52.567110853652906],[13.388077874357833,52.56711175017476],[13.388087999148986,52.56711325867564],[13.388097832535223,52.56711536462793],[13.388107279816001,52.56711804775021],[13.38811625000912,52.567121282202685],[13.388124656726925,52.567125036835904],[13.388132419008253,52.56712927549085],[13.388139462098135,52.567133957347075],[13.388145718167724,52.567139037315854],[13.388151126967516,52.567144466474495],[13.38815563640761,52.567150192537305],[13.388159203059345,52.567156160359296],[13.388161792573579,52.56716231246713],[13.38816338001148,52.567168589612734],[13.388163950084735,52.56717493134379],[13.388163497302784,52.56718127658599],[13.388162026025725,52.56718756423115],[13.388159550422342,52.567193733725766],[13.388156094333658,52.56719972565417],[13.388152087016095,52.56720496463452],[13.38815653934773,52.56720557680726],[13.388161211333804,52.56720652054465],[13.388165709016606,52.56720773877723],[13.388169989081058,52.56720921977281],[13.388174010307846,52.56721094926859],[13.388177733970394,52.56721291060861],[13.388181124207808,52.56721508490415],[13.388184148370241,52.56721745121554],[13.388186777333328,52.56721998675398],[13.388188985778676,52.56722266710086],[13.388190752437689,52.56722546644297],[13.388192060296403,52.56722835782118],[13.388192896759335,52.56723131338991],[13.388193253770801,52.56723430468546],[13.388193127892482,52.56723730290001],[13.388192520336561,52.56724027915911],[13.388191436954036,52.56724320479975],[13.388189888178388,52.56724605164641],[13.388187888925092,52.567248792282356],[13.388185458447987,52.56725140031376],[13.388182620153843,52.56725385062383],[13.38817940137696,52.56725611961471],[13.388176044624995,52.56725806298303],[13.388374134498159,52.567396648417855],[13.388386679746166,52.56740634777116],[13.388397604376236,52.567416749694324],[13.388406803177485,52.567427754011625],[13.388414187559432,52.56743925474586],[13.388419686405204,52.567451141139],[13.388423246756473,52.56746329871884],[13.388424834323533,52.56747561040142],[13.388424433815597,52.56748795761852],[13.388422470771726,52.56749805288502],[13.388447769148893,52.56751567721706],[13.388463725925387,52.56751612089522],[13.388483784049512,52.56751789034313],[13.388503460960914,52.56752084925331],[13.388522567161635,52.567524969130105],[13.388540918649811,52.567530210297164],[13.388558338691624,52.567536522279596],[13.38857465952333,52.567543844289965],[13.388589723966872,52.56755210581383],[13.389033123977834,52.56782040527258],[13.389041624580438,52.567825866112045],[13.389070250186666,52.567845393137794],[13.38907056998996,52.56784520444768],[13.389074424598162,52.56784333935806],[13.389078560661888,52.56784171346674],[13.389082938348624,52.56784034243192],[13.389087515498913,52.56783923945739],[13.38909224803237,52.56783841516537],[13.389097090372191,52.56783787749424],[13.389101995884094,52.56783763162206],[13.389106917325408,52.56783767991669],[13.389111807300068,52.567838021913055],[13.38911661871504,52.567838654317534],[13.389121305233852,52.567839571039734],[13.389125821722848,52.56784076325114],[13.389130124685835,52.56784221947015],[13.389134172682981,52.56784392567258],[13.389137926729894,52.56784586542678],[13.389141350673063,52.567848020051926],[13.389144411538037,52.5678503687978],[13.389147079846994,52.56785288904476],[13.389177629930849,52.567885112206326],[13.389180821703135,52.56788913059794],[13.389217933654152,52.56794613538534],[13.389634962074815,52.568230607774446],[13.389682196767678,52.56824304573506],[13.389686926362018,52.56824447560217],[13.389691383076837,52.56824620048899],[13.389774472851677,52.56828223348228],[13.389778338168593,52.56828409035527],[13.38978188617518,52.568286169141565],[13.389785082702197,52.56828844982138],[13.389787896965325,52.568290910430555],[13.389790301861636,52.56829352727207],[13.389792274230611,52.56829627514437],[13.38979379507719,52.56829912758396],[13.389794849754713,52.56830205712027],[13.389795327398406,52.568304516911915],[13.389798876777917,52.56830522552162],[13.389803381504956,52.56830643420939],[13.389807670110176,52.568307906120054],[13.389811701292016,52.568309627078335],[13.389815436228023,52.568311580510475],[13.389818838948736,52.568313747603916],[13.38982187668409,52.56831610748836],[13.389824520179003,52.568318637436874],[13.389851480018349,52.56834747112135],[13.389853760818967,52.56835022490298],[13.38985557444484,52.568353104747324],[13.389878946465926,52.56839667364002],[13.389903712439867,52.56841415549296],[13.389907150451686,52.568415281737806],[13.389911363517788,52.568416828744034],[13.389915307632643,52.56841861976961],[13.389918944861986,52.56842063758858],[13.389948844862502,52.568438937579664],[13.389948850947288,52.5684389416887],[13.389948857661546,52.56843894541602],[13.390017757662786,52.568481145395495],[13.390018703809218,52.568481784788034],[13.390018848895032,52.568481874947864],[13.390021565961517,52.5684825595762],[13.390024694978019,52.568483577235924],[13.390027645225286,52.56848477687389],[13.390030388290839,52.56848614693695],[13.39003289775747,52.56848767423066],[13.390035149457642,52.56848934404638],[13.390037121706237,52.56849114030285],[13.39003756169603,52.56849164117168],[13.390038712910668,52.568491698236286],[13.390043556115204,52.56849223325286],[13.390048289934937,52.56849305495043],[13.390052868780678,52.56849415541559],[13.390057248555706,52.568495524050306],[13.390061387080456,52.568497147673874],[13.390065244498707,52.56849901064996],[13.39006878366144,52.5685010950371],[13.390069276160038,52.56850144827797],[13.390074649293137,52.56850082176397],[13.39008502964516,52.56850024522723],[13.390095452755554,52.56850029142583],[13.3901058182445,52.5685009599148],[13.39011602628711,52.568502244256315],[13.390125978574755,52.56850413208145],[13.390135579261825,52.56850660520956],[13.390144735888757,52.56850963982315],[13.390153360272464,52.56851320669732],[13.390161369355575,52.56851727148128],[13.390168686006316,52.56852179502905],[13.390175239761325,52.56852673377653],[13.390180967504264,52.56853204016101],[13.390185814073655,52.56853766307925],[13.390189732794132,52.56854354837954],[13.390192685925953,52.56854963938334],[13.39019464502847,52.56855587743102],[13.390195591234045,52.56856220244682],[13.39019551542976,52.568568553517395],[13.390194418345217,52.56857486947844],[13.390192310545505,52.56858108950381],[13.390189212329487,52.56858715369116],[13.390187258963815,52.56858996908039],[13.390189277601051,52.56859126455375],[13.39019230053986,52.56859363149134],[13.390194928172486,52.568596167574164],[13.390197135193347,52.56859884837839],[13.390198900347558,52.56860164808644],[13.390200206635656,52.568604539735595],[13.39020104147728,52.568607495477735],[13.390201396832358,52.56861048684742],[13.39020126927853,52.56861348503616],[13.390200660044105,52.56861646116975],[13.390199574996256,52.56861938658638],[13.390198024584496,52.56862223311268],[13.390196023740057,52.568624973335005],[13.390193591732102,52.56862758086353],[13.390190751982148,52.568630030586284],[13.390187531838508,52.56863229891107],[13.39018396231291,52.56863436399267],[13.390182913356705,52.5686349138014],[13.390336525392264,52.5687499957741],[13.390336666510684,52.56875010161291],[13.391095194986812,52.56931961850651],[13.392024033100144,52.56994364548774],[13.392027470187124,52.56994189452947],[13.39203153778944,52.569940205551774],[13.392035857505512,52.569938767633786],[13.392040387734164,52.56993759462344],[13.392045084846886,52.56993669781744],[13.392049903607996,52.56993608585249],[13.39205479761028,52.56993576462216],[13.392059719721923,52.56993573722005],[13.39206462254039,52.56993600391006],[13.392069458848962,52.56993656212382],[13.39207418207143,52.569937406485465],[13.392078746720667,52.56993852886331],[13.39208310883667,52.56993991844828],[13.392087226409938,52.56994156185795],[13.392091059786022,52.5699434432654],[13.392094572047439,52.56994554455167],[13.392097729369187,52.569947845480264],[13.392100501344519,52.56995032389203],[13.392102861277758,52.5699529559185],[13.3921047864414,52.56995571621188],[13.392106258295,52.569958578189016],[13.39210726266372,52.569961514287556],[13.392107789874851,52.56996449623125],[13.392107834850965,52.56996749530238],[13.392107397158817,52.56997048261824],[13.392106481013528,52.56997342940932],[13.392105095237982,52.56997630729645],[13.39210325317788,52.56997908856394],[13.392100972573191,52.56998174642665],[13.392098275387335,52.5699842552879],[13.392095187595643,52.56998659098595],[13.392092306308832,52.569988563904325],[13.392151997710693,52.57002541830405],[13.392204889585717,52.57004264559491],[13.392341253689434,52.57007460852667],[13.392874626107634,52.570144174620125],[13.393454113363834,52.570198409095845],[13.393454360972497,52.57019733041795],[13.393455517336609,52.57019441515531],[13.3934571371044,52.57019158299089],[13.393459204676546,52.57018886119996],[13.393461700141135,52.57018627599481],[13.393464599465426,52.570183852272365],[13.39346787472732,52.57018161337435],[13.393471494384238,52.570179580862565],[13.39347542357692,52.5701777743112],[13.393479624465117,52.570176211118266],[13.393484056592026,52.57017490633816],[13.393488677273906,52.570173872536586],[13.393493442011138,52.57017311966963],[13.393498304916786,52.57017265498777],[13.393503219158504,52.57017248296616],[13.393508137409556,52.57017260526145],[13.393513012304595,52.57017302069587],[13.39351779689581,52.57017372526857],[13.393522445105058,52.570174712194145],[13.393526912167621,52.57017597196798],[13.393531155063306,52.57017749245778],[13.393535132930756,52.57017925902045],[13.39353880746096,52.57018125464302],[13.393542143266197,52.570183460106605],[13.393545108220826,52.570185854171406],[13.393547673770687,52.5701884137813],[13.393549815208086,52.57019111428589],[13.39355059060319,52.570192400924114],[13.393551202195592,52.57019189225799],[13.393554486377173,52.57018965821571],[13.393558114129764,52.57018763106895],[13.393562050516138,52.57018583034019],[13.393566257626768,52.570184273371446],[13.393570694944925,52.570182975157095],[13.393575319736874,52.57018194819968],[13.393580087463418,52.57018120238931],[13.393584952208826,52.57018074490853],[13.39358986712304,52.57018058016316],[13.393594784872846,52.57018070973974],[13.393599658097719,52.57018113239041],[13.393604439865939,52.57018184404481],[13.393609084126547,52.570182837849345],[13.393613546152851,52.570184104233135],[13.393617782973164,52.57018563100025],[13.393621753784636,52.57018740344711],[13.393625420346206,52.5701894045041],[13.393628747346895,52.5701916149],[13.39363103599525,52.570193472247546],[13.393631333286676,52.57019332249733],[13.393635416218496,52.570191647285185],[13.393639748977384,52.57019022398058],[13.393644289836558,52.5701890662907],[13.393648995065135,52.57018818536471],[13.393653819349273,52.57018758968639],[13.393658716228568,52.57018728499244],[13.393663638543494,52.570187274217226],[13.393668538889568,52.570187557464514],[13.393673370073866,52.57018813200649],[13.393678085569544,52.570188992310015],[13.393682639963874,52.57019013008989],[13.393686989395622,52.57019153438873],[13.39369109197744,52.57019319168237],[13.393694908199253,52.57019508601018],[13.39369840130878,52.570197199128835],[13.393701537665468,52.570199510687814],[13.393704287064466,52.57020199842561],[13.393706623027521,52.57020463838393],[13.393708523057976,52.57020740513861],[13.393709968857427,52.5702102720443],[13.39371094650196,52.570213211491115],[13.393711446576226,52.570216195170616],[13.393711450914523,52.57021693077582],[13.393807303423559,52.570225593156216],[13.393808587973055,52.57022355152451],[13.393810791983698,52.57022086977462],[13.393813416788781,52.57021833256599],[13.393816437109958,52.570215964333315],[13.393819823859857,52.57021378788392],[13.393823544422226,52.5702118241782],[13.39382756296603,52.57021009212767],[13.393831840790526,52.570208608412884],[13.39383633669798,52.57020738732282],[13.393841007390412,52.57020644061722],[13.393845807886581,52.57020577741335],[13.393850691955171,52.57020540409822],[13.393855612560028,52.57020532426704],[13.39386052231314,52.570205538688654],[13.393865373930993,52.570206045298036],[13.393870120689948,52.5702068392163],[13.393874716876208,52.57020791279759],[13.393879118226058,52.57020925570273],[13.39388328235215,52.57021085499884],[13.393887169151716,52.570212695283885],[13.393890741192774,52.5702147588349],[13.393890838935391,52.57021482758611],[13.393892683457127,52.5702141965891],[13.393897191116512,52.57021299169014],[13.393901870899683,52.5702120617995],[13.393906677737847,52.570211415872514],[13.393911565338623,52.570211060129786],[13.393916486631829,52.57021099799732],[13.393921394222827,52.57021123007346],[13.393926240848929,52.57021175412322],[13.393930979834566,52.570212565099716],[13.3939355655408,52.57021365519282],[13.393939953804846,52.57021501390436],[13.393944102365378,52.57021662814921],[13.39394797126953,52.57021848238136],[13.393951523257662,52.57022055874356],[13.393954724122192,52.57022283723931],[13.393957543037027,52.57022529592554],[13.39395995285444,52.57022791112373],[13.39396193036652,52.57023065764815],[13.393963456528677,52.570233509048265],[13.393964516643054,52.57023643786357],[13.393965100500084,52.570239415887976],[13.393965120854636,52.57024001439928],[13.394051035280873,52.57024810395336],[13.39405254761489,52.57024582791757],[13.394054833135199,52.570243171617435],[13.394057534963618,52.57024066460386],[13.394060627080027,52.570238331020754],[13.394064079705634,52.57023619334174],[13.394067859589764,52.57023427215383],[13.39407193033009,52.57023258595907],[13.394076252723195,52.570231150996406],[13.394080785142119,52.5702299810853],[13.394085483937266,52.570229087492606],[13.39409030385675,52.57022847882409],[13.3940951984822,52.570228160941575],[13.394100120675795,52.57022813690642],[13.394105023034221,52.57022840695009],[13.394109858345178,52.57022896847192],[13.394114580042073,52.5702298160642],[13.394119142652466,52.570230941564134],[13.394123502235995,52.570232334132534],[13.394127616807538,52.5702339803583],[13.394131446741564,52.57023586438737],[13.394132366737027,52.570236416028266],[13.394136093695135,52.57023540914293],[13.3941407674423,52.57023446804484],[13.394145570076518,52.57023381060375],[13.394150455345887,52.57023344315115],[13.39415537620269,52.57023336922581],[13.394160285256483,52.570233589539654],[13.39416513523049,52.57023410197097],[13.394169879416902,52.57023490158476],[13.394174472126696,52.57023598068032],[13.39417886912964,52.570237328865396],[13.394183028080247,52.57023893315624],[13.39418690892559,52.57024077810271],[13.394190474291031,52.57024284593697],[13.394193689840154,52.57024511674468],[13.39419652460545,52.570247568656754],[13.39419895128654,52.57025017805994],[13.394200946513113,52.57025291982434],[13.394202491069976,52.57025576754523],[13.394203570082121,52.57025869379755],[13.394204173157984,52.5702616703999],[13.394204196547816,52.57026224839812],[13.394208154758271,52.57026258743981],[13.394209979209469,52.570259987468425],[13.394212348655916,52.57025735861023],[13.394215129591949,52.57025488391865],[13.394218295235596,52.57025258722629],[13.394221815099968,52.57025049065153],[13.394225655286844,52.57024861438549],[13.39422977881315,52.57024697649762],[13.394234145967118,52.57024559276162],[13.39423871469072,52.57024447650364],[13.394243440984726,52.57024363847381],[13.394248279332421,52.57024308674282],[13.394253183137971,52.5702428266241],[13.394258105175137,52.570242860622756],[13.394262998042116,52.57024318841136],[13.394267814618015,52.57024380683313],[13.394272508516668,52.57024470993234],[13.39427703453334,52.570245889011666],[13.394281349080089,52.570247332715965],[13.394285410605521,52.57024902714157],[13.39428917999496,52.570250955970316],[13.39429262094714,52.57025310062651],[13.394295700323806,52.57025544045598],[13.394296313576744,52.57025601363154],[13.395087797155476,52.570331024321575],[13.395762811288172,52.57038126103789],[13.395832012571997,52.570384319254096],[13.395832032261389,52.570384164718135],[13.39583265358804,52.57038118950869],[13.39583375054035,52.57037826573242],[13.395835312553983,52.57037542154689],[13.395837324585813,52.57037268434315],[13.395839767258812,52.570370080481915],[13.395842617048654,52.57036763503978],[13.395845846510271,52.570365371567675],[13.395849424542174,52.57036331186403],[13.395853316685963,52.57036147576488],[13.395857485458198,52.57035988095284],[13.395861890711357,52.57035854278681],[13.395866490020511,52.57035747415403],[13.395871239091875,52.570356685345985],[13.395876092189376,52.57035618395934],[13.395881002575125,52.57035597482268],[13.395885922959527,52.570356059950115],[13.395890805956682,52.57035643852185],[13.395895604540758,52.57035710689199],[13.395900272498853,52.570358058623825],[13.395904764876054,52.57035928455166],[13.395909038408384,52.57036077286915],[13.395913051939432,52.570362509243026],[13.395916766816738,52.57036447695107],[13.39592014726401,52.57036665704323],[13.395923160725689,52.570369028524034],[13.395925778180462,52.57037156855488],[13.395927974420772,52.57037425267388],[13.395929728295556,52.57037705503156],[13.395931022913972,52.570379948639655],[13.395931845808047,52.57038290563119],[13.395932189052774,52.570385897528716],[13.395932056569665,52.57038874043192],[13.395980931790127,52.57039090031096],[13.396826521177445,52.570397982736985],[13.396831433838857,52.57039817104404],[13.39683629255186,52.570398651837024],[13.396841050524484,52.57039942048564],[13.39684566193494,52.570400469587405],[13.396850082372895,52.570401789038925],[13.396854269267175,52.570403366133164],[13.396858182295743,52.57040518568189],[13.39686178377402,52.57040723016187],[13.396865039017804,52.57040947988367],[13.396867916677309,52.57041191318126],[13.396870389039064,52.570414506620715],[13.396872432292826,52.5704172352258],[13.39687402676088,52.570420072718576],[13.396875157087546,52.57042299177246],[13.396875812387073,52.57042596427537],[13.396875986348471,52.57042896160051],[13.396875797399227,52.570430791641996],[13.396943882859853,52.57043385748252],[13.39694395620858,52.570433007483125],[13.396944695227731,52.57043004227863],[13.396945907696862,52.570427135487876],[13.396947581939143,52.57042431510488],[13.396949701830632,52.57042160829142],[13.396952246955557,52.57041904111556],[13.396955192802926,52.57041663830059],[13.396958511002591,52.570414422986914],[13.396962169598469,52.570412416509164],[13.396966133356292,52.5704106381908],[13.396970364102938,52.57040910515798],[13.396974821094052,52.57040783217461],[13.396979461406435,52.57040683150018],[13.39698424035142,52.570406112771735],[13.396989111905246,52.57040568291102],[13.396994029152275,52.570405546057785],[13.396998944736833,52.570405703530035],[13.397003811319248,52.57040615381121],[13.397557900900537,52.57047451514341],[13.397562671630242,52.57047525387487],[13.397567300548872,52.5704762739649],[13.397571743077483,52.57047756558952],[13.397575956432156,52.5704791163097],[13.397579900036028,52.57048091119116],[13.397583535910064,52.570482932948266],[13.397586829038818,52.570485162110415],[13.397589747707649,52.570487577209576],[13.397592263808146,52.570490154987056],[13.397594353108843,52.570492870617485],[13.397595995488565,52.57049569794787],[13.39759717513022,52.57049860974951],[13.397597880673128,52.57050157798013],[13.39759810532243,52.5705045740541],[13.397597846914532,52.57050756911758],[13.397597107937944,52.57051053432646],[13.397595895509323,52.570513441124156],[13.397595702156499,52.57051376684955],[13.397680765103903,52.57053032801216],[13.397696417156656,52.57053380514201],[13.397711558340273,52.57053803959524],[13.398031557745844,52.57063723933907],[13.398051209610369,52.57064418560178],[13.398069490428446,52.57065240496572],[13.398279177581053,52.57075801370823],[13.398282291700662,52.570756045087506],[13.39828587747604,52.57075399036676],[13.398289776527383,52.57075215968707],[13.398293951304723,52.57075057067884],[13.39829836160272,52.570749238645064],[13.398302964947849,52.57074817641394],[13.398307717007459,52.5707473942153],[13.3983125720167,52.57074689958215],[13.398317483219273,52.570746697278054],[13.398322403317714,52.57074678925132],[13.39832728492888,52.57074717461617],[13.398332081040284,52.570747849661366],[13.398336745462837,52.57074880788586],[13.39834123327568,52.570750040061455],[13.398345501258786,52.57075153432163],[13.39834950830919,52.57075327627589],[13.398353215836838,52.57075524914827],[13.398356588136227,52.57075743393896],[13.39835959273026,52.57075980960727],[13.398362200683032,52.570762353274255],[13.39836438687848,52.570765040443035],[13.398366130262295,52.570767845234705],[13.398367414044655,52.57077074063762],[13.398368225861955,52.5707736987675],[13.398368557895854,52.57077669113591],[13.398368406948586,52.57077968892476],[13.398367774473757,52.57078266326365],[13.398366666562355,52.57078558550809],[13.398365093884077,52.57078842751527],[13.398363071584603,52.57079116191503],[13.398360619139716,52.570793762373654],[13.398357944222939,52.57079604666981],[13.398361796110104,52.57079787753216],[13.398365121991896,52.57079552214083],[13.39837229990212,52.5707909165789],[13.398380184144322,52.57078676186719],[13.398388698789013,52.57078309801769],[13.398397761835664,52.57077996031516],[13.398407286002408,52.57077737897727],[13.398417179566616,52.57077537886362],[13.398427347248212,52.570773979236336],[13.398437691127267,52.57077319357454],[13.398448111587001,52.57077302944453],[13.39845850827313,52.57077348842698],[13.398468781060318,52.57077456610166],[13.398478831016426,52.57077625209003],[13.398488561355258,52.57077853015513],[13.398497878368655,52.5707813783581],[13.398506692328944,52.57078476926925],[13.398514918353055,52.570788670232425],[13.398522477219982,52.57079304367929],[13.398529296133722,52.570797847491335],[13.398535309424336,52.57080303540534],[13.398540459180397,52.57080855745897],[13.39854469580671,52.570814360471964],[13.398547978501941,52.570820388558225],[13.398550275651592,52.57082658366406],[13.398551565132449,52.57083288612728],[13.398551834525678,52.570839235251725],[13.398551081236436,52.57084556989189],[13.39854931251887,52.57085182904167],[13.398546545406285,52.570857952422],[13.398542806547113,52.57086388106133],[13.398538131948285,52.570869557863475],[13.398532566628486,52.57087492815767],[13.398529292771071,52.57087749105319],[13.398532339389812,52.57087893914913],[13.398536195791616,52.5708765267955],[13.398539799249376,52.57087448358445],[13.398543714047305,52.570872665414434],[13.398547902483783,52.57087108979542],[13.398552324221924,52.57086977190143],[13.398556936678034,52.57086872442449],[13.398561695431717,52.570867957452364],[13.398566554653653,52.57086747837138],[13.398571467546981,52.570867291795366],[13.398576386797943,52.57086739952111],[13.398581265031567,52.5708678005112],[13.398586055267884,52.57086849090388],[13.398590711374396,52.57086946405028],[13.398595188510322,52.57087071057851],[13.398599443558464,52.57087221848383],[13.398603435540425,52.57087397324434],[13.39860712601127,52.57087595796073],[13.398610479429754,52.57087815351916],[13.398613463500624,52.570880538775214],[13.398616049485609,52.5708830907576],[13.398618212480221,52.57088578488935],[13.398619931653577,52.57088859522455],[13.398621190449019,52.57089149469813],[13.398621976743577,52.57089445538662],[13.398622282964709,52.570897448776954],[13.39862210616324,52.57090044604115],[13.398621448041766,52.57090341831392],[13.398620314938265,52.570906336970644],[13.39861871776505,52.57090917390305],[13.398616671903703,52.57091190178989],[13.398614197056917,52.57091449436013],[13.398612149443732,52.57091622365999],[13.399162742246686,52.57114234925231],[13.399176340235913,52.571148440500274],[13.399189076578557,52.571155187864555],[13.3999197790439,52.571575435180165],[13.400680645775571,52.57194077730152],[13.40094764022352,52.572066398111616],[13.400955835291931,52.572070461922216],[13.40123323514558,52.5722153616082],[13.401233534498436,52.572215518276714],[13.401760411443838,52.572491793678424],[13.402639361158974,52.57290023916311],[13.40265442364,52.57290795701156],[13.403447612848263,52.57335536824486],[13.403867591778694,52.5735659955045],[13.40387047902754,52.57356389937958],[13.40387586082391,52.57356069164064],[13.403881732766624,52.57355782073472],[13.403888038305727,52.57355531431009],[13.403894716715516,52.57355319650497],[13.403901703679395,52.57355148771493],[13.40390893190925,52.57355020439647],[13.403916331793466,52.57354935890865],[13.403923832067337,52.573548959393925],[13.40393136049935,52.57354900969985],[13.403938844586817,52.57354950934194],[13.403946212254112,52.5735504535084],[13.403953392546777,52.57355183310642],[13.403960316314862,52.57355363484974],[13.403966916878845,52.573555841386664],[13.403973130671812,52.57355843146707],[13.403978897851621,52.57356138014715],[13.403984162877213,52.57356465902957],[13.403988875043506,52.57356823653695],[13.403992988969708,52.57357207821605],[13.40399646503637,52.57357614706941],[13.40400892787092,52.57359266753998],[13.404028974067362,52.57360187184252],[13.40403475709862,52.573604808980306],[13.404040039755786,52.573608077322284],[13.40404477116398,52.573611645392596],[13.4040489057571,52.57361547882882],[13.404052403716666,52.57361954071295],[13.404055231355276,52.57362379192689],[13.404057361441058,52.57362819152917],[13.40405877345993,52.57363269714921],[13.40405945381316,52.573637265395504],[13.404059395948348,52.57364185227332],[13.404058600422532,52.57364641360853],[13.404057074896839,52.57365090547297],[13.404054834062704,52.573655284607476],[13.40405245626828,52.573658707384816],[13.404201471765575,52.573733440049814],[13.404201883020216,52.573733646840374],[13.40459818806226,52.57393344326909],[13.405051533479446,52.574153952378566],[13.405334245882013,52.57426357738065],[13.405597477360855,52.574356176668296],[13.405599075213594,52.57435453798964],[13.405602035123742,52.57435208650014],[13.405605375184242,52.574349823570216],[13.40560906322848,52.574347770993086],[13.40561306373858,52.57434594853614],[13.405617338187472,52.57434437375066],[13.405621845409929,52.57434306180262],[13.405626541998997,52.57434202532678],[13.405631382724032,52.574341274304956],[13.405636320966298,52.5743408159699],[13.405641309167923,52.57434065473558],[13.405646299289895,52.57434079215481],[13.405651243274713,52.57434122690415],[13.405656093509196,52.57434195479674],[13.40566080328303,52.57434296882258],[13.40566532723859,52.574344259216076],[13.405669621807776,52.57434581355009],[13.40567364563159,52.574347616855505],[13.405677359958434,52.574349651765566],[13.40568072901732,52.574351898683005],[13.40568372036236,52.574354335968806],[13.405686305185238,52.574356940150594],[13.405688458592643,52.574359686148725],[13.405690159846026,52.574362547517744],[13.405691392561303,52.574365496701105],[13.405691510882887,52.57436596988902],[13.406515796111632,52.57472036650872],[13.40655911375111,52.57472069008179],[13.406564027356414,52.57472087395923],[13.406568887718418,52.57472135037123],[13.406573648029271,52.5747221147297],[13.406578262444667,52.57472315967345],[13.40658268652533,52.57472447513912],[13.406586877665008,52.57472604845809],[13.406590795500778,52.57472786447847],[13.406594402301767,52.574729905710996],[13.406597663332509,52.57473215249754],[13.406600547187491,52.57473458320032],[13.406603026093574,52.574737174410394],[13.40660507617749,52.574739901173004],[13.406606677695745,52.57474273722797],[13.406607815224763,52.57474565526253],[13.406608477809431,52.57474862717446],[13.406608659068603,52.57475162434259],[13.40660835725655,52.57475461790259],[13.406607575279795,52.574757579024805],[13.406607044526163,52.57475880591882],[13.406804268726669,52.57484163854651],[13.406876819422681,52.57485619436466],[13.406917137701742,52.57478183756256],[13.406968862372517,52.574676174690964],[13.406934508452974,52.57469122731259],[13.406930375635378,52.57469285688836],[13.40692600054475,52.574694231822214],[13.40692142531566,52.57469533887274],[13.40691669401014,52.5746961673784],[13.406911852193334,52.57469670936024],[13.406906946494672,52.57469695959864],[13.406902024158814,52.57469691568371],[13.406897132590645,52.574696578038335],[13.406892318898732,52.57469594991424],[13.406887629441655,52.57469503736064],[13.406883109381523,52.574693849165925],[13.406878802249057,52.57469239677307],[13.406874749524345,52.57469069416945],[13.40687099023738,52.57468875775211],[13.406867560592158,52.57468660616981],[13.406864493618038,52.57468426014353],[13.406861818851635,52.57468174226677],[13.406859562052366,52.574679076788115],[13.406857744954388,52.57467628937761],[13.406856385057274,52.57467340687952],[13.40685549545749,52.574670457053955],[13.40685508472228,52.574667468309315],[13.406855156807147,52.57466446942885],[13.40685571101778,52.57466148929344],[13.406856742016727,52.57465855660338],[13.406858239874818,52.57465569960211],[13.406860190166785,52.57465294580404],[13.406862574110177,52.57465032172978],[13.406865368746269,52.57464785265054],[13.406868547161151,52.57464556234488],[13.406872078744936,52.57464347286968],[13.406875929486548,52.5746416043477],[13.406917555999964,52.57462336515074],[13.406914211952257,52.574622090422444],[13.406910171817753,52.57462037675418],[13.406906426840058,52.57461843007691],[13.40690301308536,52.57461626913821],[13.406899963429986,52.57461391474918],[13.406897307243755,52.57461138958386],[13.406895070107153,52.57460871796101],[13.406893273564968,52.574605925609845],[13.406891934918812,52.57460303942226],[13.406891067060494,52.574600087193815],[13.40689067834787,52.574597097356104],[13.406890772524356,52.57459409870292],[13.406891348682887,52.5745911201129],[13.406892401274643,52.5745881902715],[13.406893920162503,52.57458533739468],[13.406895890718665,52.57458258895719],[13.40689820558274,52.5745800676913],[13.406895453462381,52.574577440784424],[13.406892044203703,52.57457335097671],[13.40688930934678,52.57456907727499],[13.406887275229607,52.57456466083736],[13.406885961441647,52.57456014419659],[13.40688538063518,52.57455557085039],[13.406885538403458,52.574550984842624],[13.406886433226859,52.57454643033903],[13.40688805648752,52.57454195120195],[13.406890392552347,52.57453759056791],[13.406893418923575,52.57453339043213],[13.406897106455439,52.57452939124418],[13.406901419634872,52.57452563151836],[13.406906316923529,52.574522147462815],[13.406911751157805,52.57451897263083],[13.406917670003066,52.574516137597726],[13.406924016457655,52.57451366966635],[13.406930729401846,52.574511592604146],[13.406931426807452,52.57451142695259],[13.406931761621975,52.57451052017201],[13.406933307587535,52.57450767269947],[13.406935304220731,52.574504931257366],[13.40693773229283,52.57450232224727],[13.40694056842012,52.57449987079535],[13.406943785289114,52.57449760051038],[13.406947351919591,52.57449553325645],[13.406951233962957,52.574493688942276],[13.406955394033035,52.5744920853296],[13.406959792066123,52.5744907378621],[13.406964385706816,52.57448965951652],[13.406969130715916,52.57448886067798],[13.406973981396478,52.57448834903967],[13.406978891033889,52.574488129528945],[13.406983812345754,52.574488204259815],[13.406988697937248,52.57448857251258],[13.406993500757551,52.574489230740774],[13.406998174552966,52.57449017260534],[13.407002674312363,52.574491389035565],[13.40700695670067,52.57449286831662],[13.407050478099821,52.57450967273626],[13.407341724176694,52.57391497567294],[13.407342863614522,52.57391264102735],[13.407290699927009,52.57390023118011],[13.407286207736487,52.57389900449185],[13.40728193452885,52.57389751545021],[13.407277921457474,52.57389577839548],[13.407274207170458,52.573893810056475],[13.407270827438431,52.57389162938941],[13.407267814810051,52.57388925739534],[13.407265198298552,52.573886716917876],[13.407263003102326,52.573884032423244],[13.407261250362252,52.57388122976459],[13.407259956958098,52.573878335933124],[13.407259750906192,52.573877594313956],[13.407257756920274,52.57387631658452],[13.407251348932983,52.57387130693026],[13.407245777763626,52.57386593873264],[13.407241097065416,52.573860263690484],[13.407237351915768,52.57385433645767],[13.407234578382186,52.573848214116744],[13.407232803174933,52.57384195562927],[13.407232043389811,52.57383562126799],[13.407232306343525,52.5738292720362],[13.40723358950325,52.573822969080524],[13.407235880511024,52.573816773101825],[13.407239157302795,52.5738107437707],[13.407243388320921,52.573804939152794],[13.407248532818087,52.573799415149686],[13.407254541249753,52.57379422496043],[13.407261355751295,52.57378941856923],[13.407268910695278,52.57378504226415],[13.407277133323491,52.57378113819125],[13.407285944447642,52.57377774394879],[13.407295259211987,52.57377489222501],[13.407304987910516,52.57377261048351],[13.407315036850878,52.57377092069859],[13.407325309256665,52.573769839143786],[13.407335706199413,52.573769376234964],[13.407346127551317,52.573769536430184],[13.407356472949504,52.5737703181867],[13.407366642762556,52.573771713975816],[13.40736875637044,52.57377214035433],[13.407369249867395,52.57377208845932],[13.407374159609187,52.57377187048199],[13.40737908077766,52.5737719467499],[13.40738396597937,52.57377231652857],[13.407388768167246,52.57377297625685],[13.407393441093685,52.57377391958118],[13.407408278594664,52.5737774158351],[13.407424571245258,52.573744675368985],[13.40742622897467,52.57374185133539],[13.407428333054613,52.57373913989522],[13.407430863221585,52.573736567161085],[13.407433795108648,52.573734157909804],[13.407437100480104,52.57373193534376],[13.407440747503406,52.57372992086743],[13.407444701055741,52.573728133881325],[13.407448923062265,52.573726591595026],[13.407453372862797,52.57372530886162],[13.407458007603386,52.57372429803447],[13.407462782649029,52.57372356884838],[13.407467652013505,52.573723128325824],[13.407472568802277,52.57372298070921],[13.407477485664073,52.573723127420244],[13.407482355246923,52.57372356704595],[13.407487130654179,52.57372429535254],[13.407491765896143,52.57372530532603],[13.40749621633298,52.573726587239825],[13.407500439104608,52.57372812874846],[13.407504393543476,52.57372991500636],[13.407508041566201,52.573731928810915],[13.40751134804034,52.57373415076812],[13.407514281122726,52.57373655947934],[13.407516812566147,52.57373913174741],[13.407518917991366,52.57374184279999],[13.407520577121929,52.573744666528185],[13.407521773979422,52.573747575737976],[13.407522497037364,52.5737505424121],[13.40752273933222,52.57375353797988],[13.407522498530462,52.573756533592324],[13.40752177695104,52.57375950040008],[13.407520581543066,52.57376240983115],[13.407503022154543,52.57379769598901],[13.407507960224999,52.57379857950054],[13.40752029811326,52.573773065727366],[13.407520302991902,52.573773057205685],[13.407520306483386,52.573773048434795],[13.407868299053169,52.57305475999973],[13.407870185246171,52.57305147059317],[13.407872591550781,52.5730483096659],[13.407875494792883,52.57304530765935],[13.40787886701261,52.57304249348443],[13.407882675733598,52.57303989424317],[13.407886884275772,52.57303753496763],[13.407891452108583,52.57303543837889],[13.407896335241341,52.57303362466821],[13.407901486646871,52.573032111302574],[13.407906856714407,52.57303091285648],[13.407912393727361,52.57303004087161],[13.407918044361397,52.57302950374563],[13.40792375419794,52.57302930665135],[13.407929468248279,52.573029451486875],[13.407935131483114,52.57302993685738],[13.40794068936253,52.57303075808849],[13.407946088361223,52.573031907271336],[13.407951276483988,52.57303337333865],[13.407956203766453,52.57303514217147],[13.407960822756259,52.57303719673498],[13.407965088970043,52.57303951724265],[13.407968961321847,52.573042081346784],[13.407972402518801,52.57304486435367],[13.407975379420254,52.57304783946149],[13.407977863356953,52.57305097801834],[13.407979830407148,52.573054249798275],[13.40798126162697,52.57305762329224],[13.40798214323287,52.57306106601169],[13.407982466734373,52.57306454480137],[13.40798222901585,52.57306802615862],[13.407981432366533,52.57307147655609],[13.40798008445846,52.57307486276453],[13.407632097731344,52.57379314289335],[13.407619226794132,52.57381975910807],[13.40762587472482,52.573821103548944],[13.40763512208391,52.57380287745227],[13.407676543645954,52.57371914378498],[13.407678193742946,52.57371631809272],[13.407680290493804,52.573713604546136],[13.407682813705607,52.57371102927815],[13.407685739078405,52.57370861708995],[13.407689038439226,52.57370639121223],[13.407692680013415,52.573704373081334],[13.407696628730633,52.57370258213298],[13.407700846562607,52.57370103561493],[13.407705292889348,52.573699748420985],[13.407709924890371,52.573698732947484],[13.407714697957047,52.57369799897399],[13.407719566122221,52.573697553569055],[13.407724482502896,52.57369740102217],[13.407729399751739,52.57369754280242],[13.407734270513052,52.573697977544406],[13.407739047878835,52.57369870106132],[13.40774368584053,52.57369970638532],[13.407748139732105,52.57370098383462],[13.407752366660214,52.573702521106675],[13.407756325917271,52.57370430339678],[13.407759979373495,52.57370631354052],[13.407763291844118,52.57370853217913],[13.407766231428221,52.57371093794595],[13.407768769815975,52.57371350767217],[13.407770882561271,52.5737162166099],[13.407772549317155,52.57371903867067],[13.407773754031776,52.57372194667647],[13.40777448510299,52.57372491262166],[13.407774735490088,52.57372790794253],[13.407774502781603,52.57373090379255],[13.407773789218552,52.57373387132003],[13.407772601672837,52.57373678194603],[13.40774706361686,52.5737884073811],[13.40778703861062,52.573794541473866],[13.407819584958474,52.57379351523704],[13.407829742768287,52.57379210632717],[13.407826867631835,52.57378974937973],[13.407793288709664,52.57377095163374],[13.407789831608888,52.573768816465304],[13.407786734663462,52.573766485129944],[13.40778402769864,52.57376398007973],[13.407781736783933,52.57376132543969],[13.407779883982048,52.57375854677549],[13.407778487136408,52.573755670847184],[13.407777559699312,52.573752725351575],[13.407777110602398,52.57374973865541],[13.40777714417062,52.57374673952219],[13.407777660080592,52.573743756835206],[13.407778653363732,52.57374081931936],[13.407780114454084,52.573737955264534],[13.407782029280469,52.57373519225312],[13.407784379401999,52.573732556894385],[13.407787142185661,52.573730074568296],[13.407790291024307,52.57372776918094],[13.407793795592879,52.573725662934436],[13.407797622140475,52.57372377611306],[13.407801733815363,52.57372212688793],[13.40780609101991,52.573720731141925],[13.407810651791914,52.57371960231684],[13.407815372208715,52.573718751283856],[13.407820206810204,52.57371818623884],[13.407825109036619,52.57371791262349],[13.407830031676934,52.5737179330729],[13.407834927323531,52.573718247390104],[13.407839748828755,52.573718852548055],[13.407844449758962,52.57371974271878],[13.407848984841706,52.573720909329445],[13.40785331040173,52.573722341144986],[13.407857384781579,52.57372402437627],[13.40786116874278,52.57372594281289],[13.407898239996657,52.57374669557395],[13.407901566142112,52.573748741842806],[13.407904561381391,52.5737509697709],[13.407949786298525,52.573788043662965],[13.408006518383928,52.57380746041326],[13.408149872006362,52.573833183133814],[13.408153536612787,52.57383393535776],[13.408231593893312,52.57385202745544],[13.4082361035259,52.57385323014864],[13.408240397952746,52.57385469635234],[13.408244435816224,52.57385641194622],[13.408248178229531,52.5738583604082],[13.408251589151199,52.573860522973575],[13.408254635732183,52.573862878815675],[13.408257288632214,52.57386540524648],[13.408257773324658,52.57386598520323],[13.408257786267985,52.573865984642],[13.408265312443211,52.57386610905314],[13.408272782362571,52.57386668230558],[13.408280124086888,52.573867698878615],[13.408287266911541,52.573869148982126],[13.408294142047415,52.57387101865083],[13.408300683283338,52.57387328987888],[13.408306827623754,52.57387594079317],[13.408312515895371,52.573878945863996],[13.408317693317061,52.573882276150975],[13.408322310027403,52.57388589958166],[13.408326321564896,52.573889781260526],[13.408329689296135,52.57389388380494],[13.40833238078789,52.57389816770522],[13.408334370119446,52.57390259170509],[13.40833563813226,52.57390711319907],[13.408336172614451,52.57391168864269],[13.408335968418438,52.57391627397195],[13.408335027510509,52.573920825027635],[13.4083333589519,52.573925297980544],[13.408330978811536,52.5739296497537],[13.408327910011286,52.57393383843706],[13.408324182105225,52.573937823691296],[13.40831983099501,52.573941567136146],[13.408314898584136,52.57394503272016],[13.408309432374386,52.57394818706774],[13.408160182283543,52.5740262156072],[13.408198883833974,52.57406879429532],[13.40820102849216,52.574071449557444],[13.408383431457882,52.57432792846404],[13.408449419508097,52.57440352351045],[13.408531046405484,52.57447949399473],[13.408587983770204,52.574526122068626],[13.409329975578038,52.57496762781131],[13.40934962546383,52.57497557537504],[13.409377081711465,52.57497924786669],[13.409404046127204,52.5749758298423],[13.409415516048822,52.57497002182679],[13.409449525299008,52.57491406343146],[13.409451459142574,52.5749113053268],[13.409453827412262,52.57490867598377],[13.409456607300289,52.574906200724335],[13.409459772034781,52.57490390338656],[13.409463291137598,52.574901806095035],[13.409467130717855,52.57489992904782],[13.409471253798326,52.57489829032183],[13.409475620671527,52.57489690569893],[13.409480189282142,52.574895788513714],[13.409484915632026,52.57489494952529],[13.409489754203928,52.57489439681355],[13.409494658399845,52.57489413570143],[13.409499580989793,52.57489416870352],[13.409504474566635,52.57489449550206],[13.40950635806157,52.574894736908426],[13.409507150127356,52.57489447963626],[13.409516785749844,52.574892055354326],[13.409526765004353,52.57489021814237],[13.409536991785577,52.57488898569368],[13.409547367604436,52.57488836987736],[13.409557792536553,52.574888376624024],[13.409568166184577,52.57488900586873],[13.40957838864504,52.5748902515515],[13.409588361470462,52.5748921016758],[13.409597988617447,52.57489453842401],[13.409607177371614,52.57489753832898],[13.409615839240477,52.57490107250015],[13.409623890805669,52.574905106901575],[13.40963125452629,52.57490960267996],[13.409637859485686,52.57491451653859],[13.40964364207439,52.574919801154486],[13.409648546602735,52.574925405634],[13.409652525837185,52.57493127600305],[13.409655541455217,52.57493735572686],[13.409657564414411,52.57494358625444],[13.409658575232156,52.57494990758247],[13.409658564173286,52.574956258833105],[13.409657531343864,52.574962578840335],[13.40965548669017,52.574968806739015],[13.409654652193895,52.57497047634661],[13.409655437843494,52.574971731683746],[13.409656732410207,52.574974625328444],[13.409657555197926,52.57497758234514],[13.40965789828266,52.5749805742562],[13.40965775836022,52.57498357224785],[13.409657136778037,52.574986547447814],[13.409656039522192,52.574989471203295],[13.40965447715977,52.574992315356866],[13.409651181939779,52.57499746018555],[13.409736745641007,52.57501695944486],[13.40974365964448,52.57501877539089],[13.409750248196133,52.57502099546513],[13.40975644784473,52.575023598287125],[13.409762198884346,52.57502655879034],[13.40976744592936,52.575029848463586],[13.40977213844785,52.57503343562557],[13.409776231248246,52.57503728573002],[13.409779684914545,52.5750413616984],[13.409782466185918,52.57504562427699],[13.409784548277027,52.575050032414815],[13.409785911136007,52.575054543659185],[13.409786541637558,52.575059114564326],[13.409786433709382,52.57506370110999],[13.409785588390653,52.57506825912518],[13.40978401382203,52.57507274471374],[13.40978172516726,52.575077114676944],[13.409778744467157,52.57508132692961],[13.40977510042733,52.575085340905424],[13.409770828141761,52.57508911794751],[13.409765968754812,52.57509262168085],[13.409760569065003,52.57509581836249],[13.409754681074306,52.575098677206576],[13.409748361487347,52.57510117068078],[13.409741671165294,52.575103274771585],[13.40973467453975,52.57510496921534],[13.409727438992208,52.575106237693575],[13.409720034205144,52.575107067990146],[13.409712531490921,52.575107452108796],[13.409705003105007,52.575107386350254],[13.409697521550104,52.575106871347806],[13.409690158877897,52.57510591206124],[13.409682985995158,52.57510451772903],[13.409595388254203,52.575084554921105],[13.409563982237653,52.57513357095081],[13.409577310889814,52.575151647547685],[13.409735695252133,52.575307893574646],[13.409803860127377,52.57520472380911],[13.40980701090386,52.575200557751764],[13.409810816769495,52.57519659990427],[13.409815241071607,52.57519288838279],[13.409820241201682,52.57518945893125],[13.409825769005707,52.575186344577055],[13.409831771247928,52.575183575313076],[13.409838190123539,52.575181177808766],[13.409844963815363,52.57517917515336],[13.409852027089194,52.575177586633444],[13.409859311922016,52.57517642754731],[13.409866748157112,52.575175709057554],[13.409874264179692,52.575175438083605],[13.40988178760658,52.57517561723508],[13.40988924598329,52.57517624478666],[13.4098965674818,52.575177314694706],[13.409903681592281,52.57517881665545],[13.409910519802137,52.575180736204224],[13.409917016255816,52.57518305485479],[13.409923108389034,52.57518575027734],[13.409928737531278,52.57518879651354],[13.409933849470862,52.575192164226536],[13.409938394976987,52.57519582098349],[13.409942330273882,52.5751997315679],[13.409945617462379,52.575203858318744],[13.40994822488491,52.57520816149323],[13.409950127430395,52.57521259964947],[13.409951306776076,52.57521713004563],[13.409951751563995,52.57522170905152],[13.409951457510363,52.57522629256886],[13.409950427446857,52.57523083645581],[13.409948671293327,52.57523529695228],[13.409946205962285,52.5752396311012],[13.409837359194642,52.57540437478713],[13.409986809562003,52.575534517573864],[13.41003078631655,52.575564148498266],[13.410092051893585,52.57558532243066],[13.410194426615842,52.57561247907888],[13.410199171619217,52.57561392414498],[13.410203639613297,52.57561566639669],[13.410207780634579,52.57561768635124],[13.410261180629524,52.57564668633624],[13.410264714533568,52.57564880550772],[13.410267887759757,52.57565112687745],[13.410410626267906,52.57576671813973],[13.410447060762586,52.57577969751423],[13.41047981996779,52.575781060012496],[13.41050463233084,52.57577542576456],[13.410527700978315,52.575760652149846],[13.410546274409288,52.57573040786228],[13.410548223644259,52.575727653772255],[13.410550606593633,52.57572502934144],[13.410553400308258,52.5757225598445],[13.410556577883098,52.575720269064036],[13.410560108716355,52.57571817906146],[13.41056395880418,52.575716309964626],[13.410568091068148,52.57571467977392],[13.410572465712335,52.575713304188945],[13.410577040606585,52.57571219645734],[13.410581771692241,52.57571136724709],[13.410586613406444,52.575710824543975],[13.410591519120931,52.575710573574504],[13.41059644159109,52.57571061675563],[13.41060133341094,52.575710953671496],[13.410606147469673,52.57571158107744],[13.410610837405367,52.57571249293121],[13.410615358051455,52.57571368045118],[13.410619665871709,52.5757151322009],[13.410623719379519,52.575716834199234],[13.410627479537421,52.575718770055055],[13.410630618094373,52.57572073800943],[13.410634931503843,52.57572030588687],[13.410645334756259,52.57571989456836],[13.41065575409053,52.57572010645447],[13.410666089163213,52.5757209395047],[13.41067624044233,52.57572238569631],[13.41068611016591,52.57572443110177],[13.410695603283465,52.575727056022764],[13.410704628371372,52.57573023518],[13.41071309851331,52.57573393795658],[13.410720932137325,52.57573812869284],[13.410728053801385,52.57574276702983],[13.410734394919935,52.575747808298004],[13.410739894424417,52.575753203947286],[13.410744499351397,52.57575890201475],[13.410748165352636,52.575764847625],[13.410750857122201,52.57577098351864],[13.410752548736497,52.575777250603714],[13.41075322390393,52.57578358852482],[13.410752876121832,52.57578993624434],[13.410751508739093,52.57579623263022],[13.410749134923933,52.5758024170448],[13.410745777537093,52.57580842992874],[13.410742045402866,52.575814172872924],[13.410742593140524,52.57581436319429],[13.410746609833124,52.57581609729294],[13.410750328187897,52.575818062895564],[13.410753712395064,52.575820241072364],[13.41075672986285,52.57582261084633],[13.410759351531373,52.57582514939526],[13.410761552152483,52.57582783227159],[13.410763310532934,52.575830633637764],[13.41076460973849,52.575833526515105],[13.410765437257005,52.575836483043645],[13.41076578511893,52.575839474750424],[13.410765649974067,52.57584247282365],[13.410765033123837,52.57584544839025],[13.410763940508748,52.57584837279387],[13.410762382651194,52.575851217870905],[13.410679110911921,52.575981600974785],[13.410699335025365,52.57599908754948],[13.41104535573103,52.57627836453026],[13.411184425815366,52.57621370235364],[13.411188481130216,52.57621200191275],[13.411192790501353,52.576210551818136],[13.411197312427232,52.57620936603498],[13.411202003359305,52.57620845598297],[13.411206818121412,52.57620783042644],[13.411211710344853,52.576207495389795],[13.411216632914934,52.57620745409963],[13.41122153842472,52.576207706953575],[13.411226379631561,52.576208251516526],[13.411231109912082,52.57620908254406],[13.41123568371118,52.57621019203294],[13.411240056980738,52.576211569298195],[13.411244187603836,52.57621320107603],[13.411248035800355,52.57621507165159],[13.41125156451008,52.57621716301019],[13.411254739749607,52.57621945501097],[13.411257530939627,52.57622192558073],[13.411259911199418,52.57622455092657],[13.411261857605721,52.576227305764974],[13.411263351413515,52.5762301635654],[13.411264378236531,52.57623309680562],[13.411264928185812,52.57623607723702],[13.411264995964949,52.57623907615636],[13.411264580921094,52.57624206468245],[13.411263687051246,52.5762450140341],[13.411262322963776,52.57624789580746],[13.411260501795502,52.57625068224947],[13.411258241085203,52.57625334652513],[13.4112555626047,52.576255862975984],[13.411252492149181,52.57625820736722],[13.411249059288796,52.57626035712101],[13.41124529708386,52.57626229153406],[13.41110586641659,52.576327121406564],[13.41153742277656,52.57667426164485],[13.411661422027136,52.57661790864969],[13.411665507772145,52.576616235428595],[13.411669843050019,52.576614814237544],[13.411674386109711,52.57661365876338],[13.411679093199146,52.576612780133885],[13.411683918986562,52.576612186810756],[13.411688816997078,52.576611884508],[13.411693740060274,52.57661187613696],[13.411698640764458,52.57661216177823],[13.411703471913265,52.57661273868095],[13.411708186980182,52.57661360128927],[13.411712740556618,52.57661474129577],[13.411717088789215,52.576616147721616],[13.411721189802167,52.57661780702217],[13.411725004100514,52.576619703217496],[13.4117284949505,52.57662181804623],[13.411731628733328,52.57662413114142],[13.411734375268939,52.57662662022677],[13.41173670810665,52.57662926133101],[13.411738604779908,52.576632029018896],[13.411740047022638,52.576634896636136],[13.411741020945179,52.576637836565986],[13.411741517168027,52.576640820495314],[13.41174153091219,52.57664381968729],[13.411741062045206,52.576646805258065],[13.411740115082424,52.57664974845491],[13.41173869914352,52.57665262093325],[13.411736827864683,52.576655395029505],[13.411734519267275,52.576658044027624],[13.411731795584306,52.576660542416256],[13.411728683046288,52.576662866134534],[13.411725211628646,52.576664992803764],[13.411721414763033,52.576666901942886],[13.411597882248062,52.57672304285751],[13.411836953341357,52.57691651741255],[13.411883430076688,52.5769064080684],[13.411890636805145,52.57690507949184],[13.411898022589058,52.576904187646704],[13.411905516299512,52.576903741121974],[13.411913045768202,52.57690374421788],[13.411920538482459,52.57690419690463],[13.411927922283576,52.5769050948226],[13.41193512606172,52.576906429324396],[13.411942080440763,52.57690818755806],[13.411948718446391,52.576910352590914],[13.411954976151108,52.576912903572556],[13.411960793289882,52.576915815935685],[13.411966113840524,52.57691906163273],[13.411970886563228,52.57692260940594],[13.411975065494008,52.57692642508838],[13.411978610387393,52.57693047193299],[13.411981487103985,52.57693471096653],[13.411983667939268,52.576939101364815],[13.411985131890413,52.57694360084596],[13.411985864858556,52.57694816607751],[13.411985859784588,52.57695275309381],[13.411985116717139,52.5769573177194],[13.411983642812132,52.57696181599439],[13.411981452263866,52.57696620459795],[13.411978566168331,52.57697044126533],[13.41197501232004,52.5769744851951],[13.411970824944374,52.576978297441954],[13.411966044367961,52.576981841291776],[13.411960716630324,52.5769850826153],[13.411954893040496,52.576987990196734],[13.411948629682874,52.57699053603443],[13.411941986877109,52.57699269561047],[13.41193502859718,52.57699444812694],[13.411861685632287,52.57701040124623],[13.411836061508389,52.577016016969395],[13.411836230396164,52.57701862782075],[13.411835617863346,52.57702496810358],[13.411833988172258,52.5770312412802],[13.411831357017299,52.57703738693645],[13.41182774973754,52.57704334588622],[13.411823201072734,52.577049060741466],[13.41181775482873,52.57705447646492],[13.41181146345565,52.57705954090008],[13.411804387542732,52.57706420527355],[13.411796595234863,52.57706842466469],[13.411788161576283,52.577072158438355],[13.411779167787877,52.57707537063615],[13.411769700484962,52.5770780303227],[13.411759850843135,52.577080111883696],[13.411749713720178,52.57708159527248],[13.411745761196132,52.57708192861065],[13.411791553409298,52.577117365768366],[13.412407754193824,52.57746832096063],[13.414349715747848,52.57820272370716],[13.414544696992522,52.578260844717406],[13.414545663341011,52.5782606360256],[13.41455226989818,52.57825964043342],[13.414559004831172,52.57825904411914],[13.414565803279071,52.578258852825606],[13.414572599769302,52.57825906839506],[13.414579328848129,52.57825968875148],[13.41458561161856,52.57826065939542],[13.414585846604972,52.57825475878402],[13.414585982378215,52.57825363306991],[13.414586073217535,52.578252505678606],[13.414586162679146,52.57825213817071],[13.414586207368814,52.57825176764266],[13.414586523612918,52.57825065545633],[13.414586795409317,52.578249538917824],[13.41458694357126,52.57824917852143],[13.414587047662787,52.578248812446034],[13.414587541332114,52.57824772449845],[13.414587991468006,52.57824662956563],[13.414650761167136,52.57812055440748],[13.414652419565003,52.578117730481466],[13.414654524338447,52.57811501917834],[13.414657055217283,52.5781124466094],[13.414659987827722,52.578110037549884],[13.414663293927097,52.57810781520029],[13.414666941675852,52.57810580096305],[13.414670895944184,52.57810401423635],[13.414675118650358,52.5781024722273],[13.414679569127452,52.578101189786274],[13.414684204515,52.578100179263856],[13.414688980171768,52.5780994503919],[13.414693850105653,52.57809901018985],[13.41469876741663,52.57809886289705],[13.414703684748398,52.57809900993204],[13.414708554744465,52.578099449878785],[13.4147133305042,52.578100178500364],[13.414717966034514,52.578101188779776],[13.414722416692792,52.578102470987496],[13.414726639616818,52.57810401277517],[13.414730594137575,52.57810579929458],[13.414734242170892,52.578107813340615],[13.414737548584224,52.5781100355169],[13.414740481534992,52.578112444422715],[13.414743012777242,52.578115016859016],[13.414745117933688,52.57811772805185],[13.414746776730455,52.57812055189095],[13.414747973192345,52.578123461181264],[13.414748695796689,52.57812642790473],[13.41474893758432,52.57812942349017],[13.414748696226592,52.5781324190885],[13.414747974047813,52.5781353858504],[13.414746778002865,52.57813829520439],[13.414685988000448,52.5782603946169],[13.414684774293889,52.578290873036096],[13.415049320333752,52.57838753574222],[13.415160166116417,52.57841478653905],[13.415280710725936,52.57843775645459],[13.41565423564975,52.578481205954915],[13.415655864808794,52.57847613261319],[13.415657035614698,52.57847324200853],[13.41571530933442,52.57835455779608],[13.415716949917396,52.57835173000854],[13.41571903758548,52.578349013798224],[13.415721552233228,52.57834643532367],[13.415724469643154,52.578344019416974],[13.415727761718983,52.57834178934461],[13.41573139675622,52.578339766583376],[13.415735339747469,52.578337970613546],[13.415739552719607,52.57833641873123],[13.41574399509945,52.578335125881914],[13.41574862410452,52.57833410451639],[13.41575339515504,52.57833336447096],[13.415758262303275,52.578332912872675],[13.41576317867602,52.57833275407063],[13.415768096926016,52.57833288959418],[13.415772969687925,52.57833331813817],[13.41577775003448,52.5783340355755],[13.415782391928415,52.57833503499688],[13.415786850665837,52.57833630677733],[13.415791083306722,52.57833783866895],[13.415795049088473,52.57833961591879],[13.415798709818473,52.57834162141103],[13.415802030241897,52.57834383583168],[13.415804978381246,52.57834623785472],[13.415807525844295,52.57834880434733],[13.415809648097536,52.57835151059285],[13.415811324702448,52.57835433052868],[13.41581253951233,52.578357236997306],[13.415813280827813,52.57836020200786],[13.415813541509532,52.57836319700568],[13.415813319046878,52.578366193147296],[13.415812615582192,52.57836916157823],[13.415811437890127,52.57837207371085],[13.415753865505582,52.57848933006052],[13.415753023247545,52.57849195294289],[13.415922984793491,52.57850922417535],[13.415970020722074,52.57851312472636],[13.415970448462327,52.578509314704064],[13.415971176355477,52.578505814995154],[13.415972561413087,52.5785023896983],[13.416032800225514,52.57838345102978],[13.41603448079977,52.57838063197058],[13.416036606862493,52.578377926834406],[13.41603915793847,52.57837536167316],[13.416042109459408,52.578372961190745],[13.416045433000514,52.57837074850507],[13.416049096554268,52.578368744925484],[13.416053064838653,52.57836696974752],[13.416057299636954,52.57836544006709],[13.416061760165794,52.57836417061583],[13.416066403467907,52.578363173619216],[13.416071184825835,52.57836245867887],[13.416076058192575,52.57836203268002],[13.416080976635033,52.57836189972527],[13.41608589278602,52.57836206109506],[13.416090759300413,52.578362515235305],[13.416095529311109,52.57836325777239],[13.416100156880386,52.5783642815553],[13.416104597442297,52.578365576724465],[13.416108808231861,52.578367130806704],[13.41611274869692,52.57836892883541],[13.416116380888667,52.5783709534946],[13.416119669827118,52.57837318528571],[13.416122583837984,52.57837560271544],[13.416125094857719,52.57837818250262],[13.41612717870378,52.578380899802525],[13.416128815307529,52.57838372844609],[13.416129988907496,52.57838664119196],[13.416130688201187,52.57838960998878],[13.416130906453924,52.57839260624546],[13.416130641563717,52.57839560110641],[13.416129896081506,52.578398565729444],[13.416128677186597,52.57840147156365],[13.416070154443592,52.57851702243967],[13.416069822562974,52.57851997866833],[13.41617808115459,52.57852568370107],[13.416515877461414,52.578540512964686],[13.416522633422993,52.57854101350172],[13.416529276317291,52.57854191503091],[13.416535742169776,52.57854320887005],[13.416541968710902,52.5785448825588],[13.416547895975802,52.5785469199787],[13.416553466881766,52.57854930150828],[13.416558627777993,52.57855200421217],[13.41656332896225,52.57855500206194],[13.416567525159554,52.57855826618669],[13.416571175958182,52.57856176515119],[13.41657424619887,52.57856546525853],[13.416576706313405,52.57856933087471],[13.416578532609398,52.57857332477176],[13.41657970749846,52.57857740848631],[13.416580219665587,52.57858154268997],[13.416580064178145,52.57858568756808],[13.416579242533372,52.57858980320325],[13.416577762643977,52.578593849959596],[13.416575638761934,52.578597788864634],[13.416572891341238,52.57860158198453],[13.416569546840929,52.57860519278942],[13.416565637470272,52.57860858650522],[13.41656120087859,52.57861173044854],[13.416560879673586,52.578611917378176],[13.416560934074592,52.57861197225704],[13.416563053765454,52.57861467925175],[13.416564727697155,52.5786174997794],[13.41656593974874,52.57862040667677],[13.416566678247401,52.57862337194885],[13.416566936080901,52.578626367038495],[13.416566710766062,52.578629363101335],[13.416566004472694,52.578632331283636],[13.416564824002691,52.57863524300018],[13.416563180724536,52.57863807020952],[13.416561090463826,52.57864078568408],[13.416558573350848,52.57864336327233],[13.41655565362673,52.578645778150666],[13.416552359409987,52.57864800706244],[13.416548722425715,52.57865002854198],[13.416544777700073,52.57865182312135],[13.41654056322295,52.57865337351769],[13.416536119582117,52.57865466479982],[13.416531489572327,52.578655684531974],[13.416526717783174,52.578656422893566],[13.416521850169694,52.578656872773735],[13.416516933609755,52.578657029839896],[13.416512015452613,52.5786568925794],[13.416147841435054,52.57863578204257],[13.416145948062763,52.579094262048095],[13.41614700838944,52.579094080574265],[13.416431108210965,52.57904768060384],[13.4164369592475,52.57904694923589],[13.416442911499626,52.5790466466537],[13.416513725838744,52.57904562439745],[13.416518647610692,52.57904570055189],[13.41652353342975,52.579046070218105],[13.416528336242907,52.57904672983607],[13.41653300979653,52.579047673053296],[13.416537509081822,52.57904889078612],[13.416541790768274,52.57905037130711],[13.416545813620953,52.57905210035809],[13.41654953889762,52.579054061287366],[13.416552930721837,52.57905623521014],[13.416555956428477,52.5790586011904],[13.416558586878304,52.57906113644245],[13.416560796738608,52.579063816550494],[13.416562564727165,52.57906661570365],[13.416563873817204,52.57906950694454],[13.416564711401387,52.579072462428975],[13.41656506941323,52.579075453693996],[13.416564944404781,52.57907845193211],[13.416564337579844,52.57908142826865],[13.416563254782378,52.57908435403984],[13.41656170644023,52.57908720106892],[13.416559707464701,52.57908994193739],[13.416557277106952,52.57909255024921],[13.416554438772605,52.57909500088483],[13.416551219796347,52.57909727024331],[13.416547651178657,52.579099336469426],[13.416543767287287,52.579101179664285],[13.416539605526257,52.57910278207686],[13.416535205975643,52.579104128275034],[13.416530611005586,52.57910520529415],[13.416525864868229,52.57910600276192],[13.416521013271556,52.57910651299825],[13.416516102939191,52.57910673108931],[13.416451291731125,52.57910766668692],[13.416214538139144,52.579146333981605],[13.416223468271125,52.5793784155546],[13.416223341992284,52.57938141377265],[13.41622273390295,52.5793843900134],[13.41622164985926,52.57938731561405],[13.416220100301063,52.579390162399406],[13.416218100151369,52.579392902953394],[13.41621566867265,52.579395510882925],[13.416212829281326,52.57939796107223],[13.416209609322257,52.57940022992455],[13.416206039805394,52.57940229558963],[13.416202155107142,52.579404138173935],[13.416197992639296,52.579405739932334],[13.416193592488739,52.579407085438994],[13.416188997031385,52.579408161735934],[13.416184250524077,52.579408958457805],[13.41617939867836,52.579409467931725],[13.41617448822025,52.57940968525117],[13.416169566440246,52.579409608323225],[13.416164680737873,52.579409237888775],[13.416159878165216,52.57940857751528],[13.41615520497376,52.57940763356254],[13.416150706168972,52.57940641512134],[13.416146425076867,52.57940493392596],[13.416142402926752,52.57940320424115],[13.416138678454162,52.57940124272475],[13.416135287527819,52.57939906826724],[13.41613226280419,52.5793967018099],[13.416129633412991,52.57939416614301],[13.416127424676652,52.57939148568648],[13.416125657866456,52.57938868625458],[13.416124349997672,52.57938579480739],[13.41612351366571,52.57938283919114],[13.416123156924806,52.57937984787004],[13.416114834246342,52.579163540377806],[13.4159410621602,52.57919465042067],[13.415715227765082,52.57924468525359],[13.415715627510053,52.57950939530291],[13.415740662097496,52.57952444813775],[13.415770000726338,52.5795372974792],[13.41577476415183,52.579538302323776],[13.415822574086764,52.57953946977001],[13.415903054859498,52.57953777721748],[13.416128268285572,52.57952380446417],[13.416130638553309,52.57952370879943],[13.416130627007215,52.57952349110876],[13.416130709661292,52.57952049232682],[13.416131274428093,52.57951751292004],[13.416132315868513,52.57951458158175],[13.416133823952817,52.57951172654231],[13.416135784157252,52.57950897529729],[13.416138177603912,52.57950635434267],[13.416140981242547,52.57950388891964],[13.416144168072549,52.57950160277155],[13.416147707402988,52.57949951791524],[13.416151565148185,52.57949765442896],[13.416155704155965,52.57949603025909],[13.416160084565464,52.57949466104724],[13.416164664191001,52.579493559979646],[13.416169398928353,52.579492737660196],[13.416174243179496,52.579492202008204],[13.416179150291736,52.57949195818234],[13.416184073006995,52.57949200853072],[13.416188963916932,52.57949235256853],[13.416193775919508,52.57949298698244],[13.416198462672597,52.579493905662765],[13.416202979040285,52.57949509976209],[13.416207281527546,52.57949655778064],[13.416211328699127,52.579498265676875],[13.416215081578589,52.5795002070029],[13.416218504023664,52.579502363062694],[13.416221563074329,52.57950471309226],[13.416224229270235,52.579507234459534],[13.41622647693441,52.579509902882435],[13.416228284420567,52.57951269266258],[13.416229634321548,52.579515576932906],[13.41623051363699,52.579518527916306],[13.416230913898504,52.57952151719323],[13.416230916299238,52.57952156245485],[13.41627063441832,52.57952081655896],[13.416295864693977,52.57952128260764],[13.41642296433535,52.57952838258472],[13.416451705021904,52.57953124374225],[13.419899296009879,52.58002854229505],[13.419921873906011,52.58003263958823],[13.4199435392116,52.58003827613176],[13.4199968343438,52.58005438880277],[13.419997741522602,52.58005325329047],[13.4200003195865,52.580050698123436],[13.420003296373142,52.58004830919265],[13.420006643214421,52.58004610950479],[13.420010327878417,52.580044120244025],[13.420014314879818,52.58004236056801],[13.420018565821652,52.58004084742334],[13.420023039765072,52.58003959538241],[13.420027693623625,52.58003861650302],[13.420032482578188,52.58003792021231],[13.420037360508596,52.580037513215935],[13.420042280437812,52.58003739943347],[13.420047194984322,52.58003757996072],[13.420052056818458,52.58003805305907],[13.42005681911819,52.5800388141724],[13.420061436020058,52.58003985597072],[13.420065863060842,52.58004116842101],[13.420070057605779,52.580042738883655],[13.420073979259152,52.58004455223429],[13.420077590253326,52.58004659100938],[13.420080855812454,52.580048835574416],[13.420083744487405,52.58005126431305],[13.420086228458626,52.580053853835246],[13.420088283804068,52.58005657920249],[13.42008989072957,52.58005941416803],[13.420090386890347,52.58006068047861],[13.420092518174668,52.58005961397766],[13.420098777211248,52.58005706378997],[13.420105416444192,52.58005489959981],[13.420112371934191,52.58005314224945],[13.420119576696237,52.58005180866308],[13.42012696134473,52.580050911683834],[13.420134454761676,52.5800504599501],[13.420141984781603,52.58005045781229],[13.420149478886534,52.580050905290996],[13.420156864904365,52.58005179807677],[13.420164071703923,52.58005312757164],[13.420171029879974,52.58005488097187],[13.420177672421643,52.580057041391306],[13.420183935357747,52.580059588023985],[13.42018975837287,52.58006249634452],[13.42019508538824,52.58006573834426],[13.420199865101782,52.58006928280104],[13.420204051482198,52.58007309557987],[13.420207604212262,52.58007713996166],[13.42021048907711,52.58008137699689],[13.420228590351982,52.580112149071304],[13.420861314992331,52.58030618223397],[13.420862292252,52.5803055105947],[13.420865903443865,52.580303471935046],[13.420869825277357,52.580301658709786],[13.420874019983106,52.58030008838127],[13.420878447163847,52.58029877607258],[13.420883064183473,52.580297734421954],[13.420887826577633,52.58029697346103],[13.42089268848196,52.58029650051825],[13.420897603073746,52.580296320148335],[13.420902523022887,52.580296434088325],[13.42090740094768,52.58029684124091],[13.420912189871137,52.580297537685006],[13.420916843673394,52.5802985167135],[13.420921317535871,52.58029976889782],[13.420925568372887,52.58030128217875],[13.420929555246607,52.58030304198263],[13.420933239761284,52.58030503136161],[13.420936586433042,52.58030723115689],[13.42093956303159,52.58030962018329],[13.420942140890633,52.58031217543319],[13.42094429518393,52.58031487229817],[13.4209460051644,52.580317684805976],[13.420947254363917,52.58032058587063],[13.420948030751925,52.58032354755332],[13.420948326851285,52.580326541331424],[13.420948139810301,52.58032953837323],[13.420947471430186,52.58033250981555],[13.42094743585648,52.58033260058626],[13.421605317073166,52.580534472393104],[13.421669387147514,52.58054915895287],[13.421679588624157,52.58055029433201],[13.421692526604717,52.58054887289486],[13.421692935207425,52.580548398884396],[13.421696758896003,52.580544447243184],[13.421701200014674,52.58054074293439],[13.42170621579297,52.580537321632505],[13.421711757926179,52.58053421628644],[13.42171777304055,52.580531456802326],[13.421724203207315,52.580529069755414],[13.421730986500556,52.580527078134224],[13.421738057593597,52.58052550111912],[13.421745348388129,52.580524353897545],[13.421752788670014,52.58052364751783],[13.421760306785492,52.58052338878282],[13.42176783033123,52.580523580184256],[13.4217752868516,52.580524219878825],[13.421782604536453,52.580525301705954],[13.421789712912693,52.58052681524708],[13.421796543522941,52.58052874592603],[13.421803030584837,52.580531075149366],[13.42180911162454,52.58053378048544],[13.42181472807838,52.580536835880466],[13.421819825856856,52.58054021190939],[13.421824355865553,52.58054387605928],[13.421828274477946,52.580547793042435],[13.421831543955546,52.5805519251362],[13.421834132811354,52.58055623254635],[13.421836016113092,52.58056067379019],[13.421837175723331,52.580565206096146],[13.421837600474175,52.58056978581566],[13.421837286274807,52.58057436884353],[13.42183623615091,52.5805789110427],[13.421834460215534,52.58058336866927],[13.421832619829265,52.58058657601106],[13.423089254445442,52.58087461880534],[13.423110295482067,52.580880274840624],[13.423130174064847,52.58088732050621],[13.423148643827952,52.58089566848164],[13.423941284480804,52.58129745885721],[13.424072262618855,52.58133687522681],[13.424991643402041,52.58142508920172],[13.425010446069434,52.58142744315954],[13.425028808896933,52.58143085003071],[13.425046573349968,52.58143528040223],[13.42624036940503,52.58177325536228],[13.426439029815203,52.58181050419308],[13.426498459074587,52.58181002189499],[13.426771533981624,52.58177688216438],[13.426791386711786,52.581775078507995],[13.426811433084753,52.58177445693248],[13.42683148386544,52.581775023305404],[13.427146982976097,52.58179332324664],[13.427162118561645,52.581794546367476],[13.427177064517208,52.581796447063326],[13.427357364049803,52.581823646984574],[13.427379945742134,52.58182790222947],[13.427401581664524,52.58183370088438],[13.427555081379886,52.58188140076129],[13.42757485923512,52.58188841341273],[13.42759324247293,52.581896715500726],[13.428373992604977,52.58229194048048],[13.428377591956494,52.58228954840519],[13.428381582120855,52.58228737006726],[13.428385903592822,52.58228544045325],[13.428390514754302,52.58228377814635],[13.42839537119734,52.58228239915547],[13.428400426151816,52.58228131676099],[13.428405630935844,52.582280541386965],[13.428410935424614,52.58228008050065],[13.42841628853311,52.58227993854062],[13.428421638708087,52.58228011687402],[13.428426934424557,52.58228061378342],[13.42843212468198,52.58228142448331],[13.428437159495441,52.58228254116624],[13.428441990377028,52.58228395307794],[13.428446570802778,52.58228564662099],[13.42845085666074,52.58228760548566],[13.428454806675793,52.582289810807026],[13.428458382807138,52.58229224134669],[13.428461550614662,52.58229487369728],[13.428464279590612,52.58229768250784],[13.428466543453396,52.58230064072802],[13.428468320400707,52.58230371986855],[13.428469593319475,52.582306890275675],[13.428470349950697,52.58231012141663],[13.428470583007481,52.582313382173794],[13.428470290245253,52.58231664114428],[13.428466507193226,52.582338771654676],[13.428484794756603,52.58234802885625],[13.428594986110694,52.58240108174009],[13.428601442167885,52.58239653175971],[13.428609000725197,52.582392156792764],[13.428617226872943,52.58238825417829],[13.428626041388934,52.58238486150048],[13.428635359384762,52.58238201143256],[13.428645091123299,52.58237973142211],[13.428655142882914,52.58237804342682],[13.428665417860051,52.58237696370291],[13.42867581710148,52.582376502648714],[13.428686240457262,52.5823766647044],[13.428696587545222,52.58237744830925],[13.428706758717672,52.582378845916836],[13.42871665602106,52.582380844067444],[13.428726184139295,52.58238342351787],[13.428735251311682,52.582386559426716],[13.428743770216613,52.582390221593585],[13.428751658812521,52.582394374749924],[13.428758841127976,52.582398978898695],[13.428765247993322,52.582403989699564],[13.42877081770683,52.58240935889594],[13.428775496628926,52.582415034779594],[13.428779239698754,52.5824209626888],[13.42878201086818,52.58242708553464],[13.428783783448944,52.58243334435082],[13.428784540369703,52.58243967886156],[13.428784274340464,52.582446028062066],[13.42878277206354,52.58245827113467],[13.428779155245385,52.58248975155764],[13.428808413530643,52.582503838152284],[13.428808705720085,52.582503593868715],[13.428811981251345,52.58250135459744],[13.428815601338117,52.582499321675044],[13.428819531117002,52.58249751467965],[13.428823732742107,52.582495951013584],[13.428828165749533,52.582494645735764],[13.428832787447053,52.58249361141673],[13.428837553325273,52.582492858017524],[13.428842417486267,52.58249239279375],[13.428847333085598,52.58249222022579],[13.428852252783456,52.58249234197555],[13.428857129200562,52.58249275687051],[13.428861915374444,52.58249346091502],[13.42886656521172,52.582494447328756],[13.42887103393199,52.58249570661205],[13.428875278499103,52.58249722663732],[13.428879258035598,52.582498992765935],[13.428882934216395,52.58250098798913],[13.428886271637872,52.58250319309183],[13.428889238158828,52.58250558683775],[13.428891805210018,52.582508146173815],[13.428893948069286,52.58251084645225],[13.428895646099665,52.58251366166793],[13.428896882948118,52.58251656470879],[13.428897646703033,52.582519527617],[13.428897930008937,52.58252252185811],[13.428897730137342,52.58252551859598],[13.428894791100156,52.58254542510918],[13.42896606177693,52.582579738663135],[13.429126671073435,52.58265294009714],[13.429138927404486,52.582658984035085],[13.429564927209412,52.58288598354751],[13.429571721580393,52.58288997901055],[13.429578559873718,52.58289394657423],[13.429579013597662,52.582894267115705],[13.429579513485201,52.582894561076884],[13.42958563221342,52.582898942955744],[13.429591799141841,52.5829032996919],[13.429838699435997,52.58309609935683],[13.429843936096582,52.58310063061815],[13.429849247472433,52.58310512949836],[13.429849770088957,52.583105678746904],[13.429850370012133,52.58310619785778],[13.429854852309063,52.58311101995108],[13.429859414171997,52.58311581428],[13.429866980419805,52.58312474990414],[13.42989749103003,52.583126077145195],[13.429902379223819,52.583126437324694],[13.429907185921268,52.583127087616106],[13.42991186483134,52.58312802175675],[13.429916370893652,52.5831292307504],[13.429920660712426,52.58313070295382],[13.429924692974414,52.58313242418887],[13.429928428846758,52.58313437787916],[13.429931832350977,52.58313654520962],[13.429934870709465,52.583138905307706],[13.429937514661141,52.58314143544438],[13.429939738743265,52.583144111253105],[13.429941521536646,52.58314690696441],[13.429942845871938,52.58314979565405],[13.429943698994986,52.5831527495024],[13.42994407268965,52.5831557400623],[13.429943963356955,52.583158738533015],[13.429943372049731,52.58316171603763],[13.429942304462497,52.58316464390116],[13.42994077087661,52.58316749392666],[13.429938786061268,52.583170238666774],[13.429936369131257,52.58317285168818],[13.429933543362885,52.583175307826],[13.429930335969813,52.58317758342626],[13.42992677784098,52.58317965657365],[13.42992290324311,52.58318150730262],[13.429918749490731,52.583183117789574],[13.429916889315328,52.583183691452255],[13.430196392059687,52.58351377611441],[13.430197441845975,52.58351342560206],[13.4302019707771,52.583512248683355],[13.430206667286187,52.58351134782617],[13.430211486143373,52.58351073170624],[13.43021638094051,52.58351040625713],[13.430221304538133,52.58351037461308],[13.430226209519395,52.583510637078845],[13.430231048646748,52.58351119112674],[13.430235775316838,52.58351203142099],[13.430240344009333,52.58351314986912],[13.430244710725294,52.583514535699884],[13.430248833410916,52.583516175567006],[13.430252672362524,52.583518053677686],[13.430256190608933,52.58352015194472],[13.430259354267507,52.5835224501607],[13.430262132870466,52.58352492619255],[13.430264499658309,52.58352755619478],[13.430266431837522,52.58353031483904],[13.43026791080009,52.58353317555812],[13.430324668396862,52.58366526489926],[13.430407016191579,52.58376251345228],[13.430418250008472,52.583778363219686],[13.43050800155459,52.583933450232536],[13.430513795660282,52.583945284894],[13.430517657451457,52.583957408495046],[13.430519549735399,52.58396970427901],[13.430519454286737,52.583982053830795],[13.430517372023022,52.58399433821747],[13.43051332299596,52.584006439133574],[13.430507346198368,52.584018240040436],[13.430504279477079,52.58402269033729],[13.430589163149895,52.58415710615747],[13.430590703264045,52.58415995488341],[13.43059177754711,52.58416288184129],[13.430592375653069,52.584165858842915],[13.430592491821736,52.584168857218145],[13.43059212493425,52.58417184809098],[13.430591278523837,52.5841748026577],[13.430589960741797,52.58417769246417],[13.430588184279014,52.58418048967996],[13.430585966243719,52.58418316736637],[13.430583327996747,52.58418569973575],[13.43058029494582,52.58418806239999],[13.430576896300854,52.5841902326053],[13.430573164792653,52.58419218945139],[13.430569136357697,52.58419391409275],[13.430564849792052,52.584195389920104],[13.43056034637774,52.58419660272039],[13.43055716091583,52.58419724166185],[13.430656084492421,52.58439180408036],[13.430656658997854,52.584392991650496],[13.430706859162088,52.58450229162184],[13.430708601166856,52.58450707626899],[13.430763401494074,52.58470917623807],[13.430764016652011,52.58471199811201],[13.430817526232929,52.58503574275365],[13.430884518258143,52.58530212816512],[13.430912389624659,52.585370034418325],[13.432226223319748,52.58805895716263],[13.432277304381858,52.58815341405041],[13.432326866712643,52.58820668684473],[13.432413180977477,52.58827214836842],[13.432640305019989,52.58835675941947],[13.43264347582477,52.58835800966147],[13.432692522760401,52.58837845235924],[13.43277932151502,52.58838625614707],[13.432922921891217,52.58836493476182],[13.4329264550413,52.58836446570905],[13.433059554911853,52.588348865723624],[13.43306664445615,52.58834825029891],[13.433073798561503,52.58834805629858],[13.433080949855215,52.58834828554961],[13.433088030991058,52.58834893589306],[13.433186130897111,52.58836093588038],[13.433193725115897,52.58836212358735],[13.433201069563607,52.58836379532838],[13.433208081328516,52.58836593223115],[13.433343481248777,52.5884128321891],[13.433349392412353,52.588415112105665],[13.433354922473388,52.58841772274147],[13.433360021717236,52.58842064062724],[13.433364644302223,52.588423839531515],[13.433368748671754,52.588427290696536],[13.4335333487985,52.58858049061228],[13.433537150415713,52.58858445756275],[13.43354026739242,52.58858864011332],[13.433885868107414,52.58912343991981],[13.433888581526977,52.58912849924386],[13.433928281667521,52.589220699221165],[13.43392950480485,52.58922405933417],[13.433930302181098,52.589227466598494],[13.433960445557423,52.58940459310811],[13.434056094031517,52.589523276171185],[13.434731067053105,52.58996228017659],[13.434735829593263,52.58996570560671],[13.434740007381484,52.589969403262444],[13.434743558749739,52.58997333626463],[13.434746448277686,52.589977465386795],[13.434748647145929,52.58998174944643],[13.434750133423462,52.589986145715706],[13.434750892286418,52.58999061034768],[13.434750916165918,52.589995098813496],[13.434750204823567,52.58999956634663],[13.434748765353854,52.59000396838931],[13.434746612113385,52.59000826103693],[13.434743766577714,52.59001240147593],[13.434740257127162,52.59001634841085],[13.434682157178544,52.590074548441976],[13.434678131945267,52.59007817089848],[13.43467354759761,52.59008153790362],[13.43466844755559,52.59008461756719],[13.434662880123588,52.5900873807205],[13.434656898032854,52.59008980119262],[13.434650557942064,52.590091856058336],[13.434643919900672,52.59009352585518],[13.434637046780173,52.59009479476788],[13.434630003678599,52.59009565077801],[13.43462285730396,52.590096085778],[13.434615675342412,52.5900960956478],[13.434608525817175,52.590095680293885],[13.434601476444243,52.59009484365028],[13.43459459399102,52.590093593641164],[13.434587943643939,52.59009194210587],[13.434581588391037,52.59008990468673],[13.434575588425375,52.59008750068094],[13.43457000057492,52.59008475285782],[13.434564877764315,52.59008168724305],[13.433989098226354,52.58970185593052],[13.433812928716884,52.58959975874386],[13.433808498180973,52.58959695886287],[13.433804481603964,52.589593936223835],[13.433800909051646,52.589590713452594],[13.433797807266066,52.589587314673004],[13.433732807356666,52.58950821463774],[13.433729623075358,52.589503750800105],[13.433727249987244,52.58949910343602],[13.433725715919737,52.58949432704208],[13.433668158399085,52.58924375751029],[13.433657722768302,52.589221975127124],[13.43364983165656,52.589208732536086],[13.433649781516813,52.589208648130544],[13.433273171403062,52.5885726663409],[13.433204858538229,52.588524885889534],[13.433073049961333,52.5884906034984],[13.43296803820136,52.58851243445799],[13.432959283368715,52.58851389520275],[13.432832683246755,52.58852999521783],[13.432826325176768,52.58853062880341],[13.432819900601643,52.588530922219476],[13.432813458490855,52.588530873229544],[13.432687858363122,52.5885265732242],[13.432681627083133,52.588526197832216],[13.432675470489457,52.588525502050935],[13.432669432910334,52.58852449089003],[13.43258713283908,52.58850839087388],[13.432580373673883,52.588506842574276],[13.432573895349698,52.58850489931953],[13.4324800952928,52.588473199290924],[13.432472827614994,52.588470393732514],[13.432270227536726,52.58838169365872],[13.432263459609482,52.58837834407631],[13.432257387746148,52.58837453160923],[13.432160087770676,52.588305731563786],[13.43215651586871,52.588302997825515],[13.432153303409347,52.58830010336582],[13.432084303470278,52.588232403330004],[13.432081162662682,52.58822900020213],[13.432078518593231,52.58822544391093],[13.432076391211123,52.58822176128836],[13.430838694863962,52.58573966058371],[13.43083699867955,52.58573558073228],[13.430835936484801,52.5857314221316],[13.43083551759361,52.58572722124724],[13.430835745678932,52.58572301491553],[13.430836618740566,52.58571884002059],[13.430838129122712,52.58571473317084],[13.430840263581098,52.585710730378004],[13.430843003399133,52.5857068667414],[13.430846265112757,52.58570280142522],[13.430846261264259,52.58570229331097],[13.430846158813264,52.585702088408325],[13.430838409188647,52.58569953670148],[13.430832590599834,52.58569740448744],[13.43082711845916,52.5856949555078],[13.430822039108298,52.585692210502174],[13.430817395562496,52.5856891927171],[13.430813227146292,52.58568592770916],[13.430809569160477,52.585682443128626],[13.430806452583171,52.58567876848522],[13.43080390380746,52.58567493489823],[13.430743803953124,52.58557103486428],[13.43074272629193,52.58556902170184],[13.430663626528872,52.58540852165681],[13.43066147625739,52.58540284547557],[13.430572976792167,52.585072845425664],[13.430572598721444,52.58507125812027],[13.430496245758006,52.58470478094951],[13.430442237026579,52.58446478402973],[13.430237176249884,52.58409217811195],[13.430223938079319,52.58408879351111],[13.430206102331477,52.58408292065315],[13.430189297527834,52.58407601122374],[13.43017368550844,52.584068131764965],[13.430159416625868,52.58405935816077],[13.430146628297214,52.58404977490633],[13.43013544368072,52.584039474294066],[13.430125970489678,52.58402855552499],[13.430118299955138,52.584017123753235],[13.430033271945247,52.583870196585266],[13.429501031075855,52.58324163220251],[13.429404035527337,52.58316589003063],[13.42937007317934,52.58316441249398],[13.429360425927367,52.58316414539642],[13.429355524068715,52.58316386236514],[13.429350691358138,52.58316328803449],[13.429345974337377,52.583162427935584],[13.429341418433994,52.58316129035164],[13.429337067523905,52.58315988623826],[13.429332963508804,52.58315822911784],[13.429329145912638,52.583156334949386],[13.429325651500962,52.583154221974816],[13.429322513926872,52.58315191054322],[13.429319763406902,52.58314942291502],[13.429317426430023,52.58314678304745],[13.429315525502547,52.583144016363896],[13.429314078931373,52.583141149509046],[13.429313100647688,52.583138210092315],[13.429312600072812,52.583135226421895],[13.429312582027457,52.58313222723216],[13.429313046685309,52.58312924140697],[13.429313989571362,52.58312629770141],[13.429315401605018,52.583123424465],[13.42931726918754,52.583120649368546],[13.429319574333018,52.583117999137706],[13.429322294841587,52.58311549929566],[13.429325404513223,52.5831131739172],[13.429328873400072,52.583111045396954],[13.429331869382576,52.58310953649787],[13.429278084481009,52.583067536499016],[13.42887281070297,52.58285158035034],[13.428843935752218,52.582838419913536],[13.428842857433478,52.58283932118463],[13.428839581401002,52.58284156019743],[13.428835960853556,52.58284359283395],[13.428832030658999,52.58284539951879],[13.428827828667282,52.582846962852535],[13.42882339534593,52.58284826777943],[13.42881877339031,52.58284930173226],[13.428814007312459,52.5828500547535],[13.428809143012398,52.58285051959112],[13.428804227336093,52.58285069176847],[13.428799307624287,52.58285056962738],[13.428794431256597,52.58285015434415],[13.428789645195199,52.5828494499182],[13.428784995532574,52.582848463133516],[13.428780527047584,52.582847203493436],[13.428776282774251,52.58284568312897],[13.42877230358729,52.58284391668212],[13.428768627808479,52.58284192116475],[13.428765290837587,52.58283971579479],[13.428762324811455,52.58283732181122],[13.428759758294511,52.58283476226942],[13.428757616003669,52.58283206181922],[13.4287559185703,52.58282924646744],[13.428754682341538,52.58282634332747],[13.428753919222855,52.58282338035814],[13.428753636563407,52.58282038609452],[13.42875383708526,52.58281738937296],[13.42875661232786,52.58279862012205],[13.428726230382752,52.582784772773856],[13.428720061145231,52.58278918394816],[13.428712554073641,52.58279359172725],[13.428704373874398,52.58279753007283],[13.428695599327396,52.5828009610563],[13.428686314936508,52.58280385163534],[13.428676610115758,52.58280617397194],[13.428666578328205,52.58280790570066],[13.428656316185823,52.582809030143935],[13.42864592251907,52.582809536472745],[13.428635497425077,52.58280941981081],[13.428625141303637,52.58280868128169],[13.428614953890293,52.58280732799783],[13.4286050332958,52.58280537299216],[13.428595475061263,52.582802835092544],[13.428586371238001,52.582799738740434],[13.428577809501038,52.58279611375552],[13.428569872304726,52.582791995048495],[13.428562636088673,52.58278742228491],[13.428556170541572,52.58278243950312],[13.428550537930068,52.58277709469012],[13.4285457924991,52.582771439319565],[13.4285419799495,52.58276552785582],[13.428539136997877,52.582759417229624],[13.42853729102303,52.582753166289706],[13.428536459802288,52.58274683523611],[13.428536651340323,52.582740485040304],[13.428541565885514,52.582696175435565],[13.428415348935777,52.58263540713477],[13.428411927404438,52.58263780575844],[13.428408033470582,52.5826400478005],[13.42840379751128,52.582642046558945],[13.428399260321166,52.582643782784615],[13.428394465595916,52.58264523975667],[13.428389459511424,52.582646403443654],[13.428384290279107,52.58264726263859],[13.428379007681599,52.582647809066934],[13.428373662593316,52.58264803746631],[13.428368306490494,52.58264794563707],[13.428362990955446,52.58264753446359],[13.428357767179797,52.582646807905704],[13.428352685471461,52.582645772960596],[13.428347794770165,52.582644439595356],[13.428343142176107,52.582642820651046],[13.428338772496375,52.58264093171903],[13.428334727813409,52.582638790990764],[13.428331047079727,52.58263641908271],[13.428327765742804,52.58263383883762],[13.428324915403675,52.58263107510474],[13.428322523512612,52.582628154500355],[13.428320613104766,52.58262510515148],[13.428319202578315,52.58262195642507],[13.428318305517303,52.58261873864507],[13.428317930560805,52.58261548280048],[13.428318081319741,52.5826122202469],[13.428320911788749,52.582589939312705],[13.428226590883153,52.58254452728815],[13.428224682937307,52.582543512168975],[13.428222657511077,52.58254258534001],[13.42734683859482,52.582099235170354],[13.427234977855951,52.58206447451209],[13.42709258615883,52.582042993334426],[13.426822515176308,52.582027328372654],[13.426560565447057,52.58205911791373],[13.42654184976824,52.58206085047406],[13.426522952306634,52.582061532210936],[13.42641205198893,52.58206243221103],[13.426390597018628,52.5820619266218],[13.426369344065638,52.582060067345296],[13.4263485226902,52.58205687446419],[13.426105322092697,52.582011274335564],[13.426079028612786,52.58200512042823],[13.424898717352715,52.58167096299851],[13.423976853796864,52.58158251050894],[13.423956466154584,52.58157990661787],[13.423936612633401,52.58157606532086],[13.423917495087405,52.58157102567307],[13.423736394741711,52.581516525531356],[13.423715297895491,52.58150920743204],[13.423695756100065,52.58150043226819],[13.422911136462005,52.581102706865416],[13.421365341567206,52.580748380153246],[13.421346263328475,52.580743325036934],[13.419923063753318,52.58031306490178],[13.41992232911709,52.58031390049572],[13.41991979448326,52.580316471741156],[13.419916858327342,52.58031887926682],[13.419913548926097,52.580321099886916],[13.419909898150863,52.580323112215616],[13.419905941160605,52.58032489687307],[13.419901716063341,52.58032643667203],[13.419897263549109,52.580327716783366],[13.419892626498118,52.58032872487888],[13.419887849567786,52.58032945125003],[13.419882978762645,52.58032988890147],[13.419878060991314,52.580330033618345],[13.419873143614709,52.58032988400698],[13.419868273989957,52.58032944150819],[13.4198634990143,52.580328710383505],[13.419858864673449,52.58032769767408],[13.419854415598714,52.58032641313287],[13.41985019463718,52.58032486913073],[13.41984624243906,52.58032308053726],[13.419842597066209,52.580321064577646],[13.419839293625568,52.5803188406667],[13.419836363931065,52.58031643022191],[13.419833836197228,52.580313856457245],[13.419831734767472,52.58031114415946],[13.419830079879647,52.5803083194495],[13.419828887471153,52.58030540953088],[13.419828169025447,52.58030244242773],[13.419827931461459,52.580299446714875],[13.419828177066961,52.58029645124266],[13.419828903476542,52.58029348485914],[13.419830103694384,52.58029057613218],[13.419831766161652,52.58028775307441],[13.419833208633346,52.58028589914697],[13.419781066420798,52.58027013502873],[13.416370699184283,52.57977820539201],[13.416282452947303,52.5797732758242],[13.416282428891575,52.5797750880504],[13.416281906706885,52.579778070338364],[13.41628090717686,52.57978100708668],[13.416279439927434,52.57978387001286],[13.41627751908894,52.57978663154533],[13.416275163160034,52.57978926508903],[13.416272394829546,52.579791745281426],[13.416269240757979,52.57979404823691],[13.416265731320749,52.57979615177673],[13.416261900315657,52.57979803564261],[13.416257784637402,52.57979968169187],[13.416253423922253,52.57980107407212],[13.416248860166338,52.579802199373965],[13.41624413732119,52.579803046760105],[13.41623930087048,52.57980360806974],[13.416234397391959,52.57980387789712],[13.416229474108901,52.57980385364367],[13.416224578435319,52.57980353554296],[13.416219757519315,52.579802926658495],[13.416215057789037,52.579802032854175],[13.416210524505539,52.57980086273784],[13.416206201326887,52.579799427578365],[13.416202129887704,52.57979774119713],[13.416198349398213,52.57979581983498],[13.41619489626661,52.57979368199566],[13.416191803748438,52.579791348267825],[13.416189101626312,52.5797888411265],[13.416186815923108,52.579786184716916],[13.41618496865134,52.57978340462174],[13.416183577601174,52.579780527614865],[13.41618110604257,52.57977430381459],[13.416162865596442,52.57977464635043],[13.415938031169993,52.5797885955661],[13.415924227757406,52.57978916825925],[13.415829127485253,52.57979116826281],[13.415813725914932,52.57979114220731],[13.41576996077797,52.57979007353058],[13.415791436057502,52.580013031640924],[13.41581228291302,52.58003275525119],[13.415814652078891,52.5800352474077],[13.41581662564586,52.580037864343964],[13.415967924290399,52.58026628374478],[13.4160538,52.580274700000004],[13.4162785,52.5803739],[13.416292194142871,52.58037863201161],[13.416292636028624,52.58037812216478],[13.416293158460135,52.58037764057049],[13.416293632204798,52.580377140639975],[13.416294514888493,52.58037639017079],[13.416295350434051,52.58037561993774],[13.416295490120394,52.58037550397182],[13.416291379487323,52.58031946425349],[13.416291449624286,52.58031598619247],[13.416292168076199,52.58031253551226],[13.416293525536624,52.58030915691037],[13.41637325793388,52.580150440225914],[13.416374927923385,52.580147618819204],[13.416377043848422,52.58014491071074],[13.41637958533142,52.58014234198108],[13.416382527896461,52.58013993736847],[13.416385843205008,52.58013772003064],[13.41638949932882,52.58013571132168],[13.416393461057439,52.58013393058657],[13.416397690237279,52.580132394974704],[13.416402146139077,52.580131119274846],[13.416406785850127,52.58013011577269],[13.41641156468755,52.58012939413246],[13.416416436628621,52.58012896130395],[13.416421354753977,52.5801288214555],[13.416426271699477,52.580128975933974],[13.416431140112351,52.58012942325161],[13.416435913107213,52.58013015910054],[13.4164405447176,52.58013117639414],[13.416444990338647,52.580132465335325],[13.416449207156655,52.580134013510936],[13.416453154561404,52.58013580601119],[13.416456794537257,52.580137825573395],[13.416460092029265,52.580140052748064],[13.416463015280764,52.580142466086336],[13.416465536139217,52.58014504234645],[13.416467630327327,52.580147756717665],[13.416469277676859,52.580150583059094],[13.416470462322856,52.580153494151574],[13.416471172856438,52.58015646195969],[13.416471402434691,52.58015945790184],[13.416471148846549,52.58016245312545],[13.416470414534105,52.5801654187849],[13.4164692065691,52.58016832631925],[13.416392006824776,52.580322002144804],[13.416394984214051,52.58036259124064],[13.416566453684624,52.58039762441229],[13.41656694276388,52.580397726046236],[13.41703516690853,52.580496667745116],[13.417528489941741,52.58059701139866],[13.417529429881471,52.5805972089108],[13.417816514971292,52.58065948030856],[13.418084412720892,52.58070605405783],[13.418357798905111,52.58073856962492],[13.418458241395047,52.580743388596204],[13.418544187121404,52.580741233740916],[13.418621416681141,52.58070811064944],[13.418625878267287,52.58070640323246],[13.418630609207382,52.580704990261786],[13.418635557322572,52.58070388732143],[13.418640668038746,52.58070310657605],[13.418803467931296,52.58068370658837],[13.418810301329207,52.580683185658806],[13.419071316759238,52.58067430214993],[13.419315924863197,52.58066308244076],[13.419445683676988,52.58048930496407],[13.419447939640817,52.58048663912421],[13.419450613690417,52.58048412082005],[13.419453680073193,52.58048177430421],[13.41945710925818,52.58047962217491],[13.419460868220453,52.580477685158286],[13.419464920759166,52.580475981908826],[13.419469227846193,52.58047452882974],[13.419473748001982,52.58047333991495],[13.419478437695034,52.580472426614335],[13.41948325176112,52.58047179772345],[13.419488143838242,52.58047145929887],[13.419493066813121,52.58047141459977],[13.419497973274915,52.58047166405666],[13.419502815971812,52.58047220526712],[13.419507548266086,52.580473033019],[13.419512124583239,52.58047413934064],[13.419516500850907,52.58047551357756],[13.419520634923293,52.58047714249513],[13.419524486987061,52.58047901040604],[13.41952801994475,52.58048109932126],[13.419531199772054,52.58048338912348],[13.419533995845473,52.58048585776064],[13.419536381237258,52.5804884814585],[13.41953833297473,52.580491234949385],[13.41953983226152,52.58049409171571],[13.419540864658597,52.58049702424527],[13.419541420223322,52.580500004296205],[13.419541493605207,52.580503003169035],[13.419541084097446,52.58050599198294],[13.419540195643723,52.58050894195402],[13.419538836800244,52.5805118246724],[13.419537020653333,52.58051461237597],[13.419394968656002,52.580704853752856],[13.419392738189412,52.58070749273326],[13.419390097990185,52.58070998746447],[13.419387072962056,52.580712314414804],[13.419383691638684,52.580714451635195],[13.419379985914514,52.58071637896621],[13.419379139758508,52.58071673886094],[13.419410629492809,52.58072452368842],[13.419451425773813,52.58072004420585],[13.419616915962834,52.580531815278576],[13.419619450626945,52.58052924403997],[13.419622386813305,52.580526836522],[13.419625696244811,52.58052461591034],[13.419629347049819,52.58052260359071],[13.419633304069093,52.580520818942766],[13.419637529194402,52.58051927915365],[13.419641981735527,52.58051799905235],[13.41964661881213,52.580516990966885],[13.419651395766703,52.580516264605684],[13.41965626659465,52.58051582696396],[13.41966118438733,52.58051568225647],[13.41966610178381,52.580515831876795],[13.41967097142697,52.580516274384024],[13.41967574641958,52.58051700551656],[13.419680380775935,52.58051801823326],[13.419684829864728,52.58051930278109],[13.419689050838862,52.58052084678918],[13.419693003048092,52.580522635387936],[13.419696648430513,52.58052465135217],[13.419699951879105,52.58052687526708],[13.419702881579843,52.58052928571521],[13.419705409318077,52.58053185948261],[13.419707510750257,52.58053457178257],[13.41970916563838,52.580537396494144],[13.41971035804489,52.58054030641385],[13.419711076486177,52.58054327351757],[13.41971131404316,52.58054626923049],[13.41971106842794,52.580549264702256],[13.419710342005825,52.58055223108484],[13.419709141772564,52.580555139810336],[13.419707479286975,52.58055796286614],[13.419705370559626,52.58056067306462],[13.419528485074192,52.58076186341534],[13.41923245912956,52.581102531794],[13.419540549884708,52.58116638639577],[13.419547551157455,52.58116807520707],[13.419554246973977,52.581170173911154],[13.419560572850033,52.58117266229644],[13.419566467864072,52.58117551639843],[13.419571875243934,52.58117870873067],[13.419576742913598,52.58118220854932],[13.419581023994706,52.58118598214929],[13.41958467725802,52.58118999318877],[13.419587667520497,52.58119420303939],[13.419589965984112,52.58119857115797],[13.419591550513212,52.58120305547718],[13.419592405847709,52.58120761281066],[13.419592523750035,52.581212199268755],[13.419591903084498,52.581216770681394],[13.41959054982822,52.58122128302335],[13.419588477013583,52.58122569283828],[13.419585704602731,52.58122995765723],[13.419582259295332,52.581234036407594],[13.419578174271445,52.58123788980872],[13.419573488871993,52.5812414807502],[13.419568248219887,52.58124477464922],[13.419562502785462,52.58124773978367],[13.419556307900438,52.58125034759762],[13.419549723225025,52.58125257297631],[13.419542812173374,52.5812543944881],[13.419535641302849,52.58125579459076],[13.41952827967304,52.581256759800524],[13.419520798180683,52.58125728082184],[13.419513268876859,52.58125735263699],[13.419512340293563,52.58125730585489],[13.419512248132289,52.58125737623463],[13.419508815357931,52.581259526275275],[13.419505053152813,52.5812614610024],[13.41950099774905,52.58126316178352],[13.419496688202429,52.58126461223912],[13.4194921660163,52.581265798400516],[13.41948747474185,52.58126670884431],[13.419482659558698,52.58126733480239],[13.419477766839782,52.58126767024646],[13.419472843704757,52.581267711945976],[13.419467937566202,52.58126745949936],[13.41946309567301,52.58126691533781],[13.419458364655348,52.58126608470193],[13.418734375637142,52.5811151668688],[13.418649333145149,52.5812315581267],[13.41855846810946,52.58136266324065],[13.418556332849944,52.58136536572998],[13.418553773016988,52.58136792771659],[13.418550813263144,52.581370324527114],[13.418547482092427,52.58137253307893],[13.418543811585828,52.58137453210244],[13.418539837092343,52.58137630234594],[13.418535596888546,52.58137782676097],[13.41853113180997,52.58137909066659],[13.418526484857829,52.58138008189063],[13.418521700784883,52.58138079088706],[13.418516825664463,52.58138121082787],[13.418511906446737,52.581381337668745],[13.41850699050656,52.58138117018816],[13.418502125187219,52.581380709999074],[13.418497357344494,52.58137996153333],[13.418492732895402,52.58137893199909],[13.41848829637599,52.581377631311355],[13.41848409051243,52.581376071996495],[13.418480155809524,52.581374269071546],[13.418476530160644,52.58137223989975],[13.418473248482773,52.58137000402315],[13.418470342380253,52.58136758297446],[13.41846783984041,52.581365000069745],[13.418465764964019,52.581362280183846],[13.418464137733213,52.58135944951073],[13.418462973819032,52.58135653531139],[13.418462284430523,52.581353565651106],[13.418462076206776,52.581350569129405],[13.418462351153002,52.5813475746044],[13.418463106621218,52.581344610915],[13.418464335335763,52.58134170660314],[13.418466025463355,52.58133888963893],[13.418548310231337,52.58122016500605],[13.418518007555958,52.58118147424518],[13.418477357888193,52.581130662097394],[13.41846280511754,52.581117818703035],[13.4184332,52.5811315],[13.4183889,52.5811353],[13.418204,52.5811046],[13.4180385,52.581014299999985],[13.41727,52.580855],[13.41641924299376,52.58067944543556],[13.416287209309104,52.58088928333899],[13.416285223692283,52.580892027829464],[13.416282806027896,52.58089464054835],[13.41627997959932,52.58089709633374],[13.416276771626576,52.580899371535025],[13.416273213004182,52.58090144424076],[13.416269338003623,52.58090329448962],[13.416265183943299,52.58090490446266],[13.416260790829122,52.580906258654956],[13.416256200969244,52.58090734402486],[13.416251458566595,52.58090815011964],[13.416246609293195,52.58090866917616],[13.416241699850287,52.5809088961956],[13.41623677751859,52.58090882899164],[13.416231889702944,52.580908468211504],[13.416227083475786,52.58090781732968],[13.416222405123795,52.58090688261456],[13.41621789970214,52.58090567306798],[13.416213610600558,52.58090420033854],[13.416209579125493,52.58090247860946],[13.416205844102283,52.58090052446196],[13.416202441501262,52.58089835671558],[13.416199404091326,52.58089599624693],[13.416196761124375,52.58089346578865],[13.41619453805358,52.580890789710466],[13.416192756288266,52.58088799378448],[13.41619143298774,52.580885104937],[13.416190580896016,52.58088215098926],[13.416190208219115,52.58087916038938],[13.416190318546022,52.58087616193846],[13.416190910814127,52.580873184513244],[13.416191979319471,52.58087025678796],[13.416193513771677,52.58086740695815],[13.416319978272316,52.5806664207436],[13.416315769448536,52.58065575838526],[13.4162002,52.58062989999999],[13.4161208,52.5806214],[13.4160446,52.5806346],[13.4159484,52.58063889999999],[13.4158305,52.58062699999999],[13.4157449,52.5805996],[13.4155736,52.5804994],[13.4154515,52.580478500000005],[13.4152551,52.58043039999999],[13.414612000000002,52.5803037],[13.414358,52.58022690000001],[13.413136917506021,52.5799663561939],[13.413138079902803,52.579969329431776],[13.41313927424727,52.57997466094135],[13.413139604979973,52.57998003809096],[13.413139068915457,52.57998540909574],[13.413137671216004,52.57999072222994],[13.413135425341926,52.579995926325154],[13.413132352921942,52.580000971263054],[13.413061053076007,52.58010247131375],[13.413061050297845,52.58010247478678],[13.41306104809105,52.58010247840876],[13.413006221162982,52.58018049745253],[13.413002350638289,52.58018533431124],[13.412997720476996,52.580189916776185],[13.41299237526995,52.58019420071564],[13.412986366494332,52.58019814487283],[13.41297975201792,52.580201711263285],[13.412972595541776,52.58020486554063],[13.412964965986784,52.580207577327315],[13.41295693682989,52.580209820507314],[13.41294858539647,52.580211573477484],[13.412939992115648,52.580212819355715],[13.412931239745701,52.58021354614347],[13.412922412577041,52.58021374684137],[13.412913595620447,52.58021341951658],[13.41290487378834,52.58021256732143],[13.412896331077038,52.58021119846304],[13.41288804975779,52.58020932612435],[13.412880109584467,52.58020696833704],[13.41287258702547,52.580204147807976],[13.412865554527292,52.58020089170049],[13.412859079816817,52.58019723137275],[13.412853225249068,52.58019320207582],[13.412848047206689,52.58018884261412],[13.412843595556954,52.58018419497177],[13.412839913171522,52.58017930390816],[13.412837035513574,52.58017421652697],[13.412834990296275,52.58016898182255],[13.412833797215896,52.580163650207986],[13.412833467762152,52.58015827302966],[13.412834005107543,52.58015290207276],[13.412835404076825,52.580147589062506],[13.412837651196861,52.58014238516607],[13.412840724826381,52.58013734049976],[13.41289554949834,52.58005932508135],[13.412966847160323,52.57995782867968],[13.412970716550715,52.579952991490025],[13.412975345630471,52.57994840862885],[13.41298068981888,52.5799441242315],[13.412986697648407,52.57994017955901],[13.412988004598427,52.57993947467401],[13.412988204726226,52.57993894619893],[13.412988430942635,52.579938185214395],[13.412988757743335,52.57993748585323],[13.412989026057886,52.579936777318146],[13.412989431304863,52.57993604441568],[13.412989484309072,52.57993593098542],[13.4125883,52.579859],[13.4123952,52.5799332],[13.4122098,52.579936499999995],[13.4119544,52.5798945],[13.411007,52.579715900000004],[13.410878629435308,52.579689773446894],[13.410878032832661,52.57969089989524],[13.410877969475392,52.5796909886307],[13.410877919745678,52.57969108053207],[13.41087698775444,52.57969236358661],[13.410876069105264,52.57969365020682],[13.410839522907809,52.579738657901174],[13.410827225100114,52.5798142154029],[13.410826546807087,52.57981703564459],[13.410825440148914,52.57981980512601],[13.410823914751603,52.579822499757256],[13.41082198388349,52.57982509609955],[13.410819664339854,52.57982757156903],[13.410738206118909,52.57990579163211],[13.410735367873446,52.57990824232437],[13.410732148969174,52.57991051174768],[13.410728580405891,52.5799125780462],[13.410724696550815,52.57991442132032],[13.410720534807622,52.57991602381828],[13.410716135256216,52.57991737010712],[13.41071154026674,52.5799184472213],[13.410706794091531,52.57991924478766],[13.410701942438935,52.579919755125104],[13.410697032033113,52.57991997331886],[13.410692110164053,52.57991989726757],[13.410687224232147,52.57991952770366],[13.41068242129168,52.57991886818623],[13.410677747597687,52.579917925066816],[13.410673248160471,52.57991670742819],[13.41066896631214,52.5799152269969],[13.410664943289282,52.57991349803034],[13.41066121783584,52.57991153717943],[13.410657825829976,52.57990936332827],[13.410654799938557,52.57990699741223],[13.410652169302548,52.579904462216454],[13.410649959256366,52.579901782156256],[13.410648191083904,52.579898983042106],[13.410646881813557,52.57989609183106],[13.410646044054229,52.57989313636702],[13.410645685873904,52.579890145112756],[13.410645810721961,52.579887146875706],[13.410646417395943,52.57988417053049],[13.410647500053154,52.57988124474096],[13.410649048266928,52.57987839768405],[13.410651047127034,52.57987565677844],[13.410653477383299,52.579873048420545],[13.410728550902423,52.579800959396046],[13.410740574998195,52.57972708458233],[13.410741223208166,52.57972435936326],[13.410742271462427,52.57972168074857],[13.41074371125086,52.57971907048404],[13.410745530884746,52.57971654976065],[13.410779460104274,52.579674765068624],[13.410778307706511,52.57966910360493],[13.4107202,52.579657],[13.4104537,52.579601499999995],[13.410103802153696,52.57952423787707],[13.41010249776033,52.579526277611976],[13.409684318967138,52.58009584953003],[13.409657310035048,52.580132836701154],[13.409787431766896,52.58015132602111],[13.409792165878986,52.580152149814175],[13.409796744643176,52.58015325230667],[13.409801123963533,52.580154622881004],[13.409805261664859,52.58015624833782],[13.409809117898874,52.58015811302313],[13.409812655527956,52.580160198978994],[13.409815840482802,52.580162486116556],[13.409818642090542,52.58016495240947],[13.409821033370125,52.580167574106],[13.409822991292168,52.58017032595782],[13.409824497000741,52.5801731814631],[13.409825535994973,52.580176113121766],[13.409826098268683,52.5801790927004],[13.409826178406778,52.58018209150398],[13.409825775637383,52.58018508065241],[13.409824893839293,52.58018803135858],[13.409823541504608,52.580190915205534],[13.409821731656972,52.58019370442024],[13.409819481726137,52.58019637214101],[13.409816813380106,52.58019889267622],[13.409813752316477,52.5802012417517],[13.409810328014938,52.58020339674455],[13.409806573453386,52.580205336900974],[13.409802524790319,52.58020704353619],[13.409798221016612,52.58020850021432],[13.409793703580009,52.58020969290674],[13.409789015985965,52.58021061012715],[13.409784203378653,52.5802112430422],[13.409779312106203,52.580211585556555],[13.409774389274334,52.58021163437162],[13.409769482292715,52.580211389017265],[13.40976463841835,52.58021085185642],[13.409578692250932,52.580184430251556],[13.409478519182226,52.58017863224389],[13.409432720376595,52.58026330690773],[13.40942704141157,52.58030581346182],[13.40943656717298,52.580349387174785],[13.409683512890611,52.580384853677955],[13.409687972556108,52.58038562831099],[13.409692295754068,52.580386650474885],[13.40969644554761,52.58038791143642],[13.409700386481386,52.58038940042206],[13.409704084884519,52.58039110471011],[13.409707509158268,52.58039300973934],[13.40971063004601,52.580395099233414],[13.409713420883206,52.58039735533993],[13.40976657647168,52.58044473315793],[13.409958460966674,52.58043104762135],[13.409967961226338,52.580430673828594],[13.40997747381681,52.580430903447386],[13.409986895734558,52.58043173399138],[13.409996124957853,52.58043315646735],[13.410014900288648,52.58043669274701],[13.410023337342379,52.58043856273292],[13.410031432878958,52.580440927473695],[13.410039108934143,52.58044376419569],[13.410046291583477,52.58044704557977],[13.410052911654208,52.58045074002453],[13.410058905391459,52.580454811950545],[13.410064215072222,52.580459222143034],[13.41006878956127,52.58046392812954],[13.410072584803611,52.58046888458891],[13.410075564248771,52.58047404378781],[13.410077699202807,52.5804793560404],[13.410078969104653,52.580484770186814],[13.410079361724142,52.58049023408592],[13.41007887327981,52.580495695117335],[13.410077508475315,52.58050110068835],[13.41007528045416,52.58050639874037],[13.410072210673123,52.580511538250164],[13.410068328695624,52.58051646972138],[13.410063671907027,52.580521145661194],[13.410058285154605,52.580525521037636],[13.410052220315638,52.580529553713376],[13.410045535797817,52.58053320485141],[13.410038295976744,52.58053643928921],[13.410030570575957,52.58053922587727],[13.410022433995449,52.58054153777912],[13.410013964595151,52.580543352729826],[13.410005243940276,52.580544653250364],[13.40999635601579,52.580545426815945],[13.409987386417582,52.58054566597672],[13.409978421528113,52.580545368429405],[13.40996954768449,52.580544537039565],[13.409960850346991,52.58054317981397],[13.409960541312255,52.580543121608166],[13.409779238808758,52.58055605239333],[13.409775235442527,52.58055621716419],[13.40968641144859,52.580597071293774],[13.409307804212258,52.581140291588746],[13.40930818143558,52.58114659103334],[13.409309222582186,52.581163873568464],[13.409309247864387,52.581163932708385],[13.40931042211072,52.58116846360649],[13.409310861643625,52.581173042797886],[13.409310562229933,52.58117762618241],[13.409309526752933,52.58118216961957],[13.409307765184609,52.58118662935358],[13.409305294489627,52.58119096243469],[13.40930213846195,52.58119512713298],[13.409298327495703,52.581199083339996],[13.409293898292464,52.58120279295529],[13.409288893507814,52.581206220253165],[13.409283361340542,52.58120933222679],[13.409277355068461,52.5812120989061],[13.409270932535323,52.581214493646385],[13.409264155593739,52.58121649338492],[13.409257089509506,52.58121807886311],[13.409249802333058,52.58121923481184],[13.409242364244088,52.581219950098685],[13.40923484687568,52.58122021783503],[13.40922732262443,52.58122003544241],[13.409219863953219,52.581219404677384],[13.409212542693352,52.58121833161456],[13.409205429352765,52.581216826588175],[13.409204297164075,52.58121654841395],[13.409197615424333,52.5812146751795],[13.409191258823045,52.58121242084261],[13.409185285769093,52.58120980611771],[13.40917975114702,52.58120685503074],[13.409174705812722,52.58120359469835],[13.409170196126144,52.58120005507878],[13.409166263525295,52.58119626869649],[13.40916294414549,52.58119227034341],[13.409160268487318,52.58118809675915],[13.409158261136383,52.58118378629351],[13.40915694053741,52.581179378554005],[13.40915686858694,52.5811788618785],[13.40913949996777,52.58117886187293],[13.409134153889115,52.58117868787217],[13.409128868684837,52.58117816785539],[13.409123704535777,52.58117730774384],[13.409118720244356,52.58117611733134],[13.408924833695195,52.581122374369286],[13.408872855830005,52.58111393774167],[13.408861900000002,52.581128299999996],[13.4086199,52.58144560000001],[13.4085724,52.581509299999986],[13.4086632,52.5815341],[13.4086744,52.5815735],[13.408671755196114,52.58158544759449],[13.408672888413205,52.58158477446101],[13.408678769040922,52.58158190934054],[13.408685082377227,52.58157940912759],[13.408691767621333,52.58157729790052],[13.408698760390823,52.581575595991545],[13.408705993341671,52.58157431979093],[13.408713396816806,52.58157348158914],[13.40871958220017,52.58157315830845],[13.408812243358256,52.581459232244974],[13.408814567838908,52.58145668694154],[13.408817279533174,52.58145428798781],[13.408820353811592,52.581452057172626],[13.408823762751473,52.581450014757756],[13.40882747539053,52.58144817929377],[13.408831458008088,52.581446567451536],[13.408835674431364,52.5814451938709],[13.408840086364012,52.581444071027576],[13.408844653733949,52.58144320912002],[13.40884933505731,52.58144261597662],[13.408854087815245,52.58144229698469],[13.40885886884009,52.58144225504153],[13.40886363470744,52.58144249052809],[13.408868342130566,52.58144300130554],[13.408872948353554,52.581443782734645],[13.40887741153966,52.581444827717974],[13.409053832183131,52.58149212763764],[13.409058235871585,52.58149346908798],[13.409062402503226,52.58149506700796],[13.40906629195116,52.58149690600875],[13.409069866757898,52.581498968379805],[13.409073092496103,52.58150123425941],[13.409075938100134,52.58150368182589],[13.409078376165237,52.581506287507935],[13.409080383211464,52.58150902621135],[13.40908193990979,52.581511871561034],[13.409083031268283,52.58151479615466],[13.409083646776473,52.58151777182682],[13.409083780506588,52.581520769920196],[13.40908343117063,52.58152376156149],[13.409082602132802,52.58152671793957],[13.409081301377094,52.58152961058287],[13.409079541430419,52.58153241163365],[13.409077339241943,52.58153509411625],[13.409074716019893,52.58153763219685],[13.409071697027288,52.581540001432316],[13.409068311338656,52.58154217900561],[13.409064591560021,52.58154414394547],[13.409060573514905,52.58154587732841],[13.409056295899308,52.581547362460995],[13.409051799909061,52.58154858504056],[13.409047128843078,52.58154953329295],[13.409042327686347,52.581550198086006],[13.40903744267673,52.58155057301734],[13.409032520859634,52.58155065447619],[13.409027609634947,52.58155044167805],[13.409022756300542,52.581549936672275],[13.409018007596776,52.58154914432238],[13.40901340925635,52.581548072259125],[13.408880871525927,52.58151253775671],[13.40879975676535,52.58161226777751],[13.408799456359322,52.581612598586226],[13.40879973868356,52.58161352386102],[13.408800382433936,52.58161809408001],[13.408800287690626,52.58162268072815],[13.408799455365829,52.58162723963356],[13.408742807341525,52.58184127410055],[13.408850182738076,52.581852559747844],[13.408815800000001,52.58184539999999],[13.4089061,52.58171569999999],[13.4090315,52.5817474],[13.408950818053212,52.58186313688814],[13.408982080288014,52.581866422645135],[13.40898688533931,52.58186707700833],[13.40899156195898,52.58186801511118],[13.408996065108704,52.58186922791926],[13.40900035142075,52.58187070375261],[13.409004379615642,52.581872428398135],[13.409008110899691,52.58187438524662],[13.40901150933861,52.58187655545255],[13.409014542203565,52.581878918115706],[13.409017180286384,52.58188145048234],[13.409019398180844,52.58188412816445],[13.409021174527348,52.58188692537448],[13.409022492218638,52.581889815173824],[13.409023338564538,52.58189276973213],[13.409023705414183,52.58189576059538],[13.409023589234515,52.581898758959944],[13.409022991144305,52.581901735949955],[13.409021916903393,52.581904662895326],[13.409020376857223,52.58190751160797],[13.409018385837198,52.58191025465321],[13.409015963017866,52.58191286561403],[13.409013131732253,52.58191531934535],[13.409009919247152,52.58191759221645],[13.409008245991146,52.581918564456195],[13.409010317164977,52.58191988331545],[13.409016751408167,52.581924881021564],[13.409022350483642,52.58193023882503],[13.409027060469054,52.581935905127374],[13.409030836004401,52.581941825359166],[13.409033640728886,52.58194794250538],[13.409035447631096,52.58195419765463],[13.40903623930916,52.58196053056647],[13.409036008138344,52.58196688025148],[13.409034756344512,52.58197318555874],[13.409032495982693,52.58197938576465],[13.40902924882101,52.58198542115778],[13.409025046131054,52.58199123361391],[13.40901992838673,52.58199676715581],[13.40901394487449,52.58200196849234],[13.409007153218683,52.58200678753164],[13.408999618826606,52.58201117786361],[13.408991414258598,52.58201509720681],[13.408982618529242,52.58201850781571],[13.408973316346419,52.58202137684413],[13.408963597295495,52.582023676661706],[13.408953554976577,52.58202538511979],[13.408943286103064,52.58202648576496],[13.40893288957024,52.58202696799737],[13.408922465502837,52.582026827172825],[13.408912114290763,52.582026064647536],[13.408884460464538,52.582023182853916],[13.40888476479936,52.58202503236407],[13.408884773289667,52.5820280315591],[13.40888429913407,52.58203101681912],[13.408883346898852,52.58203395939442],[13.408881925754462,52.58203683094638],[13.408880049387221,52.58203960382035],[13.4088777358675,52.58204225131206],[13.408875007475709,52.582044747924655],[13.40887189048771,52.58204706961438],[13.408868414921786,52.58204919402205],[13.408864614249536,52.58205110068845],[13.408860525073532,52.58205277125131],[13.408856186774813,52.582054189622134],[13.408851641133625,52.582055342141246],[13.408846931927044,52.58205621770924],[13.408842104507388,52.58205680789388],[13.40883720536544,52.58205710701136],[13.408832281682711,52.58205711218101],[13.408827380877053,52.58205682335306],[13.408822550146004,52.58205624330906],[13.408817836012233,52.582055377635164],[13.408784098342784,52.5820480643464],[13.408522573307025,52.582020353084616],[13.408469720219387,52.582022682202066],[13.408463636816974,52.58202272501179],[13.408457589632103,52.582022318996074],[13.407852970221802,52.581958927441406],[13.40783763985504,52.58195735156135],[13.407832830872467,52.58195670797863],[13.407828148606336,52.58195578036986],[13.407823638149518,52.58195457766841],[13.407819342940234,52.58195311145697],[13.407815304343755,52.581951395856024],[13.407811561254004,52.58194944738773],[13.407808149718994,52.58194728481696],[13.407805102593665,52.581944928970465],[13.407802449223482,52.581942402536384],[13.407800215161801,52.581939729845665],[13.407798421923804,52.58193693663781],[13.407797086779276,52.58193404981296],[13.407796222586303,52.581931097172834],[13.407795837667448,52.58192810715297],[13.407795935729588,52.58192510854891],[13.407796515828233,52.58192213023882],[13.407797572376623,52.5819192009055],[13.407799095199527,52.58191634875998],[13.407801069631255,52.581913601269974],[13.407803045711134,52.58191145332219],[13.40775211630486,52.58190626561539],[13.40774192926443,52.581904911985205],[13.407732009092285,52.58190295664457],[13.407722451325453,52.581900418424546],[13.407713348010754,52.5818973217697],[13.407704786818307,52.58189369650261],[13.407696850197226,52.58188957753673],[13.40768961458158,52.58188500454005],[13.407683149654275,52.58188002155319],[13.407677517675989,52.58187467656517],[13.40767277288556,52.58186902105125],[13.407668960977656,52.581863109477226],[13.407666118662702,52.58185699877489],[13.407664273313365,52.5818507477937],[13.407663442700956,52.58184441673407],[13.407663634824287,52.581838066567585],[13.407664847832663,52.58183175844981],[13.407667070043722,52.58182555313134],[13.407670280055958,52.5818195103727],[13.407674446954845,52.5818136883689],[13.407679530610569,52.58180814318892],[13.407685482064522,52.58180292823575],[13.4076922440008,52.58179809373212],[13.407699751298196,52.58179368623681],[13.407707931657354,52.58178974819626],[13.407716706297052,52.58178631753585],[13.4077259907129,52.581783427294575],[13.407732438316627,52.58178188462616],[13.407730660859018,52.58178131313224],[13.407726552790901,52.58177965988156],[13.407722730530127,52.58177776931446],[13.407719230887173,52.581775659638204],[13.407716087565516,52.58177335117012],[13.40771333083704,52.581770866142065],[13.407710987250512,52.581768228486226],[13.407709079375895,52.58176546360472],[13.407707625586994,52.581762598124875],[13.407706639884507,52.581759659642834],[13.4077061317612,52.581756676457815],[13.407706106110483,52.58175367729953],[13.40770656317928,52.581750691051504],[13.407707498565681,52.5817477464729],[13.40770890326131,52.58174487192166],[13.407710763738097,52.58174209508123],[13.407713062078562,52.5817394426941],[13.40771577614838,52.58173694030418],[13.407718879809535,52.58173461201083],[13.407722343172056,52.581732480236724],[13.407726132881866,52.581730565512046],[13.40773021244201,52.581728886276544],[13.407734542564128,52.58172745870219],[13.407736392901354,52.581726984940325],[13.407701800000002,52.581723499999995],[13.4076979,52.5817371],[13.407582200000002,52.581725],[13.407586,52.58171140000001],[13.4074586,52.5816988],[13.4074548,52.58171229999999],[13.4073606,52.58170260000001],[13.4073643,52.5816891],[13.4071217,52.581664499999995],[13.4071298,52.58163700000001],[13.4071505,52.5816393],[13.407175,52.581551499999996],[13.407192200000003,52.581553500000005],[13.4072171,52.5814613],[13.4073177,52.5814757],[13.4073101,52.5815056],[13.4073691,52.58151060000001],[13.4073526,52.5815701],[13.4081108,52.58164670000001],[13.4081076,52.58166039999998],[13.4081627,52.58166649999999],[13.408210143008839,52.58154128959335],[13.407850297027887,52.581493216609566],[13.407845545253885,52.58149243113536],[13.407840942751472,52.58149136573101],[13.407836533845332,52.58149003065697],[13.407832360995707,52.58148843877076],[13.407828464389455,52.58148660540311],[13.407824881553053,52.58148454821041],[13.407821646991176,52.58148228700459],[13.407818791854409,52.58147984356228],[13.407816343639244,52.581477241415264],[13.407814325923287,52.58147450562359],[13.40781275813817,52.58147166253451],[13.407811655382451,52.58146873952851],[13.407811028276175,52.581465764755755],[13.407810882858623,52.581462766864945],[13.407811220530148,52.58145977472739],[13.407812038038694,52.58145681715903],[13.407813327511109,52.58145392264285],[13.407815076528987,52.58145111905461],[13.40781726824826,52.58144843339434],[13.407819881561409,52.58144589152645],[13.407822891300762,52.58144351793044],[13.407826268480857,52.58144133546534],[13.407829980577603,52.58143936514945],[13.407833991841489,52.58143762595793],[13.407838263641889,52.58143613464015],[13.407842754839079,52.58143490555829],[13.407847422180438,52.58143395054903],[13.407852220717004,52.581433278809634],[13.40785710423633,52.581432896809304],[13.407862025707553,52.581432808226914],[13.407866937734314,52.58143301391556],[13.407871793011203,52.5814335118943],[13.408232716789593,52.581481728856005],[13.408237700000003,52.581468599999994],[13.408108300000002,52.5814509],[13.407875400000002,52.58141909999999],[13.4076324,52.5813859],[13.4073887,52.58135259999999],[13.4072674,52.58133599999999],[13.407301100000002,52.58124509999999],[13.4082722,52.5813794],[13.40832,52.5812568],[13.408334110367926,52.58122701788673],[13.408262377368281,52.581215562911055],[13.408257297390982,52.58121457317024],[13.408252418597904,52.581213260529395],[13.408247796123424,52.58121163982244],[13.408243482205286,52.58120972936471],[13.408239525594281,52.581207550745944],[13.40823597100331,52.58120512858635],[13.408212669278607,52.58118744172693],[13.407987705262212,52.58114746984878],[13.407983051990396,52.58114648974806],[13.407978578831898,52.581145236533416],[13.407974328865745,52.58114372227401],[13.407970343021478,52.58114196155301],[13.40796665968499,52.58113997132715],[13.407963314328828,52.58113777076344],[13.407960339170598,52.58113538105452],[13.407957762862672,52.58113282521464],[13.407955610216256,52.581130127857946],[13.407953901962452,52.5811273149615],[13.407952654552599,52.58112441361502],[13.407951879999853,52.5811214517601],[13.407951585763485,52.581118457921],[13.407951774677052,52.58111546093008],[13.407952444921117,52.58111248964996],[13.407953590040767,52.58110957269569],[13.40795519900779,52.58110673815912],[13.407957256326872,52.58110401333837],[13.407959742184849,52.58110142447493],[13.407962632641498,52.581098996500934],[13.407965899860114,52.58109675279909],[13.407969512375583,52.58109471497743],[13.407973435397416,52.58109290266127],[13.407977631144798,52.58109133330417],[13.407982059210433,52.58109002201986],[13.407986676949688,52.58108898143672],[13.407991439891285,52.58108822157612],[13.407996302165584,52.581087749755895],[13.408001216946314,52.58108757051994],[13.408006136901552,52.58108768559439],[13.408011014649535,52.581088093871024],[13.408015803214978,52.58108879141791],[13.40825594882129,52.58113146075413],[13.40826077000228,52.58113248214588],[13.408265395859658,52.58113379665647],[13.4082697785111,52.58113539067937],[13.408273872591693,52.58113724771485],[13.408277635723508,52.581139348540695],[13.408281028954258,52.58114167141122],[13.408303855151306,52.581158997312045],[13.40836198305468,52.581168279696044],[13.4083762,52.5811384],[13.4082497,52.581115999999994],[13.4080105,52.5810736],[13.4077837,52.581033500000004],[13.4075321,52.5809889],[13.4074181,52.58096869999999],[13.4074605,52.5808824],[13.4084176,52.5810511],[13.4084768,52.58092429999999],[13.40849371631701,52.58089567240375],[13.408424558767848,52.5808823368861],[13.408419639385118,52.58088121249465],[13.408414940023077,52.58087978086835],[13.408410512223336,52.580878057708986],[13.40840743850636,52.580876564284026],[13.408402015902224,52.58087661517113],[13.40839451153544,52.58087623593455],[13.408387104326405,52.5808754104571],[13.40837986561081,52.580874146688636],[13.408144678271768,52.58082536124894],[13.408137677779665,52.5808236713465],[13.408130982914708,52.58082157159908],[13.40812465815224,52.580819082228466],[13.408118764403271,52.58081622720869],[13.408113358427874,52.580813034035266],[13.408108492288553,52.58080953346024],[13.40810421284885,52.58080575919614],[13.40810056132202,52.58080174759126],[13.40809757287414,52.580797537279594],[13.408095276285438,52.580793168808796],[13.40809369367313,52.58078868424968],[13.408092840278425,52.58078412679104],[13.408092724319756,52.58077954032366],[13.408093346913633,52.58077496901778],[13.408094702063917,52.58077045689754],[13.408096776719551,52.580766047417086],[13.408099550900276,52.58076178304211],[13.408102997889047,52.58075770484081],[13.408107084489348,52.580753852088435],[13.408111771344892,52.580750261889044],[13.408117013318646,52.58074696881813],[13.408122759927538,52.58074400458971],[13.40812895582862,52.58074139775089],[13.408135541352063,52.580739173406826],[13.408142453075802,52.58073735297915],[13.40814962443632,52.58073595399951],[13.408156986369681,52.58073498994081],[13.408164467976654,52.580734470087435],[13.408171997205502,52.580734399445845],[13.408179501545865,52.58073477869635],[13.408186908727068,52.580735604186586],[13.40819414741412,52.58073686796666],[13.408429334338534,52.58078565330547],[13.408436334836194,52.58078734319072],[13.40844302971093,52.58078944292096],[13.40844935448757,52.580791932274714],[13.408455248255146,52.580794787278165],[13.408460654253506,52.58079798043618],[13.408465520419934,52.580801480996946],[13.408469799890547,52.58080525524823],[13.408473451451618,52.580809266841975],[13.408476439936495,52.580813477144446],[13.408478736564273,52.58081784560813],[13.408480319216983,52.58082233016239],[13.408481172652603,52.58082688761855],[13.408481229912367,52.58082915159901],[13.408527822520892,52.58083813595365],[13.408546800000002,52.58080609999998],[13.408419900000002,52.58077970000001],[13.408188300000003,52.58073159999999],[13.407950600000001,52.58068219999999],[13.4077183,52.580633899999995],[13.407604100000002,52.580610199999995],[13.407652300000002,52.58052459999999],[13.4085974,52.5807197],[13.408698218575106,52.5805517619303],[13.408688132809086,52.58054924891787],[13.40868412741363,52.58055045678998],[13.408677084017539,52.580552079122405],[13.408669813493788,52.580553273096164],[13.408662385861701,52.580554027212585],[13.408654872653653,52.58055433420911],[13.408647346226173,52.58055419112917],[13.4086398790631,52.58055359935072],[13.408632543077523,52.58055256457293],[13.408625408919194,52.580551096761305],[13.408345075468132,52.58048391536923],[13.4083382118659,52.58048202864354],[13.408331684899567,52.58047974119079],[13.408325557427501,52.58047707504046],[13.40831988846068,52.580474055869125],[13.40831473259438,52.5804707127531],[13.408310139482397,52.5804670778885],[13.408306153358847,52.580463186281115],[13.408302812612174,52.58045907540931],[13.408300149415455,52.58045478486311],[13.408298189416554,52.580450355962824],[13.40829695149113,52.58044583136127],[13.408296447560863,52.580441254632795],[13.40829668247865,52.58043666985383],[13.408297653981872,52.58043212117831],[13.408299352714202,52.580427652412446],[13.408301762315714,52.58042330659284],[13.408304859580445,52.58041912557209],[13.408308614679893,52.58041514961564],[13.40831299145028,52.580411417014076],[13.408317947740851,52.58040796371433],[13.408323435819785,52.58040482297346],[13.4083294028339,52.580402025038495],[13.408335791317652,52.580399596854996],[13.40834253974655,52.580397561807615],[13.40834958312968,52.58039593949494],[13.408356853635588,52.58039474554068],[13.408364281245525,52.58039399144323],[13.408371794427767,52.580393684464944],[13.408379320826493,52.58039382756218],[13.408386787958596,52.58039441935684],[13.408394123911734,52.58039545414964],[13.408401258036875,52.58039692197498],[13.408681591024406,52.580464103231286],[13.408688454639025,52.58046598993717],[13.408694981622324,52.58046827737038],[13.408701109115999,52.58047094350173],[13.408706778109007,52.58047396265503],[13.40871193400588,52.58047730575423],[13.408716527152487,52.580480940603515],[13.40872051331426,52.580484832197364],[13.408723854102174,52.58048894305768],[13.408726179638533,52.58049268954648],[13.408734573717451,52.580494781050476],[13.408746700000002,52.58047609999999],[13.408632,52.58044829999999],[13.408383700000002,52.5803882],[13.4081621,52.58033449999999],[13.407930100000002,52.580278299999996],[13.4078162,52.58025069999999],[13.407873000000002,52.58016679999999],[13.4088013,52.5803919],[13.408850062601154,52.58031661126437],[13.408818387607358,52.58026390676283],[13.408818230601376,52.580263599601494],[13.408818035205458,52.58026330072378],[13.408780935269036,52.5801973007095],[13.40878087691171,52.58019717746467],[13.408780800647866,52.58019705790394],[13.408762100681129,52.580162857896745],[13.408761998112086,52.58016263425497],[13.408761865462244,52.58016241656244],[13.408757010997345,52.58015306720775],[13.407882389419921,52.57997434516423],[13.407854175125676,52.58002365836108],[13.407854165732129,52.5800236725045],[13.407854158635592,52.58002368713638],[13.407853242477303,52.58002506260557],[13.407852328571193,52.580026438630625],[13.407852316947142,52.58002645214506],[13.407852307530446,52.580026466282774],[13.407824533726226,52.58006291945119],[13.407753896004094,52.58018555882329],[13.407752039950834,52.58018833674631],[13.4077497458538,52.5801909904709],[13.407747035806347,52.58019349444023],[13.407743935907675,52.580195824539636],[13.407740476011481,52.580197958328995],[13.40773668943846,52.5801998752587],[13.4077326126554,52.58020155686766],[13.407728284923985,52.580202986961],[13.407723747922692,52.58020415176614],[13.407719045345392,52.580205040065344],[13.407714222480557,52.58020564330379],[13.407709325775102,52.58020595567196],[13.407704402387076,52.58020597416155],[13.407699499731494,52.580205698594504],[13.407694665023708,52.580205131624695],[13.407689944824686,52.58020427871237],[13.407685384592606,52.58020314807155],[13.407681028245069,52.580201750590945],[13.407676917736133,52.580200099729076],[13.407673092652287,52.58019821138468],[13.4076695898312,52.58019610374358],[13.40766644300695,52.580193797103526],[13.407663682485158,52.58019131367877],[13.407661334851118,52.580188677386076],[13.407659422713778,52.580185913614386],[13.407657964487992,52.58018304898039],[13.407656974217192,52.58018011107206],[13.407656461438135,52.58017712818308],[13.40765643108907,52.580174129040316],[13.40765688346217,52.580171142527156],[13.407657814200746,52.580168197405335],[13.40765921434118,52.58016532203798],[13.407730659295614,52.58004128162724],[13.407731577101066,52.58003990796001],[13.40773249246625,52.58003853368867],[13.407760244320428,52.580002109430446],[13.407787230192767,52.57995494345633],[13.40763,52.57992749999999],[13.406545000157411,52.57971615772],[13.40654634417149,52.57971863064943],[13.406547426473972,52.57972155873293],[13.406548032076282,52.579724537366644],[13.406548155137505,52.57972753782271],[13.406547794470665,52.57973053116287],[13.406546953554164,52.579733488517405],[13.406545640498246,52.5797363813637],[13.406439688761575,52.57993187426277],[13.406437917675404,52.579934672691124],[13.406435704839547,52.579937351894955],[13.406433071564757,52.57993988607201],[13.406430043210873,52.579942250816764],[13.406426648942574,52.57994442335541],[13.406422921448517,52.579946382765186],[13.406418896626521,52.579948110175856],[13.406414613237857,52.5799495889515],[13.406410112533955,52.579950804850675],[13.406405437859114,52.57995174616357],[13.406400634233092,52.57995240382484],[13.406395747917523,52.57995277150079],[13.406390825970393,52.57995284565054],[13.406385915792843,52.57995262555996],[13.40638106467266,52.57995211334867],[13.40637631932888,52.57995131394951],[13.40637172546184,52.5799502350612],[13.406367327313061,52.579948887074],[13.406367082511176,52.5799487926796],[13.406366539790733,52.57994897709231],[13.40636202564308,52.579950174354856],[13.406357340587938,52.57995109631816],[13.406352529745032,52.57995173410318],[13.406347639445494,52.579952081567725],[13.406342716785684,52.57995213536547],[13.4063378091736,52.57995189497834],[13.40633296387233,52.5799513627214],[13.406328227544867,52.579950543720585],[13.406296798938588,52.57994407840737],[13.406289401379535,52.57995762678548],[13.40628762012078,52.57996042281704],[13.406285397546704,52.579963099028255],[13.406282755061856,52.579965629645756],[13.406279718114769,52.57996799029826],[13.40627631595288,52.57997015825138],[13.406272581340868,52.57997211262651],[13.406268550245098,52.579973834601894],[13.406264261487268,52.57997530759398],[13.406259756370506,52.57997651741701],[13.40625507828162,52.57997745241971],[13.406250272273244,52.57997810359744],[13.406245384629953,52.579978464679044],[13.406240462422522,52.579978532187056],[13.406235553054596,52.57997830547136],[13.40623070380617,52.579977786715354],[13.40622596137825,52.57997698091497],[13.406221371443094,52.57997589583049],[13.406216978204355,52.57997454191191],[13.406212823971385,52.579972932198224],[13.406208948751756,52.579971082191896],[13.406205389865974,52.579969009709515],[13.406202181588057,52.57996673471024],[13.406199354815461,52.579964279103606],[13.406196936771517,52.57996166653846],[13.406194950743258,52.57995892217527],[13.406193415857153,52.57995607244376],[13.406192346894914,52.57995314478843],[13.406191754151143,52.57995016740422],[13.40619164333419,52.579947168964985],[13.406192015511182,52.579944178347276],[13.406192867097758,52.57994122435243],[13.406194189892581,52.579938335429],[13.406201751715315,52.57992448626209],[13.40613910592312,52.57991154666877],[13.405878275306792,52.5798577926216],[13.405891392939552,52.579872088467745],[13.405893786204699,52.57987506504812],[13.405895636254463,52.57987818200064],[13.405896921329507,52.579881402665556],[13.405903221351945,52.57990200266314],[13.40590391764989,52.57990522039029],[13.405904049863851,52.579908464954094],[13.405903616502625,52.5799116997633],[13.405899016525538,52.57993239976539],[13.40589799460343,52.57993565713631],[13.405896399311217,52.57993882787842],[13.405894249433052,52.57994187465681],[13.405878949447311,52.57996067466268],[13.405876323196246,52.579963511084884],[13.405873216417234,52.57996616117957],[13.405869664383859,52.57996859485818],[13.405861166326837,52.57997382713722],[13.405857535986183,52.579975853107605],[13.405853597139686,52.57997765255944],[13.405849387720625,52.579979208163],[13.40584494826805,52.57998050493694],[13.405840321536381,52.5799815303926],[13.405835552083648,52.579982274654256],[13.405830685842373,52.57998273055426],[13.405825769677216,52.57998289370204],[13.405820850933637,52.57998276252637],[13.405815976981918,52.57998233829054],[13.405811194760975,52.57998162508024],[13.405806550326295,52.57998062976402],[13.4058020884064,52.579979361927386],[13.405797851972082,52.57997783378029],[13.40579388182256,52.57997606003967],[13.405790216192582,52.57997405778764],[13.405786890384169,52.57997184630701],[13.405783936426666,52.57996944689559],[13.405781382768271,52.57996688266103],[13.405779254002066,52.579964178298354],[13.40577757062917,52.57996135985208],[13.405776348861302,52.57995845446537],[13.405775600464676,52.579955490118735],[13.405775332646659,52.579952495360445],[13.40577554798639,52.57994949903167],[13.405776244409934,52.579946529988696],[13.405777415210252,52.57994361682502],[13.405779049111816,52.579940787595966],[13.40578113037918,52.57993806954856],[13.405783638968542,52.57993548885904],[13.405786550720768,52.57993307038085],[13.405789837594062,52.57993083740522],[13.40579264463568,52.57992910910321],[13.405800689269814,52.57991922420562],[13.405803101747718,52.57990836811021],[13.405799787472242,52.57989753091561],[13.405791039433552,52.5798879971145],[13.405777851758115,52.57988062447384],[13.405760234430959,52.57987600788446],[13.40574100913304,52.579875155793594],[13.405722637217387,52.57987815636438],[13.405707048769212,52.57988469514463],[13.405695944329924,52.57989401869037],[13.405690534962108,52.5799051000414],[13.40569117351021,52.57991290440991],[13.405691177020609,52.579915903607954],[13.405690697931965,52.57991888857365],[13.405689740858067,52.57992183056012],[13.405688315015972,52.57992470123443],[13.405686434137236,52.57992747295039],[13.405684116335678,52.57993011901482],[13.405681383932945,52.57993261394469],[13.40567826324353,52.57993493371241],[13.405674784321358,52.57993705597732],[13.405670980670354,52.57993896030083],[13.405666888921779,52.5799406283432],[13.405662548481445,52.5799420440403],[13.40565800115022,52.57994319375811],[13.405653290721462,52.57994406642425],[13.405648462559256,52.579944653634406],[13.405643563161536,52.579944949733445],[13.405638639712276,52.57994495186975],[13.405633739627085,52.57994466002275],[13.405628910096553,52.57994407700312],[13.405624197631795,52.57994320842563],[13.4056196476165,52.579942062655206],[13.405615303869878,52.57994065072624],[13.405611208224629,52.579938986236435],[13.405607400124097,52.57993708521575],[13.405603916242388,52.57993496597207],[13.405600790131189,52.5799326489149],[13.405598051896638,52.57993015635882],[13.405595727909391,52.579927512308515],[13.405593840550658,52.57992474222768],[13.40559240799667,52.57992187279372],[13.405591444043619,52.57991893164085],[13.405590957974809,52.579915947094],[13.40558989224563,52.57990292133108],[13.405589930043625,52.57989947140183],[13.405590605895446,52.579896046049306],[13.405591911188404,52.57989268892363],[13.40560221120928,52.57987158892796],[13.405604127841864,52.5798683449104],[13.405606632080143,52.579865253038385],[13.405609692054055,52.579862352660314],[13.405630892061536,52.579844552667595],[13.40563448583634,52.57984186936323],[13.405638554866584,52.57983945095299],[13.40564304690656,52.579837328488814],[13.405672846897279,52.579824828495866],[13.405677718337122,52.5798230246626],[13.405682894259092,52.57982156913044],[13.40568830783261,52.579820480692916],[13.405723207810682,52.57981478069653],[13.405728681718653,52.57981408325107],[13.405734249042874,52.57981376125566],[13.405739840608158,52.579813818711145],[13.405773718022882,52.57981532020335],[13.405778990956456,52.57980544590181],[13.405779010803064,52.57980540881673],[13.405798311934086,52.57976942092673],[13.405648244910491,52.57973836332623],[13.405633079254901,52.57974633659723],[13.405629271121851,52.57974815124372],[13.405625193930977,52.579749734165716],[13.405620885547549,52.57975107066245],[13.405616385983963,52.57975214832172],[13.405611737028135,52.5797529571352],[13.405606981855405,52.579753489591354],[13.405602164627568,52.5797537407452],[13.405597330082744,52.579753708264235],[13.405536430040668,52.57975150826242],[13.405531285331818,52.57975115944364],[13.40552622701147,52.57975048954884],[13.405521308930329,52.57974950570973],[13.405516583446111,52.579748218400184],[13.405512100866138,52.57974664132488],[13.405507908911773,52.57974479127332],[13.405504052210363,52.579742687941064],[13.405474952210527,52.579725087932424],[13.405471450947733,52.57972273815858],[13.405468368549794,52.579720179883765],[13.405465738250603,52.579717440690935],[13.405463588409564,52.57971455011364],[13.405461942205848,52.57971153931765],[13.405456311507386,52.57969912515355],[13.40540126531285,52.579687716845626],[13.405359492776846,52.5797586775063],[13.405357605456306,52.57976144759494],[13.405355281507505,52.57976409165483],[13.405352543311286,52.579766584222234],[13.405349417237938,52.579768901292304],[13.40534593339324,52.57977102055038],[13.405342125328522,52.57977292158682],[13.405338029717546,52.57977458609357],[13.40533368600333,52.57977599804051],[13.405329136018267,52.57977714382976],[13.405324423581275,52.57977801242675],[13.405319594075776,52.579778595466394],[13.405314694012645,52.57977888733368],[13.405309770582264,52.57977888521776],[13.405304871200054,52.57977858913904],[13.405300043049843,52.579778001948895],[13.405295332629448,52.57977712930233],[13.405290785302872,52.57977597960339],[13.405286444863428,52.57977456392436],[13.40528235311197,52.579772895898984],[13.405278549454337,52.57977099159134],[13.405275070521853,52.57976886934095],[13.405271949818536,52.57976654958628],[13.405269217398443,52.579764054667876],[13.405266899576239,52.57976140861317],[13.405265018673756,52.579758636905154],[13.405263592805051,52.5797557662369],[13.405262635701929,52.579752824254555],[13.405262156581726,52.579749839291],[13.405262160058536,52.57974684009307],[13.405262646098778,52.57974385554472],[13.40526361002152,52.57974091438874],[13.40526504254357,52.57973804495007],[13.40532347498661,52.57963878373642],[13.405325340331506,52.579636041934094],[13.405327633457006,52.579633423280704],[13.405330332736895,52.579630952472364],[13.405333412714588,52.57962865281093],[13.405336844343209,52.57962654598419],[13.405340595259526,52.57962465186128],[13.405344630089164,52.579622988305424],[13.405348910780226,52.57962157100535],[13.40535339696213,52.579620413327405],[13.405358046326366,52.57961952618948],[13.405362815025477,52.579618917958044],[13.40536765808658,52.579618594369215],[13.405372529835514,52.579618558474735],[13.405377384327556,52.579618810613105],[13.40538217578073,52.57961934840645],[13.40538685900757,52.57962016678294],[13.405513758934411,52.579646466765155],[13.405518297908452,52.57964756024565],[13.40552264096834,52.57964891724112],[13.405526747005213,52.5796505249071],[13.405530577153725,52.57965236802633],[13.405534095159904,52.57965442915294],[13.405537267724327,52.57965668877755],[13.405540064817302,52.57965912551182],[13.405542459963119,52.579661716291085],[13.405544430490645,52.57966443659252],[13.405545957747936,52.57966726066737],[13.40555510756912,52.579687433456016],[13.405561294513408,52.5796911753864],[13.405582939098075,52.5796919572926],[13.405604420774164,52.579680663403984],[13.405608150958507,52.57967888240995],[13.40561214037907,52.579677323782995],[13.405616353433887,52.579676001432425],[13.405620752525277,52.579674927159],[13.40562529839535,52.57967411054963],[13.405629950476369,52.57967355889184],[13.40563466725276,52.579673277108654],[13.405639406631611,52.57967326771472],[13.405644126318299,52.579673530793876],[13.405648784193938,52.579674063998375],[13.405653338691243,52.579674862569874],[13.405809359914947,52.579707152473624],[13.4058099,52.57970610000001],[13.4057491,52.5796914]],[[13.406342600000002,52.57712879999999],[13.4063443,52.57712529999999],[13.406302600000002,52.5771174],[13.4062961,52.57713040000001],[13.406342600000002,52.57712879999999]],[[13.406618200000002,52.57639129999999],[13.4064819,52.5763657],[13.4064548,52.576361600000006],[13.406436484133742,52.576402740270666],[13.406621386931183,52.576437795840825],[13.4066426,52.57639589999999],[13.406618200000002,52.57639129999999]],[[13.406469952469308,52.57633152556239],[13.406382813987763,52.57631646313031],[13.406375208779245,52.57633295898782],[13.4064613,52.57634709999999],[13.406469952469308,52.57633152556239]],[[13.406591693406584,52.57649618147429],[13.40632127188524,52.576444912354084],[13.406303113473951,52.57648104053984],[13.406574601752695,52.5765280001476],[13.406575653185536,52.576528216499405],[13.406591836506875,52.57649620397758],[13.406591693406584,52.57649618147429]],[[13.406258161580123,52.57964985025665],[13.4062567,52.5796495],[13.406256398137174,52.579649983891045],[13.406258161580123,52.57964985025665]],[[13.406109100000002,52.57973830000001],[13.4060515,52.57974140000001],[13.4059986,52.579739599999996],[13.4059203,52.5797271],[13.4059163,52.579734800000004],[13.405901662840792,52.579731999970264],[13.405902443405393,52.579732687364476],[13.405903697554448,52.57973376459692],[13.405903843500546,52.57973392034027],[13.405904010976345,52.57973406782566],[13.405905063607824,52.57973522235242],[13.405906138387962,52.579736369281655],[13.405906258571727,52.57973653298935],[13.405906401510249,52.57973668976438],[13.405907263306267,52.57973790158333],[13.405908148366745,52.57973910716381],[13.405908241630735,52.579739277259264],[13.405908358655404,52.5797394418141],[13.405909021316363,52.57974069925476],[13.405909708133535,52.5797419518761],[13.405909773579566,52.57974212672121],[13.405909863563364,52.57974229747108],[13.40591032070744,52.57974358842364],[13.405910802666847,52.57974487602243],[13.405910839664632,52.57974505393331],[13.405910901740961,52.579745229233815],[13.405911148965572,52.5797465412657],[13.405911421425637,52.57974785144167],[13.405911429618861,52.57974803070496],[13.405911463189888,52.57974820886786],[13.405911498114081,52.579749529343474],[13.405911558450825,52.5797508494789],[13.405911537760575,52.57975102836819],[13.405911542502986,52.57975120767769],[13.405911364790379,52.57975252388013],[13.405911212422684,52.579753841261386],[13.405911163048215,52.579754018053876],[13.405911138916332,52.57975419678313],[13.405910750278352,52.57975549603667],[13.405910386673558,52.579756797976636],[13.405910309090364,52.57975697096974],[13.405910256316588,52.57975714739745],[13.405909660495988,52.579758417189545],[13.405909089155767,52.57975969114984],[13.405889807789677,52.57979564238264],[13.406123397501148,52.57984378248078],[13.40619517571043,52.57971128426447],[13.4061662,52.57972509999999],[13.406109100000002,52.57973830000001]],[[13.406538137733982,52.57563658045097],[13.406581895039237,52.575641523303375],[13.406814228912353,52.57515932922039],[13.406775650634383,52.57514421980269],[13.406538137733982,52.57563658045097]],[[13.4113109,52.57683610000001],[13.4113423,52.576864099999995],[13.411605022610141,52.57708054091188],[13.411643386007452,52.577071364667404],[13.411642666387792,52.57705931080733],[13.411642709820628,52.577056511991096],[13.411642962561624,52.577054993742024],[13.411641099995807,52.577053432355974],[13.411616426291053,52.577030456797765],[13.411355601904864,52.57678805985522],[13.4113443,52.576808699999994],[13.4113109,52.57683610000001]],[[13.411678438192597,52.5771286468395],[13.411677884638767,52.57712877924567],[13.41168275870375,52.577131990353706],[13.411678438192597,52.5771286468395]],[[13.4123106,52.57750649999999],[13.4131195,52.57781349999999],[13.413785987198079,52.57806148449913],[13.412350640298373,52.57751866536097],[13.412346593144685,52.577516961827044],[13.412342839319594,52.57751502501182],[13.41176215891306,52.57718430032387],[13.4118845,52.577264899999996],[13.4123106,52.57750649999999]],[[13.414501451263114,52.578317152866745],[13.414500641521448,52.57831576137681],[13.41438196504407,52.57828038572795],[13.414504262838093,52.57832080187905],[13.414501451263114,52.578317152866745]],[[13.414979163758396,52.5784610849523],[13.414949313396587,52.57845316990652],[13.4149721,52.5784595],[13.414979163758396,52.5784610849523]],[[13.415737091200116,52.578584694753694],[13.415755210076352,52.578577837403664],[13.415678789136992,52.57857007155639],[13.415677192869015,52.57856989763521],[13.415292358386813,52.578525132716685],[13.415291419379717,52.57852663681835],[13.415420283308878,52.57854682495915],[13.415737091200116,52.578584694753694]],[[13.418525902838118,52.58080286778025],[13.418482123543372,52.58080396542599],[13.418535691009142,52.580819934367625],[13.418525902838118,52.58080286778025]],[[13.418670433714446,52.58076184199453],[13.418620857808863,52.580783104687896],[13.41863300876384,52.580804290926594],[13.418723201490117,52.580760665666084],[13.41872754395647,52.5807587852979],[13.418732189277117,52.58075719604122],[13.418737085066981,52.580755915818],[13.418742176116469,52.58075495906529],[13.418745870357991,52.58075451927101],[13.418750311282201,52.580752323437395],[13.418670433714446,52.58076184199453]],[[13.418732396995859,52.58099168124399],[13.41873962482489,52.58099177091129],[13.418747102163145,52.5809923133733],[13.418754456209973,52.58099329967427],[13.418761616142088,52.5809947203156],[13.419136929822566,52.581081812748195],[13.419159763734141,52.58105553563926],[13.4187515,52.580963999999994],[13.418732396995859,52.58099168124399]],[[13.418542827118392,52.581080838368905],[13.41856209077271,52.58109783927569],[13.418564118842735,52.58109978175014],[13.418565901134723,52.581101811703164],[13.418601650207792,52.581146497996166],[13.418643539873798,52.58108916683591],[13.4185639,52.581071099999996],[13.418542827118392,52.581080838368905]],[[13.409684500000001,52.57956320000001],[13.4096049,52.5796679],[13.4095275,52.579769799999994],[13.409443,52.5798811],[13.4093446,52.58001049999999],[13.4094524,52.580035099999996],[13.409445,52.580054899999986],[13.409422870064745,52.5801138184358],[13.409448452952052,52.580115492939626],[13.409555625239747,52.58012169609342],[13.409592660414333,52.5800709787242],[13.409592683338007,52.580070951071605],[13.409592701797866,52.58007092220612],[13.410009583122656,52.57950311910378],[13.409771300000001,52.5794489],[13.409684500000001,52.57956320000001]],[[13.4093653,52.58046659999999],[13.40891567006789,52.581057630604555],[13.408954717733838,52.58106396850162],[13.408958707429125,52.58106472578813],[13.408962579826818,52.5810656826999],[13.408982026240873,52.58107107302568],[13.4093706,52.580528799999996],[13.409504699999998,52.5805671],[13.409448899999997,52.5806449],[13.409353700000002,52.58077759999999],[13.4092579,52.5809112],[13.409156699999999,52.581052400000004],[13.409116527167791,52.58110835503654],[13.40915037833018,52.58111773813057],[13.40915725643672,52.581117738132384],[13.409159869481998,52.58111333326688],[13.409553170215725,52.58054903350569],[13.409556683964933,52.58054464463701],[13.409560930181781,52.58054050301702],[13.409565862525195,52.580536653845044],[13.409571427166131,52.58053313912888],[13.409577563375047,52.58052999722612],[13.409682724055871,52.58048162918296],[13.409683447392144,52.580480322508215],[13.409684051955235,52.58047950533895],[13.409641554659471,52.58044162725211],[13.409627909083916,52.580439667477954],[13.4096006,52.58049929999999],[13.4093653,52.58046659999999]],[[13.4136946,52.5796348],[13.413874393021738,52.57964147073559],[13.413882621016736,52.57963916554963],[13.413907335047051,52.57962743471457],[13.4138269,52.579614500000005],[13.4138489,52.579564],[13.4139428,52.5795791],[13.413925499394402,52.57961881276414],[13.413943864342547,52.579610095589516],[13.41406491470205,52.579523655725744],[13.414096902114181,52.57949563116698],[13.414057,52.57948510000001],[13.4140671,52.579471000000005],[13.4141034,52.5794806],[13.4141258,52.57944940000001],[13.414144163085377,52.579454225175944],[13.41421568987549,52.57939155937817],[13.414217123475126,52.579390425551466],[13.414196700000002,52.57938619999999],[13.414188970790109,52.57938459393072],[13.414188863538389,52.5793846250677],[13.414186751871993,52.579385245523106],[13.4141866415438,52.57938527015059],[13.414186535471776,52.57938530094509],[13.414184330391004,52.579385786046295],[13.414182129060393,52.57938627742744],[13.414182015300852,52.57938629534869],[13.414181904784698,52.57938631966141],[13.41417963226827,52.5793866707624],[13.4141773624735,52.57938702833702],[13.414177246378179,52.57938703937944],[13.414177132482227,52.57938705697622],[13.414174814415764,52.579387270695705],[13.414172498016237,52.579387491020164],[13.414172380703203,52.57938749507741],[13.414172264524334,52.57938750578878],[13.414169923232125,52.579387580068534],[13.414167582536082,52.57938766102096],[13.414167465135124,52.57938765805396],[13.414167347792208,52.57938766177679],[13.414165005822223,52.57938759590143],[13.414162663371895,52.57938753670222],[13.41416254701365,52.579387526739566],[13.414162429636766,52.57938752343796],[13.414160109543504,52.57938731804191],[13.414157787898015,52.57938711926119],[13.414157673703079,52.57938710239882],[13.414157557422634,52.579387092104604],[13.414155281549904,52.57938674916595],[13.41415300306801,52.5793864127181],[13.413918672986307,52.57934429624161],[13.41387363298721,52.57944289333796],[13.41387208192789,52.579445739818986],[13.413870080332687,52.5794484799806],[13.413867647477995,52.57945108743349],[13.41386480679348,52.57945353706645],[13.413861585636457,52.579455805288134],[13.413858015028419,52.579457870254316],[13.413854129356277,52.579459712078204],[13.413849966041205,52.579461313021994],[13.413845565178244,52.579462657667705],[13.413840969150172,52.57946373306562],[13.413836222219325,52.57946452885909],[13.413831370101327,52.57946503738414],[13.413826459524824,52.5794652537434],[13.413821537781441,52.57946517585319],[13.413816652270365,52.57946480446367],[13.413811850041826,52.57946414315151],[13.413807177344005,52.579463198285524],[13.41380267917761,52.579461978965305],[13.41379839886251,52.57946049693362],[13.413794377620524,52.57945876646322],[13.413790654178449,52.579456804219554],[13.413787264395076,52.579454629100134],[13.413784240915867,52.57945226205252],[13.413781612858552,52.57944972587277],[13.41377940553272,52.57944704498568],[13.413777640196063,52.579444245209665],[13.413776333849663,52.57944135350815],[13.413775499074267,52.57943839772981],[13.413775143909126,52.5794354063404],[13.413775271774574,52.57943240814864],[13.413775881439097,52.57942943202877],[13.413776967031202,52.57942650664243],[13.413822650514035,52.57932650137144],[13.413793269619157,52.57932088339784],[13.413788650209097,52.57931984586803],[13.413784219983135,52.579318537511085],[13.413780021606826,52.57931697092721],[13.413776095512873,52.57931516120348],[13.413772479511731,52.579313125768564],[13.413769208427478,52.57931088422484],[13.413766313762428,52.57930845815961],[13.413763823393758,52.57930587093727],[13.413761761305027,52.579303147474185],[13.413760147355214,52.579300313998836],[13.413758997087461,52.579297397799145],[13.413758321579385,52.57929442695972],[13.413758127336404,52.57929143009138],[13.413758416229085,52.5792884360556],[13.413759185475136,52.57928547368662],[13.413760427666206,52.57928257151359],[13.413762130839228,52.579279757486034],[13.41376427859164,52.5792770587046],[13.413766850239353,52.57927450115995],[13.413769821015952,52.57927210948264],[13.413773162311205,52.57926990670578],[13.413776841946612,52.57926791404331],[13.41378082448528,52.57926615068561],[13.413785071573216,52.57926463361476],[13.413789542308692,52.57926337744097],[13.413794193636148,52.57926239426181],[13.413798980760834,52.57926169354587],[13.413803857580213,52.57926128204138],[13.413808777127938,52.57926116371136],[13.413813692026181,52.57926133969538],[13.413818554941878,52.57926180829865],[13.413823319042587,52.57926256500822],[13.41389861195632,52.57927696188128],[13.414158776048696,52.57932372162446],[13.414197304604603,52.5793079388402],[13.414197869561752,52.57930773110225],[13.4142961,52.57920610000001],[13.414128000000002,52.5790647],[13.414118,52.57905629999999],[13.4140096,52.578909],[13.4139331,52.57877190000001],[13.4137736,52.578597599999995],[13.4136705,52.57857879999999],[13.4135371,52.5785544],[13.4135247,52.57856739999998],[13.413235426988912,52.57851927716189],[13.413232953617532,52.57852209391851],[13.413225559005792,52.578540040438405],[13.41322537331639,52.57854041268768],[13.413225232521544,52.57854079217284],[13.413224916315954,52.57854137255749],[13.413224656034606,52.57854196315947],[13.4132243663475,52.57854243134579],[13.413224127544439,52.578542910071306],[13.413223882854748,52.57854326944048],[13.4132236816792,52.57854363869135],[13.413103650024539,52.57873241682114],[13.413101648632415,52.578735157028845],[13.41309921597961,52.5787377645378],[13.413096375493856,52.57874021423622],[13.41309315453055,52.57874248253216],[13.413089584109315,52.578744547580634],[13.413085698615268,52.57874638949411],[13.413081535467866,52.578747990533884],[13.413077134760533,52.578749335281074],[13.413072538874554,52.57875041078498],[13.413067792070889,52.57875120668791],[13.413062940063943,52.57875171532486],[13.413058029581292,52.578751931797356],[13.413053107913655,52.578751854020695],[13.413048222459489,52.57875148274384],[13.413043420268481,52.57875082154246],[13.413038747588443,52.57874987678427],[13.413034249419917,52.57874865756782],[13.41302996908279,52.57874717563488],[13.413025947799097,52.57874544525728],[13.41302222429603,52.57874348309954],[13.413018834432975,52.57874130805831],[13.413015810856155,52.5787389410805],[13.413013182684246,52.578736404961425],[13.413010975227936,52.578733724125286],[13.413009209746173,52.57873092439008],[13.413007903241441,52.57872803271876],[13.41300706829601,52.57872507695973],[13.413006712950763,52.578722085578555],[13.413006840627775,52.578719087383924],[13.413007450097348,52.57871611125005],[13.413008535489862,52.57871318583873],[13.413010086352303,52.578710339323266],[13.413115844111536,52.57854401091225],[13.412610983933353,52.57833092559715],[13.412510110199706,52.57850060215703],[13.412508208591277,52.57850336860807],[13.412505871021521,52.57850600819151],[13.412503120002462,52.578508495486666],[13.41249998202788,52.57851080653951],[13.412496487318172,52.57851291909335],[13.4124926695293,52.57851481280304],[13.412488565428681,52.57851646943116],[13.412484214541088,52.57851787302339],[13.412479658768005,52.57851901006238],[13.412474941984083,52.578519869597784],[13.412470109614617,52.578520443351806],[13.412465208198055,52.57852072579887],[13.41246028493782,52.57852071421884],[13.412455387247693,52.57852040872325],[13.412450562295206,52.578519812254186],[13.412445856547377,52.578518930556],[13.412441315323214,52.57851777211991],[13.412436982357255,52.57851634810235],[13.412432899378382,52.578514672217395],[13.412429105707954,52.57851276060476],[13.412425637881102,52.578510631674355],[13.412422529294894,52.57850830592898],[13.412419809886698,52.57850580576684],[13.412417505845859,52.578503155265906],[13.412415639361491,52.578500379951976],[13.41241422840879,52.57849750655286],[13.41241328657592,52.57849456274098],[13.412412822933153,52.57849157686684],[13.412412841945523,52.57848857768609],[13.412413343429836,52.57848559408244],[13.412414322556428,52.578482654789646],[13.41241576989568,52.57847978811465],[13.412526117912918,52.57829417575082],[13.412047425723483,52.578077594160966],[13.411949076722145,52.578240434075106],[13.411947152059689,52.57824319460008],[13.411944792503064,52.57824582690871],[13.411942020776033,52.57824830565043],[13.411938863571809,52.57825060695355],[13.41193535129598,52.578252708655235],[13.411931517773684,52.57825459051493],[13.41192739992386,52.57825623440927],[13.411923037403689,52.57825762450662],[13.411918472226684,52.578258747419554],[13.41191374835807,52.578259592333794],[13.411908911291366,52.57826015111233],[13.411904007610262,52.57826041837382],[13.411899084539982,52.57826039154438],[13.411894189492484,52.578260070882386],[13.411889369609847,52.578259459475994],[13.411884671310265,52.57825856321341],[13.411880139841012,52.578257390726165],[13.411875818842683,52.57825595330594],[13.411871749928903,52.5782542647959],[13.411867972285572,52.57825234145738],[13.41186452229348,52.57825020181318],[13.411861433177927,52.578247866469304],[13.411858734688769,52.5782453579164],[13.411856452813888,52.578242700313226],[13.411854609528929,52.578239919253974],[13.411853222585664,52.57823704152181],[13.411852305341029,52.57823409483086],[13.411851866628501,52.57823110755941],[13.411851910673024,52.578228108476466],[13.411852437050324,52.57822512646488],[13.411853440691008,52.578222190243046],[13.411854911929375,52.57821932808835],[13.41194743123905,52.57806614117738],[13.4119238,52.5780968],[13.4118265,52.57806899999999],[13.4118571,52.5780294],[13.411953113037839,52.57805673361996],[13.41196398717294,52.57803872891334],[13.411735068621333,52.57792630366079],[13.411626814947622,52.57808862263268],[13.411624740244624,52.57809134252131],[13.41162223790974,52.57809392542979],[13.411619332041772,52.57809634648324],[13.411616050625788,52.5780985823656],[13.411612425263609,52.578100611544016],[13.411608490869465,52.57810241447641],[13.41160428533375,52.57810397379951],[13.411599849158119,52.57810527449615],[13.411595225065431,52.578106304039906],[13.411590457588302,52.57810705251567],[13.411585592640229,52.57810751271522],[13.411580677073415,52.57810768020656],[13.411575758227556,52.57810755337664],[13.411570883473924,52.57810713344693],[13.411566099759156,52.57810642446158],[13.411561453153123,52.578105433248524],[13.411556988405263,52.5781041693537],[13.411552748513598,52.578102644949126],[13.41154877431065,52.5781008747157],[13.411545104070193,52.57809887570175],[13.41154177313866,52.578096667158896],[13.411538813594737,52.57809427035665],[13.411536253940413,52.57809170837756],[13.411534118826516,52.57808900589491],[13.411532428815299,52.57808618893511],[13.411531200182417,52.57808328462702],[13.411530444760189,52.57808032094075],[13.41153016982365,52.57807732641824],[13.411530378020489,52.57807432989836],[13.41153106734556,52.57807136023922],[13.411532231160194,52.57806844604027],[13.411533858256131,52.57806561536683],[13.411653077996684,52.57788685401759],[13.411171028598917,52.57766325280985],[13.411065868289707,52.57781794249536],[13.41106376361581,52.57782065382106],[13.411061232834795,52.57782322641746],[13.411058300319421,52.577825635508994],[13.41105499431139,52.577827857894775],[13.411051346649359,52.57782987217199],[13.411047392462313,52.57783165894201],[13.41104316983127,52.57783320099724],[13.41103871942252,52.57783448348682],[13.411034084095997,52.57783549405964],[13.411029308492504,52.57783622298333],[13.411024438603802,52.577836663237946],[13.411019521329676,52.57783681058357],[13.411014604026263,52.577836663601175],[13.41100973404998,52.5778362237063],[13.411004958301454,52.5778354951354],[13.411000322773841,52.577834484905],[13.410995872109883,52.57783320274418],[13.410991649171965,52.57783166100092],[13.410987694629336,52.57782987452302],[13.410984046566428,52.577827860515306],[13.410980740116091,52.577825638373795],[13.410977807121238,52.57782322949895],[13.410975275828182,52.577820657089575],[13.410973170614614,52.57781794591942],[13.410971511754825,52.577815122098535],[13.41097031522447,52.577812212821904],[13.410969592546696,52.577809246107456],[13.410969350681192,52.577806250526265],[13.41096959195716,52.57780325492742],[13.41097031405088,52.57780028816022],[13.410971510008103,52.57779737879617],[13.410973168311019,52.577794554854066],[13.411084546633631,52.577630719004496],[13.410974608280743,52.577600923259986],[13.410971185818308,52.57759989907177],[13.410913268217406,52.57758086955371],[13.4108844,52.5776169],[13.410833268156424,52.57760176984534],[13.410782545021855,52.57767657359209],[13.410817700000003,52.577686],[13.410778,52.5777408],[13.41074499504325,52.57773195009631],[13.410713358595476,52.57777860555244],[13.410724100000001,52.5777811],[13.4107064,52.5778092],[13.4107393,52.5778168],[13.4107088,52.57786529999999],[13.410661943376372,52.577854429270474],[13.410609351661813,52.577931987705334],[13.4106385,52.5779393],[13.4106028,52.57799169999999],[13.410573824195366,52.57798438085683],[13.410532402459637,52.57804546624474],[13.4106092,52.578065099999996],[13.4105821,52.578104199999984],[13.410505802215152,52.57808469401047],[13.410452774254885,52.578162894879945],[13.410497500000002,52.5781738],[13.4104696,52.578216],[13.410424303365929,52.57820488106076],[13.410391064578855,52.57825389837546],[13.4104254,52.578262499999994],[13.410399000000002,52.57830140000001],[13.4104357,52.5783106],[13.4104172,52.5783379],[13.410346208320782,52.578320047808994],[13.410220788216776,52.578505003413675],[13.4102834,52.5785225],[13.4102461,52.57857179999999],[13.4101974,52.578558199999996],[13.4101748,52.57858809999998],[13.410166100399774,52.57858565037725],[13.410082782030534,52.57870851757869],[13.4100967,52.5787115],[13.4101127,52.57868409999998],[13.410169,52.5786962],[13.4101228,52.57877559999999],[13.41004814877876,52.57875959001456],[13.41000306810942,52.578826068692],[13.410000967346596,52.578828781155906],[13.409998440264602,52.57883135512146],[13.40999749222279,52.57883213537893],[13.4101248,52.5788272],[13.410183900000002,52.578824099999984],[13.410222818351919,52.57881946053968],[13.410167300000001,52.57880740000001],[13.4102015,52.578749499999994],[13.4102849,52.57876770000001],[13.4102626,52.57880539999999],[13.410235,52.5787994],[13.410223039282076,52.578819434202536],[13.41033339786725,52.578806278270136],[13.410329929875328,52.57880501214951],[13.410325975273304,52.578803225649324],[13.410322327161289,52.57880121162116],[13.410319020672606,52.57879898946119],[13.410316087650537,52.57879658057011],[13.410313556341658,52.57879400814688],[13.410311451123807,52.57879129696532],[13.410309792271322,52.57878847313568],[13.410308595759782,52.578785563852946],[13.41030787311216,52.57878259713515],[13.410307631287852,52.5787796015534],[13.410307872615661,52.5787766059568],[13.410308594771367,52.57877363919456],[13.410309790800127,52.57877072983822],[13.410311449183443,52.57876790590647],[13.410449351867687,52.5785650628723],[13.4104514566159,52.578562351558425],[13.410453987475837,52.578559778975986],[13.410456920073878,52.57855736990037],[13.410460226167482,52.57855514753222],[13.410463873917147,52.578553133274134],[13.410467828193061,52.578551346524506],[13.410472050913414,52.5785498044907],[13.410476501411154,52.57854852202326],[13.410481136825611,52.57854751147308],[13.410485912515291,52.57854678257225],[13.410490782487779,52.578546342340516],[13.41049569984267,52.578546195017516],[13.41050061722325,52.578546342022044],[13.41050548727255,52.578546781938385],[13.41051026308943,52.57854751052989],[13.410514898680248,52.578548520779876],[13.410519349401804,52.578549802959074],[13.41052357239128,52.57855134471943],[13.410527526979024,52.57855313121297],[13.410531175080221,52.57855514523483],[13.410534481561672,52.57855736738888],[13.410537414580139,52.57855977627462],[13.410539945889022,52.57856234869318],[13.410542051110388,52.57856505987078],[13.41054370996974,52.57856788369733],[13.410544906491277,52.57857079297785],[13.410545629151756,52.57857375969441],[13.410545870991465,52.57857675527588],[13.410545629681259,52.578579750873224],[13.410544907544992,52.578582717637154],[13.410543711537132,52.57858562699611],[13.410542053175803,52.57858845093138],[13.410404150841552,52.57879129407553],[13.410402046079168,52.57879400538837],[13.410399515202432,52.57879657796945],[13.410396925935235,52.57879870498959],[13.4104171,52.5787963],[13.4107298,52.5788591],[13.410921313938491,52.57902037025686],[13.410921328801436,52.57901969268319],[13.410921876797644,52.57901671211746],[13.410922901729196,52.5790137786248],[13.410924393725354,52.57901092045635],[13.411062729555905,52.57878496141588],[13.411064674228921,52.57878220609481],[13.41106705286741,52.57877958015832],[13.411069842563732,52.57877710889561],[13.411073016451557,52.57877481610624],[13.411076543964588,52.578772723871],[13.411080391130954,52.57877085233925],[13.411084520900364,52.57876921953479],[13.411088893500917,52.578767841182454],[13.411093466822141,52.57876673055647],[13.411098196820525,52.578765898352756],[13.41110303794368,52.57876535258587],[13.411107943569043,52.57876509851183],[13.41111286645285,52.578765138577516],[13.41111775918514,52.57876547239709],[13.411122574646322,52.57876609675566],[13.411127266460964,52.57876700564034],[13.411131789444402,52.57876819029809],[13.411136100037904,52.57876963932004],[13.411140156728145,52.57877133875134],[13.411143920447019,52.578773272225554],[13.411147354947865,52.57877542112231],[13.411150427154565,52.57877776474658],[13.411153107480063,52.57878028052801],[13.411155370111318,52.578782944238284],[13.4111571932579,52.57878573022443],[13.411158559361832,52.5787886116559],[13.411159455266704,52.57879156078294],[13.411159872344372,52.57879454920389],[13.411159806578056,52.57879754813858],[13.411159258601014,52.57880052870567],[13.411158233690475,52.57880346220063],[13.411156741716798,52.578806320372315],[13.411018406297837,52.57903227952511],[13.411016461610535,52.57903503484521],[13.411014082954889,52.57903766078044],[13.411011293238602,52.579040132041584],[13.411008119328132,52.57904242482901],[13.411004591789961,52.579044517061924],[13.411000744596208,52.579046388590925],[13.410997635387634,52.57904761788076],[13.411075844442507,52.579058312275066],[13.411096320186044,52.579061795089636],[13.411116099930142,52.57906654139161],[13.411129912161893,52.57907036690143],[13.411156,52.579020799999995],[13.4111708,52.579023600000006],[13.4111773,52.5790112],[13.4112344,52.5790223],[13.411199008966301,52.57908950428909],[13.411526886417521,52.57918031405184],[13.411763656078,52.57922479309496],[13.411778,52.579202],[13.4118802,52.579225799999996],[13.41186842278101,52.5792444741649],[13.411934275463004,52.57925684494021],[13.411940013253238,52.579257978956726],[13.411951678961035,52.57926039980111],[13.412042342091002,52.579107904694354],[13.41204424375558,52.579105138251506],[13.412046581385516,52.57910249867792],[13.412049332468099,52.57910001139411],[13.41205247050887,52.57909770035392],[13.412055965286763,52.57909558781395],[13.412059783145155,52.579093694119045],[13.412063887316005,52.57909203750652],[13.412068238273946,52.57909063393041],[13.412072794116929,52.57908949690791],[13.412077510969768,52.579088637389134],[13.412082343406672,52.579088063651724],[13.412087244888726,52.579087781221055],[13.412092168212077,52.5790877928171],[13.412097065962524,52.57908809832818],[13.412101890972151,52.57908869481205],[13.412106596773569,52.57908957652425],[13.412111138047418,52.579090734973455],[13.412115471058815,52.57909215900317],[13.412119554078547,52.57909383489923],[13.412123347784936,52.579095746521894],[13.412126815642534,52.579097875461194],[13.412129924253973,52.57910020121433],[13.412132643681607,52.57910270138303],[13.41213494773582,52.57910535188937],[13.412136814227253,52.57910812720752],[13.412138225180504,52.579111000609664],[13.412139167007236,52.579113944423405],[13.412139630637055,52.5791169302982],[13.412139611604854,52.57911992947846],[13.412139110093824,52.57912291308044],[13.412138130933693,52.57912585237039],[13.41213668355422,52.579128719041364],[13.41204667529873,52.57928011319878],[13.412362739962388,52.579345701457775],[13.412390800000002,52.57929229999999],[13.4124555,52.579304799999996],[13.412426600000002,52.5793599],[13.412403964947355,52.579355491942025],[13.412635296385783,52.57941143605715],[13.412633531606827,52.57941058332427],[13.412629992781829,52.57940849815687],[13.412626806504854,52.57940621172877],[13.412624003461472,52.57940374605953],[13.41262161064649,52.57940112489494],[13.412619651103974,52.57939837347825],[13.412618143705314,52.57939551830715],[13.41261710296751,52.5793925868785],[13.41261653891334,52.579389607423586],[13.412616456974861,52.57938660863618],[13.412616857941087,52.57938361939624],[13.412617737950395,52.5793806684918],[13.412619088527725,52.579377784341645],[13.41272351064331,52.579190217670494],[13.412725318767212,52.57918742804877],[13.412727567037248,52.579184759822425],[13.412730233801295,52.57918223868788],[13.412733293376913,52.579179888925054],[13.4127367162987,52.5791777331634],[13.412740469602046,52.57917579216405],[13.4127445171406,52.57917408461984],[13.412748819934396,52.57917262697537],[13.412753336545228,52.579171433268485],[13.41275802347573,52.57917051499524],[13.412762835588282,52.579169880999096],[13.4127677265397,52.57916953738574],[13.412772649227545,52.57916948746439],[13.41277755624374,52.579169731715794],[13.412782400331132,52.579170267787674],[13.412787134838606,52.57917109051738],[13.412791714170346,52.579172191981606],[13.41279609422496,52.57917356157267],[13.412800232820182,52.57917518610066],[13.412804090099115,52.579177049920546],[13.412807628914077,52.57917913508274],[13.41281081518435,52.57918142150601],[13.412813618224389,52.57918388717087],[13.412816011039348,52.579186508331674],[13.412817970585067,52.57918925974522],[13.41281947798997,52.57919211491392],[13.41282051873685,52.579195046340956],[13.412821082802655,52.57919802579509],[13.412821164755023,52.57920102458256],[13.412820763804614,52.579204013823386],[13.4128198838127,52.57920696472958],[13.412818533253992,52.57920984888224],[13.412714111493862,52.579397415639406],[13.41271230336033,52.5794002052608],[13.412710055078072,52.57940287348668],[13.412707388299218,52.57940539462054],[13.412704328706267,52.579407744382486],[13.412700905764751,52.579409900142984],[13.412697152439467,52.57941184114083],[13.412693104877006,52.579413548683156],[13.412688802057641,52.579415006325355],[13.412684285419928,52.579416200029506],[13.41267959846163,52.57941711829957],[13.412674786320792,52.579417752292095],[13.412669895341056,52.57941809590137],[13.412664972625326,52.579418145818245],[13.412662541268581,52.579418024793426],[13.412671030887182,52.579420077869315],[13.4129802,52.5794375],[13.4130714,52.5794546],[13.413329980286077,52.57949549606],[13.413329072817461,52.57949414087224],[13.413327669024238,52.579491266166265],[13.41332673453718,52.57948832148323],[13.41332627835581,52.57948533518203],[13.41332630487331,52.579482336022416],[13.413326813834207,52.5794793528879],[13.413327800336827,52.5794764145077],[13.413411926107736,52.57927640037786],[13.41341338063907,52.57927353504897],[13.413415289201494,52.57927077036691],[13.413417633414436,52.57926813295708],[13.413420390701791,52.57926564821912],[13.413423534509342,52.57926334008241],[13.413427034560486,52.57926123077554],[13.413430857147818,52.579259340612246],[13.413434965457757,52.57925768779581],[13.413439319925066,52.579256288243734],[13.41344387861391,52.579255155434446],[13.413448597621686,52.57925430027749],[13.413453431501857,52.579253731008485],[13.413458333701607,52.57925345310981],[13.41346325701017,52.57925346925774],[13.413468154013488,52.57925377929679],[13.413472977550839,52.57925438024112],[13.413477681169015,52.5792552663033],[13.41348221956968,52.57925642895012],[13.413486549045624,52.57925785698462],[13.413490627901679,52.579259536654114],[13.413494416856265,52.5792614517825],[13.413497879419696,52.57926358392606],[13.413500982245594,52.57926591255113],[13.413503695452023,52.57926841523178],[13.413505992909288,52.579271067865854],[13.413507852491557,52.5792738449071],[13.41350925628997,52.57927671961108],[13.413510190785091,52.579279664292834],[13.413510646977137,52.57928265059351],[13.413510620472627,52.57928564975338],[13.413510111526719,52.57928863288888],[13.41350912504074,52.579291571270815],[13.413424999680354,52.57949158547246],[13.413423545142255,52.579494450801356],[13.413421636570334,52.57949721548338],[13.413419292345116,52.5794998528931],[13.413416535042721,52.579502337630814],[13.413413391217436,52.579504645767116],[13.413409891146008,52.579506755073346],[13.413406068536036,52.579508645235705],[13.413401960201366,52.579510298050884],[13.413397605707548,52.57951169760131],[13.413393046990793,52.57951283040855],[13.413388327954106,52.57951368556303],[13.413383494044474,52.5795142548291],[13.413378591815182,52.57951453272446],[13.413373668477474,52.579514516572765],[13.41337007121594,52.57951428882127],[13.413354800000002,52.579547500000004],[13.413541,52.57959530000001],[13.4136946,52.5796348]],[[13.4100165,52.5782562],[13.4098971,52.5784339],[13.40978544244447,52.578657288728074],[13.409787650837757,52.57866351148496],[13.409870132572218,52.578748553922196],[13.40992256404481,52.57878469313121],[13.410787933033667,52.577508531640184],[13.410787983476556,52.57750846650543],[13.410788023720478,52.57750839878695],[13.410789033685798,52.57750711041509],[13.410790033683353,52.57750581916084],[13.410790094363183,52.57750575735178],[13.41079014530887,52.577505692362415],[13.41079135770317,52.57750447050149],[13.410792560641447,52.57750324517688],[13.410792630973837,52.577503187288755],[13.410792692130647,52.57750312565442],[13.410794095277886,52.57750198207158],[13.410795489571912,52.57750083447712],[13.410795568879523,52.57750078106743],[13.410795639658485,52.57750072338168],[13.410797220045573,52.57749966909027],[13.410798792267524,52.577498610277914],[13.41079887978658,52.577498561861034],[13.410798959506051,52.5774985086794],[13.41080070191299,52.57749755383282],[13.410802436921507,52.57749659399947],[13.41080253180915,52.577496551041676],[13.41080261970139,52.577496502876336],[13.410804507347855,52.57749565667025],[13.410806388433862,52.57749480505965],[13.410806489776274,52.57749476797463],[13.410806584994832,52.577494725289455],[13.41080859970177,52.57749399587326],[13.410810608749397,52.57749326068686],[13.410810715570593,52.57749322983179],[13.410810817198465,52.57749319303784],[13.410812939563167,52.577492587436225],[13.410815057224209,52.577491975754256],[13.410815168495446,52.57749195142625],[13.410815275553901,52.57749192087789],[13.410817485136864,52.577491444923126],[13.41081969101712,52.57749096263639],[13.410819805666799,52.57749094506978],[13.410819917124806,52.57749092106119],[13.410822192646572,52.57749057933695],[13.410824465502248,52.577490231090145],[13.41082458242623,52.57749022045409],[13.41082469721039,52.57749020321649],[13.410827016756487,52.577489999013764],[13.410829334698779,52.57748978816069],[13.410829452771024,52.57748978455762],[13.410829569775906,52.57748977425703],[13.410831911007877,52.577489709542384],[13.410834251713782,52.577489638113676],[13.410834369797193,52.57748964157828],[13.410834487895977,52.57748963831388],[13.410836828266527,52.5774897137106],[13.410839169193812,52.57748978239414],[13.410839286151186,52.577489792893054],[13.410839404206516,52.57748979669629],[13.410841721176643,52.577490011478226],[13.410844039780947,52.57749021961256],[13.410844154485922,52.5774902370447],[13.410844271360865,52.577490247878934],[13.410846542616927,52.57749059997764],[13.410848816568867,52.57749094555832],[13.410848927916769,52.57749096975577],[13.41084904248576,52.57749098751669],[13.41085124615436,52.577491473541244],[13.410853453554576,52.57749195324016],[13.410853560473068,52.57749198396991],[13.410853671632745,52.57749200848645],[13.410855786491387,52.57749262375621],[13.410857906081443,52.57749323295359],[13.410858007540845,52.577493269919685],[13.41085811422068,52.577493300955744],[13.411017134891704,52.57754554918286],[13.411065276615703,52.577558596676035],[13.411065355881858,52.57755838926108],[13.411065855182615,52.57755703719739],[13.411072151509009,52.577543197828184],[13.4105747,52.57728289999999],[13.4100165,52.5782562]],[[13.403200473360272,52.578595132077695],[13.403232483090457,52.57852405839618],[13.40311192669318,52.57850399558291],[13.403079916851201,52.578575114134246],[13.403200473360272,52.578595132077695]],[[13.403177447637693,52.57835837152869],[13.403152495364294,52.57841383816315],[13.40327305084162,52.578433900818276],[13.40329800612566,52.57837838980584],[13.403177447637693,52.57835837152869]],[[13.403234141681514,52.5782323705315],[13.403218012441213,52.57826821342192],[13.40333855822935,52.578288229585226],[13.403354687578991,52.57825238671807],[13.403234141681514,52.5782323705315]],[[13.4033039522533,52.57807717227681],[13.403274701429025,52.578142211601566],[13.403395247638459,52.57816222783483],[13.40342449866373,52.57809718854856],[13.4033039522533,52.57807717227681]],[[13.406218437334175,52.57986339085818],[13.406281181023585,52.5798763506348],[13.406355795198124,52.57989169985334],[13.406434612799524,52.579746273100405],[13.406296836299013,52.57971867051265],[13.406218437334175,52.57986339085818]],[[13.40639369192313,52.575998091804756],[13.406474203815831,52.575848493030385],[13.406406781847464,52.57583553709739],[13.406381775994623,52.575831060530376],[13.406299849073214,52.57597982501215],[13.40639369192313,52.575998091804756]],[[13.406361187668871,52.576055932704556],[13.40627484549839,52.57603912594018],[13.406242890576168,52.57614198348209],[13.406241367511315,52.57614563634158],[13.40620244451544,52.57621954730899],[13.4062666509436,52.57623167288021],[13.406303075459853,52.576158325069706],[13.406303990602446,52.576156605348835],[13.406361187668871,52.576055932704556]],[[13.407999283400795,52.5738970994653],[13.407992829425634,52.573883299470396],[13.40795602275085,52.57386028621025],[13.407908185879515,52.57384391387268],[13.407837635193067,52.573853699420184],[13.407833389454169,52.57385417229149],[13.407829092711735,52.57385442105331],[13.407784692680936,52.57385582105404],[13.407784594371973,52.573855821211],[13.407784496523666,52.573855827004586],[13.40778213322261,52.57385582514067],[13.407781639711793,52.573855825928646],[13.40791374724379,52.573887455655694],[13.407918384325695,52.57388873494898],[13.40792278473033,52.57389029397022],[13.40798878470885,52.5739164939549],[13.407990784415492,52.573917330422475],[13.407996858672536,52.57392000516887],[13.407999283400795,52.5738970994653]],[[13.40809939342177,52.57388882279564],[13.408100001443358,52.57389228502597],[13.408099959118552,52.57389576692169],[13.408095616982628,52.57393678669284],[13.40816304270384,52.57390153630626],[13.408119671856461,52.5738914838121],[13.40809900816385,52.5738877760248],[13.40809939342177,52.57388882279564]],[[13.410489209527066,52.575851643984414],[13.410492821597224,52.57584608424488],[13.410495393301165,52.575842124912896],[13.410494414087752,52.57584224424248],[13.410489109415801,52.57584253976064],[13.4104837832147,52.57584249093563],[13.41047727877126,52.57584222040855],[13.410489209527066,52.575851643984414]]],[[[13.36780733954403,52.58331934771782],[13.367801931333345,52.58331615580507],[13.36779706279612,52.58331265636973],[13.367792780818991,52.583308883113325],[13.367789126639654,52.583304872374455],[13.367786135449728,52.5833006627788],[13.367783836055848,52.583296294867075],[13.367782250602243,52.583291810704736],[13.36778139435749,52.583287253476726],[13.367781275567465,52.58328266707166],[13.367781729884934,52.58327931624225],[13.367664000000001,52.5833146],[13.3675985,52.5832325],[13.367734,52.5831929],[13.367789238631117,52.583263550055406],[13.3677915361939,52.58326082941073],[13.367795620623253,52.58325697575426],[13.367800305499367,52.583253384511494],[13.36780554570427,52.58325009026802],[13.367811290771924,52.5832471247491],[13.367817485374223,52.58324451651427],[13.367824069853851,52.58324229068216],[13.367937568346644,52.58320824779646],[13.3679059,52.58316859999999],[13.368066,52.583120799999996],[13.36809779192679,52.583160356518576],[13.368100111688774,52.58315974493173],[13.368107282521546,52.5831583443072],[13.368114644206896,52.58315737855623],[13.368122125847982,52.58315685697951],[13.368129655392734,52.583156784600114],[13.368137160327752,52.58315716211508],[13.368144568376632,52.58315798588873],[13.368151808196036,52.58315924798774],[13.36815881006273,52.58316093625741],[13.368165506545083,52.58316303443884],[13.368171833152436,52.58316552232546],[13.3681777289562,52.58316837595761],[13.368183137176603,52.58317156785335],[13.368188005729536,52.58317506727302],[13.368192287728132,52.58317884051538],[13.368195941934315,52.58318285124209],[13.368198933155963,52.58318706082775],[13.368201232585813,52.58319142873176],[13.368202818078908,52.583195912888876],[13.368203674365873,52.58320047011426],[13.368203793199973,52.58320505651931],[13.36820317343654,52.583209627934465],[13.368201821044003,52.583214140334476],[13.36819974904643,52.583218550262465],[13.368196977398101,52.58322281524834],[13.368193532791333,52.58322689421792],[13.36818944839944,52.583230747888464],[13.36818476355726,52.5832343391469],[13.368179523382334,52.583237633407414],[13.368173778340406,52.583240598944414],[13.36816758375941,52.58324320719806],[13.368160999296638,52.58324543304941],[13.36789186798712,52.58332615694032],[13.367884957031073,52.58332797893722],[13.367877786163696,52.58332937954797],[13.36787042444455,52.58333034528391],[13.367862942771229,52.58333086684444],[13.367855413196562,52.58333093920663],[13.3678479082347,52.5833305616736],[13.367840500162751,52.58332973788122],[13.367833260324717,52.58332847576307],[13.367826258444389,52.583326787474064],[13.367819561953867,52.583324689273425],[13.367813235344146,52.58332220136802],[13.36780733954403,52.58331934771782]]],[[[13.37909125637238,52.57726281917752],[13.379096096071956,52.577263368975004],[13.379100824008148,52.57726420511486],[13.37910539464843,52.57726531954462],[13.379109763975105,52.577266701531755],[13.379113889909224,52.577268337766995],[13.37911773271583,52.57727021249252],[13.379121255386611,52.5772723076537],[13.379124423996322,52.577274603073064],[13.379127208029502,52.57727707664447],[13.379129580674354,52.57727970454612],[13.379131519080955,52.577282461469885],[13.379133004581323,52.57728532086513],[13.379134022869197,52.5772882551943],[13.379134564137814,52.57729123619825],[13.379134623174366,52.57729423516825],[13.379134199410204,52.577297223222615],[13.379133296926307,52.577300171584724],[13.379131924413999,52.57730305186023],[13.37913009509124,52.57730583631048],[13.379127826575342,52.57730849811967],[13.379120935624455,52.577315696404824],[13.379118249761564,52.577318209938106],[13.37911517241877,52.5773205509889],[13.379111733232543,52.57732269701155],[13.379107965324128,52.57732462733866],[13.37910390498056,52.57732632338011],[13.379099591305206,52.577327768802064],[13.379095065841165,52.57732894968429],[13.379090372171207,52.577329854654245],[13.379085555498014,52.57733047499651],[13.379080662208874,52.57733080473687],[13.379075739428938,52.57733084069974],[13.379070834567358,52.57733058253877],[13.379065994860737,52.57733003274021],[13.37906126691818,52.57732919659891],[13.379056696272448,52.5773280821674],[13.379052326941421,52.57732670017829],[13.379048201004206,52.5773250639409],[13.37904435819587,52.57732318921314],[13.379040835524782,52.57732109404965],[13.379037666916183,52.577318798628085],[13.379034882885497,52.5773163250546],[13.37903251024442,52.57731369715112],[13.379030571842728,52.577310940225786],[13.379029086348224,52.57730808082932],[13.37902806806695,52.5773051464993],[13.379027526805418,52.57730216549494],[13.379027467776174,52.57729916652494],[13.379027891547612,52.57729617847101],[13.379028794038476,52.57729323010976],[13.379030166557197,52.577290349835515],[13.379031995885589,52.57728756538683],[13.379034264406148,52.57728490357952],[13.379041155366185,52.57727770529943],[13.37904384123092,52.5772751917679],[13.379046918574247,52.57727285071896],[13.379050357759644,52.577270704698165],[13.379054125665872,52.57726877437285],[13.37905818600596,52.57726707833305],[13.379062499676644,52.57726563291256],[13.379067025134972,52.57726445203153],[13.379071718798379,52.57726354706246],[13.379076535464396,52.57726292672068],[13.379081428745991,52.577262596980425],[13.379086351518282,52.57726256101725],[13.37909125637238,52.57726281917752]]],[[[13.378343985107893,52.57702630349036],[13.378351330163598,52.57702529457558],[13.378358802178017,52.577024729111656],[13.378366329191788,52.57702461254434],[13.37837383871589,52.57702494599625],[13.37838125842972,52.57702572625605],[13.378388516877601,52.57702694580944],[13.378395544156902,52.577028592911496],[13.378402272591257,52.577030651699765],[13.378408637382297,52.57703310234706],[13.3784145772337,52.577035921252396],[13.378420034941506,52.57703908126816],[13.378424957945011,52.577042551961824],[13.378429298832966,52.577046299908744],[13.378433015800166,52.5770502890142],[13.378436073050066,52.577054480861015],[13.37843840991488,52.57705877766654],[13.3785628,52.57709419999999],[13.3784053,52.57729849999998],[13.3782693,52.57725979999999],[13.378364468240628,52.57713643178267],[13.37836341094985,52.57713651179572],[13.378355883916898,52.57713662836268],[13.37834837437389,52.57713629490951],[13.378340954642058,52.577135514647516],[13.378333696177691,52.5771342950911],[13.378326668883968,52.57713264798528],[13.378319940437732,52.57713058919265],[13.378313575637739,52.57712813854054],[13.378307635780587,52.577125319630156],[13.3783021780704,52.577122159609225],[13.378297255067919,52.57711868891052],[13.378292914184314,52.577114940958836],[13.378289197224586,52.577110951849065],[13.378286139984969,52.57710675999858],[13.378283771908196,52.57710240577724],[13.37828211579995,52.57709793111862],[13.378281187609256,52.577093379116164],[13.378280996274867,52.577088793608134],[13.378281543639211,52.5770842187555],[13.378282824430643,52.57707969861658],[13.378289637582562,52.5770611395289],[13.378291639464575,52.57705671763492],[13.378294343159032,52.577052436571236],[13.378297722627714,52.577048337566744],[13.378301745324352,52.57704446009706],[13.378306372508085,52.57704084150428],[13.378311559616549,52.57703751663735],[13.378317256695043,52.57703451751647],[13.378323408877627,52.57703187302476],[13.378329956915499,52.57702960863008],[13.378336837747593,52.57702774613969],[13.378343985107893,52.57702630349036]]],[[[13.380059038780482,52.576840114636475],[13.380051617395914,52.57683934039934],[13.380044356316562,52.576838126737066],[13.380037325470788,52.576836485337914],[13.380030592569646,52.57683443200953],[13.380024222454795,52.57683198652661],[13.380018276474017,52.576829172440576],[13.380012811890413,52.57682601685268],[13.380007881330917,52.576822550153025],[13.380003532279476,52.5768188057279],[13.37999980661976,52.576814819638216],[13.37999674023178,52.576810630272256],[13.379994362646377,52.576806277975976],[13.37999269676081,52.57680180466439],[13.379991758618264,52.57679725341797],[13.379991557253332,52.57679266806772],[13.379992094605042,52.576788092773064],[13.379993365498178,52.57678357159659],[13.379995357693124,52.57677914807969],[13.379995409953729,52.576779050987895],[13.37999991695877,52.576769667584166],[13.38000069051698,52.57676690788023],[13.379999705284046,52.57676330874122],[13.379993517929291,52.576755429515046],[13.379990605763288,52.5767511995061],[13.379988388195434,52.57674681597133],[13.379986886581923,52.576742321126645],[13.379986115383902,52.576737758259874],[13.379986082028207,52.57673317131392],[13.379986786835834,52.57672860446358],[13.37998822301888,52.57672410169013],[13.379990376745907,52.576719706357686],[13.379993227275149,52.57671546079566],[13.379996747154292,52.5767114058911],[13.380000902484849,52.57670758069488],[13.380005653248626,52.57670402204568],[13.380010953693128,52.576700764215175],[13.380016752772178,52.576697838577964],[13.380022994637521,52.57669527330947],[13.380029619176671,52.57669309311457],[13.380036562591823,52.57669131898968],[13.380043758014255,52.57668996802054],[13.380051136148309,52.57668905321768],[13.380058625938736,52.57668858339111],[13.380066155254982,52.57668856306555],[13.380073651585851,52.57668899243671],[13.380081042737801,52.57668986736954],[13.380088257530211,52.57669117943799],[13.380095226480881,52.57669291600614],[13.380101882475163,52.57669506034996],[13.380108161412325,52.576697591818295],[13.380114002822854,52.57670048603182],[13.38011935045082,52.576703715117695],[13.38012415279564,52.576707247978156],[13.38012836360806,52.576711050589886],[13.380130490586156,52.57671344918962],[13.380142200000002,52.576690299999996],[13.380361100000002,52.57673110000001],[13.3802439,52.57696289999999],[13.380025,52.576922],[13.380066260709311,52.576840429426184],[13.380059038780482,52.576840114636475]]],[[[13.381773150580578,52.57496106819817],[13.381771792006695,52.57496557989836],[13.38176971410742,52.574969988745494],[13.381766936893868,52.57497425227991],[13.381763487111952,52.5749783294414],[13.38175939798483,52.574982180964604],[13.381754708892942,52.574985769757205],[13.381749464994753,52.57498906125706],[13.381743716791869,52.57499202376519],[13.381737519642664,52.57499462875096],[13.38173093322916,52.57499685112683],[13.381724020982245,52.5749986694901],[13.381716849470791,52.57500006632885],[13.381709487760569,52.57500102819072],[13.381702006749078,52.57500154581243],[13.381694478482778,52.575001614208986],[13.381686975463218,52.57500123272172],[13.381679569948805,52.57500040502455],[13.381672333258903,52.57499913908868],[13.381665335086987,52.57499744710581],[13.381658642829443,52.5749953453707],[13.381528706380832,52.574949487805576],[13.381440399999999,52.5750288],[13.381186700000002,52.574925],[13.3812368,52.5748827],[13.3812435,52.574876800000006],[13.3813386,52.574917199999994],[13.3813826,52.5748787],[13.38145564421916,52.57490829473748],[13.381455377706972,52.574907786861516],[13.38145379893411,52.574903301846184],[13.381452949336415,52.57489874415004],[13.381452837095752,52.57489415766619],[13.381453463292829,52.574889586565014],[13.381454821896797,52.574885074868654],[13.381456899823348,52.57488066602722],[13.381459677060716,52.5748764025002],[13.381463126862425,52.57487232534766],[13.381467216004863,52.57486847383473],[13.381471905107261,52.57486488505355],[13.381477149010953,52.57486159356595],[13.381482897214278,52.57485863107072],[13.381489094358933,52.574856026098196],[13.381495680763116,52.57485380373564],[13.381502592996275,52.574851985385564],[13.38150976448999,52.57485058855964],[13.381517126179043,52.57484962670999],[13.381524607166556,52.57484910909975],[13.381532135406752,52.57484904071377],[13.381539638398799,52.574849422210654],[13.381547043885005,52.57485024991637],[13.381554280546704,52.57485151585969],[13.381561278691082,52.57485320784897],[13.381567970922351,52.57485530958941],[13.38173555709923,52.574914454615985],[13.381741878985803,52.57491694585793],[13.381747769627381,52.57491980261881],[13.38175317229392,52.57492299738649],[13.381758034954782,52.57492649939369],[13.381762310779854,52.57493027491424],[13.38176595859051,52.57493428758787],[13.38176894325622,52.5749384987704],[13.381771236032861,52.5749428679059],[13.381772814839549,52.57494735291723],[13.3817736644713,52.57495191061131],[13.381773776745474,52.574956497095066],[13.381773150580578,52.57496106819817]]],[[[13.38754189545134,52.57790221804397],[13.387540009242265,52.57790498838375],[13.387537686378135,52.57790763275518],[13.387534949229345,52.57791012569144],[13.3875318241561,52.57791244318421],[13.387528341254546,52.577914562914735],[13.387524534066927,52.5779164644688],[13.387520439258566,52.577918129533366],[13.387516096264742,52.577919542072955],[13.387511546910915,52.57792068848398],[13.387506835009923,52.57792155772589],[13.387502005940028,52.577922141427365],[13.387497106207908,52.57792243396704],[13.387493402427562,52.57792243288415],[13.387472425627934,52.57794589412711],[13.387469861402522,52.577948454390906],[13.387466897586878,52.577950849212655],[13.387463562724141,52.57795305552888],[13.387459888930854,52.57795505209152],[13.387455911587667,52.577956819672565],[13.387451668998603,52.57795834124921],[13.387447202022159,52.57795960216779],[13.387442553677827,52.577960590284995],[13.387437768731784,52.57796129608467],[13.387432893265757,52.57796171276956],[13.387427974233253,52.57796183632678],[13.38742305900734,52.577961665566356],[13.387418194924424,52.57796120213287],[13.387413428828378,52.5779604504894],[13.387408806619398,52.577959417874744],[13.387404372811957,52.5779581142335],[13.387400170106107,52.57795655212055],[13.387396238976244,52.577954746579856],[13.387392617281325,52.57795271499984],[13.38738933990026,52.57795047694572],[13.387386438396003,52.57794805397123],[13.387383940711599,52.57794546941096],[13.387381870901066,52.577942748155664],[13.387380248897742,52.57793991641255],[13.387379090322332,52.577937001452845],[13.387378406332457,52.57793403134925],[13.387378203515228,52.577931034705465],[13.387378483823776,52.57792804038084],[13.387379244558485,52.577925077212335],[13.38738047839297,52.577922173736866],[13.387382173444644,52.57791935791648],[13.38738431338916,52.57791665686905],[13.387421189444526,52.57787541337147],[13.387629901642224,52.57760826609124],[13.38763235500223,52.57760550176517],[13.387635261355726,52.57760290552886],[13.387638589974213,52.57760050483191],[13.387642305664675,52.57759832505651],[13.387646369141658,52.577596389249074],[13.387650737442629,52.577594717876586],[13.388122375002858,52.57743424122614],[13.388127494274645,52.57743243104075],[13.388131868288308,52.57743105453698],[13.388136442711618,52.57742994584303],[13.388141173490448,52.577429115636235],[13.388146015064898,52.57742857191191],[13.38815092080805,52.5774283199064],[13.388155843475012,52.577428362046696],[13.38816073565791,52.5774286979269],[13.388165550242448,52.577429324312334],[13.388170240861628,52.577430235170624],[13.388174762342306,52.57743142172965],[13.388179071140218,52.57743287256227],[13.388183125759335,52.57743457369618],[13.388186887151495,52.57743650874857],[13.388190319092445,52.57743865908384],[13.38819338853072,52.57744100399314],[13.388196065905923,52.57744352089372],[13.388198325433429,52.577446185546485],[13.388200145352695,52.577448972289396],[13.388201508136829,52.57745185428462],[13.388202400661388,52.57745480377697],[13.38820281433079,52.57745779236124],[13.388202745161065,52.577460791255746],[13.388202193818262,52.577463771579474],[13.388201165612017,52.57746670463028],[13.388199670444429,52.577469562161276],[13.388197722714699,52.57747231665283],[13.388195341180463,52.577474941577684],[13.388192548777146,52.577477411656346],[13.388189372397083,52.57747970310059],[13.388185842630536,52.577481793842516],[13.388181993471092,52.577483663747095],[13.388177861988282,52.57748529480611],[13.388177111123465,52.57748556031362],[13.388176042787359,52.5774860592767],[13.388171860930992,52.57748764197604],[13.388167444563111,52.577488967346774],[13.388166994818516,52.57748907033503],[13.387750113008861,52.577630916292655],[13.3878212,52.5776393],[13.3878082,52.577680199999996],[13.3877708,52.57767580000001],[13.387762000000002,52.57770359999999],[13.3876773,52.57769369999998],[13.38767936433144,52.57768718505548],[13.38753412896851,52.57787308367568],[13.387534977881376,52.577873714445325],[13.387537711103567,52.57787620897908],[13.387540029803866,52.57787885470584],[13.387541911651864,52.577881626145846],[13.387543338524269,52.57788449660865],[13.387544296679433,52.5778874384501],[13.387544776889714,52.57789042333867],[13.38754477453032,52.577893422528284],[13.387544289623875,52.5778964071351],[13.387543326840202,52.57789934841572],[13.38754189545134,52.57790221804397]]],[[[13.402242992630471,52.57943774182292],[13.402250488664802,52.57943730732562],[13.402258018515118,52.57943732250382],[13.402265509665074,52.579437787211354],[13.402272889971027,52.57943869697284],[13.402280088356807,52.579440043026814],[13.402287035498212,52.5794418124101],[13.402293664490637,52.57944398808258],[13.402299911493378,52.57944654909144],[13.402305716344472,52.57944947077279],[13.402311023140072,52.57945272498935],[13.402315780772826,52.579456280401274],[13.402319943424082,52.57946010276809],[13.402323471005143,52.57946415527836],[13.402326329543342,52.579468398904254],[13.402328491509227,52.57947279277741],[13.40232993608169,52.579477294582425],[13.402330649348496,52.57948186096451],[13.402330624440264,52.57948644794692],[13.40232986159665,52.57949101135447],[13.402328368164028,52.57949550723908],[13.40224823579636,52.57968768501649],[13.402246026139046,52.57969207007852],[13.402243121552196,52.57969630208863],[13.402239550008405,52.579700340290216],[13.40223534590347,52.57970414579312],[13.402230549725134,52.57970768194822],[13.40222520766318,52.57971091470032],[13.402219371164582,52.57971381291621],[13.40221309643807,52.57971634868439],[13.402206443912776,52.57971849758397],[13.402199477656287,52.57972023891982],[13.402192264757632,52.579721555921886],[13.40218487468116,52.57972243590666],[13.402177378597562,52.5797228703994],[13.402169848698446,52.57972285521567],[13.402162357501089,52.57972239050174],[13.40215497715004,52.57972148073304],[13.402147778722329,52.579720134671184],[13.402140831542935,52.57971836527951],[13.402134202517153,52.57971618959828],[13.402127955486252,52.579713628580585],[13.40212215061264,52.57971070689046],[13.402116843800457,52.57970745266544],[13.402112086157207,52.579703897245565],[13.40211047785595,52.57970242041708],[13.402072,52.57978130000001],[13.4019228,52.579757],[13.401965300000002,52.5796647],[13.402099807722461,52.57968826340731],[13.402099375437624,52.57968738484695],[13.402097930882396,52.5796828830394],[13.40209721763699,52.579678316656235],[13.402097242570123,52.57967372967423],[13.402098005441447,52.5796691662685],[13.402099498903864,52.579664670387174],[13.40210388586766,52.57965414946468],[13.4020888,52.5796514],[13.4021184,52.57959129999999],[13.402129258441349,52.579593300240866],[13.402138093186645,52.579572112462756],[13.4020165,52.579551200000004],[13.4020604,52.579457600000005],[13.4021771519128,52.57947844027473],[13.40217963187586,52.57947249271451],[13.402181841528263,52.57946810765354],[13.402184746105426,52.5794638756447],[13.402188317634534,52.5794598374445],[13.402192521719678,52.57945603194296],[13.402197317873139,52.579452495789056],[13.402202659905292,52.579449263037844],[13.402208496369457,52.579446364822395],[13.40221477105734,52.57944382905405],[13.402221423540361,52.579441680153565],[13.402228389751603,52.57943993881597],[13.402235602602808,52.579438621811285],[13.402242992630471,52.57943774182292]]],[[[13.411449630943794,52.57894498667155],[13.411454554090104,52.57894501352028],[13.411459449210215,52.57894533420099],[13.411464269161538,52.57894594562535],[13.411468967525398,52.578946841905015],[13.411473499054063,52.57894801440837],[13.411477820106501,52.57894945184355],[13.41148188906867,52.5789511403673],[13.411485666754272,52.578953063718274],[13.411489116782148,52.578955203373546],[13.411492205926637,52.57895753872711],[13.41149490443757,52.57896004728827],[13.411497186326772,52.57896270489823],[13.41149902961834,52.578965485962755],[13.411500416560303,52.578968363698735],[13.411501333795565,52.57897131039198],[13.411501772490556,52.578974297664246],[13.411501728420308,52.578977296746494],[13.411501202009143,52.57898027875591],[13.411500198326593,52.57898321497407],[13.411498727038579,52.57898607712361],[13.41143538318725,52.5790909531931],[13.411433458454304,52.579093713708815],[13.41143109882036,52.57909634600624],[13.411428327009931,52.57909882473493],[13.411425169717031,52.579101126023346],[13.411421657348097,52.579103227708764],[13.411417823729167,52.579105109550824],[13.411413705780113,52.57910675342628],[13.411409343159068,52.579108143503724],[13.411404777880524,52.57910926639589],[13.411400053910674,52.57911011128871],[13.411395216744015,52.57911067004539],[13.4113903129652,52.579110937284796],[13.411385389800396,52.57911091043326],[13.411380494662469,52.579110589749334],[13.41137567469437,52.57910997832146],[13.411370976315117,52.57910908203799],[13.41136644477275,52.57910790953064],[13.411362123708567,52.57910647209134],[13.411358054736828,52.57910478356343],[13.411354277043996,52.57910286020838],[13.41135082701133,52.57910072054919],[13.411347737864526,52.57909838519197],[13.411345039353737,52.57909587662752],[13.411342757467056,52.57909321901472],[13.411340914180242,52.57909043794785],[13.411339527245083,52.5790875602101],[13.411338610018438,52.579084613515725],[13.411338171333611,52.57908162624298],[13.411338215415277,52.579078627160925],[13.41133874183881,52.57907564515239],[13.411339745534363,52.57907270893574],[13.411341216835714,52.57906984678833],[13.411404560879253,52.578964970770365],[13.411406485608193,52.578962210255064],[13.411408845236226,52.57895957795801],[13.411411617038794,52.578957099229655],[13.411414774321887,52.57895479794147],[13.41141828667913,52.5789526962561],[13.411422120284602,52.578950814413886],[13.411426238218612,52.57894917053798],[13.411430600823241,52.578947780459764],[13.41143516608428,52.578946657566426],[13.411439890035842,52.578945812672046],[13.411444727183778,52.57894525391336],[13.411449630943794,52.57894498667155]]],[[[13.41813747276423,52.58134321236594],[13.418133741310557,52.58134125566172],[13.41813034267646,52.58133908558632],[13.41812730959263,52.58133672303878],[13.418124671269307,52.581334190771734],[13.418122453114936,52.58133151317234],[13.418120676491501,52.58132871602737],[13.41811935850878,52.581325826274856],[13.418118511859586,52.581322871744746],[13.418118144697516,52.58131988089075],[13.418118260558446,52.58131688251646],[13.418118858326473,52.58131390549785],[13.41811993224467,52.58131097850521],[13.418121471970528,52.581308129727105],[13.418123462675567,52.58130538659877],[13.418125885188145,52.58130277553803],[13.418145385198756,52.58128397554504],[13.418148168729081,52.58128155887641],[13.418151322051335,52.581279317077914],[13.41815481574241,52.581277271067314],[13.418158617203297,52.581275439935546],[13.418162690963253,52.58127384076855],[13.418166999010785,52.581272488487855],[13.418171501148317,52.581271395711326],[13.418176155367265,52.581270572635454],[13.418180918240015,52.58127002694019],[13.418185745325127,52.5812697637173],[13.418190591582015,52.58126978542291],[13.418195411791203,52.58127009185445],[13.418200160976262,52.5812706801527],[13.418204794823469,52.58127154482831],[13.41820927009529,52.581272677813224],[13.418213545033817,52.58127406853574],[13.418280545008725,52.58129846852106],[13.418284625511125,52.58130012459454],[13.418288421150988,52.58130201538725],[13.41829189567623,52.58130412284029],[13.41829501590171,52.58130642682545],[13.418297752026184,52.58130890533743],[13.418300077916928,52.58131153470402],[13.41830197135934,52.5813142898122],[13.418303414269111,52.58131714434799],[13.418304392864945,52.58132007104781],[13.418304897800205,52.581323041958754],[13.41830492425216,52.58132602870573],[13.418304471968074,52.58132900276236],[13.41830354526761,52.581331935723455],[13.41830215300158,52.58133479957635],[13.418300308467414,52.5813375669684],[13.41828593303846,52.581356433002405],[13.4182836434916,52.58135908821015],[13.418280937722317,52.581361593930836],[13.418277841788617,52.58136392603296],[13.418274385506013,52.58136606205706],[13.41827060216039,52.58136798143205],[13.418266528187463,52.58136966567324],[13.418262202821849,52.58137109856048],[13.41825766771924,52.58137226629423],[13.418252966555224,52.58137315762854],[13.41824814460466,52.5813737639794],[13.41824324830566,52.581374079507285],[13.418238324812357,52.58137410117347],[13.418233421540782,52.58137382876932],[13.418228585712216,52.58137326491825],[13.418223863898424,52.581372415050446],[13.418219301573133,52.5813712873506],[13.418214942674101,52.58136989267912],[13.418210829179966,52.581368244467505],[13.41820700070596,52.58136635858893],[13.418203494122402,52.58136425320546],[13.418200343199606,52.58136194859315],[13.418197578282665,52.58135946694667],[13.4181952259992,52.58135683216568],[13.418193309002936,52.58135406962458],[13.418191845755521,52.581351205928186],[13.418190850348747,52.581348268655454],[13.418190535625028,52.58134645645615],[13.418188677991695,52.58134702747537],[13.418184086084286,52.58134810970214],[13.41817934214796,52.581348912549444],[13.418174491869502,52.581349428285414],[13.418169581959841,52.58134965194322],[13.418164659704184,52.58134958136892],[13.418159772506648,52.581349217242156],[13.418154967433708,52.58134856306969],[13.41815029076093,52.58134762515159],[13.418145787527314,52.58134641252052],[13.418141501101521,52.58134493685479],[13.41813747276423,52.58134321236594]]],[[[13.415411852765663,52.580593744264604],[13.415419337559207,52.580594246730676],[13.415426705461803,52.58059519367751],[13.415433885516729,52.58059657598551],[13.415440808576319,52.58059838034233],[13.415447407967882,52.58060058937111],[13.415453620135791,52.580603181797734],[13.415459385253554,52.580606132655774],[13.415464647799968,52.58060941352693],[13.415469357093832,52.5806129928147],[13.415473467782016,52.58061683604866],[13.415476940276248,52.5806209062164],[13.415479741134378,52.58062516412005],[13.415481843382443,52.58062956875373],[13.415483226774445,52.58063407769843],[13.415483877987349,52.58063864753055],[13.415483790749393,52.58064323424016],[13.415482965900495,52.580647793654734],[13.415481411384173,52.58065228186456],[13.415479142171066,52.580656655645726],[13.41547618011474,52.5806608728763],[13.415431197178895,52.58071711347421],[13.415427570796588,52.580721133538376],[13.415423315020417,52.580724917721916],[13.415418470835752,52.58072842958102],[13.415413084894704,52.58073163529446],[13.415407209066837,52.58073450398943],[13.415400899939641,52.58073700803873],[13.415394218273551,52.58073912332697],[13.415387228416805,52.580740829482686],[13.415379997685708,52.580742110074624],[13.41537259571635,52.580742952769924],[13.415365093793962,52.58074334945298],[13.415357564166381,52.58074329630351],[13.41535007934827,52.58074279383335],[13.415342711422742,52.58074184688161],[13.415335531347157,52.58074046456794],[13.415328608269753,52.58073866020486],[13.41532200886371,52.58073645116939],[13.415315796685034,52.58073385873583],[13.415310031560487,52.58073090787081],[13.415304769011401,52.580727626992804],[13.415300059718994,52.580724047698574],[13.415295949036276,52.5807202044587],[13.415292476551269,52.580716134285794],[13.415289675705768,52.580711876377876],[13.415287573473279,52.58070747174097],[13.415286190099254,52.580702962794184],[13.41528553890612,52.58069839296117],[13.415285626165005,52.58069380625191],[13.415286451035321,52.58068924683891],[13.415288005572892,52.58068475863183],[13.415290274806463,52.5806803848545],[13.415293236881888,52.58067616762875],[13.415338219950197,52.58061992708395],[13.415341846332076,52.58061590702245],[13.415346102104445,52.58061212284172],[13.41535094628181,52.58060861098547],[13.41535633221206,52.5806054052747],[13.415362208025753,52.5806025365821],[13.415368517135638,52.58060003253466],[13.415375198781637,52.58059791724767],[13.41538218861598,52.580596211092455],[13.415389419322915,52.580594930500176],[13.415396821266972,52.58059408780359],[13.415404323163601,52.5805936911183],[13.415411852765663,52.580593744264604]]],[[[13.414593218558068,52.58057854717373],[13.414588494688756,52.58057497502285],[13.414584368347942,52.580571138020645],[13.414580879274451,52.580567073119596],[13.414578061069834,52.580562819466984],[13.414575940874773,52.58055841802784],[13.414574539107713,52.5805539111905],[13.414573869268219,52.58054934235827],[13.414573937806985,52.580544755531484],[13.414574744063716,52.58054019488385],[13.414576280273492,52.58053570433684],[13.414578531641565,52.58053132713687],[13.41458147648584,52.58052710543871],[13.414590436798083,52.58051583159427],[13.414594047591644,52.58051180522302],[13.414598288994338,52.58050801388662],[13.414603120141708,52.580504494113164],[13.414608494487368,52.58050127981431],[13.414614360251454,52.58049840195859],[13.41462066091951,52.580495888273035],[13.414627335786985,52.580493762976026],[13.414634320544087,52.58049204654399],[13.414641547895386,52.58049075551405],[13.414648948208173,52.5804899023248],[13.414656450183339,52.58048949519636],[13.414663981542299,52.580489538051275],[13.41467146972338,52.58049003047665],[13.414678842580898,52.58049096772815],[13.414686029080263,52.58049234077574],[13.414692959982347,52.58049413639065],[13.414825798000876,52.58053334670187],[13.41483240517654,52.58053554706752],[13.414838626485547,52.58053813133807],[13.414844402013369,52.5805410746257],[13.414849676138553,52.58054434858495],[13.414854398068387,52.58054792168591],[13.41485852232805,52.580551759517725],[13.414862009198574,52.58055582512003],[13.414864825099354,52.580560079338916],[13.414866942911557,52.580564481203986],[13.4148683422393,52.580568988322895],[13.41486900960608,52.58057355728964],[13.414868938584556,52.58057814410261],[13.414868129858478,52.580582704588274],[13.414866591216093,52.58058719482665],[13.41486433747516,52.58059157157423],[13.41486139034025,52.580595792680555],[13.414857778193722,52.58059981749395],[13.414853535822402,52.58060360725324],[13.414848704082564,52.5806071254609],[13.414843329506466,52.580610338234585],[13.41483746385422,52.58061321463348],[13.414831163615316,52.58061572695622],[13.414824489464596,52.580617851007695],[13.41481750567791,52.58061956633206],[13.41481027951311,52.58062085640975],[13.414802880562315,52.58062170881661],[13.414795380081673,52.58062211534346],[13.414787850305144,52.58062207207522],[13.414780363748823,52.58062157942856],[13.414772992512566,52.58062064214798],[13.414765807585614,52.58061926926001],[13.41475887816293,52.58061747398639],[13.414672974569214,52.58059211750297],[13.414668505844238,52.58059291628003],[13.414661107363097,52.58059377018248],[13.414653607109287,52.58059417822549],[13.414646077314583,52.58059413647935],[13.41463859049525,52.58059364534609],[13.414631218753678,52.58059270955564],[13.414624033083978,52.580591338120186],[13.414617102688265,52.58058954424743],[13.414610494310196,52.580587345213424],[13.414604271592186,52.580584762196125],[13.414598494462492,52.58058182007144],[13.414593218558068,52.58057854717373]]],[[[13.414165560607028,52.58035656199378],[13.414172234247916,52.58035868659261],[13.414178533894798,52.58036119943133],[13.414184398878728,52.580364076309976],[13.414189772716743,52.580367289522684],[13.41419460365585,52.58037080812454],[13.414198845171422,52.580374598229554],[13.414202456415257,52.580378623337],[13.414205402608975,52.58038284468297],[13.41420765537896,52.58038722161362],[13.414209193029611,52.580391711976766],[13.414210000752306,52.58039627252778],[13.414210070768002,52.58040085934608],[13.414209402402179,52.58040542825808],[13.414208002091346,52.58040993526267],[13.414205883321038,52.58041433695491],[13.414203066495986,52.58041859094402],[13.414199578743592,52.580422656261746],[13.414195453652685,52.580426493756775],[13.414190730950057,52.580430066471884],[13.414185456117872,52.58043333999978],[13.414179679955643,52.58043628281458],[13.414152848682347,52.580448641928236],[13.414146626814407,52.580451225687476],[13.414140019164241,52.58045342550941],[13.414133089367262,52.58045522020852],[13.414125904161363,52.580456592500795],[13.414118532744196,52.58045752917031],[13.414111046106752,52.580458021196385],[13.414103516349668,52.580458063840496],[13.414096015988848,52.58045765669199],[13.414088617257097,52.58045680367195],[13.414081391408455,52.58045551299542],[13.414074408031993,52.580453797092396],[13.414067734381604,52.58045167248798],[13.41406143472832,52.58044915964336],[13.41405556974133,52.580446282758636],[13.41405019590372,52.58044306953989],[13.41404536496848,52.580439550932205],[13.414041123460112,52.58043576082179],[13.414037512226578,52.58043173570953],[13.4140345660459,52.58042751435953],[13.414032313291248,52.58042313742573],[13.414030775657691,52.58041864706044],[13.414029967953265,52.58041408650836],[13.414029897956384,52.58040949969012],[13.414030566340921,52.580404930779274],[13.414031966669745,52.580400423776915],[13.414034085456711,52.580396022087925],[13.414036902296546,52.580391768102935],[13.414040390061379,52.58038770279009],[13.414044515162002,52.5803838653005],[13.41404923787135,52.58038029259126],[13.414054512707105,52.58037701906942],[13.414060288869713,52.58037407626071],[13.414087120122618,52.58036171716772],[13.414093341981205,52.58035913341151],[13.414099949619372,52.58035693359204],[13.414106879402077,52.58035513889474],[13.414114064591885,52.580353766603466],[13.414121435991683,52.58035282993407],[13.414128922611077,52.58035233790721],[13.414136452350048,52.58035229526132],[13.41414395269333,52.58035270240714],[13.41415135140874,52.58035355542362],[13.414158577242821,52.58035484609577],[13.414165560607028,52.58035656199378]]],[[[13.3687843,52.5837806],[13.368691,52.5836618],[13.3686715,52.583667199999994],[13.368623600000001,52.58360689999999],[13.3685661,52.58362269999999],[13.3685181,52.5835622],[13.3685121,52.58356419999999],[13.368483000000001,52.58352739999999],[13.3685436,52.5835101],[13.368547400000002,52.5835154],[13.3686288,52.5834922],[13.368720600000001,52.58361179999999],[13.3687297,52.5836091],[13.3687521,52.58363779999999],[13.3687908,52.5836266],[13.3688413,52.58368959999999],[13.3688013,52.5837008],[13.3688481,52.583760799999986],[13.3687843,52.5837806]]],[[[13.3692699,52.5836449],[13.3691093,52.58369129999999],[13.369045500000002,52.58361159999999],[13.3692062,52.583564100000004],[13.3692699,52.5836449]]],[[[13.3713905,52.58371040000001],[13.3712371,52.5836675],[13.371320200000001,52.5835629],[13.3713447,52.58357010000001],[13.3713863,52.58352169999999],[13.3713173,52.583501099999985],[13.3713604,52.58344919999999],[13.371526200000002,52.583497799999996],[13.3714842,52.58354739999999],[13.3715125,52.58355650000001],[13.3713905,52.58371040000001]]],[[[13.3686363,52.583489400000005],[13.3687392,52.58345909999999],[13.3688123,52.583551199999995],[13.3687087,52.583582199999995],[13.3686363,52.583489400000005]]],[[[13.368032,52.583460599999995],[13.3680001,52.5834203],[13.3679571,52.58343299999999],[13.3679903,52.583478199999995],[13.3679325,52.58349589999999],[13.3679248,52.58348749999999],[13.3678258,52.5835169],[13.367767400000002,52.58344129999998],[13.3678827,52.583408399999996],[13.3678994,52.5834285],[13.367942,52.583416099999994],[13.3678986,52.5833609],[13.3679436,52.58334769999999],[13.367962400000001,52.58337300000001],[13.368081600000002,52.583337199999995],[13.36815,52.583425500000004],[13.368032,52.583460599999995]]],[[[13.3691532,52.583506899999996],[13.3689933,52.58355459999999],[13.3688908,52.583427],[13.3690507,52.583379300000004],[13.3691532,52.583506899999996]]],[[[13.368211000000002,52.5832862],[13.3682249,52.5833012],[13.368271,52.5832883],[13.3683345,52.58336899999999],[13.3682875,52.583382500000006],[13.3682928,52.583389999999994],[13.3682388,52.583407199999996],[13.3681519,52.5833023],[13.368211000000002,52.5832862]]],[[[13.368456800000002,52.583238599999994],[13.368524,52.583324100000006],[13.3684192,52.58335409999999],[13.3683552,52.58326739999999],[13.368456800000002,52.583238599999994]]],[[[13.3686613,52.583202500000006],[13.3687117,52.583267],[13.3686031,52.5832991],[13.3685526,52.5832346],[13.3686613,52.583202500000006]]],[[[13.3712925,52.5832784],[13.3712936,52.5832595],[13.3713058,52.58324790000001],[13.3712493,52.58323149999999],[13.3712079,52.5832342],[13.371204,52.583217799999986],[13.3711564,52.583204599999995],[13.371217500000002,52.58312269999999],[13.3713222,52.583153100000004],[13.371374800000002,52.583140699999994],[13.3714036,52.58310269999998],[13.3714208,52.5831028],[13.3714648,52.5831149],[13.371471400000003,52.583122],[13.3714724,52.5831337],[13.3715109,52.583146],[13.3714974,52.58316060000001],[13.371525600000002,52.58316979999999],[13.3715173,52.583192699999984],[13.3715761,52.58320979999999],[13.3715846,52.58322429999999],[13.3715547,52.5832579],[13.371571600000001,52.58328459999999],[13.3716793,52.583316],[13.371611700000003,52.583400600000004],[13.3715928,52.5833947],[13.371557200000002,52.583397199999986],[13.3715535,52.5833857],[13.3715097,52.583371299999996],[13.3714671,52.5833713],[13.371463800000003,52.58335709999999],[13.3713986,52.58333879999999],[13.3714265,52.58330289999999],[13.3713422,52.5832758],[13.3712925,52.5832784]]],[[[13.3674928,52.5831795],[13.36757,52.583149999999996],[13.3675895,52.5831708],[13.3675115,52.583203],[13.3674928,52.5831795]]],[[[13.3678187,52.5829464],[13.367838,52.5829404],[13.3678565,52.5829682],[13.3677378,52.5830015],[13.3676939,52.582938600000006],[13.3677926,52.582912],[13.3678187,52.5829464]]],[[[13.3728193,52.58304529999999],[13.372463600000001,52.5829345],[13.3725359,52.582848799999994],[13.3728916,52.5829596],[13.3728193,52.58304529999999]]],[[[13.3676984,52.58278610000001],[13.367747900000001,52.582856899999996],[13.3676445,52.582886],[13.3676107,52.5828412],[13.3676251,52.582836900000004],[13.367606900000002,52.582810599999995],[13.3676984,52.58278610000001]]],[[[13.3676851,52.5827513],[13.3675776,52.5827803],[13.3674872,52.58265639999999],[13.367594700000001,52.58262739999999],[13.3676851,52.5827513]]],[[[13.373486600000001,52.582655599999995],[13.3733006,52.582869499999994],[13.3731251,52.58281319999999],[13.3733111,52.582599300000005],[13.373486600000001,52.582655599999995]]],[[[13.367773000000001,52.582572299999995],[13.3677979,52.582607700000004],[13.3677106,52.582632100000005],[13.3676841,52.58259770000001],[13.367773000000001,52.582572299999995]]],[[[13.3685272,52.5825366],[13.368411,52.58256769999999],[13.368389,52.58253380000001],[13.3683668,52.58253909999998],[13.3683346,52.5824888],[13.3683564,52.582483599999996],[13.3683552,52.58248179999999],[13.3684691,52.5824527],[13.3685272,52.5825366]]],[[[13.3686711,52.5823667],[13.368513700000001,52.58241199999999],[13.368436800000001,52.58231919999999],[13.368598,52.58227120000001],[13.3686711,52.5823667]]],[[[13.3684195,52.582295699999996],[13.368385600000002,52.58230449999999],[13.368428000000002,52.58236500000001],[13.3683721,52.5823795],[13.3682968,52.5822721],[13.3683866,52.5822488],[13.3684195,52.582295699999996]]],[[[13.3687509,52.582127500000006],[13.368809300000002,52.582201299999994],[13.3687431,52.58222359999999],[13.3687569,52.5822415],[13.3686845,52.582263999999995],[13.368648,52.582212500000004],[13.3686136,52.582169199999996],[13.3687509,52.582127500000006]]],[[[13.3688868,52.5821027],[13.368869,52.582108100000006],[13.3688384,52.58207],[13.3689066,52.5820496],[13.368916200000001,52.5820615],[13.3690011,52.5820361],[13.3690789,52.58213279999999],[13.3689435,52.58217319999999],[13.3688868,52.5821027]]],[[[13.369088,52.5820372],[13.3690309,52.58196809999999],[13.3691141,52.5819413],[13.3692101,52.5819107],[13.3692639,52.581980899999984],[13.369088,52.5820372]]],[[[13.3693885,52.581852299999994],[13.3694532,52.581928],[13.3693499,52.58196060000001],[13.369286,52.5818852],[13.3693885,52.581852299999994]]],[[[13.3696884,52.5816841],[13.3697776,52.5816594],[13.3698153,52.58171189999999],[13.3697255,52.5817374],[13.3696884,52.5816841]]],[[[13.370145,52.581429],[13.3702662,52.58139109999999],[13.3703401,52.581478399999995],[13.3702189,52.58151629999999],[13.370145,52.581429]]],[[[13.3706097,52.5812434],[13.370670100000002,52.581295399999995],[13.3705975,52.5813265],[13.3705371,52.58127449999999],[13.3706097,52.5812434]]],[[[13.3702732,52.5811469],[13.370429799999998,52.58130799999999],[13.3703172,52.5813485],[13.370160500000003,52.58118739999999],[13.3702732,52.5811469]]],[[[13.3703513,52.581169599999996],[13.3704609,52.5811242],[13.3705751,52.58122600000001],[13.3704655,52.58127139999999],[13.3703513,52.581169599999996]]],[[[13.3709099,52.58114629999999],[13.3708622,52.58111579999999],[13.3708295,52.581135100000004],[13.3707492,52.58108299999999],[13.3707818,52.581063900000004],[13.3708175,52.5810867],[13.3709308,52.5810212],[13.3710231,52.581081999999995],[13.3709099,52.58114629999999]]],[[[13.371125500000002,52.58093349999999],[13.3711226,52.58095019999998],[13.3711814,52.580995],[13.371086400000001,52.58104139999998],[13.3709918,52.5809695],[13.371086900000002,52.5809231],[13.3710983,52.58093180000001],[13.371125500000002,52.58093349999999]]],[[[13.3711787,52.58087789999999],[13.3712419,52.580938499999995],[13.371201200000002,52.58095470000001],[13.3711362,52.5808936],[13.3711787,52.58087789999999]]],[[[13.371316,52.580783999999994],[13.371388799999998,52.58085319999999],[13.3712641,52.580902699999996],[13.3711923,52.5808346],[13.371316,52.580783999999994]]],[[[13.3713501,52.58056499999999],[13.3715431,52.5807367],[13.3714001,52.58079600000001],[13.371207100000001,52.58062429999999],[13.3713501,52.58056499999999]]],[[[13.3715653,52.58057120000001],[13.3716598,52.580661599999985],[13.3715677,52.5806981],[13.371471800000002,52.58060350000001],[13.3715653,52.58057120000001]]],[[[13.371791,52.5805809],[13.3717109,52.58061289999999],[13.3716737,52.580578599999996],[13.3716558,52.5805849],[13.371589400000001,52.58052179999999],[13.3716857,52.58048219999999],[13.371791,52.5805809]]],[[[13.371911,52.58047369999999],[13.3719431,52.580506499999984],[13.3718517,52.5805415],[13.371785800000001,52.580479100000005],[13.3719038,52.58043430000001],[13.3719335,52.58046509999999],[13.371911,52.58047369999999]]],[[[13.3719241,52.58037730000001],[13.371954,52.580364499999995],[13.3719496,52.5803607],[13.3719986,52.580339500000015],[13.3721184,52.580445999999995],[13.3720694,52.580467199999994],[13.372065,52.580463599999995],[13.3720408,52.580474],[13.372045,52.580477800000004],[13.3719958,52.58049909999999],[13.3719241,52.5804288],[13.3719642,52.5804128],[13.3719241,52.58037730000001]]],[[[13.3723018,52.580338299999994],[13.3722016,52.5803946],[13.3720991,52.5803294],[13.3721989,52.5802716],[13.3723018,52.580338299999994]]],[[[13.3724618,52.580123],[13.3725542,52.580185699999994],[13.372468,52.5802326],[13.3723756,52.58017000000001],[13.3724618,52.580123]]],[[[13.3725566,52.579988],[13.3726302,52.58003799999999],[13.372609800000001,52.5800491],[13.3726349,52.5800661],[13.3725482,52.580113299999994],[13.3724495,52.5800463],[13.3724802,52.5800296],[13.3725566,52.579988]]],[[[13.3727174,52.57994819999999],[13.3728272,52.580025599999985],[13.3727178,52.5800829],[13.3726385,52.58002689999999],[13.3726676,52.580011699999986],[13.3726372,52.57999019999999],[13.3727174,52.57994819999999]]],[[[13.372740400000001,52.579896999999995],[13.372662800000002,52.57983769999999],[13.3727669,52.5797855],[13.3727812,52.57979370000001],[13.372812,52.57977819999999],[13.372886600000001,52.5798313],[13.372779,52.579887],[13.372772000000001,52.57988180000001],[13.372740400000001,52.579896999999995]]],[[[13.373467,52.57950000000001],[13.3735594,52.5795703],[13.3734664,52.57961539999999],[13.373374,52.57954509999999],[13.373467,52.57950000000001]]],[[[13.373465100000002,52.5794582],[13.3735853,52.5793957],[13.3736719,52.5794571],[13.3735516,52.57951969999999],[13.373465100000002,52.5794582]]],[[[13.3749167,52.5830944],[13.3749539,52.583106199999996],[13.3748923,52.58318030000001],[13.37477,52.58314180000001],[13.3747906,52.58311659999999],[13.3747626,52.5831084],[13.3747878,52.5830798],[13.3748135,52.58308829999999],[13.374830300000001,52.58306760000001],[13.3748643,52.5830777],[13.3748758,52.5830629],[13.3749293,52.583079],[13.3749167,52.5830944]]],[[[13.3741396,52.58308799999999],[13.3741616,52.5830207],[13.373865800000003,52.582985099999995],[13.3739404,52.5828992],[13.374191900000001,52.5829276],[13.374216,52.582853799999995],[13.3743797,52.58287349999999],[13.3743033,52.5831077],[13.3741396,52.58308799999999]]],[[[13.3750289,52.58290029999999],[13.3750272,52.5829057],[13.3750588,52.5829094],[13.3750507,52.582935],[13.3750191,52.58293129999999],[13.3749988,52.582996],[13.3749555,52.58299089999999],[13.3749527,52.58299989999999],[13.3749097,52.582994899999996],[13.3749125,52.5829859],[13.3748422,52.582977799999995],[13.3748524,52.582945300000006],[13.374839,52.5829437],[13.374850200000001,52.58290819999999],[13.3748636,52.582909799999996],[13.374872400000001,52.58288209999999],[13.3750289,52.58290029999999]]],[[[13.3748682,52.58281999999999],[13.3748832,52.5827692],[13.3748966,52.582719299999994],[13.3750657,52.582738500000005],[13.3750498,52.5827892],[13.375034700000002,52.582839400000005],[13.3748682,52.58281999999999]]],[[[13.3739033,52.58251859999999],[13.3739535,52.5824763],[13.3741776,52.582576499999995],[13.3742385,52.5825826],[13.3742345,52.58259850000001],[13.3742789,52.5826025],[13.3743066,52.5825045],[13.3744974,52.58252559999999],[13.3744556,52.582663800000006],[13.374417900000001,52.5827853],[13.374359900000002,52.582779099999996],[13.3743591,52.582782],[13.374276500000002,52.58277319999999],[13.374277300000001,52.58277030000001],[13.3742283,52.582765],[13.3742416,52.58271400000001],[13.3741952,52.58271009999999],[13.3742023,52.58268379999999],[13.3742251,52.58268549999999],[13.3742309,52.58266389999999],[13.374157900000002,52.58265529999999],[13.3741619,52.582632699999984],[13.3739033,52.58251859999999]]],[[[13.3749418,52.58256519999999],[13.375112200000002,52.5825838],[13.3750955,52.58263399999999],[13.3750799,52.5826852],[13.3749144,52.5826666],[13.374928,52.582615499999996],[13.3749418,52.58256519999999]]],[[[13.3735493,52.582544999999996],[13.3736391,52.582454799999994],[13.3738327,52.58252589999999],[13.373742900000002,52.5826161],[13.3735493,52.582544999999996]]],[[[13.3752447,52.58228389999999],[13.3752346,52.5822997],[13.3752487,52.5823034],[13.3752366,52.582321199999996],[13.3752915,52.58233229999999],[13.375295100000002,52.582327],[13.3753005,52.582328399999994],[13.375274300000001,52.58238010000001],[13.3752221,52.58236300000001],[13.375198000000001,52.58240260000001],[13.3751778,52.58239729999999],[13.3751662,52.58241189999999],[13.3751381,52.582404800000006],[13.3751479,52.5823895],[13.3750867,52.58237340000001],[13.3751177,52.582328200000006],[13.3751669,52.582250299999984],[13.3751814,52.5822312],[13.3753294,52.58227150000001],[13.3753154,52.5822991],[13.3752447,52.58228389999999]]],[[[13.3741805,52.58234019999999],[13.3742627,52.5822578],[13.3744226,52.582316600000006],[13.3743404,52.582399099999996],[13.3741805,52.58234019999999]]],[[[13.3746837,52.58220570000001],[13.374623,52.5822838],[13.3744991,52.582248199999995],[13.3745599,52.58217009999999],[13.3746837,52.58220570000001]]],[[[13.3753422,52.582170399999995],[13.3752934,52.5822234],[13.3751303,52.58216779999999],[13.3751791,52.58211489999999],[13.3753422,52.582170399999995]]],[[[13.374286000000001,52.582157999999986],[13.374260600000001,52.5821496],[13.374212000000002,52.582202999999986],[13.3740698,52.5821482],[13.3741103,52.58213130000001],[13.3740941,52.58212069999999],[13.3741311,52.58209899999999],[13.3741449,52.58210880000001],[13.3742201,52.5820624],[13.374350800000002,52.58210669999999],[13.3743126,52.582146],[13.3742999,52.5821418],[13.374286000000001,52.582157999999986]]],[[[13.374667200000001,52.581999],[13.3747896,52.5820293],[13.3747153,52.58214009999999],[13.3745929,52.5821098],[13.374667200000001,52.581999]]],[[[13.3753195,52.58192589999999],[13.3753957,52.581827399999995],[13.3755639,52.581872999999995],[13.3754514,52.582018299999994],[13.3753301,52.58195010000001],[13.3753195,52.58192589999999]]],[[[13.3747174,52.5819325],[13.3747272,52.58192099999999],[13.3746427,52.581894299999995],[13.3747089,52.581817],[13.3748602,52.58186490000001],[13.374839,52.58188969999999],[13.3748713,52.581899899999996],[13.3748164,52.58196389999999],[13.3747174,52.5819325]]],[[[13.375098,52.5815938],[13.3751466,52.5816087],[13.3750207,52.5817702],[13.3748501,52.5817247],[13.3749014,52.581655000000005],[13.374921,52.58165679999999],[13.374945,52.581615899999996],[13.374978,52.5816245],[13.3750208,52.581572900000005],[13.3750432,52.5815788],[13.3750617,52.5815706],[13.3750915,52.5815796],[13.375098,52.5815938]]],[[[13.3756685,52.581660799999995],[13.375531700000002,52.581619199999984],[13.3755836,52.58155600000001],[13.3757205,52.5815976],[13.3756685,52.581660799999995]]],[[[13.376083,52.581309299999994],[13.376063600000002,52.581317],[13.3759983,52.58125599999999],[13.3760349,52.581241500000004],[13.3760253,52.58123249999998],[13.3760513,52.5812222],[13.3760611,52.58123139999999],[13.3761173,52.581209199999996],[13.37619,52.581277099999994],[13.3760906,52.58131639999999],[13.376083,52.581309299999994]]],[[[13.3763035,52.58109110000001],[13.376469300000002,52.581025700000005],[13.3765825,52.5811317],[13.3764166,52.581196999999996],[13.3763035,52.58109110000001]]],[[[13.3767605,52.581015],[13.3766916,52.5809497],[13.3767871,52.580912600000005],[13.3768189,52.58094270000001],[13.376843300000003,52.58093319999998],[13.3768861,52.58097389999999],[13.3768265,52.580997],[13.37681,52.5809813],[13.3767701,52.58099679999999],[13.3767809,52.5810071],[13.3767605,52.581015]]],[[[13.3773835,52.580943199999986],[13.3773552,52.5809282],[13.3774522,52.58086039999999],[13.3776033,52.58094020000001],[13.3774835,52.58102389999999],[13.3773607,52.580959099999994],[13.3773835,52.580943199999986]]],[[[13.3779909,52.5808454],[13.3780304,52.58081719999999],[13.3779233,52.58076189999999],[13.3779908,52.5807136],[13.3781753,52.58080880000001],[13.3780683,52.58088540000001],[13.3780637,52.58088299999999],[13.3779643,52.5809542],[13.3779905,52.58096770000001],[13.377872900000002,52.581052],[13.377721800000002,52.58097409999999],[13.377841100000001,52.580888599999994],[13.3778575,52.5808971],[13.377895100000002,52.5808701],[13.3779778,52.5809127],[13.3779395,52.58094019999999],[13.3779453,52.5809432],[13.3780437,52.58087269999999],[13.3779909,52.5808454]]],[[[13.373740100000001,52.5793002],[13.373882,52.579400099999994],[13.3737766,52.57945539999999],[13.3736347,52.5793555],[13.373740100000001,52.5793002]]],[[[13.373767000000003,52.579273099999995],[13.3739135,52.5791981],[13.3739987,52.57925959999999],[13.373852100000002,52.5793346],[13.373767000000003,52.579273099999995]]],[[[13.3739998,52.5790515],[13.3740879,52.57910619999999],[13.3739924,52.579162400000016],[13.3739029,52.5791076],[13.3739998,52.5790515]]],[[[13.3740881,52.579020899999996],[13.3742743,52.5789402],[13.3743383,52.57899470000001],[13.3744169,52.579061599999996],[13.374276,52.57912269999999],[13.374223100000002,52.579077699999985],[13.3741778,52.579097299999994],[13.3740881,52.579020899999996]]],[[[13.3746407,52.57886059999999],[13.374586,52.5788206],[13.3746605,52.578782399999994],[13.374753600000002,52.5788519],[13.3747612,52.57885040000001],[13.3747743,52.57886119999999],[13.374772000000002,52.578865599999986],[13.37478,52.57887149999999],[13.3746658,52.57893119999999],[13.3746197,52.57889689999998],[13.374654399999999,52.5788804],[13.3746336,52.57886500000001],[13.3746407,52.57886059999999]]],[[[13.3749258,52.5786232],[13.374875500000002,52.578578699999994],[13.374884200000002,52.5785755],[13.374850800000003,52.57854609999999],[13.3749808,52.57849540000001],[13.3751074,52.578611],[13.374980700000002,52.5786622],[13.3749331,52.5786197],[13.3749258,52.5786232]]],[[[13.3752529,52.57843170000001],[13.375305000000003,52.57846129999999],[13.3753119,52.57845840000001],[13.375338600000001,52.5784739],[13.3753325,52.578477],[13.3753896,52.578509499999996],[13.3752971,52.57856850000001],[13.3751629,52.5784892],[13.3752529,52.57843170000001]]],[[[13.3753291,52.5784066],[13.3754795,52.5783124],[13.375565600000002,52.5783635],[13.3754132,52.578455500000004],[13.3753291,52.5784066]]],[[[13.3760334,52.5779141],[13.376074300000003,52.577895699999985],[13.3760903,52.57790650000001],[13.3761126,52.5778961],[13.3761691,52.5779377],[13.3760741,52.5779853],[13.3759992,52.5779326],[13.3760009,52.5779313],[13.3759688,52.57790710000001],[13.3759833,52.57790030000001],[13.3759697,52.57788889999999],[13.3759856,52.5778809],[13.3759964,52.5778887],[13.3760001,52.577889400000004],[13.3760334,52.5779141]]],[[[13.376642,52.5776138],[13.3765529,52.5776652],[13.3764208,52.5775807],[13.3765113,52.577528199999996],[13.376642,52.5776138]]],[[[13.378491000000002,52.5772966],[13.378565800000002,52.577206000000004],[13.3786337,52.577226700000004],[13.3785588,52.57731729999999],[13.378491000000002,52.5772966]]],[[[13.3781464,52.57693870000001],[13.378285800000002,52.57700519999999],[13.378162700000003,52.5771005],[13.378023300000002,52.57703390000001],[13.3781464,52.57693870000001]]],[[[13.3783951,52.5767855],[13.3783053,52.576865399999996],[13.3781668,52.5768079],[13.378256500000003,52.576728],[13.3783951,52.5767855]]],[[[13.3783566,52.57662819999999],[13.3784115,52.5765861],[13.3785302,52.57664330000001],[13.3784753,52.5766854],[13.3783566,52.57662819999999]]],[[[13.3784497,52.57626],[13.3783909,52.5763078],[13.378296200000001,52.5762648],[13.378355,52.576216900000006],[13.3783643,52.5762212],[13.3784497,52.57626]]],[[[13.3786254,52.580643099999996],[13.3785018,52.5805989],[13.3785524,52.5805466],[13.378676,52.580590699999995],[13.3786254,52.580643099999996]]],[[[13.3789846,52.580448999999994],[13.3790362,52.580516599999996],[13.3789009,52.58055469999999],[13.3788493,52.5804871],[13.3789846,52.580448999999994]]],[[[13.379217800000001,52.580362699999995],[13.3795637,52.580271],[13.379622,52.58035219999999],[13.379276,52.58044379999999],[13.379217800000001,52.580362699999995]]],[[[13.3799348,52.580315000000006],[13.3797333,52.58036499999999],[13.3796511,52.5802428],[13.3798526,52.58019279999999],[13.3799348,52.580315000000006]]],[[[13.3803966,52.580130399999994],[13.3800782,52.580219],[13.3800243,52.5801475],[13.380342700000002,52.58005889999999],[13.3803966,52.580130399999994]]],[[[13.3809288,52.5802394],[13.380718,52.5799516],[13.3808347,52.57992],[13.381045500000003,52.5802078],[13.3809288,52.5802394]]],[[[13.3815695,52.5800617],[13.3814963,52.579958500000004],[13.3816512,52.5799179],[13.3817245,52.580021099999996],[13.3815695,52.5800617]]],[[[13.3819502,52.579831],[13.3820099,52.579912500000006],[13.381896100000002,52.579943299999975],[13.381836400000001,52.579861799999996],[13.3819502,52.579831]]],[[[13.3814355,52.5799066],[13.381344,52.5797776],[13.3814893,52.5797376],[13.3815809,52.579867400000005],[13.3814355,52.5799066]]],[[[13.382214,52.57977369999999],[13.3823498,52.579738],[13.3823963,52.5798032],[13.382260500000001,52.5798389],[13.382214,52.57977369999999]]],[[[13.382033800000002,52.579626999999995],[13.3821822,52.57958729999999],[13.3822367,52.5796625],[13.3820884,52.57970219999999],[13.382033800000002,52.579626999999995]]],[[[13.3826846,52.579477],[13.3826766,52.579479600000006],[13.3826843,52.57948849999999],[13.3826892,52.5794963],[13.3827001,52.57949279999999],[13.382725200000001,52.579521699999994],[13.3827154,52.5795248],[13.382725000000002,52.57953590000001],[13.3826772,52.5795512],[13.3826826,52.5795575],[13.382643400000001,52.57956999999999],[13.3826376,52.57956339999999],[13.382589800000002,52.57957879999999],[13.3825478,52.579532199999996],[13.382508,52.5794861],[13.3825589,52.57946979999999],[13.3825533,52.579463399999995],[13.3825869,52.5794526],[13.3825919,52.57945849999999],[13.3826413,52.579442699999994],[13.382649000000002,52.57945159999999],[13.3826596,52.5794482],[13.3826846,52.579477]]],[[[13.380012,52.5776131],[13.3800993,52.577638099999994],[13.380029,52.57772860000001],[13.379941700000002,52.5777036],[13.380012,52.5776131]]],[[[13.3799097,52.577623],[13.379835200000002,52.5777157],[13.3797327,52.57768529999999],[13.3798072,52.5775927],[13.3799097,52.577623]]],[[[13.3797306,52.5775584],[13.3796189,52.57769489999999],[13.379519600000002,52.5776649],[13.3796313,52.57752839999999],[13.3797306,52.5775584]]],[[[13.3795217,52.5773846],[13.3796261,52.577415699999996],[13.379558,52.577500099999995],[13.3794535,52.577469],[13.3795217,52.5773846]]],[[[13.3793069,52.57735319999999],[13.379245,52.57742300000001],[13.379281,52.5774348],[13.3792541,52.5774651],[13.3791004,52.57741469999999],[13.3791891,52.5773147],[13.3792552,52.57733629999999],[13.3793069,52.57735319999999]]],[[[13.379064700000002,52.5773329],[13.3789963,52.57741750000001],[13.3788667,52.5773788],[13.378935100000001,52.57729419999999],[13.379064700000002,52.5773329]]],[[[13.379983000000001,52.57729719999999],[13.379932600000002,52.57736619999999],[13.3798074,52.57733240000001],[13.3798578,52.5772634],[13.379983000000001,52.57729719999999]]],[[[13.3788864,52.5772119],[13.3788236,52.5772903],[13.378700700000001,52.57725399999999],[13.3787635,52.577175499999996],[13.3788864,52.5772119]]],[[[13.3799726,52.57684160000001],[13.379913,52.5769074],[13.3797989,52.576869300000006],[13.3798585,52.576803399999996],[13.3799726,52.57684160000001]]],[[[13.3799429,52.57658539999999],[13.3797375,52.5767959],[13.3795414,52.57672529999999],[13.379746700000002,52.5765147],[13.3799429,52.57658539999999]]],[[[13.378906700000002,52.5764527],[13.3790545,52.57651929999999],[13.3789731,52.576585999999985],[13.378885100000002,52.576546399999984],[13.3788229,52.5765973],[13.3788781,52.576622199999996],[13.3787802,52.57670230000001],[13.378567000000002,52.5766062],[13.3786649,52.576526099999995],[13.3786937,52.576502399999995],[13.378726,52.57647589999999],[13.3786507,52.576442],[13.3787332,52.576374399999985],[13.378906700000002,52.5764527]]],[[[13.380089300000002,52.576118599999994],[13.3802525,52.5761786],[13.3801937,52.5762377],[13.3800305,52.5761777],[13.380089300000002,52.576118599999994]]],[[[13.3803559,52.576143900000005],[13.3802498,52.576107699999994],[13.380294000000001,52.576066299999994],[13.3805186,52.57614470000001],[13.3804681,52.5761965],[13.3803441,52.5761538],[13.3803559,52.576143900000005]]],[[[13.382660600000001,52.576062500000006],[13.3826172,52.5761138],[13.3825077,52.576080600000004],[13.382549700000002,52.57602769999998],[13.382660600000001,52.576062500000006]]],[[[13.3823001,52.575992899999996],[13.3823272,52.575960300000006],[13.3823645,52.57597049999999],[13.3823369,52.576005],[13.3823001,52.575992899999996]]],[[[13.380819400000002,52.57594310000001],[13.3801815,52.5756945],[13.3803469,52.575536899999996],[13.3809853,52.575784899999995],[13.380819400000002,52.57594310000001]]],[[[13.3810262,52.57567420000001],[13.3804533,52.575451199999996],[13.3806169,52.57529889999999],[13.381187700000002,52.5755257],[13.3810262,52.57567420000001]]],[[[13.3819743,52.57542419999999],[13.3823078,52.5755221],[13.3822628,52.5755746],[13.3819411,52.5754705],[13.3819743,52.57542419999999]]],[[[13.3820413,52.574685699999996],[13.3820761,52.5747001],[13.3820347,52.57473509999999],[13.3819758,52.57471149999999],[13.382004000000002,52.574684399999995],[13.3820316,52.5746956],[13.3820413,52.574685699999996]]],[[[13.3814731,52.57457409999999],[13.3814706,52.5745778],[13.3813453,52.5745297],[13.3813877,52.5744883],[13.3815846,52.57456319999999],[13.3815437,52.574601099999995],[13.3814731,52.57457409999999]]],[[[13.3814735,52.57435],[13.3814356,52.5743877],[13.3813985,52.5743739],[13.381436400000002,52.57433619999999],[13.3814735,52.57435]]],[[[13.3827989,52.55914760000001],[13.382832000000002,52.559198699999996],[13.3827671,52.5592095],[13.382736600000001,52.5591592],[13.3827989,52.55914760000001]]],[[[13.3827429,52.559091099999996],[13.3827697,52.55913369999999],[13.382708600000003,52.55914839999999],[13.3826844,52.55910579999999],[13.3827429,52.559091099999996]]],[[[13.3825253,52.55889],[13.382583900000002,52.558876],[13.3826195,52.5589403],[13.3825572,52.5589519],[13.3825253,52.55889]]],[[[13.3824897,52.55870039999999],[13.3825139,52.55873449999999],[13.3824528,52.5587507],[13.3824273,52.5587151],[13.3824897,52.55870039999999]]],[[[13.3824184,52.55864699999999],[13.3824452,52.558684199999995],[13.3823752,52.55870039999999],[13.3823497,52.5586625],[13.3824184,52.55864699999999]]],[[[13.3827866,52.5795914],[13.382811500000003,52.579620299999995],[13.3828035,52.57962289999999],[13.382811200000003,52.5796318],[13.382674700000003,52.5796754],[13.3826349,52.579629399999995],[13.382685800000003,52.579613099999996],[13.3826802,52.5796067],[13.3827138,52.57959590000001],[13.3827189,52.5796018],[13.3827682,52.57958599999999],[13.3827759,52.579594799999995],[13.3827866,52.5795914]]],[[[13.383147800000001,52.5795797],[13.3831,52.579595000000005],[13.383058,52.5795484],[13.3830182,52.5795024],[13.3830691,52.5794861],[13.3830635,52.5794797],[13.383097100000002,52.57946889999999],[13.3831021,52.57947469999999],[13.3831515,52.57945900000001],[13.3831592,52.57946780000001],[13.383169800000001,52.5794644],[13.383194800000002,52.5794933],[13.3831868,52.579495900000005],[13.383194500000002,52.5795048],[13.3831994,52.5795126],[13.3832103,52.579509099999996],[13.3832354,52.579537999999985],[13.3832256,52.57954109999999],[13.3832352,52.579552199999995],[13.3831874,52.5795675],[13.3831928,52.579573700000005],[13.3831536,52.5795863],[13.383147800000001,52.5795797]]],[[[13.3828924,52.57948040000001],[13.3828504,52.57943379999999],[13.382810500000001,52.57938769999999],[13.3828614,52.5793715],[13.382855800000002,52.579365],[13.3828894,52.5793543],[13.382894500000003,52.579360099999995],[13.3829439,52.5793443],[13.3829515,52.57935320000001],[13.3829622,52.579349799999996],[13.3829872,52.579378699999985],[13.3829791,52.57938119999999],[13.3829868,52.5793902],[13.3829917,52.5793979],[13.383002599999998,52.57939440000001],[13.3830277,52.579423299999995],[13.3830179,52.57942649999998],[13.383027500000003,52.5794375],[13.3829797,52.57945290000001],[13.3829851,52.5794591],[13.3829459,52.5794717],[13.3829402,52.5794651],[13.3828924,52.57948040000001]]],[[[13.3834822,52.579324899999996],[13.3833871,52.57935259999999],[13.383329100000001,52.579279],[13.3834242,52.57925129999999],[13.3834822,52.579324899999996]]],[[[13.383571,52.5793159],[13.3835292,52.579261800000005],[13.3836163,52.579237],[13.3836581,52.57929109999999],[13.383571,52.5793159]]],[[[13.383782999999998,52.579185700000004],[13.3837284,52.5792036],[13.383676900000001,52.5791453],[13.383786000000002,52.57910969999999],[13.3838136,52.5791409],[13.3837591,52.579158699999994],[13.383782999999998,52.579185700000004]]],[[[13.3840618,52.579167500000004],[13.3839876,52.579087],[13.384078,52.5790562],[13.3841522,52.57913680000001],[13.3840618,52.579167500000004]]],[[[13.3842917,52.579059],[13.3842398,52.57899639999999],[13.384334200000001,52.5789675],[13.3843862,52.57903009999999],[13.3842917,52.579059]]],[[[13.384492,52.5789546],[13.3845837,52.5789219],[13.3846288,52.5789686],[13.3845371,52.5790013],[13.384492,52.5789546]]],[[[13.3848055,52.57885649999999],[13.3847786,52.5788267],[13.384855,52.5788012],[13.3849097,52.57886179999999],[13.3847857,52.578903200000006],[13.3847579,52.5788724],[13.3848055,52.57885649999999]]],[[[13.3851387,52.578734000000004],[13.3851724,52.57872389999999],[13.3852362,52.5788022],[13.3851269,52.5788351],[13.385118600000002,52.5788249],[13.3850449,52.578846999999996],[13.3850392,52.57883999999999],[13.384971,52.578860299999995],[13.3849354,52.5788161],[13.3850034,52.578795800000016],[13.3849747,52.578760599999995],[13.3850483,52.578738499999986],[13.3850741,52.57873080000001],[13.3850927,52.57875369999999],[13.3851426,52.5787387],[13.3851387,52.578734000000004]]],[[[13.3852677,52.578695200000006],[13.3853582,52.578671299999996],[13.385409,52.5787423],[13.3853185,52.5787662],[13.3852677,52.578695200000006]]],[[[13.385020900000002,52.57869899999999],[13.3849388,52.5787244],[13.3848965,52.5786739],[13.3849786,52.57864849999999],[13.385020900000002,52.57869899999999]]],[[[13.3855261,52.57859109999999],[13.3855764,52.57865249999999],[13.3855078,52.5786733],[13.3854885,52.578649799999994],[13.385444200000002,52.57866319999999],[13.3854131,52.5786254],[13.3855261,52.57859109999999]]],[[[13.3856597,52.57858800000001],[13.385692600000002,52.5786293],[13.3855971,52.57865739999999],[13.3855641,52.57861599999999],[13.3856597,52.57858800000001]]],[[[13.3857104,52.578500899999995],[13.3857431,52.578540000000004],[13.385787400000002,52.5785263],[13.3858453,52.57859560000001],[13.3857706,52.5786186],[13.38568,52.5785103],[13.3857104,52.578500899999995]]],[[[13.385630400000002,52.5785361],[13.385676400000001,52.578521399999985],[13.385695200000002,52.5785432],[13.385649300000003,52.57855790000001],[13.385630400000002,52.5785361]]],[[[13.3857452,52.5784833],[13.385790300000002,52.5784703],[13.3858249,52.578514899999995],[13.385779800000002,52.578527799999996],[13.3857452,52.5784833]]],[[[13.3860306,52.57843569999999],[13.3860868,52.578512700000005],[13.385983,52.5785407],[13.3859435,52.5784866],[13.385997,52.5784722],[13.3859803,52.578449199999994],[13.3860306,52.57843569999999]]],[[[13.3857938,52.578468799999996],[13.3858404,52.57845449999999],[13.3858769,52.57849859999999],[13.3858303,52.578512899999986],[13.3857938,52.578468799999996]]],[[[13.385661,52.578422200000006],[13.3856974,52.5784675],[13.3856512,52.5784813],[13.385614800000003,52.578435999999996],[13.385661,52.578422200000006]]],[[[13.3861001,52.578487100000004],[13.3860585,52.57843700000001],[13.3861651,52.57840439999999],[13.3862067,52.5784545],[13.3861001,52.578487100000004]]],[[[13.386298800000002,52.5783761],[13.3863499,52.5784393],[13.3862641,52.5784637],[13.3862154,52.5784004],[13.386298800000002,52.5783761]]],[[[13.386473800000001,52.578382399999995],[13.386419000000002,52.578318499999995],[13.3865083,52.578290200000005],[13.386563,52.5783542],[13.386473800000001,52.578382399999995]]],[[[13.386592400000001,52.57828179999999],[13.3865308,52.5782036],[13.3866169,52.5781785],[13.386678500000002,52.57825679999999],[13.386592400000001,52.57828179999999]]],[[[13.3868746,52.5781644],[13.3869145,52.578126999999995],[13.386972,52.5781496],[13.3869321,52.5781871],[13.3868746,52.5781644]]],[[[13.3867184,52.578200200000005],[13.3866557,52.5781373],[13.3867711,52.57809490000001],[13.3868338,52.57815769999999],[13.3867184,52.578200200000005]]],[[[13.3866886,52.5780665],[13.386720800000003,52.5781032],[13.3866833,52.57811540000001],[13.3866511,52.57807869999999],[13.3866886,52.5780665]]],[[[13.3878985,52.5777092],[13.3879107,52.57765890000001],[13.388021,52.5776687],[13.3880087,52.57771909999999],[13.3878985,52.5777092]]],[[[13.3876246,52.577558999999994],[13.3875584,52.5776347],[13.387469,52.5776058],[13.387525,52.57754179999999],[13.387567100000002,52.5775554],[13.387577300000002,52.57754369999999],[13.3876246,52.577558999999994]]],[[[13.3878384,52.57748209999999],[13.3877921,52.5774278],[13.3878687,52.5774037],[13.387915,52.57745799999999],[13.3878384,52.57748209999999]]],[[[13.382692400000002,52.575515200000005],[13.3829588,52.575596000000004],[13.3829169,52.57565069999999],[13.3826468,52.5755677],[13.382692400000002,52.575515200000005]]],[[[13.3880546,52.5746328],[13.388031100000001,52.574680399999984],[13.387870200000002,52.574651],[13.3878937,52.574603499999995],[13.3880546,52.5746328]]],[[[13.3881856,52.573479299999995],[13.3879382,52.57343740000001],[13.3879805,52.57334500000001],[13.388228000000002,52.5733869],[13.3881856,52.573479299999995]]],[[[13.3832079,52.57271299999999],[13.3832196,52.57271279999999],[13.3832185,52.572752699999995],[13.383104200000002,52.57280690000001],[13.3830387,52.5727112],[13.383106599999998,52.57271180000001],[13.3831113,52.57264429999999],[13.383041000000002,52.5726435],[13.3831187,52.5725526],[13.3831925,52.57258999999999],[13.3832259,52.57260899999999],[13.383222700000001,52.57264769999999],[13.3832118,52.57264769999999],[13.3832086,52.5727006],[13.3832079,52.57271299999999]]],[[[13.4042003,52.57948989999999],[13.4043829,52.5795273],[13.404320899999998,52.57963910000001],[13.404138300000001,52.57960169999999],[13.4042003,52.57948989999999]]],[[[13.4039222,52.579508399999995],[13.403878800000001,52.57956140000001],[13.4037053,52.579509],[13.403748700000001,52.57945599999999],[13.403737600000001,52.57945479999999],[13.4037771,52.5794039],[13.4039498,52.5794535],[13.4039099,52.5795047],[13.4039222,52.579508399999995]]],[[[13.4031751,52.579392799999994],[13.4032806,52.5791824],[13.4033964,52.579204399999995],[13.4032924,52.579416699999996],[13.403306,52.5794192],[13.403206100000002,52.57962409999999],[13.4030887,52.5796024],[13.4031902,52.5793954],[13.4031751,52.579392799999994]]],[[[13.4028409,52.579072899999986],[13.4029381,52.5790906],[13.4029448,52.5790919],[13.402724,52.579537699999996],[13.4025594,52.57950679999999],[13.4027892,52.5790634],[13.4028409,52.579072899999986]]],[[[13.4032037,52.5788613],[13.4028524,52.5788017],[13.4028864,52.57872509999999],[13.4031838,52.578775099999994],[13.403167,52.57881079999999],[13.4032233,52.578820699999994],[13.4032037,52.5788613]]],[[[13.4028195,52.5784839],[13.4027804,52.57847759999999],[13.4027849,52.5784668],[13.4027099,52.578452799999994],[13.4027603,52.578347399999984],[13.4028214,52.57836069999999],[13.402816400000003,52.57837339999999],[13.402886,52.57838720000001],[13.402842,52.57847739999999],[13.4028237,52.5784741],[13.4028195,52.5784839]]],[[[13.403000900000002,52.57814900000001],[13.4029579,52.5782252],[13.402812200000001,52.57819489999999],[13.4028551,52.57811869999999],[13.403000900000002,52.57814900000001]]],[[[13.403111000000003,52.5779336],[13.4030671,52.5780141],[13.4029213,52.5779848],[13.4029653,52.5779042],[13.403111000000003,52.5779336]]],[[[13.402854999999999,52.57792020000001],[13.4028406,52.5779478],[13.402825,52.577943600000005],[13.402807000000001,52.57797749999999],[13.402740700000003,52.577964300000005],[13.402731200000002,52.57798319999999],[13.4026705,52.5779726],[13.402681200000002,52.577952599999996],[13.4026786,52.57795200000001],[13.402729,52.577858400000004],[13.4028562,52.577884599999976],[13.402839,52.57791710000001],[13.402854999999999,52.57792020000001]]],[[[13.4025553,52.57782639999999],[13.4026217,52.57784000000001],[13.4025714,52.577929399999995],[13.4024409,52.5779014],[13.4024879,52.5778127],[13.402491700000002,52.57781],[13.4024991,52.5778069],[13.4025094,52.577805399999995],[13.402517,52.5778056],[13.402538,52.577810199999995],[13.4025451,52.577813],[13.4025505,52.5778169],[13.4025533,52.577820499999994],[13.4025553,52.57782639999999]]],[[[13.3881722,52.5776084],[13.3882109,52.57761339999999],[13.3882175,52.57759459999999],[13.3883082,52.5776062],[13.388289000000002,52.5776615],[13.3881596,52.577644899999996],[13.3881722,52.5776084]]],[[[13.402394800000001,52.57778819999999],[13.402436700000003,52.577797100000005],[13.402407900000002,52.577847999999996],[13.4023659,52.5778392],[13.402394800000001,52.57778819999999]]],[[[13.3880738,52.57765259999999],[13.3879688,52.577645900000014],[13.3879793,52.5775854],[13.3880444,52.577589499999995],[13.388040000000002,52.577614399999995],[13.38808,52.57761700000001],[13.3880738,52.57765259999999]]],[[[13.4022626,52.5778611],[13.4021069,52.577829900000005],[13.4021261,52.577794399999995],[13.4020919,52.57778750000001],[13.4021212,52.5777335],[13.4023112,52.577771899999995],[13.4022984,52.57779529999999],[13.4023369,52.57780309999999],[13.4023138,52.57784560000001],[13.402275200000002,52.5778378],[13.4022626,52.5778611]]],[[[13.388055900000001,52.577370699999996],[13.3880356,52.577350900000006],[13.3881043,52.577325],[13.3881717,52.577390799999996],[13.3880587,52.5774335],[13.3880116,52.57738739999999],[13.388055900000001,52.577370699999996]]],[[[13.3883982,52.57731759999999],[13.3882635,52.57736899999998],[13.388230200000002,52.5773368],[13.3883648,52.5772854],[13.3883982,52.57731759999999]]],[[[13.3881608,52.57731570000001],[13.3881914,52.577304],[13.3882221,52.577333700000004],[13.3881916,52.5773454],[13.3881608,52.57731570000001]]],[[[13.402367,52.5774193],[13.4023275,52.5774858],[13.4021434,52.5774453],[13.402182999999999,52.57737890000001],[13.402367,52.5774193]]],[[[13.3885722,52.57721479999999],[13.3885982,52.577241199999996],[13.3885444,52.5772608],[13.3885183,52.5772345],[13.3885722,52.57721479999999]]],[[[13.3886236,52.57713079999999],[13.388703700000002,52.5772051],[13.3886259,52.57723609999999],[13.3885459,52.577161800000006],[13.3886236,52.57713079999999]]],[[[13.4034902,52.57715150000001],[13.4034144,52.57713630000001],[13.4033311,52.5771195],[13.4033614,52.57706399999999],[13.4034434,52.57708050000001],[13.403521500000002,52.57709630000001],[13.4035602,52.57702529999999],[13.4035768,52.577028199999994],[13.403857,52.5770851],[13.4036442,52.57747530000001],[13.4038729,52.577521399999995],[13.4038078,52.577640800000005],[13.4035671,52.577592300000006],[13.4034457,52.5775679],[13.4032974,52.577538000000004],[13.4032813,52.577534799999995],[13.4034902,52.57715150000001]]],[[[13.3888655,52.5771579],[13.388817,52.577111800000004],[13.3889997,52.57704089999999],[13.3890482,52.57708699999999],[13.3888655,52.5771579]]],[[[13.3893016,52.576962699999996],[13.3892379,52.5769881],[13.38926,52.577008600000006],[13.3891676,52.5770456],[13.389086,52.576970300000006],[13.3892422,52.5769078],[13.3893016,52.576962699999996]]],[[[13.3894865,52.5769087],[13.3894986,52.57692089999999],[13.389443000000002,52.576941399999995],[13.38941,52.5769082],[13.3894712,52.5768857],[13.389492,52.5769066],[13.3894865,52.5769087]]],[[[13.3897123,52.576798000000004],[13.3897476,52.576837600000005],[13.3896753,52.57686129999999],[13.38964,52.5768217],[13.3897123,52.576798000000004]]],[[[13.389967700000001,52.57678149999998],[13.3900457,52.576760099999994],[13.390084900000002,52.57681289999998],[13.3900069,52.5768343],[13.389967700000001,52.57678149999998]]],[[[13.3898349,52.576746],[13.3898733,52.57679029999999],[13.389789,52.5768173],[13.3897506,52.576773],[13.3898349,52.576746]]],[[[13.3902248,52.5767062],[13.3902489,52.5767358],[13.3901648,52.57676099999998],[13.3901292,52.57671719999999],[13.3901804,52.5767018],[13.390192,52.57671609999999],[13.3902248,52.5767062]]],[[[13.390285100000002,52.5766415],[13.390345,52.576622],[13.390382800000001,52.5766651],[13.3903228,52.57668449999999],[13.390285100000002,52.5766415]]],[[[13.3900312,52.5765087],[13.390101000000001,52.57659019999999],[13.3900503,52.5766063],[13.3899805,52.576524799999994],[13.3900312,52.5765087]]],[[[13.3937153,52.576327299999996],[13.3937238,52.5763234],[13.393664900000001,52.57627169999999],[13.3936561,52.576274500000004],[13.393620900000002,52.5762432],[13.3936289,52.576239999999984],[13.39357,52.57618819999999],[13.3935615,52.5761902],[13.3935277,52.5761601],[13.393535400000001,52.57615779999998],[13.3934834,52.576112099999996],[13.3935255,52.5760791],[13.393507500000002,52.576071199999994],[13.3935623,52.57602759999999],[13.393581800000002,52.5760351],[13.3936185,52.57600639999999],[13.3937434,52.576028999999984],[13.3937483,52.576024000000004],[13.3938144,52.576037],[13.3938114,52.576044599999996],[13.3939126,52.576065799999995],[13.3939155,52.57605780000001],[13.3939823,52.57607149999999],[13.3939781,52.576079499999985],[13.3941377,52.57611289999999],[13.3940827,52.5762144],[13.3937125,52.5761392],[13.393696900000002,52.57615169999999],[13.393677500000003,52.57618879999999],[13.3936974,52.57620649999999],[13.3937584,52.576224599999996],[13.3939702,52.57626909999999],[13.394020700000002,52.5763122],[13.393805700000001,52.5763954],[13.3937583,52.57635379999999],[13.3937486,52.576357],[13.3937153,52.576327299999996]]],[[[13.3926536,52.5760315],[13.3926881,52.5760566],[13.392603,52.57609970000001],[13.3925456,52.5760579],[13.3925916,52.57603460000001],[13.3926145,52.5760513],[13.3926536,52.5760315]]],[[[13.3924143,52.5751071],[13.392454900000002,52.5752176],[13.3922573,52.57524529999999],[13.3922196,52.57514340000001],[13.3923175,52.57512989999998],[13.392315,52.57512169999999],[13.3924143,52.5751071]]],[[[13.3918887,52.57501179999999],[13.3920522,52.5750886],[13.3919877,52.57514069999999],[13.3918907,52.57509499999999],[13.3918865,52.5750979],[13.3918199,52.5750663],[13.3918887,52.57501179999999]]],[[[13.391799600000002,52.5749652],[13.3917286,52.5750214],[13.391601700000002,52.57496170000001],[13.3916705,52.57490580000001],[13.391799600000002,52.5749652]]],[[[13.3913987,52.5748646],[13.3913938,52.5748676],[13.3913019,52.57482369999999],[13.3913601,52.574777499999996],[13.391362400000002,52.574778499999994],[13.391423600000001,52.57472819999999],[13.3914782,52.57475359999999],[13.3914261,52.574795099999996],[13.391552100000002,52.57485519999999],[13.3914903,52.57490690000001],[13.3913987,52.5748646]]],[[[13.391097900000002,52.574728],[13.3910468,52.574704],[13.3911281,52.5746397],[13.3911787,52.5746637],[13.3913131,52.57472669999999],[13.3912319,52.5747908],[13.391097900000002,52.574728]]],[[[13.3910374,52.574613699999986],[13.3909732,52.5746657],[13.3908812,52.574622299999994],[13.3908766,52.57462550000001],[13.3908279,52.57460119999999],[13.3908971,52.5745479],[13.3910374,52.574613699999986]]],[[[13.39066,52.5744338],[13.3907886,52.574492799999994],[13.3907183,52.5745483],[13.3905924,52.57448839999999],[13.39066,52.5744338]]],[[[13.3882065,52.5744858],[13.3882118,52.574487399999995],[13.3883969,52.5742634],[13.3883819,52.574258],[13.3884162,52.5742153],[13.3885424,52.5742546],[13.3882624,52.5745889],[13.388151700000002,52.5745548],[13.3882065,52.5744858]]],[[[13.3904893,52.5743914],[13.3905378,52.57441339999998],[13.3904738,52.57446589999999],[13.3904253,52.574444],[13.3904893,52.5743914]]],[[[13.3893741,52.568472],[13.3893741,52.568499800000005],[13.389324199999999,52.5685023],[13.3893242,52.5684728],[13.3893741,52.568472]]],[[[13.4092774,52.5821151],[13.4093269,52.5821202],[13.4093295,52.58211110000001],[13.4093941,52.5821178],[13.409391600000001,52.582126800000005],[13.409495000000001,52.58213739999999],[13.4094974,52.58212879999999],[13.4095621,52.58213550000001],[13.4095597,52.58214400000001],[13.4096098,52.58214920000001],[13.4096124,52.5821396],[13.4096469,52.5821432],[13.4096771,52.58214629999999],[13.4096744,52.582155799999995],[13.4097229,52.5821608],[13.4097254,52.5821517],[13.409790100000002,52.582158299999996],[13.4097875,52.5821674],[13.4098911,52.5821776],[13.4098144,52.58228909999999],[13.4096119,52.582268299999996],[13.4096043,52.582295300000006],[13.4092379,52.5822577],[13.4092447,52.582233099999996],[13.408991,52.5822075],[13.4087259,52.5821812],[13.4087203,52.582180599999994],[13.4086777,52.5821696],[13.4086637,52.582165999999994],[13.4086795,52.5821421],[13.4087403,52.58215719999999],[13.4087561,52.582138699999994],[13.4087786,52.582066399999995],[13.4088848,52.582076300000004],[13.4088868,52.5820684],[13.4089508,52.5820744],[13.4089488,52.58208230000001],[13.409045700000002,52.58209139999999],[13.4090972,52.582096699999994],[13.409099600000001,52.58208809999999],[13.4091643,52.5820948],[13.4091619,52.58210329999999],[13.4092128,52.58210849999998],[13.4092151,52.5821001],[13.409250500000002,52.58210369999999],[13.4092798,52.58210669999999],[13.4092774,52.5821151]]],[[[13.4091078,52.5817337],[13.4091154,52.5817356],[13.409120300000001,52.581729999999986],[13.409143200000003,52.5817355],[13.4091385,52.58174149999999],[13.4093129,52.581787],[13.4092432,52.5818808],[13.4090389,52.5818243],[13.4091078,52.5817337]]],[[[13.40916,52.58159619999999],[13.409239800000002,52.581618899999995],[13.4092025,52.581667800000005],[13.4091232,52.58164519999999],[13.40916,52.58159619999999]]],[[[13.4097537,52.5814652],[13.4096247,52.58163959999999],[13.4087445,52.58139930000001],[13.408814,52.5813053],[13.409531800000002,52.581501200000005],[13.4095913,52.58142079999999],[13.4097537,52.5814652]]],[[[13.4099456,52.5806505],[13.410080100000002,52.58068699999999],[13.4100314,52.58075479999999],[13.409932100000002,52.5808932],[13.4098305,52.58103469999999],[13.4097363,52.5811659],[13.409683700000002,52.5812392],[13.4095463,52.581203099999996],[13.4099456,52.5806505]]],[[[13.4107437,52.5803812],[13.4107092,52.58046949999999],[13.409460100000002,52.58029749999999],[13.4094935,52.580208799999994],[13.4107437,52.5803812]]],[[[13.4071951,52.579972599999984],[13.4072726,52.57998829999999],[13.4072481,52.58003279999999],[13.4072311,52.580029399999994],[13.4072151,52.580058599999994],[13.4072327,52.58006220000001],[13.407192000000002,52.58013640000001],[13.407127300000003,52.5801233],[13.4071334,52.5801122],[13.407080300000002,52.58010139999999],[13.407074000000001,52.58011290000001],[13.406948,52.5800873],[13.4069887,52.5800131],[13.407006300000003,52.580016699999995],[13.4070229,52.579986500000004],[13.4070051,52.5799829],[13.4070292,52.5799389],[13.407105900000001,52.579954400000005],[13.4071038,52.5799582],[13.4071931,52.5799763],[13.4071951,52.579972599999984]]],[[[13.4068579,52.579903999999985],[13.4068335,52.579948599999994],[13.4068165,52.57994510000001],[13.4068004,52.57997439999999],[13.406818,52.57997790000001],[13.4067773,52.5800521],[13.4067126,52.580039],[13.4067187,52.5800279],[13.4066656,52.5800171],[13.4066594,52.5800286],[13.4065333,52.5800031],[13.406574,52.57992879999999],[13.4065917,52.579932400000004],[13.4066082,52.57990219999999],[13.4065904,52.579898599999986],[13.4066145,52.579854600000004],[13.4066912,52.579870199999995],[13.4066891,52.57987399999999],[13.4067784,52.57989200000001],[13.4067805,52.5798883],[13.4068579,52.579903999999985]]],[[[13.4110034,52.580002399999984],[13.4108702,52.5801173],[13.4107632,52.5800717],[13.4109192,52.579858099999996],[13.4112629,52.57995719999999],[13.4112277,52.5800358],[13.4110034,52.580002399999984]]],[[[13.405112700000002,52.57976849999999],[13.4050492,52.5798765],[13.4050753,52.57988219999999],[13.405053200000001,52.57991979999999],[13.4049608,52.5798998],[13.4049459,52.5799233],[13.404931,52.5799289],[13.4049059,52.579923900000004],[13.4049008,52.57991359999999],[13.404913600000002,52.57988949999999],[13.4048241,52.5798701],[13.4048462,52.579832499999995],[13.404858,52.579835],[13.4049198,52.579730099999985],[13.4049792,52.57974299999999],[13.4049926,52.5797203],[13.405064400000002,52.57973590000001],[13.4050529,52.57975549999999],[13.405112700000002,52.57976849999999]]],[[[13.409586800000001,52.57979859999999],[13.4095517,52.5798506],[13.4094953,52.57983649999999],[13.4095304,52.5797845],[13.409586800000001,52.57979859999999]]],[[[13.4102536,52.5798495],[13.4101372,52.5798198],[13.4101636,52.57978169999999],[13.4102215,52.57979639999999],[13.410233700000001,52.579778699999984],[13.4102922,52.5797936],[13.4102536,52.5798495]]],[[[13.4095994,52.5797429],[13.409690300000001,52.579764600000004],[13.409667,52.57980059999999],[13.4095761,52.57977889999998],[13.4095994,52.5797429]]],[[[13.4096879,52.57957820000001],[13.409737900000001,52.579591699999995],[13.4096992,52.579644599999995],[13.4096492,52.579631099999986],[13.4096879,52.57957820000001]]],[[[13.4098452,52.5795204],[13.4098226,52.579554900000005],[13.409757000000003,52.57953899999998],[13.4097796,52.5795045],[13.4098452,52.5795204]]],[[[13.4108234,52.578829500000005],[13.410736300000002,52.57880659999999],[13.4107609,52.578771999999994],[13.410848,52.57879489999999],[13.4108234,52.578829500000005]]],[[[13.4106169,52.578776899999994],[13.4106408,52.578782800000006],[13.410657900000002,52.578757499999995],[13.4106978,52.578767400000004],[13.4106623,52.5788202],[13.4105984,52.5788043],[13.4106169,52.578776899999994]]],[[[13.4108634,52.5786623],[13.4108302,52.5787163],[13.4107413,52.578696099999995],[13.4107745,52.578642099999996],[13.4108634,52.5786623]]],[[[13.4103041,52.5784571],[13.4103479,52.578398199999995],[13.4104125,52.578415899999996],[13.4103687,52.57847479999999],[13.4103041,52.5784571]]],[[[13.410029,52.578331600000006],[13.4100606,52.5782874],[13.410106100000002,52.5782994],[13.4100745,52.5783437],[13.410029,52.578331600000006]]],[[[13.4100463,52.57825669999999],[13.410077300000001,52.578201299999996],[13.4101272,52.578211599999996],[13.410096300000001,52.578267],[13.4100463,52.57825669999999]]],[[[13.410152000000002,52.57809399999999],[13.4101826,52.578049199999995],[13.4102256,52.578060000000015],[13.410195,52.57810489999999],[13.410152000000002,52.57809399999999]]],[[[13.410433,52.57763980000001],[13.4104606,52.57759500000001],[13.4104986,52.57760360000001],[13.410471,52.577648399999994],[13.410433,52.57763980000001]]],[[[13.4105213,52.57753419999999],[13.4104718,52.5775222],[13.4105032,52.57747450000001],[13.4105527,52.5774865],[13.4105213,52.57753419999999]]],[[[13.405958400000001,52.576282799999994],[13.4058626,52.5764719],[13.405719400000002,52.5767547],[13.405578500000003,52.5767283],[13.4055316,52.5767195],[13.4056059,52.5765727],[13.405156300000002,52.57648869999999],[13.4052186,52.5763656],[13.4056687,52.5764498],[13.4057121,52.5763641],[13.405776400000002,52.57623719999999],[13.4059629,52.5762721],[13.405958400000001,52.576282799999994]]],[[[13.415132100000001,52.5805535],[13.415270700000002,52.580592499999995],[13.4147134,52.5812934],[13.414577100000002,52.5812534],[13.415132100000001,52.5805535]]],[[[13.4157698,52.5808344],[13.415919,52.58087629999999],[13.4158585,52.5809558],[13.4158074,52.5809416],[13.4157944,52.580959],[13.415762,52.5809498],[13.4157738,52.5809323],[13.4157081,52.580914],[13.415738800000002,52.58087439999999],[13.415704500000002,52.58086479999999],[13.4157341,52.5808289],[13.4157673,52.58083749999999],[13.4157698,52.5808344]]],[[[13.4160864,52.58088560000001],[13.416073000000003,52.580903000000006],[13.4160212,52.58088769999999],[13.4160341,52.580870399999995],[13.4160864,52.58088560000001]]],[[[13.416131500000002,52.580742099999995],[13.4160662,52.5808282],[13.4160473,52.58082290000001],[13.4160258,52.580851200000005],[13.415911400000002,52.5808191],[13.415998200000002,52.5807047],[13.416131500000002,52.580742099999995]]],[[[13.414096000000002,52.58092309999999],[13.4145289,52.58037809999999],[13.4146621,52.58041749999999],[13.4142286,52.580962799999995],[13.414096000000002,52.58092309999999]]],[[[13.4139193,52.5802003],[13.4140554,52.580239000000006],[13.4136249,52.580783999999994],[13.4134941,52.5807446],[13.4139193,52.5802003]]],[[[13.413233400000001,52.58003919999999],[13.4136319,52.5801166],[13.4137523,52.5801392],[13.413676,52.5802375],[13.413572300000002,52.5802172],[13.4133355,52.5801694],[13.413310200000002,52.580174500000005],[13.4132613,52.580245399999995],[13.4132692,52.580247500000006],[13.4131677,52.58038830000001],[13.4129909,52.5803413],[13.4130924,52.58020049999999],[13.4131976,52.58005729999999],[13.4132036,52.580047599999986],[13.4132112,52.580042999999996],[13.413221,52.58003999999999],[13.413233400000001,52.58003919999999]]],[[[13.4126413,52.5800338],[13.4126346,52.58002789999999],[13.412602100000003,52.58002029999999],[13.412604499999999,52.5800159],[13.412526100000001,52.5799998],[13.4125236,52.58000419999999],[13.4124727,52.5799932],[13.4125042,52.57993290000002],[13.412587,52.579903999999985],[13.4127134,52.57992860000001],[13.412705000000003,52.5799443],[13.4128529,52.5799737],[13.4128663,52.57999199999998],[13.4127453,52.5801554],[13.412750800000001,52.5801568],[13.4127242,52.5801944],[13.41272,52.58019329999999],[13.4126795,52.58025019999999],[13.412683700000002,52.58025129999999],[13.4126603,52.5802843],[13.4124554,52.58023049999999],[13.4124757,52.58020199999999],[13.4125005,52.580208600000006],[13.4125507,52.5801379],[13.4125259,52.58013139999999],[13.412546,52.5801031],[13.4126003,52.58011729999999],[13.4126132,52.5800985],[13.4125954,52.58009279999998],[13.4126413,52.5800338]]],[[[13.4119285,52.5800018],[13.4121088,52.5800388],[13.4120316,52.58017759999999],[13.4118514,52.58014069999999],[13.4119285,52.5800018]]],[[[13.4115056,52.57985489999999],[13.4114682,52.5799254],[13.4112262,52.5798781],[13.4112636,52.5798076],[13.4115056,52.57985489999999]]],[[[13.413565300000002,52.5795596],[13.413605100000002,52.57947219999999],[13.4136988,52.579487999999984],[13.413659,52.579575299999995],[13.413565300000002,52.5795596]]],[[[13.4134854,52.5795111],[13.4135077,52.5794586],[13.4135902,52.57947149999998],[13.413550700000002,52.579564399999995],[13.413434300000002,52.5795462],[13.4134515,52.5795058],[13.4134854,52.5795111]]],[[[13.4128562,52.5794224],[13.412768000000002,52.57940349999999],[13.4128056,52.57933870000001],[13.4128938,52.579357599999994],[13.4128562,52.5794224]]],[[[13.413226400000001,52.57932310000001],[13.413159800000003,52.5793094],[13.4131862,52.5792618],[13.4132528,52.57927539999999],[13.413226400000001,52.57932310000001]]],[[[13.4122768,52.579206299999996],[13.4123544,52.5792227],[13.412315100000002,52.579291699999985],[13.4122374,52.5792753],[13.4122768,52.579206299999996]]],[[[13.4132559,52.5792675],[13.4131942,52.57925479999999],[13.4132047,52.579236],[13.4132664,52.5792486],[13.4132559,52.5792675]]],[[[13.413181500000002,52.5792209],[13.4131615,52.57926150000001],[13.413085100000002,52.5792477],[13.413105,52.579207],[13.413181500000002,52.5792209]]],[[[13.413224,52.57919960000002],[13.4132493,52.5791469],[13.413301400000002,52.57915609999999],[13.4132761,52.5792088],[13.413224,52.57919960000002]]],[[[13.4123707,52.5791587],[13.4123571,52.579155099999994],[13.4123766,52.57912749999999],[13.4124334,52.57914219999999],[13.4123963,52.579194999999984],[13.4123531,52.579183799999996],[13.4123707,52.5791587]]],[[[13.4135152,52.579203],[13.4135547,52.5791332],[13.4136232,52.57914759999999],[13.4135837,52.5792173],[13.4135152,52.579203]]],[[[13.4117357,52.5790596],[13.4116984,52.5791131],[13.4116281,52.57909499999999],[13.411665400000002,52.579041499999995],[13.4117357,52.5790596]]],[[[13.4118028,52.57902479999999],[13.4118766,52.5790412],[13.4118425,52.57909769999999],[13.4117688,52.5790813],[13.4118028,52.57902479999999]]],[[[13.4137648,52.5790566],[13.4137146,52.57904659999999],[13.413731600000002,52.57901479999999],[13.413782,52.5790248],[13.4137648,52.5790566]]],[[[13.4113557,52.579012599999984],[13.4112916,52.5789991],[13.411329900000002,52.578931700000005],[13.411394000000001,52.5789451],[13.4113557,52.579012599999984]]],[[[13.411405800000002,52.578821399999995],[13.4114832,52.57883799999999],[13.4114501,52.578895],[13.4113726,52.578878399999994],[13.411405800000002,52.578821399999995]]],[[[13.4136669,52.578830999999994],[13.413569400000002,52.578814499999986],[13.4135883,52.578773299999995],[13.4136304,52.5787805],[13.4136355,52.5787694],[13.413690900000002,52.5787788],[13.4136669,52.578830999999994]]],[[[13.413376800000002,52.578804700000006],[13.413301500000001,52.5787885],[13.413339500000001,52.5787233],[13.4134148,52.57873949999999],[13.413376800000002,52.578804700000006]]],[[[13.4127864,52.57861609999999],[13.4128596,52.578629199999995],[13.4128337,52.57868289999999],[13.412760500000001,52.5786699],[13.4127864,52.57861609999999]]],[[[13.4126449,52.5785818],[13.4126214,52.5786243],[13.412564500000002,52.578612799999995],[13.412588,52.5785702],[13.4126449,52.5785818]]],[[[13.4123895,52.57855909999999],[13.412347900000002,52.5785484],[13.4123618,52.5785283],[13.4124034,52.578538900000005],[13.4123895,52.57855909999999]]],[[[13.4121647,52.578533199999995],[13.4121774,52.578513199999996],[13.4122476,52.57852979999999],[13.4122637,52.5785045],[13.4123035,52.5785139],[13.4122747,52.578559099999985],[13.4121647,52.578533199999995]]],[[[13.4129455,52.578486999999996],[13.4129031,52.578544599999994],[13.4128205,52.578522199999995],[13.4128629,52.578464600000004],[13.4129455,52.578486999999996]]],[[[13.4127728,52.5784718],[13.4127855,52.578448],[13.412836500000001,52.578458],[13.4127998,52.5785269],[13.4127316,52.57851349999999],[13.4127556,52.5784684],[13.4127728,52.5784718]]],[[[13.4122778,52.5783864],[13.4123026,52.57839179999999],[13.412282,52.578426799999995],[13.412168500000002,52.5784021],[13.4121951,52.578357],[13.4122164,52.578361699999995],[13.412222200000002,52.57835179999999],[13.412289500000002,52.57836639999999],[13.4122778,52.5783864]]],[[[13.4121068,52.5783402],[13.4121187,52.578320500000004],[13.4121818,52.5783346],[13.412170200000002,52.5783538],[13.4121892,52.578358],[13.4121688,52.5783919],[13.4120569,52.5783669],[13.4120771,52.5783336],[13.4121068,52.5783402]]],[[[13.412309,52.578297299999996],[13.4123621,52.5783097],[13.4123308,52.578359199999994],[13.4122776,52.578346700000004],[13.412309,52.578297299999996]]],[[[13.4115676,52.578204299999996],[13.411645,52.5782247],[13.4116087,52.5782755],[13.4115313,52.578255000000006],[13.4115676,52.578204299999996]]],[[[13.412015400000001,52.57823419999999],[13.412040700000002,52.57819469999998],[13.4121053,52.57821],[13.4120801,52.57824939999999],[13.412015400000001,52.57823419999999]]],[[[13.4117625,52.578166700000004],[13.4117911,52.57812729999999],[13.411872500000001,52.57814919999999],[13.4118439,52.578188499999996],[13.4117625,52.578166700000004]]],[[[13.411226,52.577928099999994],[13.4112618,52.57787609999999],[13.411321899999999,52.577891400000006],[13.411286000000002,52.577943299999994],[13.411226,52.577928099999994]]],[[[13.41142,52.5779379],[13.4113468,52.5779188],[13.4113829,52.5778676],[13.4114561,52.5778868],[13.41142,52.5779379]]],[[[13.4113455,52.5778417],[13.4112858,52.57782350000001],[13.411336,52.57776269999999],[13.4113957,52.57778089999999],[13.4113455,52.5778417]]]]}}]}
