{"type":"FeatureCollection","features":[{"type":"Feature","properties":{"scope":"BER, mapped Grünheide village clusters and narrow complete A10 corridor only"},"geometry":{"type":"MultiPolygon","coordinates":[[[[12.9412208061056,52.46566637088994],[12.940987567072126,52.46542439843946],[12.940992553518964,52.46541263404266],[12.940973887993898,52.465408425601325],[12.940827988935334,52.46521502528329],[12.940830054801307,52.465211607318714],[12.94082452104665,52.46521024671531],[12.940676325071651,52.46499775271043],[12.940346103888961,52.46446651756293],[12.940100770519726,52.46401993215863],[12.939831444527401,52.463395106768054],[12.939111779462484,52.46155809977056],[12.936502843682922,52.455299355667314],[12.936504058832185,52.45529810616874],[12.936502027617985,52.45529734950831],[12.93617977464698,52.45448520673499],[12.935471307394529,52.45273104997886],[12.932917531083124,52.44661433013165],[12.932917534222936,52.44661432689931],[12.932917528932991,52.44661432498069],[12.932770731076323,52.446262624651176],[12.932771678636906,52.446261649225264],[12.932770090834675,52.44626106151597],[12.93114682370887,52.44222072907499],[12.930320144368554,52.440139280918864],[12.930206268265994,52.43982060566084],[12.93011927076509,52.439502316951454],[12.930127133133613,52.43949558497039],[12.930116670505438,52.439490338676976],[12.9300651281492,52.43917086299853],[12.930012901638424,52.43883659909051],[12.929900474968074,52.43734922389331],[12.929797889660044,52.43531984718969],[12.929760698953427,52.43483054212257],[12.92976243148623,52.4348293800398],[12.929760551852267,52.4348283067519],[12.92972028223855,52.43410416638639],[12.929629021141944,52.43267802585738],[12.929632429814719,52.432675772796344],[12.92962882803429,52.43267363491729],[12.929585640070638,52.430872636621295],[12.929518512832352,52.42807679109326],[12.929422595871326,52.426602140472184],[12.929360250229742,52.42631028009777],[12.929287474317384,52.42599959285982],[12.929152717590917,52.42566467589561],[12.929019171381425,52.425377685445525],[12.928865953579647,52.42506628728282],[12.928705415477099,52.42475711723583],[12.928538870893616,52.42447795570441],[12.928319441165167,52.424169020327824],[12.928118004106222,52.423887494993345],[12.927888048137971,52.42362203422435],[12.927277926786013,52.423030498478134],[12.926400002034983,52.422394174825406],[12.925852053932195,52.422020492547425],[12.925453947152514,52.4217949394838],[12.92506053261525,52.421606033766494],[12.924636745830924,52.421404507551976],[12.924227671686934,52.421226285163215],[12.92386113548824,52.42108401804911],[12.923119890240518,52.420818968154805],[12.919388215062908,52.41950445699414],[12.919387847956576,52.4195036222468],[12.9193864801881,52.41950384099607],[12.910427060140679,52.41629702959933],[12.910426955520272,52.41629678492478],[12.910426555157372,52.416296848407406],[12.908491005278416,52.41560074620292],[12.907241350655385,52.415135353447376],[12.906136883374183,52.41469219608655],[12.904877028056886,52.41415252941459],[12.904535177698923,52.41400609297509],[12.901848136415632,52.412886240689986],[12.901847081757522,52.41288283489448],[12.90184148512543,52.41288338542536],[12.901297122531913,52.41264276239689],[12.900885895627916,52.412468708838986],[12.900885894558257,52.41246870524348],[12.900885888678431,52.412468705897474],[12.898437434463803,52.411432265847516],[12.895339972832035,52.41012442875274],[12.894080587235168,52.40960378361992],[12.893479280749544,52.409372473875564],[12.893022261275796,52.4092210661073],[12.892323255729966,52.40902454132214],[12.891630384503175,52.408839408672385],[12.890676096198298,52.408632866625375],[12.88970102951205,52.4084657037674],[12.885991521036537,52.407901241215136],[12.885991505438044,52.40790122535513],[12.885991479502344,52.407901234892336],[12.88515027641705,52.407773134357264],[12.88514974213507,52.40777259092315],[12.885148850882283,52.407772914950925],[12.881033343215023,52.407132713429206],[12.880538780111134,52.40705578580541],[12.879955864735491,52.406961188064635],[12.87937540023874,52.40685769828816],[12.87841325452732,52.4066373400145],[12.877781217895576,52.40647116486858],[12.877127846323349,52.406276469534205],[12.876529293977695,52.406074131694105],[12.87603461095874,52.40589210522358],[12.875449463310126,52.405657107429086],[12.875024980994837,52.405465900676084],[12.874584492221206,52.40525521401349],[12.87225768475155,52.404061922901256],[12.872158325694357,52.404011996099314],[12.872158299798297,52.40401183440397],[12.872158035393188,52.404011850035694],[12.871947635199886,52.40390584970305],[12.871947509075556,52.403905051636244],[12.871946203466045,52.40390512372511],[12.869222707836668,52.402515151900616],[12.868676463505063,52.40225016516284],[12.868290133583214,52.40207826754253],[12.867892680286735,52.40191578821511],[12.867377615642198,52.40172158000222],[12.866896539596894,52.40155085014102],[12.866453276949509,52.4014135147508],[12.865957959601115,52.40126888783506],[12.865276531350169,52.401096536266486],[12.85981379619272,52.399807005915896],[12.850078597474734,52.397508904524095],[12.843518992963313,52.39596040231565],[12.843518975329456,52.39596037796787],[12.843518935524386,52.39596038874997],[12.84096372741239,52.39535668638713],[12.840963714233796,52.395356668178636],[12.840963684466669,52.39535667623766],[12.838776444429746,52.39483961367226],[12.83621260326199,52.39423565064085],[12.836212042029482,52.394234877263145],[12.836210774116681,52.3942352154275],[12.83497606601298,52.39393852176823],[12.834639668846064,52.39386061606502],[12.834637541906751,52.393857729596576],[12.834632771477201,52.39385895756724],[12.833822248995064,52.393656805197246],[12.833415552670216,52.393542729236245],[12.833014707876256,52.39342086166826],[12.83266658984333,52.39330614777559],[12.832316814787514,52.393185567270066],[12.831750561034143,52.392970868774945],[12.831286481881577,52.39278025723701],[12.830824681663094,52.392573879369145],[12.830358472806992,52.39234963814861],[12.830078059227255,52.39220353998196],[12.829830296254768,52.3920688969443],[12.829534352214436,52.39190032335147],[12.829270542126812,52.391742812160416],[12.829010189795174,52.39157904821053],[12.828732096132171,52.39139756242561],[12.828521458586653,52.39124969372329],[12.828309611147017,52.39109317213973],[12.82788450033323,52.390770873806],[12.82374296959249,52.387592353606465],[12.822702483711517,52.38679379369694],[12.822188973379014,52.38639078643871],[12.821303118963122,52.38566566187388],[12.819557700000406,52.38388836191713],[12.818338415843181,52.382328171021136],[12.817269771879975,52.380564718487946],[12.81666282141337,52.37905688238367],[12.816168800476712,52.377037720315144],[12.815967733138761,52.37528096747751],[12.8156390326916,52.37150817972906],[12.81556465491744,52.370401201229186],[12.815252697311843,52.36697881423441],[12.815186375086787,52.36625051717076],[12.814801476726137,52.361764255204925],[12.814578803391797,52.35967071474755],[12.814534637587588,52.35739790983454],[12.814628931707865,52.3558984904498],[12.814664867414573,52.355325975265316],[12.814712126954728,52.35423038160371],[12.814733598841947,52.35372677350427],[12.814796932127809,52.35285199373684],[12.814844904530746,52.35188378016182],[12.814956950956814,52.350013111754066],[12.814957071909694,52.35001304292686],[12.814956959611576,52.35001296880393],[12.815098674896799,52.34769700401397],[12.81511022591237,52.34732963960491],[12.815112595240926,52.3473282434298],[12.815110353556946,52.34732677032232],[12.815331044411352,52.343490670689846],[12.815362852261435,52.342808299140685],[12.815421498323454,52.341811328171346],[12.815480670126506,52.34081771162854],[12.815504515445358,52.34031544029859],[12.81550402702707,52.339807724687795],[12.815457025889325,52.33936748923089],[12.815397187840485,52.33905019053253],[12.815320738658192,52.33876696972861],[12.815234661497103,52.33848991829439],[12.815121082078555,52.33821142302089],[12.814999459291625,52.33790960610814],[12.81475489219442,52.33732927698579],[12.814656576043182,52.33706120160385],[12.81465727295373,52.33706052733107],[12.814656176605691,52.33706009619856],[12.814561467889309,52.33679402921765],[12.814483401519249,52.33648512772176],[12.814412994268675,52.33617991887517],[12.814373122909048,52.33589313817948],[12.814341273323768,52.335615920317565],[12.81435138858251,52.3356087857841],[12.814340556279829,52.3356020578387],[12.814344894987505,52.33521755114663],[12.814370523012995,52.33484913244948],[12.814452084880607,52.33418458221291],[12.814676653497573,52.33357022086187],[12.814683088924937,52.333567721052006],[12.814679251809409,52.33356368796985],[12.814861610066187,52.333139815248856],[12.815082164074557,52.33274365863308],[12.815540581228081,52.332175628661126],[12.816049981310968,52.3316336993279],[12.816814215282035,52.3310283191211],[12.817588909993702,52.330524337071374],[12.818445802107004,52.33008303959347],[12.819445531355699,52.329658206395635],[12.819939497662693,52.32948537529724],[12.820451722455608,52.329323717638104],[12.820949891007702,52.32919083834642],[12.821356385335955,52.32909731690652],[12.8217790077551,52.32900930053576],[12.82250431154673,52.32888192072106],[12.823810658276338,52.32867602968619],[12.824750373476341,52.328519063451004],[12.82577530013775,52.328319158874336],[12.831700592465053,52.326617928546334],[12.831703031759629,52.32661846924694],[12.8317039448721,52.3266169816177],[12.832628605223245,52.32636010396523],[12.838307169146718,52.324711554080494],[12.83830748025302,52.324711622128895],[12.838307591807418,52.32471143161516],[12.842248780330998,52.32357173564249],[12.84224964218315,52.32357192507726],[12.842249955152539,52.32357139782888],[12.846005374754741,52.32249766459228],[12.848716703278603,52.32170293777003],[12.848718057466916,52.321703230556444],[12.848718544673261,52.32170240280938],[12.852579010383206,52.32059081809301],[12.854457951585882,52.32002707619282],[12.855496420385702,52.319710999155355],[12.856287597409871,52.319437636882],[12.85720501627103,52.319113497791804],[12.858226713579938,52.31871572695833],[12.85925371686809,52.31826339595185],[12.86110899960751,52.317351598854664],[12.863943072866341,52.315941614854694],[12.869489921540334,52.31321370105655],[12.869489936959992,52.31321370209195],[12.869489938650524,52.313213692641554],[12.874466569264513,52.31076607085438],[12.875399956197402,52.310295635181234],[12.875618395080863,52.31018481860165],[12.875619491486617,52.31018488195723],[12.875619600688482,52.310184210287844],[12.877235998872335,52.309373012795696],[12.877239209385154,52.309373208848925],[12.877239579541119,52.309371244319806],[12.878853309806525,52.308586914330384],[12.88146428487888,52.30729107217566],[12.884942939289088,52.30554059787761],[12.898202547410401,52.29897556098754],[12.898202572941333,52.29897556265171],[12.89820257565891,52.29897554699932],[12.900374548164898,52.29790011122924],[12.90179933101799,52.29719046864996],[12.903456028355151,52.296350470239354],[12.905579640850203,52.29529642084108],[12.908666858713099,52.29376726540481],[12.908666860545432,52.29376726552421],[12.908666860740178,52.29376726440071],[12.910196116727098,52.2930097399745],[12.91072657535671,52.292749115136566],[12.910765547061434,52.29275175128548],[12.910777806269616,52.29272891545634],[12.910948858932569,52.29267598085226],[12.91196492219106,52.292166534294715],[12.912532227891155,52.291883132350996],[12.912929430484017,52.2916868349274],[12.912929991572703,52.29168687189298],[12.912930053386628,52.29168652794445],[12.913330613964149,52.29148966989317],[12.913619899995643,52.291353905590704],[12.9139023327421,52.29122504584544],[12.914178484286012,52.29111779764693],[12.914512637580902,52.290988824518045],[12.914845231521284,52.29088276201863],[12.915176384148563,52.29078361031257],[12.915556999659419,52.290677264945145],[12.915955820467941,52.29058320542598],[12.916371945375687,52.29049678742184],[12.916702394656763,52.29043855208789],[12.916898360211894,52.29040856155464],[12.916995880884935,52.290393703251716],[12.917301852570551,52.29035288635119],[12.917686567368087,52.29031126812492],[12.917696381228708,52.29031548108863],[12.917703823006399,52.2903097243397],[12.91802834446797,52.290286711500315],[12.918467567908392,52.290266431797725],[12.918826284798017,52.29025346610327],[12.919192228213461,52.29025211344114],[12.919541670486053,52.290260319710356],[12.919948103347894,52.29028105296361],[12.919953308464315,52.29028482397921],[12.919959659564784,52.29028178410167],[12.92033534796734,52.29031017618207],[12.92064955716369,52.29034093209081],[12.921033111345197,52.29038963736237],[12.921404836485276,52.290445628109914],[12.921821583489473,52.29051995500317],[12.922201110592733,52.29060059278558],[12.922582795970042,52.2906948500684],[12.922956812393139,52.290799356079866],[12.92332081077914,52.290911664287385],[12.923721267200404,52.29104804022707],[12.924136115212914,52.29120899531648],[12.924971716708407,52.29154231729871],[12.925287875417542,52.29166126008714],[12.925603831291314,52.291780043330775],[12.926462816055691,52.29210294038248],[12.927792805383964,52.29240695714773],[12.927792938233264,52.292407135436335],[12.92779322920142,52.29240705425184],[12.933356721357793,52.29368458267355],[12.935510458262868,52.29417587140449],[12.939055277715378,52.29496523023349],[12.939056011885603,52.29496619375383],[12.939057589454883,52.2949657517167],[12.964573590423859,52.30079288810503],[12.966708065646346,52.30127334713545],[12.966708067451794,52.301273349526554],[12.966708071352176,52.30127334841976],[12.967970348876857,52.30155747564148],[12.96985489698544,52.301978608445566],[12.971802382736234,52.30241841460709],[12.973183623266577,52.30272418140579],[12.973383296824741,52.30276641253271],[12.974020114760172,52.30289002596797],[12.974656990325464,52.303009032018274],[12.974989336666368,52.303062639375206],[12.975725258801285,52.303168560047574],[12.976723572639832,52.30328327460055],[12.977006703902266,52.30331004017345],[12.977379079571898,52.303340274959524],[12.97869189475143,52.30341141706693],[12.979960314784398,52.30343938887188],[12.981539686728405,52.303426453693156],[12.984709613178707,52.30339124657609],[12.988500026767342,52.30337014861842],[12.991309621110812,52.303334421804365],[12.993097340922196,52.303340127264235],[12.995425727101678,52.30332724825972],[13.000502338880386,52.303262443988174],[13.00356895440594,52.30324954173961],[13.005545449004629,52.303228565056926],[13.00694427259777,52.30320977408161],[13.006945049642663,52.30321022999061],[13.006945797379064,52.30320975602113],[13.007414228177375,52.30320495363523],[13.009147415007762,52.30318885554882],[13.009871525882588,52.3031807932613],[13.010641286542484,52.3031627232631],[13.010975554161053,52.30315124375023],[13.011450692182239,52.303121425393215],[13.012187872197645,52.30306215064125],[13.013081445189574,52.30297146818327],[13.013661999009091,52.302899425785945],[13.014116978149566,52.3028294589724],[13.015050241367788,52.30266274872937],[13.015759204085322,52.302496858715074],[13.017253504903378,52.302100231471854],[13.018460516735317,52.3017447596146],[13.018464821086823,52.301745685754824],[13.018466427174078,52.30174306824984],[13.020900782920533,52.30106651445661],[13.022575911802258,52.300589405876515],[13.023788222243791,52.30024793131396],[13.025797261346803,52.29967467705112],[13.026017059731277,52.29961083895561],[13.02601975147206,52.2996114282328],[13.026020749925442,52.29960978633538],[13.028894874692766,52.298804726830426],[13.029653379837313,52.29862683244064],[13.030425923265984,52.29847649360838],[13.03121275972219,52.29835521391717],[13.032008407882516,52.298261560222585],[13.03254549341115,52.298216179913375],[13.033084327759818,52.298182477210624],[13.033624980747733,52.29816258591341],[13.034428736226062,52.29815743944862],[13.034436306493458,52.29816198473924],[13.034444106745134,52.298157588044454],[13.034977175490162,52.29817131597057],[13.035516175774557,52.298196447497794],[13.036053530030449,52.29823615648509],[13.03684131733311,52.29831891147831],[13.036847999322623,52.2983247022037],[13.036857812147135,52.29832094440733],[13.037640216431685,52.29843177734552],[13.038418693330616,52.298573160299796],[13.039366489235542,52.298788976912014],[13.039370151134296,52.298793874867094],[13.039378291176178,52.2987918439151],[13.039598090512662,52.29884864369787],[13.03960161751978,52.29885395707205],[13.039610437671127,52.298852042208615],[13.040581926757504,52.29913612899471],[13.041470768105372,52.29944415100333],[13.043223441288172,52.30007253292977],[13.04392910867737,52.30029230686971],[13.044744452590106,52.30048699664255],[13.045438934673669,52.30064401417086],[13.046203941857746,52.30077175870372],[13.047196413053486,52.30089960805249],[13.048058040260234,52.30095890865971],[13.048808429080909,52.30100393200828],[13.049603864607828,52.30099297980236],[13.050653200931134,52.30094487319757],[13.053313434776603,52.30078771193084],[13.056662168117105,52.30064881594223],[13.058825931784007,52.30058602988519],[13.058826744524467,52.300586483095216],[13.058827488090492,52.30058598725121],[13.061625742759027,52.30051386308801],[13.062124109797816,52.30049487481022],[13.062124454962918,52.30049506165306],[13.06212476049971,52.30049485046157],[13.065188848129448,52.30038225079258],[13.065190346936811,52.30038306569366],[13.065191690653936,52.300382154784906],[13.071385841718461,52.30019126529739],[13.07921926130373,52.29993873851199],[13.079504063213315,52.299930952121684],[13.08122305212905,52.299871876787414],[13.082188774433414,52.299854347617746],[13.082946945835316,52.29986834617502],[13.083650972172212,52.299903261607724],[13.084336763814298,52.29995771676954],[13.08434372102397,52.29996325123022],[13.084353126996556,52.299959305349084],[13.085259886155209,52.30006350842961],[13.085898283957572,52.30015921681895],[13.087045585259983,52.30037170234059],[13.094660486483177,52.30183946696648],[13.095470718944075,52.3019868543952],[13.095471743604628,52.30198801261384],[13.095473643479348,52.301987396556605],[13.095892439808955,52.302066495819346],[13.096326385671869,52.30214844994791],[13.097486750845386,52.302375108637214],[13.098044145833281,52.302477080708485],[13.098630230352715,52.30256993729477],[13.099368863282866,52.302646774566796],[13.09991860678936,52.30268825159564],[13.100416379319261,52.3027223750682],[13.100929512002692,52.30273646025897],[13.10144834527337,52.302746992437115],[13.101955678306549,52.30274336720444],[13.103978416207177,52.30269586483652],[13.112850126463462,52.30247767160343],[13.116503960106787,52.30238898275879],[13.117019427751064,52.302375099768255],[13.117020210931036,52.302375539470965],[13.117020932198063,52.302375061618044],[13.123849977899047,52.302212455620186],[13.12550665137913,52.30214565582353],[13.12758978575065,52.30200887723544],[13.12981289190485,52.301829874550066],[13.134120959798514,52.30147889330404],[13.141797673693825,52.30085379190234],[13.141797685151912,52.300853797278954],[13.141797693922896,52.30085379025488],[13.142425291436686,52.30080269043531],[13.14242654530831,52.30080327887978],[13.142427514717932,52.3008025147056],[13.143990322028664,52.3006826997286],[13.144520644887137,52.3006513420137],[13.144912562193678,52.3006397486401],[13.145429740367666,52.30063072688932],[13.14597570516711,52.30063052481506],[13.153479098757547,52.30067402920064],[13.15433954394428,52.30067661548914],[13.15512351218063,52.30066620748251],[13.155565677916247,52.300654712341704],[13.156090161455863,52.300638881851135],[13.15659583507457,52.300613800572314],[13.15712713975695,52.30058336688893],[13.163993159702132,52.3000562488488],[13.168553852198578,52.29969828066609],[13.168554955333823,52.29969880341757],[13.16855581543187,52.29969813065799],[13.170101024758376,52.29958329680026],[13.173978625509482,52.29928036690165],[13.176417412855612,52.2990900443871],[13.177631666759087,52.298996540195965],[13.178856777572443,52.298901208181555],[13.180080890279763,52.29880909648003],[13.180878971880745,52.298756581699294],[13.181552768130198,52.29874119820816],[13.182112330011837,52.29874383429551],[13.182643123515213,52.29874872542531],[13.183299615971944,52.29877902977471],[13.183742204059042,52.29880750565923],[13.18374839392819,52.29881219043906],[13.183756326761042,52.2988086274468],[13.184205051742783,52.298851085256246],[13.18472835977275,52.29890679746242],[13.185405734350907,52.29899919890073],[13.185795128125463,52.29905468004061],[13.186341213786944,52.299153418354294],[13.186877420322034,52.299263900684934],[13.187407203360298,52.29938597089965],[13.18830610057701,52.29960620708939],[13.190415775375856,52.3001206517946],[13.190415833968975,52.30012073516124],[13.190415969993804,52.30012069929932],[13.192238800522476,52.30056608199861],[13.195397169062813,52.301336646487925],[13.195747294134717,52.30140803115903],[13.196203574540458,52.30149584171412],[13.196599184321803,52.301562822708355],[13.196992933651593,52.301624217909406],[13.197360761800839,52.30167029381344],[13.197774261268378,52.30171669696894],[13.198103735144029,52.30174770509792],[13.198451672109298,52.301778850338586],[13.199293204319744,52.30184368181578],[13.199801583729302,52.30185640097139],[13.200322234432795,52.301863158845386],[13.200890858979255,52.301851341184964],[13.20153938940066,52.30183594726169],[13.204398619676883,52.30172289615961],[13.204399577328214,52.30172341208082],[13.204400424790538,52.30172282819099],[13.207863378698878,52.30159895476064],[13.210875241037435,52.30148186498316],[13.212487285493262,52.30140495302252],[13.214621027772605,52.30134302405234],[13.214621436518737,52.301343251973144],[13.214621809390001,52.30134300200049],[13.215503382486967,52.30131884928654],[13.216965127541927,52.301268216938674],[13.217587535215182,52.30124605936398],[13.219997680086603,52.30115046937601],[13.225248122226784,52.30095789793732],[13.227271421406355,52.30089421679914],[13.228127176865067,52.30086066163701],[13.23873595902612,52.300475240130595],[13.245775588516334,52.30021683143625],[13.246192456711682,52.30020209365578],[13.246502395832218,52.30019209886303],[13.247364097631689,52.300172260651735],[13.247592115926292,52.300170641343854],[13.24780841406442,52.30016812154986],[13.24800516597494,52.300168121543294],[13.24819876299219,52.300169874944416],[13.248571877461217,52.300179080056544],[13.248970067343171,52.30019656948994],[13.249446232848527,52.3002215240292],[13.249704479681927,52.30024026607173],[13.249993028915428,52.3002662836352],[13.250497859881293,52.30031783217745],[13.251034357011214,52.30038338027076],[13.25153130578076,52.30045483892397],[13.2517976888922,52.30049879005971],[13.251981750370845,52.30053171987387],[13.251981896439547,52.30053188322518],[13.251982163105492,52.30053179391581],[13.25222018676918,52.3005746097406],[13.252734990851238,52.30067561554202],[13.253240019685697,52.30078909133805],[13.253734198820498,52.300911258204934],[13.254222658353784,52.301046669590555],[13.254701120821561,52.30118875892377],[13.254942828775821,52.30126456864796],[13.256911736324877,52.30192424312197],[13.256911861408351,52.30192450462308],[13.256912288239274,52.30192442850307],[13.26158851860971,52.3034989695547],[13.265090532723075,52.30467450578918],[13.26531791320245,52.30475079915084],[13.265318135877445,52.304751265774186],[13.265318897934998,52.30475113106292],[13.266003411524064,52.304982896810884],[13.2691999147584,52.30604556420253],[13.269200136091252,52.3060460213869],[13.26920088275175,52.30604588743264],[13.27029430286162,52.30641262667256],[13.272034561002714,52.306994377726156],[13.272495840222335,52.30714612974306],[13.272961666647713,52.30728527383571],[13.273447446290795,52.30743117610206],[13.273921807210849,52.307561245866864],[13.274389749936036,52.307683540053404],[13.274889663201096,52.30779919886719],[13.275387139505648,52.30790447387389],[13.275877154974555,52.30799695921151],[13.276866389828749,52.30816321544181],[13.277646110910458,52.30826855935319],[13.27804963742589,52.308303597799146],[13.278049765670191,52.30830370235288],[13.278049936376007,52.30830362385285],[13.278396662004287,52.30833395232146],[13.278924056738727,52.3083808252382],[13.279439936403161,52.30841531490538],[13.27993793309863,52.308433917931524],[13.280197713496829,52.30843674904347],[13.280199980692672,52.30843818902871],[13.280202365635208,52.30843682237074],[13.280859565159135,52.30845037797333],[13.281323430991367,52.30844636730031],[13.28167967279828,52.30843832216857],[13.282020448744719,52.308425585598464],[13.28252278517636,52.308393680290216],[13.28302598537858,52.308354897432025],[13.287586795402195,52.307831608956334],[13.290647846103157,52.30746637154744],[13.291615641365587,52.307360230772616],[13.292257537818092,52.30728988591864],[13.292789458869967,52.30724721844984],[13.293296693444798,52.3072098228606],[13.293833995825466,52.30718827328587],[13.294904613751235,52.307171151436116],[13.297656325469447,52.30714857182963],[13.299489478634612,52.30710018646346],[13.299491305009836,52.30710121351681],[13.299493002383624,52.30710010643307],[13.300754297275814,52.307076106485646],[13.300754305388185,52.307076111158764],[13.300754313012368,52.30707610618638],[13.30164735330483,52.307059134643396],[13.302404342906671,52.307023293237336],[13.307457890501496,52.30663044891773],[13.307458278306324,52.30663063311191],[13.307458579715611,52.30663039583376],[13.309668830686114,52.30646176817584],[13.312801978795614,52.3062100445403],[13.312802459619508,52.30621027095846],[13.312802830397436,52.30620997688633],[13.31532122040615,52.306012177590546],[13.315321682025317,52.30601239627089],[13.315322040071196,52.306012113922606],[13.322254682863079,52.30547948751866],[13.323314483385246,52.30541146484394],[13.324437538489786,52.30537133771065],[13.325434144151904,52.30534578884239],[13.326525627644681,52.305351147652296],[13.327661061578826,52.30537894218278],[13.32875279223401,52.30543941968596],[13.329767075814654,52.30551668879467],[13.330828286257061,52.305615321744995],[13.332805490831257,52.30582412842686],[13.332805802716946,52.30582439918666],[13.332806245235103,52.30582420871223],[13.33727408608511,52.30630328055089],[13.337758531721297,52.30634879357109],[13.337761169835503,52.30635099608546],[13.337764819426658,52.30634942720548],[13.346715174954005,52.30731234995001],[13.348060651000692,52.30744758313568],[13.348739263686682,52.307495257092],[13.349417172710154,52.30754163096954],[13.350322685917028,52.30757572642027],[13.35104908592672,52.30760064512088],[13.351860520959557,52.307603309728776],[13.359819440490178,52.307517745687164],[13.359822625590008,52.30751963052635],[13.3598257685522,52.30751771929493],[13.362373502079713,52.307523913723124],[13.367916271844718,52.307484929873375],[13.372140268202001,52.30745413267923],[13.373192467085545,52.30744496490495],[13.374242772411508,52.30742103336209],[13.375285347591287,52.30737964790492],[13.376064730720644,52.30733590799664],[13.377115277148421,52.30726569199433],[13.383415753566382,52.30683827301956],[13.384241706049716,52.3067840761148],[13.38446995072995,52.30676854112908],[13.38602114136445,52.30666043475746],[13.387626412690157,52.30655180281395],[13.387626731217757,52.30655195923587],[13.38762698702867,52.306551764294255],[13.389170342121131,52.3064491871709],[13.390353798740161,52.30636881045278],[13.39035393451031,52.30636887707335],[13.39035404330734,52.30636879390492],[13.39258571968025,52.306218353842745],[13.394546571392352,52.30610351104267],[13.39601391587394,52.30604094474273],[13.397330586431965,52.305998471452355],[13.398911657988927,52.30596669158284],[13.401287471371687,52.30592957099137],[13.404977899358522,52.3058756675429],[13.415239731515337,52.30572489177946],[13.41562851074982,52.30571652663695],[13.415630183631906,52.30571748254195],[13.415631761502423,52.30571646774651],[13.41758785357883,52.30568766779883],[13.417588650550837,52.30568813340389],[13.417589414347097,52.305687647353906],[13.418146821724918,52.30568125413412],[13.421459387093774,52.30563502655397],[13.422516646198286,52.305631611797246],[13.42383627031991,52.305638333779456],[13.426200926508749,52.30567343755126],[13.426554955081404,52.305675624739436],[13.426556888424193,52.30567683398353],[13.426558886867943,52.30567566518429],[13.427065984816299,52.3056829651386],[13.427069024107139,52.305684917786216],[13.427072274033346,52.30568309705637],[13.427261533414658,52.305688313249995],[13.43279143557083,52.30577016714891],[13.435888689604244,52.30581546637786],[13.435888920769012,52.30581561499971],[13.435889163597382,52.30581547353908],[13.438805070100152,52.30586093742334],[13.439340458500682,52.3058785109996],[13.440010909068574,52.305903828118204],[13.44098990364784,52.30595966696788],[13.441520195982173,52.305996958669795],[13.442313906054263,52.3060659022992],[13.443011947409914,52.306137264320995],[13.443015176925032,52.30614003641673],[13.443019785256897,52.30613813278254],[13.44388832078532,52.306241850459415],[13.444667263128132,52.306349893671296],[13.445443776502447,52.3064714444946],[13.446123267663978,52.30658661754945],[13.44612695213574,52.3065906024097],[13.44613358373816,52.30658849159305],[13.447482081066337,52.3068500400437],[13.449238969579751,52.30720610233301],[13.44923941300741,52.30720664263746],[13.449240296568238,52.30720637341024],[13.4498296139849,52.30732771515756],[13.450293437260349,52.30742257669998],[13.451788237443735,52.307725395532636],[13.45178846961003,52.307725678333455],[13.451788931556003,52.30772553673019],[13.45440561473144,52.30826001256865],[13.456267318104398,52.30863925193212],[13.457912598659462,52.308972908636136],[13.458263107454776,52.309044789893406],[13.458997376722145,52.30919336218625],[13.461070700207333,52.309612146498225],[13.461071035360042,52.309612553849654],[13.461071701152722,52.30961234988877],[13.463157058582711,52.310038620507605],[13.467257680390642,52.310873983737174],[13.47226766824773,52.31189366034421],[13.480559073692856,52.31357794019631],[13.48055917823288,52.3135780677742],[13.480559386511734,52.313578003847184],[13.484462890691058,52.31437368387276],[13.488055991985592,52.31510450237546],[13.489231891417324,52.31534190024587],[13.489567207917418,52.31540846303462],[13.490685612937343,52.31563596735369],[13.490685742032607,52.31563612508115],[13.490685999578522,52.315636046184174],[13.493078774143672,52.31612499984679],[13.499103936257255,52.317349550812494],[13.499104095974216,52.317349745805195],[13.499104414433722,52.317349648261434],[13.499858511239616,52.31750376577466],[13.501698503964162,52.31787618313215],[13.501698846547399,52.31787660012888],[13.501699528259213,52.31787639172277],[13.502533318438594,52.31804722814887],[13.503531040687191,52.318250144459064],[13.504532722009914,52.318443786808],[13.505115755104514,52.31855135195281],[13.505877476488129,52.31868028910644],[13.506296553583947,52.31874532509731],[13.506631428072545,52.318794432114935],[13.507141507857797,52.31886265995126],[13.507652708458444,52.318922708527424],[13.508180602863561,52.3189744783798],[13.508687196770447,52.31902205517673],[13.5091099041045,52.31905529183112],[13.50946308868895,52.31907954060851],[13.509980593750994,52.319108965610695],[13.510762320917769,52.31914083242618],[13.511537427085022,52.3191582671305],[13.512678492142053,52.319148464454095],[13.513309354845367,52.31913277182492],[13.51411444129332,52.319097733612345],[13.51772437999728,52.31888158261228],[13.524607470285845,52.318460901327505],[13.524607606568555,52.31846096968848],[13.524607718237304,52.31846088623098],[13.525384615126598,52.31841378639643],[13.525384989605975,52.31841397456139],[13.525385297531997,52.3184137455163],[13.525532296943036,52.31840504554677],[13.525535707538042,52.318406767448685],[13.525538590146642,52.31840471494812],[13.529359278394908,52.31822930870403],[13.53053496948306,52.31819756854313],[13.531728429993008,52.31816875597577],[13.532919709206896,52.31815982613157],[13.532921915818804,52.31816114567414],[13.532924101861376,52.31815981333618],[13.534369473096918,52.318162225383],[13.53602064818218,52.3182151946225],[13.537058857337858,52.31823984730969],[13.537060125777641,52.31824068728328],[13.537061507873602,52.31823991759254],[13.538089203726964,52.318270017440845],[13.53808940491668,52.31827015310748],[13.538089626589805,52.31827003001148],[13.538696224142848,52.31828832991983],[13.542956209344117,52.318417486913035],[13.544151937928062,52.31846284625826],[13.547773852943108,52.31855629745642],[13.553785089630805,52.31873680743427],[13.554466442271579,52.318755370706036],[13.556481746923474,52.318804453706235],[13.556483358943618,52.318805523304704],[13.556485122805174,52.318804547833665],[13.561051621181852,52.31894793823558],[13.562492332134157,52.318991429466585],[13.562493296104307,52.31899208139317],[13.562494366614448,52.31899149520965],[13.563715350158436,52.31903354983809],[13.56657672646728,52.31911631145344],[13.566576737792605,52.31911631908091],[13.5665767502404,52.31911631214136],[13.568784085043593,52.3191802188735],[13.569527985266735,52.31920250687715],[13.570260741710634,52.31922248930411],[13.57026100969405,52.31922266881939],[13.570261303149158,52.31922250494312],[13.573761524481805,52.31932201113125],[13.576725547963758,52.31940911761693],[13.576726086340289,52.319409480755645],[13.576726681008605,52.319409152246095],[13.581622321279438,52.31956449043062],[13.582282690201266,52.319545264822814],[13.582957671912334,52.31951091033175],[13.583643557993266,52.319459896432726],[13.584368531889881,52.3193860727556],[13.585482994841566,52.31921309993553],[13.5863565519823,52.319038466816956],[13.586937003628217,52.31889362236784],[13.58784006849345,52.31864636416509],[13.588378098525613,52.318473345733466],[13.588724941853787,52.318353590777065],[13.589221005445765,52.318160514712574],[13.589451769947885,52.318061448296866],[13.590874267020231,52.31745075048365],[13.590874268813478,52.317450750677146],[13.590874269129245,52.317450749578214],[13.59291136557573,52.31657615243573],[13.595307519439958,52.31554893064645],[13.595809374131582,52.31533861758171],[13.596842155663998,52.31489236079166],[13.596843899026208,52.314892545612864],[13.596844215518948,52.31489147879632],[13.598567853468607,52.31416013351079],[13.599336122694327,52.31383206066037],[13.601324737857023,52.31298024112426],[13.60203563266878,52.312675658765144],[13.603012111797625,52.312298925819434],[13.603401408602075,52.312172806995],[13.603836621360154,52.312037789614436],[13.603840873795804,52.31203864413793],[13.603842360427619,52.31203605707169],[13.604142059571595,52.31194805738499],[13.604142124456697,52.31194807139106],[13.604142147330275,52.31194803162749],[13.604290401444523,52.31190453689262],[13.604945134431619,52.311729880414454],[13.605772208691317,52.311539959716626],[13.606536281458183,52.31140212580938],[13.60736613761186,52.311280325157064],[13.607743375311061,52.31124025454859],[13.608291900889126,52.311181907201394],[13.609635469277297,52.31108010492869],[13.611000612272274,52.310989242298916],[13.612183491140284,52.310911924039694],[13.612183495819613,52.31091192635492],[13.61218349959714,52.31091192348694],[13.614714971942206,52.310746459851444],[13.615770794240207,52.31068183803876],[13.616828977490691,52.3106069170622],[13.618264833979008,52.31051221436835],[13.61940895043515,52.31043878761172],[13.622033966395863,52.3102702993542],[13.623393842589724,52.31018196582424],[13.625012298870061,52.31007102763421],[13.626954795641057,52.30994944016386],[13.62696257358909,52.30995332391764],[13.62696928747582,52.30994875482037],[13.627556521616778,52.309929938347395],[13.628508696827382,52.30991393535605],[13.629403424826183,52.30993045745956],[13.630967908110453,52.30998287750299],[13.630969413902898,52.30998390716718],[13.63097111017621,52.30998299553814],[13.633740383954297,52.3100943622446],[13.634301937010688,52.31011501269614],[13.636997832230344,52.3102081193498],[13.64387238147896,52.31046649851988],[13.645923114226331,52.31053265756992],[13.645927663617819,52.31053575574832],[13.645932867183596,52.310533072119206],[13.648148058323706,52.31064997158989],[13.648150504039798,52.31065175301043],[13.648153455191043,52.3106502871604],[13.648866952353766,52.310696086957705],[13.648871315750798,52.310699387042646],[13.648876845073648,52.31069682627838],[13.651373378939708,52.31090981294619],[13.654448788727512,52.311232486062515],[13.65445305954184,52.31123618481402],[13.65445924522271,52.31123370308498],[13.654959443334194,52.311297702820056],[13.654961249206846,52.31129939368628],[13.65496403653391,52.311298314081085],[13.655556516073649,52.31138021122212],[13.657127854779045,52.311597268999755],[13.659234168315184,52.31192696406665],[13.66212699835401,52.31244522922184],[13.662128558714357,52.312446975494495],[13.662131432206799,52.31244604683864],[13.662596930589647,52.31253434648827],[13.662596937127386,52.31253435408711],[13.66259694952613,52.31253435008069],[13.662756648971365,52.312564649960464],[13.662756672528385,52.31256467734519],[13.662756717215212,52.31256466291394],[13.66326121546314,52.31266046253386],[13.663261291755438,52.31266055127342],[13.663261436603838,52.31266050458454],[13.665050981753694,52.31300125125074],[13.66625202146825,52.313219313381545],[13.666252407633698,52.31321974929866],[13.666253120393012,52.31321951432983],[13.667687215366367,52.31348361327817],[13.667688652400901,52.313485250598696],[13.667691344795855,52.31348439408271],[13.66999823683813,52.313931992311986],[13.669999443246999,52.31393341664474],[13.670001782404858,52.3139326954203],[13.670852583252056,52.31410507713712],[13.67148900671742,52.31426035911715],[13.671489007693024,52.31426036050603],[13.671489009959219,52.31426035990813],[13.680843470916145,52.31654232930912],[13.681506956711699,52.31670101055566],[13.681506967361498,52.31670102543648],[13.681506991644756,52.3167010189118],[13.688554072978341,52.31838675682269],[13.690848632974504,52.31894269213055],[13.698973171984044,52.320909176030696],[13.698973282663683,52.32090933238365],[13.698973537966527,52.32090926477147],[13.70148534956811,52.32151947000488],[13.702456165582129,52.321753377327916],[13.702456249285563,52.32175349508733],[13.702456441547003,52.3217534439158],[13.706073077837672,52.32262732793131],[13.708154018958256,52.32312951338237],[13.708154183036848,52.323129744558244],[13.708154560640002,52.32312964447873],[13.708827142193199,52.3232928913476],[13.71050561516133,52.323698377239886],[13.711040357156739,52.323822297722245],[13.711547382440193,52.32393275250499],[13.71185369562721,52.3239943073028],[13.712352419162414,52.32408313044459],[13.712901437316317,52.324167632405896],[13.713532596922594,52.32424634307565],[13.713865855928738,52.32428110609622],[13.714384509313,52.32432331861637],[13.714898860013363,52.32435830310369],[13.715326960709032,52.324376696143474],[13.715839378854136,52.32438610009309],[13.716405642355646,52.32438511953917],[13.720100292632706,52.32427942103034],[13.721926170886979,52.324222440379465],[13.725607465008224,52.32410754046431],[13.725608863996955,52.32410831453376],[13.72561014001837,52.324107464427414],[13.725923528121873,52.32409943391445],[13.728799308443262,52.323993034428305],[13.729303150920126,52.32397443284466],[13.729304437010201,52.32397513130496],[13.729305587573934,52.32397434910941],[13.736620158007485,52.323741449856094],[13.73662722014821,52.32374534919096],[13.73663390791991,52.32374120945124],[13.737336201154369,52.32373901913158],[13.738012936081521,52.32372812958347],[13.738621967967168,52.323708745775534],[13.739363255357897,52.32370497615016],[13.740154436566574,52.3237250500991],[13.740978418355331,52.32378546381433],[13.741791326199762,52.323872861098145],[13.742592569578436,52.324000331602655],[13.74335446830162,52.32414510144625],[13.74411553419814,52.3243136215786],[13.744933061181916,52.3245567172445],[13.745849217701949,52.324881774809974],[13.74661347619408,52.32522838737033],[13.74661467200334,52.32523329468561],[13.746622722344599,52.32523275782848],[13.74740821692289,52.32561955580703],[13.748222864581999,52.32612379632918],[13.749198865355229,52.3268744062519],[13.749715676268995,52.327365482099864],[13.749894205291152,52.32757161094583],[13.750210588799737,52.32793676047501],[13.750573646158598,52.32846785913539],[13.750817648316884,52.32890409745096],[13.750948178129768,52.32917057531575],[13.751033297513619,52.329366039363066],[13.751162978396486,52.329697064094105],[13.751241296981508,52.32986842039423],[13.751234086943146,52.32987627352951],[13.751246341591921,52.329881255109775],[13.752018933247102,52.332221198070165],[13.752139109019563,52.332618570744486],[13.75254693782846,52.33389619507748],[13.752545909717043,52.33389713109722],[13.752547428446988,52.33389776923286],[13.752809709010306,52.334760129253084],[13.753142627415793,52.33580602317509],[13.753516710716408,52.33696944768154],[13.755957782123804,52.34460201558457],[13.757571949509833,52.34964191127566],[13.757812095357561,52.35038352912225],[13.757811899334586,52.350383708541415],[13.757812191993894,52.35038382888416],[13.75901801557967,52.354140726112796],[13.759017460184257,52.35414123257382],[13.759018284628596,52.35414157508274],[13.759187058583185,52.354681060929174],[13.76071188699418,52.35943394118276],[13.761217119074352,52.36101774201072],[13.761878747325468,52.36290921351752],[13.762133375368935,52.36353431694464],[13.76240964608456,52.36414687394985],[13.762634000804486,52.36460926474327],[13.763037394804956,52.36537074751493],[13.763663385784177,52.3664252201123],[13.764360514772582,52.36746439486027],[13.764903685284233,52.36819509909581],[13.765253989083838,52.368628701189216],[13.765253988503925,52.368628702238766],[13.765253990218547,52.36862870259374],[13.765604004719195,52.369061946656565],[13.766350199454127,52.36990616510006],[13.76714628508101,52.37073331884747],[13.76828411329174,52.37181039221116],[13.76936546745156,52.372747680738286],[13.770633286517757,52.37379097619578],[13.771894395759885,52.37480139852552],[13.772294941148266,52.37512643970391],[13.772294938998112,52.37512644909526],[13.77229495434273,52.3751264504119],[13.77307535104984,52.37575982035906],[13.774336682390235,52.3767737804229],[13.775645585991327,52.37783173630851],[13.780080155420343,52.38137109779917],[13.78007986281618,52.38137245431726],[13.780082076286751,52.38137264803995],[13.781050220260495,52.382162817246815],[13.78218958834218,52.38308922464756],[13.784242916382748,52.38475565901855],[13.78424107012732,52.384763713358055],[13.784254082620008,52.38476537231052],[13.78511040719082,52.38556514005019],[13.785376066331008,52.3858409627659],[13.785776145383187,52.38639335630718],[13.785773657105093,52.38639730212791],[13.785780018098308,52.38639895719775],[13.786093359532606,52.386874370757496],[13.786398012550634,52.38742867635189],[13.786565843285967,52.38778895350819],[13.78677481402157,52.388362239352986],[13.786907355035918,52.388845792981954],[13.786980960722365,52.38928280960307],[13.787029007988666,52.38977411798032],[13.787041675069487,52.39020672731648],[13.787040078671941,52.39057676249548],[13.787041506950867,52.390618650514405],[13.787036371794066,52.39062192610983],[13.7870415356307,52.39062518478538],[13.786957192592899,52.39395640927873],[13.786957094795172,52.394283309170795],[13.786860693308169,52.39838483147981],[13.786817010560998,52.40032383757992],[13.786784324231867,52.40195979749503],[13.786783021165876,52.401960575267566],[13.786784281252466,52.40196137909816],[13.786742804156974,52.40316814607465],[13.786733517963823,52.40351871289816],[13.786729482006812,52.40352110268606],[13.78673327725868,52.40352363571711],[13.78659259610958,52.40549605501213],[13.786505416681802,52.40674414768887],[13.786455533547043,52.40793095528256],[13.786450259343825,52.408163884686914],[13.786448759901502,52.408230379560116],[13.786448731385907,52.408230396524715],[13.78644875912025,52.408230413967],[13.78644147667347,52.40854893902925],[13.78644078457728,52.40861433373922],[13.786429182284246,52.40977072792993],[13.786396796804766,52.41090027039747],[13.786306912742258,52.412201708111574],[13.786214527717112,52.41307349572577],[13.786119004719865,52.41377296248783],[13.786118995015245,52.413772967507306],[13.78611900322335,52.413772973441844],[13.786071305516636,52.4141219735732],[13.786070769434625,52.414122250812056],[13.786071221009124,52.41412257955101],[13.785997470908244,52.41464105290378],[13.785753098852435,52.416434733191316],[13.785627894941683,52.4176909397811],[13.785604537249005,52.41819046780296],[13.785596169337152,52.41837449149001],[13.785613935479342,52.418763809308395],[13.785654578215704,52.41959577637941],[13.785742481773863,52.42042166026378],[13.785846881432919,52.421194259168246],[13.786085604978354,52.42223170155472],[13.786341862384981,52.423009560886335],[13.786501247746578,52.42341764412124],[13.786500729857215,52.42341815935982],[13.786501570166948,52.42341847842446],[13.786635772327946,52.42376947811489],[13.786635463408594,52.423769782191826],[13.786635959925846,52.42376997190467],[13.78685661998258,52.42435451748898],[13.787069816695604,52.424813810138474],[13.787228479657506,52.425120125038006],[13.787510963994734,52.42566558809146],[13.78753806898932,52.425717827877136],[13.78789833314237,52.426326851166074],[13.788004196926536,52.42649275547044],[13.788182664161614,52.42677236466153],[13.788290951081017,52.426930302223404],[13.788483759835165,52.427211532841596],[13.789130086722174,52.42808058010218],[13.789723507894568,52.42879976798406],[13.790220052781768,52.42936490085686],[13.793631163638084,52.433095176486475],[13.793631161551254,52.4330951809952],[13.79363116892785,52.433095182270876],[13.794235103614572,52.43375560663043],[13.796751046624067,52.43650052696094],[13.796751019205367,52.4365005864125],[13.79675111646745,52.43650060319881],[13.799258055102001,52.43923842915551],[13.800344308162757,52.44046955451451],[13.800579225770486,52.44076830502165],[13.800817493364644,52.44111257974436],[13.801073758663291,52.44152698149519],[13.801316100152434,52.44199161629929],[13.801460099652015,52.44231120035759],[13.801576270591132,52.442634039289786],[13.801677274891716,52.44295954727416],[13.801768912119913,52.44332832145786],[13.801823952273711,52.44360166486324],[13.801853634652625,52.44385797943712],[13.801881908746994,52.44411732991651],[13.801892226792656,52.44463734816195],[13.801834953686477,52.4452872737087],[13.801680519208995,52.446044270400925],[13.80149152224733,52.446734291856416],[13.800514665764661,52.45022443268791],[13.800333739358061,52.45085684232239],[13.800116350739922,52.451754419628],[13.799757603934976,52.45301021259537],[13.799755524992081,52.45301110522828],[13.799756960428674,52.45301238620248],[13.799442171507435,52.45403957196931],[13.799250726430499,52.45466483890861],[13.799035600051406,52.45530760826012],[13.79877822917315,52.455931142248936],[13.798344090651195,52.45681123501131],[13.798061335489242,52.45730340254645],[13.797761642726321,52.45777857929147],[13.79702449495618,52.458811357686386],[13.797019406418206,52.45881257848645],[13.797021268794657,52.45881571824028],[13.796785459149708,52.45912346184903],[13.796100408448197,52.459894478356674],[13.795706368891091,52.46027035537624],[13.795703286119233,52.46027076823073],[13.795703914823584,52.46027265738676],[13.795000866081004,52.46092124217322],[13.794218898872174,52.46158003472477],[13.794213976774376,52.461580513949116],[13.794214641823245,52.46158353118418],[13.793847042452867,52.46187793191018],[13.793835873825754,52.461878850342785],[13.793836754049376,52.461885712808275],[13.79303894726459,52.462455863335585],[13.79256891327111,52.46277579923896],[13.792140017908922,52.46304892695221],[13.791328949309648,52.46354246966237],[13.791318056057701,52.46354245715767],[13.791317450608096,52.46354910037772],[13.790659650922748,52.4639085010494],[13.790395777248722,52.46405267244855],[13.789648025858916,52.46443234898732],[13.78895773114356,52.464768285684265],[13.788677393969854,52.464899432515764],[13.788676694517365,52.46489937589397],[13.788676599437538,52.464899802904846],[13.786541081679733,52.465891780677644],[13.781582520352547,52.468214638842646],[13.780366180030342,52.46878701768744],[13.780363885716618,52.468786836068965],[13.780363562709447,52.468788235128656],[13.77974956181333,52.46907053603576],[13.779731944268883,52.46906901889422],[13.779727900090947,52.469079600174595],[13.779040306663513,52.46934058413539],[13.778398671679401,52.46958545819119],[13.774468404963834,52.47113543720083],[13.774467446971663,52.47113531126486],[13.774467236232821,52.471135895695085],[13.771946531000026,52.4721195990173],[13.771945194518095,52.47211941926616],[13.771944891359702,52.472120234213314],[13.764682182878246,52.47491293343255],[13.762744644865528,52.47566857622476],[13.761903352007094,52.47599586194726],[13.760936703718288,52.47641577485858],[13.760668396727127,52.47654319426585],[13.760150653035149,52.476805323523536],[13.759151197262339,52.477342201310805],[13.75839632744637,52.47781875597482],[13.757853942105822,52.47820454950588],[13.757364873992588,52.47858918077404],[13.756970837215048,52.478967664176885],[13.756624875134559,52.47933859791167],[13.756120439326908,52.47998213589204],[13.755593855607408,52.48084176864253],[13.755466666317108,52.48110650558871],[13.755465558909675,52.481106875019044],[13.755466157249204,52.48110755337476],[13.755325752873723,52.48139334891453],[13.755125950090877,52.481955792351435],[13.754995984534437,52.48255577245584],[13.75485567538618,52.48352963437513],[13.754672670651013,52.485302057560354],[13.754266342651684,52.48894782376385],[13.753893139880466,52.49185569625886],[13.753770242250878,52.492927810125714],[13.753680029849702,52.49354925703923],[13.753561335664477,52.49416413816923],[13.75354999394743,52.49416960139417],[13.753558107680274,52.49417689819168],[13.75340033863598,52.49468000998647],[13.753327032733747,52.494915049337344],[13.753015389366142,52.49557630820791],[13.752763831911926,52.49603678458302],[13.75234392380734,52.4966228286458],[13.752105991895027,52.49692548685688],[13.75185752974653,52.497218819350635],[13.75159241591938,52.4974971088547],[13.75122872139027,52.497857840178],[13.750506926966722,52.49846176218999],[13.750143880506702,52.49872971637345],[13.749315438879748,52.49932616039963],[13.7443957522312,52.5027947682095],[13.744394950320903,52.50279480345504],[13.744395004976294,52.50279529294771],[13.743528214451521,52.50340158841138],[13.742376863985875,52.504207037260485],[13.741994872141609,52.50448357405952],[13.741991098424316,52.504483770324796],[13.741991350772995,52.5044860763329],[13.739163316119509,52.50645864261612],[13.738986935444796,52.50658707273063],[13.738636651188408,52.50684216219902],[13.738350473562184,52.50705060337701],[13.737232476675423,52.50783099455635],[13.7368621816932,52.50810239987517],[13.732767858855864,52.51117732370236],[13.730959732772785,52.51266316751265],[13.727562740498252,52.515579716530716],[13.7255337206811,52.51725896107445],[13.723611833097753,52.518822845937144],[13.721758828590714,52.52033485611212],[13.720061415011658,52.52171557977754],[13.717851330540574,52.5234968360155],[13.71647050224774,52.524614896902655],[13.713839328576993,52.5267687390564],[13.712559586920458,52.527812659104825],[13.712557802299708,52.527812816237564],[13.712558044424936,52.527813905990755],[13.712208412787398,52.52809399164792],[13.71082052085083,52.52922583157155],[13.70926243112532,52.53043378689228],[13.708649813060452,52.530897418679174],[13.707974564091236,52.531393611795735],[13.706052743836258,52.53280598867348],[13.705348738202765,52.5333471197936],[13.703719741259981,52.53461841781909],[13.702955061496473,52.535230682560524],[13.701388679905047,52.536523672944256],[13.700125388791118,52.5375354112379],[13.70012487792724,52.53753545343674],[13.700124945868138,52.53753576504365],[13.699934546189448,52.53768746541973],[13.699928546842816,52.53768795175165],[13.699929167402505,52.5376916226248],[13.698636597717018,52.5386609033225],[13.69732587673392,52.539602258204205],[13.69690659435904,52.539902790130704],[13.696896699723242,52.53990327697883],[13.696897014954097,52.5399093265455],[13.694801615615168,52.541270730329444],[13.694796499303603,52.54127082934728],[13.69479653450748,52.541273950290304],[13.692775316499496,52.542523313767994],[13.691356893363709,52.54333765905276],[13.688512077099624,52.54491485900273],[13.686612755432064,52.54597320647879],[13.686612017897662,52.54597318627234],[13.686611982137183,52.545973635828545],[13.684051685953436,52.54739003712405],[13.67934769475586,52.54999223851314],[13.677071199663573,52.551251538826946],[13.677070360730397,52.5512515140135],[13.677070316638527,52.55125202529489],[13.675595854507497,52.552061009146485],[13.674967366494283,52.55241894220442],[13.674672615621017,52.55257475093816],[13.674154922130644,52.552863530322],[13.67415491352525,52.552863530089546],[13.67415491314355,52.55286353533491],[13.67238421216901,52.55385113828593],[13.6723832429448,52.553851112067086],[13.672383195411417,52.55385170270999],[13.668879283295324,52.55578757209323],[13.661610606705757,52.55986126110618],[13.656358527778243,52.5627256837189],[13.655650170445554,52.5631183783059],[13.654933809384495,52.56354851175742],[13.652943692233729,52.56488175640012],[13.651368372123216,52.566078122482665],[13.65053211811054,52.56679300241903],[13.649116351900934,52.56807042106447],[13.648125905674023,52.56910774906039],[13.645941858069667,52.57153377345181],[13.641889020349273,52.575953587890716],[13.641884045013226,52.57595444604241],[13.641885328355235,52.57595749770012],[13.64144583001798,52.576409698647296],[13.64144483089265,52.57640985458876],[13.641445081909934,52.57641046403649],[13.640125354779043,52.57775304951915],[13.639093408680235,52.5787162511922],[13.637584886863248,52.57994573906404],[13.637238272293846,52.58021089321519],[13.637233757211577,52.58021120508627],[13.63723416967264,52.58021396170247],[13.636847070093078,52.580497062441495],[13.636842088455651,52.58049733901825],[13.636842421512892,52.580500379440124],[13.633295283222674,52.58296994497556],[13.627716056066715,52.58685825602172],[13.622180066693371,52.590676406538584],[13.618186833227002,52.593426007825734],[13.617353056350115,52.594000087294766],[13.611862050560402,52.597805288521606],[13.608987028265807,52.59980850192058],[13.60766082700106,52.600732560133345],[13.60661828355157,52.60143223117242],[13.605315183859057,52.602313863240994],[13.605307359549716,52.60231411411774],[13.605307472176328,52.60231888408507],[13.603975607226957,52.60315342656315],[13.602800990068348,52.60378861760242],[13.602789246895954,52.60378819418081],[13.602787872384047,52.60379530728087],[13.601191341148292,52.60456266487557],[13.599516200498366,52.60525630956109],[13.5961917251444,52.606623865947846],[13.59619121550004,52.60662380589091],[13.596191115582686,52.60662411600859],[13.594536812412436,52.60730091827131],[13.593886731848448,52.6075668200233],[13.592109732259141,52.60833855007905],[13.590797391417478,52.60885059535485],[13.58979632336686,52.60921963827381],[13.588887674157535,52.60953138339577],[13.58776841048734,52.60987639116331],[13.587768062360917,52.60987632171359],[13.587767947663684,52.60987653351258],[13.587465684495925,52.60996929640624],[13.586468666043194,52.61025553798625],[13.585311942156396,52.610511437922156],[13.58424926514228,52.61072599079382],[13.583094729781193,52.61093045030232],[13.581414247330466,52.61119185207212],[13.580359380824575,52.61136615703569],[13.574753202015769,52.61213003995485],[13.574752017212985,52.61212958252593],[13.574751257778916,52.61213030063509],[13.572972822050517,52.612364912994295],[13.572368497710471,52.61244642185787],[13.571314550502176,52.6125886012393],[13.568226579288082,52.61300715665435],[13.565539658424662,52.61337355952519],[13.564382828177626,52.61355297968561],[13.562946696944442,52.6137479677701],[13.562944165447709,52.61374698889066],[13.562942520837767,52.61374851547797],[13.562813720340975,52.61376481553938],[13.562811562986093,52.6137639544222],[13.562810121584121,52.61376525678601],[13.561882224868121,52.61387537505338],[13.559024544648539,52.61420210706668],[13.557328154832373,52.614401375667455],[13.556228432463652,52.61450813410237],[13.55524130349544,52.61460402431651],[13.55398905565135,52.61472061253961],[13.553985776723525,52.61471914625005],[13.553983303723848,52.614721112838794],[13.553261200833825,52.61477951305369],[13.553259400445707,52.61477867424374],[13.553258002795173,52.6147797608822],[13.550756292742589,52.61496516155909],[13.550754521512802,52.614964317457],[13.550753115631478,52.61496538635959],[13.548930799210599,52.61508822895996],[13.547457503968234,52.61517449985531],[13.546327008271254,52.61526116981208],[13.5463235384269,52.6152595303036],[13.54632077170982,52.61526160698113],[13.541918044279335,52.615541321300064],[13.538545335013108,52.61575252178925],[13.5363601437208,52.615891265607885],[13.535538850896137,52.61594031891283],[13.531188040808171,52.61620021938814],[13.531187826660862,52.616200112336756],[13.53118765049615,52.616200242537325],[13.52737635104203,52.61642467152032],[13.524628055939406,52.616659308708336],[13.52281837124816,52.61684331568822],[13.520072966958484,52.61715797946088],[13.51858054675904,52.6173571083776],[13.518412373788408,52.61737953144394],[13.515984543485029,52.617750407067376],[13.513406412264661,52.61819515341513],[13.51229912173684,52.618386507584454],[13.511038127443342,52.61864673956268],[13.509845561290053,52.618913128955654],[13.508734898753673,52.61915729321551],[13.505606901723052,52.61989410923446],[13.49827383930247,52.62167669593564],[13.495427803283013,52.6223901292726],[13.494947185508437,52.622510559987326],[13.492603312577574,52.62307253391779],[13.492079885459258,52.62320512626191],[13.49034244584388,52.62366134747098],[13.489337302657052,52.62396534751902],[13.487811685429625,52.624484420468804],[13.486181276053994,52.625125318871376],[13.483844912421533,52.62608949096884],[13.483838325197095,52.6260887221566],[13.483836847567067,52.62609270340968],[13.48369663007611,52.62614658790176],[13.482808580776744,52.62650244997152],[13.482235805957151,52.62671223026401],[13.481080123745633,52.62710109130376],[13.479872823190908,52.62746502292774],[13.478162156754134,52.627897866709766],[13.476880287116352,52.62816864579458],[13.475637820298251,52.62838283989885],[13.47399612440281,52.628640853710934],[13.47270440925182,52.62881100656693],[13.47141356566964,52.62898103133069],[13.467069014159344,52.62946294860644],[13.463431196819982,52.62996848883068],[13.461809523598971,52.63024500768448],[13.46180870255818,52.63024472681167],[13.461808237242838,52.630245225110635],[13.461584685745528,52.630282679799144],[13.458790835422992,52.63080837117797],[13.455779187765518,52.63143455259829],[13.453972203017024,52.63187327375536],[13.453972183854958,52.63187326874702],[13.453972175621614,52.6318732804055],[13.453216998511246,52.632056567254864],[13.450554845136757,52.63278375114122],[13.449082802797857,52.633211096138346],[13.446132485854765,52.634157904411566],[13.4442185664581,52.634837766389204],[13.441564535758786,52.635852822849756],[13.441306452037526,52.63595465930028],[13.43892942655416,52.63693382868242],[13.4372774547082,52.63769063141537],[13.435170716815275,52.63870412463062],[13.43332877355136,52.63965016176425],[13.432470097717523,52.64011328341742],[13.430624980250105,52.64116121791311],[13.429182003450904,52.64203564617504],[13.428002194860763,52.64279752522794],[13.426948973590713,52.64350186922733],[13.42609018776807,52.64408839307805],[13.425055124499139,52.64484313361407],[13.42440717268455,52.64532867587112],[13.423216894067279,52.64624238760179],[13.422841530751684,52.64656249080883],[13.422839777353134,52.64656266931263],[13.422840055842274,52.646563737277496],[13.421839822020578,52.647401459358335],[13.421417004831163,52.647776635573614],[13.420674834158115,52.648435282891285],[13.419125570328003,52.64989930866305],[13.417706679324416,52.65140483957337],[13.416972568352744,52.65219925641379],[13.416802995999472,52.652379086289194],[13.415367650099677,52.654153034997],[13.414552999776358,52.65521708052469],[13.41455280575557,52.65521712354666],[13.41455287631026,52.65521724157595],[13.414464733167703,52.65533206841326],[13.414197743042482,52.65568069963607],[13.413957973625617,52.656013820255374],[13.412395063391655,52.658241114297105],[13.410169970683018,52.66144839987178],[13.409143631071798,52.662931425840384],[13.4091409883168,52.66293208088329],[13.409142029256367,52.662933696546254],[13.409037170622616,52.66307956648162],[13.406603497964493,52.666583561518095],[13.405450531606062,52.66807349094339],[13.404813065936889,52.66882042867613],[13.403896191329737,52.66982780068271],[13.403095642898847,52.670624842094334],[13.403020879359344,52.670700696787286],[13.403016020946128,52.67070143709352],[13.403017120638117,52.67070440758923],[13.402202297799278,52.67148740709566],[13.401649517949735,52.67194088663288],[13.400844913395362,52.67261533905765],[13.400834034599592,52.672616392448326],[13.400835176843598,52.672623052632105],[13.400640077089765,52.6727692530096],[13.400633358087713,52.67276967879142],[13.40063383760712,52.67277377483957],[13.399390265434633,52.67364550982979],[13.398813722767672,52.67403744304409],[13.398080513998169,52.67449836449626],[13.39807600810676,52.67449841052871],[13.398075985676089,52.67450114976417],[13.397480785597265,52.674859350801604],[13.397477485227657,52.67485934079955],[13.397477416278836,52.67486134648245],[13.396975168476988,52.6751541324768],[13.39644411500836,52.675449241168465],[13.396044200934453,52.675668836003354],[13.395623457163024,52.67588681703527],[13.395619944388455,52.67588664684439],[13.395619604740803,52.675888778797784],[13.395010924107382,52.676193420459306],[13.39450694255547,52.676439061542276],[13.393938112862692,52.67670427330151],[13.392092729985666,52.677512644142936],[13.392077602006609,52.6775111515684],[13.39207400433547,52.67752020645962],[13.391449487420111,52.677752115945026],[13.390773253224266,52.67800674576753],[13.390075877877695,52.67825320963325],[13.39007235915009,52.67825264364175],[13.390071366297814,52.67825477203181],[13.389091196522097,52.678587313818184],[13.388465953039413,52.67878774751433],[13.387821227662979,52.6789821934544],[13.387160191121998,52.67917461791284],[13.386501549039908,52.67935403704672],[13.385860401260715,52.67952376459551],[13.38465201562369,52.679813713048496],[13.384647982028927,52.679812649317896],[13.384646146518831,52.67981507766715],[13.38341733152376,52.680091721934],[13.382558877888885,52.680257997694035],[13.381658535739831,52.68043650781555],[13.38164808978372,52.680433282417376],[13.381642190045154,52.680439434799354],[13.380578372649394,52.68060984628964],[13.37950926408637,52.68076269115214],[13.378667050332012,52.68087015850508],[13.377759551533524,52.68097593437862],[13.376943131479235,52.68105958973462],[13.376083479484139,52.68113979048889],[13.376079567180414,52.681138045602154],[13.376076605098081,52.68114038170462],[13.374738018003058,52.681245772775846],[13.374500835321776,52.68126456347411],[13.374497710571394,52.68126310241697],[13.374495247510117,52.68126497334146],[13.373420943166236,52.68133747360072],[13.37341832290031,52.68133619943148],[13.373416184259703,52.68133777108087],[13.372060190234693,52.68141579727199],[13.370632098028205,52.68148495666588],[13.369208796568966,52.681547404952404],[13.369207702395835,52.681546829511404],[13.369206747978785,52.68154749048032],[13.366415136566884,52.68165809083902],[13.366415016929041,52.68165802702691],[13.366414911839756,52.68165809968757],[13.364000176785163,52.68175259315375],[13.361588346126547,52.68184866685319],[13.359181132184393,52.681974459918045],[13.357099759582603,52.68212478728071],[13.355026756239466,52.68230199766613],[13.353244952050595,52.68248272717422],[13.351292125601557,52.68271319233739],[13.349380409330927,52.682965795951475],[13.347497044637056,52.683244358901526],[13.345905704802563,52.68349973452973],[13.344363645374923,52.68376820879279],[13.343116128014712,52.68400912591686],[13.34218411381109,52.68418004175329],[13.341151143163568,52.684395181898964],[13.340148555412187,52.68461052089439],[13.339156473831089,52.68482984314377],[13.338152265182206,52.68506306271717],[13.337163893672377,52.68530041546911],[13.336190649980981,52.68554400036633],[13.335216987932396,52.685798350156574],[13.334016242097963,52.686121973286866],[13.333284429119933,52.68632595719759],[13.332578258424295,52.686528972691484],[13.331859043262662,52.68674034257506],[13.331153783849956,52.686952967232216],[13.328063583678938,52.68790058401346],[13.326402695384262,52.6884070333009],[13.325699330453253,52.68862073166674],[13.325002754019351,52.68883447117993],[13.324042613941579,52.689129037101246],[13.323095690140802,52.68941667493343],[13.32212282719812,52.68971444139266],[13.321064990576632,52.69003842223529],[13.32072282878084,52.690143271896446],[13.320014689075395,52.69035948418894],[13.319298282110559,52.690578847730585],[13.318306335000742,52.69088052311785],[13.31764036140216,52.69108349332048],[13.316220762917428,52.691518693191355],[13.315274034636932,52.69180723251413],[13.314569215194417,52.69202277746397],[13.313692770005192,52.692290691488935],[13.313692617373338,52.692290660830515],[13.313692566797446,52.692290753545414],[13.312975160659201,52.692509625079445],[13.312062053942682,52.69278869678593],[13.312061775387335,52.69278864082203],[13.312061682888377,52.692788809990496],[13.3113104107906,52.69301761030593],[13.310597617141886,52.69323603917121],[13.309888396793955,52.6934516455265],[13.309161915864738,52.69367417859284],[13.308450617642249,52.69389130874576],[13.30749599854458,52.69418317595791],[13.306546543937174,52.694471801587746],[13.305826174437104,52.69469306167457],[13.305115982713938,52.69490948121502],[13.304165521887583,52.69519926095878],[13.302974144382953,52.69556051828053],[13.301763371661979,52.69592149612678],[13.3005552581465,52.69627225840626],[13.299338676467395,52.69661246019352],[13.29861334015756,52.69680880099925],[13.297873026689293,52.69700487869879],[13.29686478517482,52.69726004612119],[13.296861611464173,52.69725925200189],[13.296860252018039,52.6972611667176],[13.295885849221321,52.6974963467382],[13.294620525870373,52.69778630006884],[13.294239590092923,52.69787110954395],[13.293862373021257,52.69795076218658],[13.292853094211546,52.69816252074113],[13.292850788957766,52.698161839271755],[13.292849638890257,52.69816323123814],[13.29209133346453,52.69831599570251],[13.291073671590569,52.69850980740238],[13.29032400284363,52.69864571815618],[13.289574709088809,52.698776623722374],[13.289021339787938,52.69886953908922],[13.288250659069318,52.69899333395053],[13.287468331956523,52.69911373827809],[13.286690138715835,52.6992295175035],[13.285381171061957,52.69940819529769],[13.28537737224397,52.69940673431882],[13.285374885390882,52.69940900981338],[13.284011513302534,52.69957628854747],[13.283005908817264,52.69968975319016],[13.282292870105845,52.6997618300199],[13.282292069934691,52.699761482610405],[13.282291494295599,52.69976196706538],[13.282001093142867,52.69979046717054],[13.281999389485982,52.69978972009796],[13.281998142588344,52.69979074746226],[13.280377036123793,52.699939648008765],[13.280373496005861,52.699938062301776],[13.280370811134377,52.699940178717185],[13.279568336554359,52.70000331831144],[13.278777100445117,52.700059677281644],[13.277724802541405,52.70012643722388],[13.27588435966209,52.70022605858262],[13.275879447553553,52.70022356275349],[13.275875188446841,52.700226467794884],[13.274013580821945,52.700291867996924],[13.274010224543826,52.700290051990926],[13.274007162994252,52.70029205097001],[13.273251587622152,52.700308598578566],[13.272701067261824,52.70031573512395],[13.272157242789923,52.700321341544246],[13.271597055164468,52.70032716634534],[13.270797839875442,52.70032756849068],[13.270030833262371,52.70032195451518],[13.270029813279184,52.700321319771994],[13.270028761289453,52.70032193493508],[13.26867089971141,52.70030620636088],[13.266810437200235,52.700265852904316],[13.266808515778127,52.70026459920017],[13.266806426137796,52.70026574931847],[13.26443362238521,52.70019464912441],[13.262517620501045,52.70013724900188],[13.260675744394403,52.70008154665562],[13.259865357014926,52.7000572350045],[13.259064475493824,52.700031732383714],[13.257482736311237,52.699983743273535],[13.252170171421971,52.699821153372184],[13.251578040487766,52.699804166806615],[13.25157755487315,52.69980384255472],[13.251577019442786,52.69980413643927],[13.250596569151762,52.69977394101654],[13.24871128678978,52.69971705053623],[13.246858823338046,52.69966243117691],[13.246327687513634,52.69965239096711],[13.245521687328015,52.69963911235336],[13.244868298087008,52.699630253157174],[13.244189525567258,52.69962746556192],[13.243393090191754,52.6996265684263],[13.242602001854042,52.699631650333174],[13.24206646257216,52.699637230924175],[13.241272802494185,52.69964839376801],[13.240476746693004,52.69966532685702],[13.239820162328227,52.69968305351555],[13.239163529772677,52.699704363678244],[13.238347877594588,52.6997356926708],[13.23783156625445,52.69975638889021],[13.237302189853844,52.69978238947579],[13.23676300015554,52.69980852111067],[13.23597442344246,52.69985186589722],[13.23545547206946,52.69988310643363],[13.234916075675423,52.699918707172365],[13.234391318751667,52.69995359128372],[13.233602540079454,52.70001140385046],[13.232546818308537,52.70009896461209],[13.232019617586635,52.70014133161211],[13.231495998478884,52.700191181160825],[13.230720927717265,52.70026557275614],[13.230184851639649,52.700319190314815],[13.229667983266376,52.700372827586726],[13.229139130895316,52.700431467055324],[13.228620130597022,52.700488558077],[13.228064762582827,52.700554696982245],[13.22706525029115,52.70067778911685],[13.22654251295233,52.70074389034599],[13.226024006599044,52.70081311083436],[13.225508557246737,52.70088303767362],[13.224989414099115,52.700958667154474],[13.224477920240592,52.70103227918081],[13.223961204901231,52.70111057239481],[13.223455709166517,52.70118941300623],[13.22292842337338,52.701274800186084],[13.22226184095427,52.701382432811634],[13.221649337971161,52.70148306758255],[13.22088721187375,52.70160750450356],[13.219583206201522,52.70182000545647],[13.218817269764205,52.70194528057552],[13.217648097712585,52.70213987606594],[13.21764677122976,52.702139416866295],[13.21764600560028,52.70214021926497],[13.216925301895547,52.702256725882656],[13.215468612130843,52.702500157324955],[13.21470222748,52.70262548564728],[13.214701894917946,52.70262536932865],[13.214701702821525,52.70262557113009],[13.211067023134941,52.703215535389205],[13.210462907371934,52.70331422361606],[13.209821957365735,52.70342024918119],[13.209050541208892,52.70354776757025],[13.208286826062286,52.703671686261295],[13.206729317091723,52.703928321834226],[13.205942288269865,52.70405742971868],[13.205088664539183,52.70420265283855],[13.202105902334548,52.70468206290327],[13.20158835370803,52.70476997137863],[13.201061700568767,52.70484188873992],[13.200546040794443,52.70491730971273],[13.199741913492783,52.705029044246345],[13.198975643784271,52.70513049770263],[13.198448904291965,52.70519749702306],[13.19742317729781,52.705319215535184],[13.197218708053121,52.70534209109516],[13.197215991093124,52.70534095415078],[13.19721407637646,52.70534258619423],[13.194774766717568,52.705591187109974],[13.194768155224768,52.70558832510813],[13.194763185632146,52.70559222466892],[13.193371287942794,52.70569987911847],[13.191651070471632,52.705818518197226],[13.190423298694931,52.70588823453558],[13.18924418198498,52.705942223715674],[13.188307210164604,52.70597093621457],[13.187313650623096,52.70600094674578],[13.186421808939569,52.70601522745044],[13.18504525753803,52.7060282733682],[13.182995034836347,52.70602026229602],[13.178274058304611,52.70601026301136],[13.178273785855204,52.70601009635538],[13.178273510977673,52.70601026153376],[13.176987805693502,52.70600606146943],[13.176987623698645,52.70600594972752],[13.176987439507263,52.70600606013358],[13.170667280403375,52.70598046088462],[13.170432846312643,52.705979761668836],[13.170432645969866,52.70597963877836],[13.170432443376633,52.70597976030003],[13.167320739950418,52.70596786209099],[13.163349932999129,52.70596086280496],[13.163349474264518,52.70596058252998],[13.163349011407947,52.70596086029346],[13.160822320656708,52.70595155801908],[13.157472380162957,52.70593116071636],[13.150501339120032,52.70591856307572],[13.148890366441908,52.70591846303923],[13.148890155446034,52.705918334850146],[13.148889944101404,52.70591846282711],[13.148358837579417,52.70591796468148],[13.146513499974875,52.70593133229026],[13.145184423220421,52.70595444835052],[13.140873039431115,52.70607108275273],[13.14053891271913,52.706085321931624],[13.14053809296083,52.706084889294964],[13.14053737643261,52.70608538496098],[13.136961746162642,52.706226353501535],[13.132156106731385,52.706532798999575],[13.12310549111053,52.70727671066857],[13.121067577992685,52.707426281260354],[13.11847131804024,52.70756986515085],[13.115739926782952,52.70765056914536],[13.113280564807651,52.70768222137126],[13.113277215883627,52.70768027164587],[13.113273931578423,52.707682261509206],[13.112744669248634,52.7076818601488],[13.110635120938856,52.70766499568829],[13.108220421214813,52.707583328469816],[13.106353095307865,52.70750766252876],[13.10634857612241,52.70750452514479],[13.106343262943795,52.7075071639185],[13.103674752171559,52.707344563157704],[13.103671297169113,52.70734199654338],[13.103666981679256,52.707344026513304],[13.101410179013826,52.7071697713781],[13.099518188107245,52.70699737145105],[13.099514143598798,52.70699404759041],[13.099508540574393,52.706996393008204],[13.097152931426796,52.70673309186538],[13.097152566498893,52.70673277021943],[13.097152035827449,52.70673299088344],[13.096081310799956,52.706611222100584],[13.086767198866692,52.70556276799252],[13.0854923363634,52.705429882596654],[13.08376425278207,52.70527183216606],[13.081963242636904,52.70512173962231],[13.079628784493536,52.704968120096225],[13.078678224689925,52.70492993100588],[13.07547239946175,52.70482170018297],[13.073025570298961,52.70480378479492],[13.070186419179578,52.70484287246896],[13.068373308230079,52.70489030004427],[13.066493230067202,52.70496718419672],[13.064867068911344,52.70506164368988],[13.06282378102785,52.70517969633228],[13.062652713048408,52.70519398416639],[13.062652138485214,52.70519371954198],[13.06265170084828,52.70519406762511],[13.0600069494683,52.705409281172145],[13.058668731368323,52.705545128737775],[13.056986584396167,52.70574952586732],[13.055409792532437,52.705966184998665],[13.053171055242755,52.706269779828496],[13.049940217676443,52.70677790171517],[13.04877752430739,52.70698161722562],[13.048774293644263,52.70698053356397],[13.048772452323446,52.706982476248186],[13.047821407544175,52.707138021897045],[13.04765246100547,52.707166856760864],[13.047652320639838,52.70716680890773],[13.047652241746738,52.70716689412727],[13.043709827226767,52.70783769662652],[13.04370931962295,52.70783752324363],[13.043709032748547,52.707837831066946],[13.04344607979433,52.70788208752437],[13.040328314530427,52.70842753653268],[13.038254998117157,52.708790229212795],[13.036228883147146,52.70911842606196],[13.029419909469766,52.71027138598628],[13.028198689550795,52.71062441329878],[13.027794911859916,52.71075140568929],[13.02692520305926,52.711086500247944],[13.026313075292983,52.71128696395652],[13.026002260647248,52.711391381507774],[13.025681605806264,52.711487226119814],[13.025468276146665,52.71154563291693],[13.02525276748301,52.711601437921715],[13.025058563365434,52.71165140002992],[13.024725228324709,52.71172332426007],[13.024405825936034,52.7117876376228],[13.024025334096622,52.71185252127857],[13.023694604192807,52.71189873999513],[13.023361271744637,52.71193527520021],[13.022907278509763,52.71198192042227],[13.022567709556235,52.712000295143106],[13.022332219550389,52.71201219901775],[13.021896425185822,52.712021385571475],[13.021436287848996,52.71201891114041],[13.021193377919426,52.712010228308074],[13.020660850094973,52.71198386353813],[13.02065029414263,52.711976314640566],[13.020637050668814,52.711982093430464],[13.020082588607128,52.71192692905007],[13.019707542307168,52.71188372720932],[13.019347876537635,52.711819070521365],[13.018775888571668,52.711717800089204],[13.018213881392692,52.71158070511205],[13.018210568399551,52.71157599163186],[13.01820267766219,52.71157780812157],[13.017629864974323,52.71142116204691],[13.017067185763166,52.711241544047176],[13.01652363850991,52.71104550700139],[13.015930031317527,52.71081124161306],[13.015499714062909,52.71062349044025],[13.01549856363751,52.71061922679901],[13.0154915078721,52.71061977769353],[13.01508359454504,52.710428475790756],[13.01448241497087,52.710112096994216],[13.013996132090798,52.709824169554224],[13.013529117834938,52.70953828943672],[13.01323220825574,52.70932877880066],[13.012916098915785,52.709084127676476],[13.012729637469157,52.708922430672814],[13.01256381679654,52.708774429692234],[13.01256635052993,52.70876633567587],[13.01255322351099,52.708764258610394],[13.012366611946048,52.70857105717677],[13.012194003244238,52.708377775469614],[13.011880451038948,52.70798457816485],[13.011671485181969,52.70767097084878],[13.011497753924894,52.70734886154188],[13.011501583326327,52.707344269257135],[13.011494187264756,52.70734175557592],[13.011320582308715,52.70696838209046],[13.011182692733955,52.706516160372345],[13.011107345097106,52.70614734140582],[13.011025597236724,52.70571574544976],[13.011026104417997,52.70571535728428],[13.011025467351992,52.70571504770426],[13.010911471507777,52.70509174746368],[13.010911673730254,52.70509159392873],[13.010911421276607,52.70509147085782],[13.010828672769497,52.70463253928318],[13.010669547666952,52.703773851841326],[13.010606573731112,52.70345474616754],[13.010583729308983,52.703302237346165],[13.01055358317796,52.70304536936724],[13.01053259946855,52.702715950691136],[13.010533782663686,52.70271517409918],[13.010532514153665,52.70271444890033],[13.010522098319631,52.702505800558725],[13.010515897373377,52.70160397637089],[13.010509751425877,52.701406677877074],[13.010492718915664,52.70123066297406],[13.010438072768764,52.70088465490718],[13.010373005713383,52.70048154215869],[13.010373289571138,52.700481332227646],[13.010372944603217,52.70048115934056],[13.008959807585448,52.69152734214309],[13.008483425898923,52.68827311740115],[13.008157632667046,52.68620230727715],[13.008158281253033,52.68620182981944],[13.008157498724872,52.68620143335941],[13.007982974596546,52.68503178898708],[13.007280355923907,52.68057491430685],[13.006457479957286,52.67527363908088],[13.005687963271606,52.67034771988572],[13.0054624787746,52.6688372254882],[13.005285534981514,52.667792015909534],[13.005115520460219,52.66669272762921],[13.005115881479227,52.66669246258997],[13.005115446506682,52.666692242389345],[13.005078861561373,52.66644859766253],[13.004678198797427,52.66400784274396],[13.004612478087028,52.663632581052],[13.00455922417839,52.66332349724914],[13.00449609947672,52.66301026803163],[13.004394698659743,52.6623787820295],[13.0041823354109,52.66143162353623],[13.004016858198408,52.66078314706504],[13.003802626463358,52.65998997184497],[13.003422815377519,52.65876116827308],[13.003137179071086,52.657914600525245],[13.002601516847754,52.65648983164596],[13.002157737032213,52.65544079077036],[13.001274056287828,52.653567904210306],[13.000284163316753,52.651709626579766],[12.99955951204295,52.65048396242635],[12.998948276735055,52.64952007787458],[12.99868788815477,52.64911935385632],[12.997825032001742,52.64787012544212],[12.99687791722585,52.64658250113066],[12.99626968139463,52.64580422010138],[12.995671467090103,52.64506584204679],[12.995463974336698,52.64481893381515],[12.995226824773804,52.64454202487299],[12.994603163502607,52.64382210348777],[12.993771075689647,52.6428818368642],[12.993294613958073,52.642335730799864],[12.992394891627509,52.6412841440977],[12.991099637465618,52.63971558717978],[12.990512356721428,52.638979350607386],[12.98993420114354,52.63823999492313],[12.988894879227717,52.63687960651607],[12.987447598999578,52.634852735583124],[12.986895469970712,52.63405339680505],[12.98659951186628,52.63363421114793],[12.986001706343874,52.63271346737826],[12.985208006331408,52.63147028874052],[12.98426822716517,52.62993892557554],[12.98384237444978,52.629214797734676],[12.983397219949808,52.62844448360416],[12.982116529769437,52.626155390000584],[12.9810836469499,52.62441426589859],[12.980003032175391,52.622678494518894],[12.979040069723546,52.62119630847036],[12.978052347210157,52.61975775564657],[12.977880187123404,52.61955627119758],[12.977157452004041,52.61854705595902],[12.976877513525293,52.61811269206755],[12.97610087579976,52.617025888206264],[12.975857392913168,52.616688433558316],[12.975117133692338,52.61570347719269],[12.975119430760905,52.61569972143023],[12.975113337015037,52.615698203718615],[12.974453541998578,52.61474030226064],[12.97445849690566,52.61473293190857],[12.97444673359796,52.614729446058504],[12.974276187506225,52.61442866499414],[12.974125392285663,52.6141954275058],[12.974126595400838,52.61419374478583],[12.974123848683945,52.614192988071814],[12.973659630816522,52.613443136220475],[12.97306705071689,52.61242582578211],[12.972729766436263,52.611806525953256],[12.97238541798616,52.61113932364107],[12.971865818783193,52.61005072992953],[12.971388918318668,52.60895116218149],[12.971078403544649,52.6081609943914],[12.970797088075965,52.60737255356287],[12.97053202968144,52.60657264355359],[12.970266821999033,52.60567236317773],[12.97004605641142,52.604819611551875],[12.969841284169618,52.603903127995245],[12.969719857361145,52.603275299575266],[12.969612214142163,52.6026831897806],[12.969448159881004,52.601490073531664],[12.969352369267593,52.60045829176915],[12.969304682213911,52.59964782041524],[12.969283296402716,52.59899838242837],[12.969276889708887,52.59826816069916],[12.969279935338857,52.59826628626262],[12.969276921503505,52.598264392867705],[12.96929283888032,52.59764387792788],[12.969307827989443,52.597216418150836],[12.969395424382162,52.59597643998251],[12.969466191276757,52.595331937677564],[12.969569199045724,52.59454767286402],[12.969744334575822,52.59349499057183],[12.969928833823818,52.592746196523166],[12.970266447509687,52.59168861643732],[12.97055044659082,52.59079783769107],[12.970551989297205,52.59079720368274],[12.970550962116857,52.59079625851125],[12.970829975784604,52.58996112861993],[12.971371304284665,52.58808358801727],[12.971675045431116,52.58692449482097],[12.97196331780003,52.585646827753585],[12.97196564634507,52.585645752175644],[12.971963913469951,52.58564431886402],[12.972210051166046,52.58465680000084],[12.972415076241154,52.58369786085329],[12.972518984371234,52.58289001465411],[12.97255874326527,52.582326916058456],[12.972576732622043,52.58096062194943],[12.972606607739442,52.580266985772816],[12.972606620655172,52.58026697830735],[12.972606608400936,52.58026697043894],[12.97263980669215,52.57949864414436],[12.972637222930382,52.578202209597826],[12.972621551422788,52.57758937206089],[12.972550346205573,52.57680595701451],[12.972499792887655,52.576012705913016],[12.97245192630319,52.575547019043945],[12.972396268220484,52.575093465518464],[12.972333764313408,52.574642579556965],[12.972255776065753,52.57416042334855],[12.972022362092986,52.572975066892816],[12.971884465381688,52.572364818599105],[12.971549064259062,52.57100514196821],[12.971190359120497,52.56987527183277],[12.970815179469412,52.56881815358291],[12.970548007439163,52.56823373737484],[12.97055012910198,52.568231446257386],[12.970546414226227,52.56823010584001],[12.970456915531628,52.56801720563843],[12.970458119369257,52.56801596690553],[12.97045610027899,52.568015219306375],[12.970018220103764,52.56692189687141],[12.96938570396668,52.565565717969555],[12.968424874518103,52.56369427430427],[12.968424878615725,52.56369426953337],[12.968424870786945,52.563694267036105],[12.968211877709143,52.563279328630735],[12.966196767844163,52.55961888450924],[12.966087574493796,52.55942059428162],[12.96519247355744,52.55779447369218],[12.965198934651939,52.55778655988065],[12.96518644857937,52.557782062783275],[12.964648019336197,52.55650569196974],[12.964571973788393,52.55629369463533],[12.964571975655803,52.5562936928602],[12.964571972743402,52.556293691722004],[12.964333776919169,52.55562959118801],[12.964336032445106,52.55562744719648],[12.964332561220775,52.55562602933308],[12.964088970468444,52.55487425117912],[12.963799782425852,52.55399857268786],[12.9638036967383,52.55399498423155],[12.963797947920943,52.55399247604992],[12.963488961768691,52.55285544742868],[12.963287264314078,52.551703578555404],[12.963289799433763,52.55170166395654],[12.963286708629713,52.55170008152437],[12.9631668142157,52.55086008128508],[12.963168419595235,52.55085891618101],[12.963166527718506,52.550857923627156],[12.963068033063779,52.550056123438],[12.963070853220795,52.55005412601834],[12.963067636319337,52.550052365433345],[12.962973367493516,52.548985105292765],[12.962916522125834,52.548201774152936],[12.962916528476244,52.54725472468973],[12.962953605283163,52.54654834597376],[12.963008011668219,52.545640001368604],[12.963101453434232,52.54481834733555],[12.963290184154086,52.54385192636083],[12.96356215925812,52.54243510509209],[12.96356731764157,52.542432619092054],[12.963563407504749,52.54242939605145],[12.963607808671162,52.54224849617196],[12.963612138573055,52.5422465435215],[12.963609050285362,52.54224385342388],[12.963902853313979,52.54122900254589],[12.96517584112653,52.537510572552215],[12.965387410997309,52.536874382756466],[12.965694540408967,52.53578643452556],[12.96584323236014,52.53506476500908],[12.966019299526925,52.53418027138073],[12.966079310667352,52.53379481268133],[12.966258282428196,52.53226367517421],[12.966327456290339,52.531013620735244],[12.966332731644203,52.5301814925496],[12.966302685987882,52.52923485462705],[12.966172772659494,52.527585791595634],[12.966079255798725,52.52692876517298],[12.965839872695758,52.5256860012445],[12.965609403957622,52.52472500852424],[12.965387473171338,52.52395658539922],[12.965182605372954,52.52332287461134],[12.964806731345494,52.52226760080831],[12.963885395039858,52.52006322481756],[12.963108945605487,52.518731017701185],[12.963109258871558,52.51873061576143],[12.963108601078954,52.518730423254084],[12.9629361027574,52.51843112286834],[12.962936574826147,52.51843052261267],[12.96293559333291,52.518430231490875],[12.960948818964683,52.51492394931551],[12.960820964912093,52.514709962871244],[12.960826255259619,52.51470303280317],[12.960815245465422,52.51469938218013],[12.960580574553417,52.5142152985596],[12.960419160702259,52.5139100939431],[12.960253821928784,52.51360830404175],[12.96010435708969,52.51327115807881],[12.959982473269598,52.512953362411835],[12.959870066968293,52.51263769230844],[12.95975465182863,52.51229733507824],[12.959710746434036,52.51198721950762],[12.959659892352814,52.511739655778406],[12.959607066665104,52.511475313354964],[12.959580771917324,52.51115637417695],[12.959537447809186,52.510507457372896],[12.959554885241825,52.510005029837586],[12.959624356789,52.50936758904066],[12.959968352911908,52.507268626529445],[12.960354670214217,52.50519030772728],[12.960835134807741,52.50226455056162],[12.961538990407991,52.498084285204506],[12.962260008858266,52.49377334598702],[12.962895152264961,52.48999833655778],[12.963409670675203,52.48694911079298],[12.963494537091869,52.486196916710384],[12.963494540593477,52.485672740134206],[12.963443826164138,52.4850463899065],[12.963359346714583,52.48456831064379],[12.96324974516049,52.48409047340164],[12.963106734553824,52.48366035559154],[12.962886250658203,52.483112843018006],[12.962626095265653,52.48254901855172],[12.962441121616369,52.482274102753266],[12.962260130098253,52.4819645166226],[12.96205993900948,52.48165470336326],[12.961779661709082,52.48130071244014],[12.96124984717563,52.48067315596231],[12.960700347678381,52.4801376395963],[12.960263934264056,52.47973387693174],[12.95941315483853,52.4790950745882],[12.958236352322979,52.47825810760882],[12.957721310820594,52.47788424867403],[12.955834535677178,52.4765438717887],[12.955834597672249,52.476543370841476],[12.955833777518368,52.47654333100324],[12.954443861071503,52.47554790735334],[12.953881666023646,52.47517141929222],[12.953881973117667,52.47516735385604],[12.953875328838219,52.47516703418755],[12.952560040733516,52.474226468284634],[12.952367155945563,52.474090302092435],[12.952367315422151,52.47408895679589],[12.952365114167824,52.47408884506698],[12.951959218664678,52.47379604568019],[12.946972167236874,52.47033351670858],[12.946972709603424,52.47032835117221],[12.946964280997907,52.47032780560943],[12.9425658874466,52.46700449721565],[12.94256785872364,52.46699314464516],[12.942549537537229,52.466990880816574],[12.942311395979267,52.466771658699],[12.942084557008648,52.46657491481518],[12.941877630525314,52.466364873213074],[12.941653174088788,52.46616505364452],[12.941392061405748,52.465890721032736],[12.9412208061056,52.46566637088994]],[[13.4996603244078,52.318005443089774],[13.498408892623385,52.31775093480099],[13.492834971708264,52.31661465034453],[13.489338941474038,52.315906604583034],[13.4893388421925,52.315906483666495],[13.48933864478384,52.31590654438203],[13.484189027318017,52.31485964024906],[13.480570070331067,52.31412222826751],[13.471842468318409,52.31234874718549],[13.46708375056135,52.31137902270651],[13.462897141515677,52.31052784072091],[13.462897129568294,52.3105278261276],[13.462897105757326,52.31052783344853],[13.456501869261361,52.309226706689145],[13.456003976264471,52.309126328204364],[13.454084193095456,52.308736670514875],[13.45408395731866,52.30873638289058],[13.454083487473978,52.30873652667954],[13.450733619251768,52.30805073279894],[13.450045780581304,52.30791004753128],[13.449574500171874,52.30781485243046],[13.449574069698365,52.307814329182996],[13.44957321407748,52.307814590625476],[13.448737830615338,52.307643217009904],[13.446823888608996,52.30725635833256],[13.44531946445296,52.30698166231859],[13.443798771108318,52.306753107251794],[13.443036738497364,52.306661336388075],[13.441488486701122,52.30651012512987],[13.44073874240434,52.30645610013335],[13.439930725927502,52.3064143129752],[13.439145957758251,52.306384263064025],[13.438359291656147,52.30636518511382],[13.437570437131773,52.306351625402016],[13.428751561567726,52.30622403413148],[13.428751143007238,52.306223765124535],[13.428750702933481,52.30622402090557],[13.427295987576949,52.30620029776931],[13.427004514165752,52.30619382279168],[13.426481246942567,52.30618775330756],[13.42624855331886,52.306185147772226],[13.423633489765551,52.30614938652191],[13.421265700159259,52.30615098172347],[13.418165969040208,52.306199425798184],[13.41816513143603,52.306198937870974],[13.418164330779215,52.30619944857316],[13.417606739459629,52.306206243575495],[13.415649542445983,52.306233437908425],[13.415649216033735,52.30623324668819],[13.415648903372043,52.30623344635564],[13.415259321710865,52.30623833482101],[13.414491115198894,52.306250926702404],[13.39898865006005,52.30647651270671],[13.397759897055733,52.306501611627574],[13.394856359425455,52.306603841754665],[13.39381314152271,52.30665875837451],[13.390129044606168,52.30690173376865],[13.386002247385393,52.30717861331804],[13.384614985032668,52.30727191074144],[13.384613866068248,52.30727136046876],[13.384612960603349,52.307272042521156],[13.38438945652175,52.30728611059199],[13.383554056581865,52.30734613869416],[13.376446915336096,52.307823556162475],[13.375393586117768,52.30788477989609],[13.375389216639816,52.307882565502894],[13.37538548431716,52.30788518142231],[13.374325449380278,52.307928659166095],[13.373266472833354,52.30795282059485],[13.372559533625276,52.30796085169773],[13.372558524605074,52.30796025571391],[13.372557545478552,52.307960870145926],[13.366047706397756,52.308007568062976],[13.365448791263663,52.308012565664974],[13.365446103428068,52.30801096237893],[13.365443439159193,52.30801258037639],[13.362993291321256,52.308005586746276],[13.36240386995986,52.30800946973384],[13.351141314647043,52.30809812139255],[13.349946495574187,52.30807285450325],[13.34891118012614,52.30802624601242],[13.348226454154801,52.307972707338884],[13.347212026101667,52.30788061466059],[13.337754361722101,52.30687395213755],[13.337257620113702,52.30682356960476],[13.337256321924409,52.30682245828734],[13.33725449500254,52.30682324198317],[13.331937114213044,52.30624751709828],[13.330776823006833,52.30613016734946],[13.33002618400478,52.30604726863737],[13.328729909312845,52.30596191305162],[13.327698834851917,52.305904675205134],[13.326450122908465,52.305866361401755],[13.325455469856543,52.305863693141355],[13.324383467458553,52.30588391395],[13.32389160857125,52.305902152947304],[13.32389159617348,52.305902146214606],[13.323891585189054,52.305902153813726],[13.323453821606469,52.305918363613266],[13.322311109100218,52.30598540693581],[13.31607699386079,52.30646671406659],[13.312944736971266,52.30671855420936],[13.312944245825483,52.30671832295903],[13.312943867099195,52.30671862332608],[13.31043377084196,52.30691569940124],[13.30710457125761,52.3071814753078],[13.307102747778929,52.307180615125816],[13.30710132421733,52.30718172319457],[13.302967313290102,52.30748290397437],[13.301936749950329,52.30755315130404],[13.301318576576083,52.30758095838824],[13.299782253006258,52.30761267653818],[13.298042591392376,52.30764917357311],[13.295526443567256,52.30770257237585],[13.295524879982757,52.3077016780734],[13.295523404867573,52.30770262716912],[13.294854286967928,52.30771256356836],[13.293484679794297,52.30775746381938],[13.292855430595074,52.30779907923208],[13.292184746019856,52.307850488176626],[13.291505347206943,52.307921727418766],[13.29078677702059,52.30799642285599],[13.285480298749572,52.30862080827975],[13.283422621230859,52.30885121264347],[13.282636965731347,52.30891596388988],[13.282071034809723,52.308948294040135],[13.28147681527112,52.308969487178025],[13.280955339927237,52.308981253571936],[13.280421222253016,52.30898380669086],[13.27987475199502,52.308970734692075],[13.279186347664742,52.308941241704375],[13.27918275317893,52.308938707322454],[13.279178523682411,52.30894084191738],[13.278820495950402,52.30891958589271],[13.278265718590578,52.30888045978095],[13.277748208456188,52.30883008809451],[13.277386543958585,52.30878732472809],[13.277384521253378,52.308785492250884],[13.277381496581626,52.30878669969844],[13.276723068702731,52.30870146887172],[13.276192353750707,52.30862485188923],[13.275688683205919,52.308537118991396],[13.27520571520199,52.30844097300503],[13.274686839439093,52.308329842852295],[13.27420054008584,52.308223720865314],[13.273695978301415,52.30810138127621],[13.27318872189509,52.30797298761674],[13.271452750478064,52.30746363568222],[13.270136074184936,52.30701612622003],[13.270135784484518,52.307015506605936],[13.270134772186902,52.30701568103187],[13.269204798625,52.30669578974054],[13.269039220582592,52.30663886302185],[13.265509346448294,52.30549307633176],[13.265508035089248,52.30549046268398],[13.265503743829969,52.30549120952104],[13.264862269750292,52.30527189420753],[13.261115793553552,52.30401726906799],[13.261115682646373,52.30401703733382],[13.261115304410902,52.304017104880515],[13.256382990580425,52.302424900262764],[13.254324830429585,52.30173994491278],[13.254040848884463,52.30164829043503],[13.25381216206436,52.3015799978557],[13.253355559520973,52.30144517917379],[13.252858473467356,52.30132456042764],[13.252371450020727,52.301206332582844],[13.251898611659753,52.30110728481576],[13.251397558765463,52.30101702444674],[13.250909939567965,52.30093477184214],[13.250399110676376,52.30086305948577],[13.24994253824988,52.30081660017399],[13.249450586976547,52.30076965372882],[13.248874182049871,52.30072804237716],[13.248417848887081,52.30071112663479],[13.247881426390045,52.30069585656297],[13.247363378371505,52.30069418984562],[13.246593808431545,52.30070560628655],[13.246276592368435,52.30071205813337],[13.245848249027143,52.300731496698134],[13.243288688321181,52.30082177284182],[13.238993158528876,52.30097767012853],[13.236643803531136,52.30106126133062],[13.231322192297219,52.30125976526278],[13.229316295363626,52.301330251037406],[13.228201068153572,52.301373728659726],[13.22606166982037,52.30145403978337],[13.22373491136022,52.30154183812926],[13.223734442981048,52.30154158428087],[13.223734027492036,52.30154187065146],[13.2172578013447,52.30177397134807],[13.217256544028636,52.301773285640465],[13.217255415290742,52.30177405081703],[13.214311916629171,52.30186467680391],[13.210441111933012,52.30202297866057],[13.210439129558445,52.30202191533122],[13.210437369840292,52.30202311691409],[13.207989322582648,52.3021039117832],[13.201403273112367,52.302325520775945],[13.200859158934655,52.3023360851106],[13.200322418586909,52.30234667664817],[13.199786689286789,52.30234667662228],[13.199265477763422,52.30233051739925],[13.198750361448823,52.30229847520534],[13.198205740179079,52.30226150902528],[13.197660929076456,52.30221851374641],[13.19713485840412,52.3021541594628],[13.196718327434537,52.30210106918036],[13.19630454372522,52.302041883921234],[13.195938642358254,52.301977939975316],[13.195585281279763,52.30191856620752],[13.195290968052932,52.301853093960254],[13.195288533462866,52.301849901317944],[13.19528325922496,52.301851303496775],[13.190108943002139,52.30059809865824],[13.190108421787794,52.30059736168648],[13.190107216387874,52.30059767654416],[13.187991224280863,52.30007557290878],[13.187086957638092,52.29986004753331],[13.186590128136515,52.29973934933207],[13.186084860008988,52.29963377666777],[13.18557420424674,52.29954382159184],[13.185221521736507,52.29949135639819],[13.184543142238686,52.29940384263743],[13.184040115301094,52.29934792881431],[13.183629717207591,52.29930774520848],[13.183216648774186,52.29928217658955],[13.182591782441847,52.2992567339694],[13.182102712134016,52.29924958350965],[13.181547720734992,52.29925076265333],[13.18091314318311,52.299267521360456],[13.18017856972313,52.29930892098301],[13.178944571539095,52.29940640208813],[13.17894395876137,52.29940611216665],[13.178943483576852,52.299406486759395],[13.176518448701414,52.29959236635535],[13.164066473963587,52.300560648386984],[13.157296337343514,52.3010842989434],[13.156765932781761,52.301115451441746],[13.1562408829176,52.301138885739704],[13.155723353504985,52.30115782217964],[13.155206933514007,52.30117277486073],[13.155203428869081,52.301170820114436],[13.155200160175957,52.301172922894025],[13.15424632718774,52.30118700155165],[13.153365816212352,52.30118036528079],[13.14548158489757,52.301137889714525],[13.144968593989883,52.301143854712905],[13.14445986977986,52.30116582811497],[13.143947598592428,52.3011930535688],[13.14249995976147,52.30131038925407],[13.141864483510675,52.301363054112706],[13.141864070767198,52.30136286134384],[13.141863755291405,52.30136311389218],[13.134300525326394,52.301977816061765],[13.129963117777706,52.302328065017505],[13.12673192928291,52.30258374660505],[13.124987661601562,52.302679280099305],[13.122483557606405,52.30275480032655],[13.117161893151886,52.30288282576808],[13.116629795425895,52.30289651539668],[13.11662935376876,52.302896266456926],[13.116628946408545,52.30289653648267],[13.113064669027228,52.30298183341042],[13.10935890236286,52.303072529999326],[13.10231178222583,52.30324501577532],[13.101244172650556,52.3032554500502],[13.10123497022171,52.30324998572488],[13.101225488492869,52.303255267557745],[13.100423527021592,52.30323174868177],[13.099789423342909,52.30319324695594],[13.09926106040196,52.30314817138668],[13.098693477201543,52.30308866424553],[13.09837498773344,52.30305612536257],[13.09783269183949,52.302977268229576],[13.097212310230407,52.30288218505981],[13.09562961440316,52.302571298273094],[13.095627638877321,52.30256894511199],[13.095623759611373,52.30257010640455],[13.09512892507576,52.30246581564943],[13.09276541118485,52.30200667314055],[13.09276521276469,52.30200643863844],[13.09276482982962,52.3020065597899],[13.086810249869911,52.30084119366844],[13.086356597928052,52.300757286258424],[13.08567693266791,52.30064504880438],[13.08505711536547,52.3005490069622],[13.084196461698735,52.30045858726754],[13.083528495543183,52.30040490702129],[13.082902389204124,52.300376491998485],[13.082158428486286,52.300364110637595],[13.081248613396534,52.30037289107608],[13.079199637112584,52.300444975504156],[13.072327650898366,52.3006876747405],[13.072327044683506,52.30068734355061],[13.072326502083653,52.30068771389355],[13.071928547167266,52.30070079595981],[13.070885027546773,52.30073748957106],[13.065554890018374,52.300916663759985],[13.062199443613355,52.30104549245182],[13.061673762884505,52.30106726264156],[13.061671598610433,52.30106610373372],[13.0616696782064,52.301067414247996],[13.058548995776885,52.301169806986174],[13.053050234716165,52.301355340224454],[13.050790845759153,52.30147648748417],[13.050787120491854,52.30147457101883],[13.05078390684967,52.3014768086677],[13.049339827630323,52.30153308707815],[13.048527423601048,52.3015229460984],[13.047681656627475,52.30148755659586],[13.046875551069448,52.301413230420344],[13.046138856188472,52.30131947292442],[13.045496705994607,52.30121856356149],[13.044625838574508,52.3010591117237],[13.044065430955092,52.3009260472816],[13.043380148957873,52.30072668128013],[13.042905219395719,52.30058544523236],[13.042901608306869,52.30057906029362],[13.042891011894142,52.300580922361085],[13.042298052189219,52.30037937024639],[13.040798514576043,52.29982310885583],[13.039747446937971,52.2994808683152],[13.039117099580809,52.29930524411263],[13.038904874413879,52.299252259508776],[13.038232475916944,52.29909929440316],[13.037489431955684,52.29896192157095],[13.036725510915234,52.298851767918926],[13.036495350917251,52.29882554361981],[13.036102502527044,52.29879876068652],[13.035270695554287,52.2987364075231],[13.034506034453305,52.29869499000448],[13.033736928129816,52.298696156155536],[13.032959366899568,52.2987266410585],[13.032189326137344,52.29878696544891],[13.03142262045142,52.29887472030928],[13.030670749272334,52.29898995708894],[13.029931157272296,52.299135841725054],[13.029202864403802,52.29930664566837],[13.027096390154789,52.29988351571186],[13.026454794610475,52.30007786957474],[13.026450434605847,52.300076964517366],[13.026448860831877,52.3000796165041],[13.026233460201109,52.30014121672245],[13.026233034365447,52.30014112174234],[13.02623287850784,52.300141382599435],[13.025513972857553,52.30034579806538],[13.024548210658763,52.30061821577655],[13.019723036395842,52.301988396949],[13.01727952265492,52.3026930706351],[13.017274442035456,52.30269194884833],[13.017272478734599,52.30269503274608],[13.015243067061256,52.3032406244715],[13.0143216190482,52.30343967198386],[13.012875456100526,52.30370217223836],[13.012866167868413,52.30369907989242],[13.012860644800138,52.303704604315676],[13.012530253706132,52.30375321798491],[13.011970242262063,52.303826779233646],[13.011970230263413,52.30382677447419],[13.011970222498585,52.30382678182921],[13.011426441113636,52.30389818433594],[13.010274605185417,52.303995203478024],[13.009334849637424,52.30404539095022],[13.009333705433592,52.30404480194994],[13.009332736354704,52.30404549908306],[13.009140694185408,52.304054896880096],[13.008217026266033,52.30408436912648],[13.007951199467168,52.30408436912422],[13.007947078655874,52.304081843010096],[13.007942842064931,52.304084296097614],[13.007149350791808,52.30407042452963],[13.006177563656985,52.304036783018134],[13.006175342706081,52.304035258553455],[13.006172820192067,52.304036595135265],[13.004628833780034,52.30396772244685],[13.002534021485493,52.30387971597792],[13.000629662341138,52.303850673583455],[12.995322689729274,52.303857465357666],[12.993124483543298,52.303881240436084],[12.990627954772455,52.30390834715267],[12.986152303117654,52.30394495230864],[12.98615139306184,52.3039444090888],[12.986150501340086,52.303944963616935],[12.98519349746192,52.30394916359429],[12.985193486159107,52.303949156763906],[12.985193475015967,52.303949163692174],[12.9822353410266,52.30396195810969],[12.980385632147955,52.3039798053386],[12.978232145577175,52.30394490504456],[12.978221917926035,52.30393829464965],[12.97821040498793,52.30394405631473],[12.977168536382543,52.30387948633876],[12.976176275813913,52.30379274346583],[12.975224957328695,52.303670546487886],[12.975218961839767,52.303664922531674],[12.975209475885643,52.30366828737103],[12.974137786785613,52.30349293089677],[12.973404614108201,52.30336344113883],[12.973399054887743,52.30335727473122],[12.9733886955295,52.30336032588467],[12.972974994161255,52.3032713255326],[12.972974426361755,52.30327060105898],[12.972973240978588,52.30327094453064],[12.972760040279368,52.303224144346096],[12.972759235969086,52.303223101191996],[12.972757527051542,52.30322358472096],[12.970041618255237,52.302610182313764],[12.970041351741502,52.3026098282993],[12.97004077344425,52.302609990592444],[12.962285063556738,52.300841278348784],[12.958245810876058,52.299928365796326],[12.952318242501637,52.29857468074608],[12.947149406913557,52.29739672622631],[12.941852771653334,52.296180617295626],[12.935841358311261,52.29480938171883],[12.93584032282687,52.29480799439025],[12.93583804782862,52.29480861248984],[12.932554344911336,52.29403161352291],[12.92986585181795,52.293418902077576],[12.923902210271578,52.29205576885962],[12.922425029570586,52.291718995821945],[12.922424795511215,52.29171868240264],[12.922424283742902,52.29171882507236],[12.921433510401092,52.29149105202063],[12.920972596965864,52.29143012989444],[12.920690460767718,52.29139569903081],[12.920380369787228,52.29136112406634],[12.92010388087626,52.29133310219999],[12.919826706648571,52.29129953264754],[12.919577494450563,52.291273648039635],[12.91932000905355,52.29125021374594],[12.919054218331434,52.29123099994613],[12.918806592930911,52.29121704514447],[12.918557911433513,52.29120924977515],[12.918262633566284,52.29120467407585],[12.917917102403184,52.29120545075652],[12.917763389587824,52.29120973907707],[12.917600322900949,52.29121529152089],[12.917246857280688,52.29123159329369],[12.916946070414097,52.29125281180504],[12.91668836122024,52.29128003459373],[12.916384129593867,52.29131750536177],[12.915990869002805,52.29137508406104],[12.915660563836578,52.29143452349967],[12.915345178831712,52.29149686254323],[12.915055169899611,52.29156236706737],[12.914780158325291,52.291632743690194],[12.91448803186586,52.29171212593201],[12.91421325343105,52.29180004743152],[12.91389895442203,52.291907949996585],[12.91368803018834,52.29198390215354],[12.913474893317533,52.29206700392169],[12.913055188998381,52.292255641937516],[12.91262362385245,52.29245931336018],[12.910652052945759,52.29342692853757],[12.908509294638163,52.29449462338792],[12.907738928526125,52.29492928139045],[12.907725403006138,52.29492893677159],[12.9077239302743,52.29493718768562],[12.901689624190004,52.29790674870846],[12.890933220429458,52.3032269640085],[12.886823339545556,52.305270409854934],[12.881857049645442,52.30774880982461],[12.881856940894544,52.30774880299255],[12.881856929691214,52.30774886964893],[12.878869411974483,52.30923793249626],[12.877231992534755,52.310064090750814],[12.877227794835843,52.31006384117561],[12.877227301503854,52.31006640839393],[12.876080000026436,52.310621410132356],[12.876079421817705,52.310621368384425],[12.876079352079328,52.31062172266164],[12.875866869309505,52.31072391456154],[12.875282220430657,52.31100518021748],[12.874676522759689,52.31130783032314],[12.874673433073667,52.311307637570096],[12.874673072007425,52.31130952814888],[12.873929327381553,52.31166983621451],[12.87018407242464,52.313558364138885],[12.864571478201162,52.316313803009],[12.864570096954559,52.31631370947544],[12.864569935049916,52.31631455531247],[12.862421636958587,52.317354623784176],[12.861575965262082,52.31777215996289],[12.859688580970355,52.318684644839024],[12.85879456910199,52.3190765909346],[12.857723597096994,52.31951113763609],[12.856631184246092,52.31991191806098],[12.855825226450403,52.32018924255416],[12.855813184806465,52.32018717046664],[12.855809062000947,52.32019440648707],[12.854797844801217,52.32049333879282],[12.85357961779547,52.3208645597184],[12.853575704965737,52.32086375465188],[12.853574312801156,52.32086613568497],[12.852732510352343,52.321109836546064],[12.85273218637985,52.32110976541598],[12.8527320697634,52.3211099638197],[12.846027086732882,52.323042399054735],[12.842198802742743,52.32418101913862],[12.842193543682631,52.324179902676896],[12.842191579260382,52.32418309352299],[12.838634173801763,52.32516868611072],[12.83159183500089,52.32720572832246],[12.831040411430097,52.32736988053305],[12.830122199850363,52.32764687304846],[12.830119059856155,52.32764621863825],[12.830117941290466,52.32764813166573],[12.827139032620886,52.32851043471232],[12.82713786392867,52.32851017816871],[12.827137438192683,52.32851089264059],[12.827032007306304,52.328540936780556],[12.82452204067159,52.32938650773198],[12.824053352431914,52.329562228959674],[12.823635288360801,52.32971885571413],[12.823003854856728,52.32998720794721],[12.822503900004003,52.330213193808696],[12.822165178457201,52.330383528248035],[12.82182995085773,52.33056273091362],[12.821392645364043,52.330802280884726],[12.820796388752806,52.331167304872515],[12.8202387860269,52.331543124442405],[12.819508758139392,52.33210726146497],[12.819124362294028,52.33244280160785],[12.818763583646946,52.332785337113236],[12.818471177276697,52.33309551750352],[12.818168590336866,52.33343519223345],[12.817903140971714,52.333769755143784],[12.817656331251733,52.334106147508],[12.817343032614088,52.33460912058696],[12.817069777113412,52.33511882284438],[12.816948990277494,52.33538647147626],[12.816834326924367,52.33566998749226],[12.816719390775512,52.33599258144205],[12.816636513056057,52.33627132250138],[12.816552294558063,52.336632577900644],[12.816487506373726,52.33699569960293],[12.816433306479933,52.33749806837317],[12.81639503531461,52.33799444319929],[12.816372014444063,52.338416344310005],[12.816350207912832,52.33883862486052],[12.816319958736766,52.33936150623375],[12.816301004801606,52.33987724588359],[12.816294408134324,52.33988110852226],[12.816300411505358,52.33988531858198],[12.816280720035248,52.34006382608794],[12.816268959486436,52.34033772104417],[12.816240424825592,52.340887158355294],[12.816132606999922,52.34280039924144],[12.816056916927742,52.34402556977015],[12.816013533244883,52.3448027696073],[12.81596864431563,52.345574867088324],[12.81587216853874,52.34736283750274],[12.815871241205791,52.34736336907616],[12.815872103500874,52.34736394023563],[12.815851141124188,52.34769148628365],[12.815737084983654,52.349806932568285],[12.81573660882354,52.34980720551654],[12.81573705304354,52.3498074979627],[12.8157188591161,52.35011552967877],[12.815663769363612,52.35106826153111],[12.815661914476603,52.35106931969642],[12.815663619573114,52.35107046846686],[12.815654272049317,52.351190422144256],[12.81561356113925,52.352148874404115],[12.815610721153002,52.352150525275036],[12.815613362577272,52.35215229544026],[12.815591600054011,52.35244791298048],[12.815543555823941,52.353189028435125],[12.815512189919806,52.35371771278749],[12.81548379547827,52.35422987369511],[12.815424515230506,52.355241156694944],[12.815257167935059,52.35727064283079],[12.815295107596762,52.35960840338748],[12.815536078892594,52.36170877327088],[12.815827375182261,52.36455040448236],[12.816041359000058,52.367125507783555],[12.816419959621054,52.37143478951969],[12.816754371326677,52.37519561598258],[12.816951483808351,52.3769691244986],[12.81741510160775,52.37891801186638],[12.817988303317135,52.38036566085644],[12.81904153592842,52.38213192367644],[12.820221685170578,52.38365915788072],[12.821901188185699,52.38535431394962],[12.823285537261413,52.386504741896644],[12.824314726377878,52.38729464401328],[12.82844520402084,52.39046466050189],[12.828873913911492,52.39079191637121],[12.829081389582452,52.39094457544255],[12.829276598357158,52.3910820417875],[12.829559616041939,52.391271175989544],[12.829788889952512,52.391413069874126],[12.830068249241263,52.3915798202686],[12.830422897372436,52.39177959798012],[12.830566087205813,52.39185569462283],[12.830836075488516,52.39199529943968],[12.831260958164332,52.39220071952458],[12.831721301302256,52.39240773619482],[12.832185952318277,52.39259970162034],[12.832703390706595,52.39279365480646],[12.833028729278599,52.39290720152859],[12.833370871279037,52.39301707786203],[12.833744674069184,52.393129818161654],[12.834103854567712,52.39323168401162],[12.834448570910556,52.39332255836257],[12.834989738192403,52.39345369638048],[12.835335354798897,52.393533935847216],[12.835336458721516,52.39353543725098],[12.835338927115682,52.393534781537845],[12.836000648174362,52.39369447277786],[12.838661158187625,52.3943189695045],[12.83866137065892,52.394319261314244],[12.838661848196221,52.39431913206853],[12.841910537887362,52.395087329062314],[12.841910542193597,52.39508733501597],[12.841910551926091,52.39508733238197],[12.843793548425927,52.395532607578645],[12.860010199342234,52.39935766958662],[12.865570156839205,52.40066904908907],[12.866206782392842,52.40083282813598],[12.866794698450212,52.401003003467395],[12.867280043627764,52.40115880694656],[12.867785808093334,52.40133245932056],[12.868268025021427,52.40151717265983],[12.868680740968362,52.401687486630365],[12.869073494874705,52.40186241804169],[12.86975843149755,52.40218900632171],[12.872430062467743,52.4035545614619],[12.872430185083276,52.40355539908334],[12.872431555365393,52.4035553296502],[12.872639291928389,52.403662944735004],[12.872732461670523,52.403711067441265],[12.875081448987823,52.40491190448375],[12.875498330516857,52.40510920903778],[12.875905326748725,52.40528963980121],[12.876399278050508,52.40548737693931],[12.876979945547063,52.405704500920315],[12.877494052874283,52.40587414343009],[12.878108425645783,52.40605845508003],[12.878683636130287,52.406209959973495],[12.879615048823103,52.406424735194776],[12.88016203526246,52.406519714953966],[12.88072794826006,52.406611023208825],[12.885577897027556,52.40735716875365],[12.885578001429684,52.40735727551541],[12.885578176100799,52.407357211770396],[12.886372573195597,52.407479911258825],[12.88637312761732,52.40748047945777],[12.886374059577976,52.40748014335919],[12.887674049961491,52.4076853417352],[12.890003122051295,52.40805288410183],[12.89100868225163,52.40823052621112],[12.8919118682218,52.408422425154235],[12.892712782201862,52.40862161658604],[12.893202216011199,52.40874888562089],[12.89371761903296,52.40890812237403],[12.894424251887868,52.40915916270364],[12.894427327846346,52.40916625877437],[12.894439093566035,52.409164802641904],[12.896261490248936,52.40990410011716],[12.896262745082733,52.40990789153916],[12.896268980706395,52.40990724166439],[12.899023242384917,52.411101009419426],[12.901034944042962,52.41192989021025],[12.90174852809796,52.41222226028568],[12.901750874009212,52.412229520178535],[12.90176286538973,52.41222852316254],[12.902299591382178,52.412478162692885],[12.904260652330118,52.413310736925396],[12.904260873360839,52.41331148592123],[12.904262099535249,52.41331135526361],[12.906728613601844,52.4143719106276],[12.907662176272424,52.414743652137766],[12.908894193982645,52.41519136823829],[12.908894525476377,52.41519216477984],[12.908895830278144,52.41519196725479],[12.910811388580642,52.41589836090051],[12.91976579798659,52.41910337052553],[12.920099227208713,52.419215635447955],[12.920100568067914,52.41921846483145],[12.920105225880505,52.419217711573985],[12.921596713254504,52.41974810639286],[12.922198602636033,52.41996210233875],[12.922198824578112,52.419962615146964],[12.922199664246092,52.41996248159772],[12.923208468574865,52.420324600664145],[12.924085730788054,52.420628811337195],[12.924578096845023,52.420811168866955],[12.925017988028271,52.42099893199274],[12.925489427429929,52.42121055592369],[12.925874564429236,52.42142943889366],[12.926227331119374,52.42161227785104],[12.92656522645594,52.42178739105567],[12.926925948571062,52.42200741723576],[12.927318417205894,52.42229207739851],[12.92772444426196,52.42261734241423],[12.92772432284743,52.422617895023954],[12.927725226206077,52.422617971680666],[12.928147500801783,52.42295934732947],[12.92843080358504,52.423199860599496],[12.928687495501933,52.42348567296099],[12.928915369376606,52.42375036084757],[12.929157654101378,52.424045925481295],[12.92935708014449,52.42434325448831],[12.929566983438965,52.4246934670702],[12.929707889632645,52.425004062409975],[12.929859923574817,52.42528879361685],[12.92998109774935,52.42560455999411],[12.930124252295101,52.4259938923357],[12.930191084810408,52.42634072353684],[12.930234730424878,52.42670014432919],[12.930245712148995,52.426837099470895],[12.930245695956037,52.426837110390125],[12.93024571381641,52.42683712029017],[12.930342538608967,52.42804747990785],[12.930359284974644,52.430197297726764],[12.930363581763709,52.431056708343725],[12.930425573850554,52.43259238123631],[12.930512426345407,52.43408159649303],[12.930510505466417,52.43408285733193],[12.930512541950447,52.434084048470616],[12.930557516049028,52.43533409693057],[12.930598370161054,52.436100340412096],[12.930664221439658,52.437333174411926],[12.930763386520118,52.43869596969204],[12.930780278439011,52.438958061995756],[12.930821527759454,52.439214585634936],[12.930897836862556,52.43951457538376],[12.930965305088101,52.43981262504637],[12.931064992360103,52.44009106681392],[12.931252586269188,52.44055378440203],[12.931899800020444,52.442105432947734],[12.933520955903894,52.44615320694325],[12.933667243275499,52.44650514930255],[12.933667237479273,52.4465051552557],[12.933667247221797,52.446505158797684],[12.936179689856553,52.45255016988003],[12.936890505140648,52.45436604519709],[12.937225440303656,52.455202820445095],[12.938427882143538,52.458066861198056],[12.93899443016883,52.45943715585275],[12.9398364161987,52.461451508828794],[12.940547810964539,52.46322801838629],[12.940828662668606,52.463860718882124],[12.9410483176595,52.46429293777968],[12.94117361761698,52.464505176298616],[12.941358233871078,52.46479666763722],[12.941467449509357,52.46494409781368],[12.941467427084886,52.46494413414547],[12.941467486563154,52.46494414785277],[12.941552387128626,52.46505884766726],[12.941550707773477,52.465061566017766],[12.941555118460037,52.46506265428634],[12.941745806940114,52.46533699602418],[12.941926671296729,52.465530791683314],[12.942132181697703,52.46575505597312],[12.942350796291496,52.46598562388252],[12.942561031542333,52.46618547363167],[12.942833023786717,52.4664391469039],[12.94311659445879,52.466689772414036],[12.94349475354395,52.466976474957626],[12.94757907137666,52.46998776465883],[12.948408726965212,52.470577223090324],[12.948408726521983,52.470577226674266],[12.94840873239062,52.470577226945046],[12.95254228395261,52.47351390579464],[12.952947353390185,52.4737866337222],[12.952947249612398,52.47378793278109],[12.95294937577931,52.473788009509384],[12.953207175992,52.473965209034866],[12.95320705354796,52.473966474309435],[12.953209124246614,52.473966561755034],[12.953901406502123,52.474452107287966],[12.955088079122598,52.475280581466336],[12.95572922412322,52.47574913943188],[12.956112050717472,52.47600169161306],[12.956111720816558,52.47600690526542],[12.95612023784457,52.47600732492516],[12.957550039435372,52.477033622247724],[12.957550038746573,52.47703362746105],[12.957550047284563,52.47703362788184],[12.958403214873211,52.477646043436046],[12.960128609010026,52.478870544404934],[12.960799466565168,52.47939583918418],[12.961401587850448,52.479932591606364],[12.961960432126947,52.48049631598463],[12.962457109522829,52.48108538015678],[12.96277243109045,52.48150141757492],[12.962991654739385,52.48184322336293],[12.963328669547375,52.48241162143357],[12.963676621099488,52.483037724094615],[12.963907803227736,52.48360761532567],[12.9640395902398,52.48410270034519],[12.96412471946325,52.48456375822023],[12.964211461497566,52.48509753344562],[12.964255059321147,52.48565521274276],[12.964255062594116,52.48614513458794],[12.964220114214237,52.48654987420241],[12.964155548331673,52.48701810032442],[12.963669972450859,52.49001052286761],[12.963009050351266,52.49386230064995],[12.962288098779426,52.498168082093805],[12.961584226646629,52.50232257057655],[12.961057161453539,52.50527742488363],[12.96073645090508,52.50731384277191],[12.960383337402629,52.50939755395577],[12.960315376284475,52.510038427041],[12.96029003571327,52.51063716810965],[12.960349296688811,52.51129293440845],[12.960391824665193,52.511624318144044],[12.9604363363887,52.51193345092403],[12.96052547100362,52.51224944853014],[12.960610427807785,52.51251847279049],[12.960728645445819,52.51287292204459],[12.96085565870177,52.51316671592817],[12.960983026905557,52.51347662716446],[12.961142398106828,52.51379331226007],[12.96130112074204,52.514076362700514],[12.96155083048023,52.51458861195452],[12.96165599808585,52.514786987223616],[12.963656978922769,52.51828064674228],[12.963846953594883,52.51859949380751],[12.963844531013258,52.51860265933157],[12.963849650695915,52.51860422478301],[12.964311655549333,52.51945252374712],[12.964308989195096,52.51945576871861],[12.964314229270416,52.51945748852665],[12.964981937266439,52.520813487025016],[12.964980966212584,52.520814587983644],[12.964982761402212,52.52081519117095],[12.965146836042129,52.52116074524007],[12.965774688752191,52.522768751328734],[12.965897272046117,52.52308272596427],[12.966124171616443,52.52386175707203],[12.966123349297327,52.52386247536026],[12.966124521202287,52.523862981888634],[12.966538230740557,52.52534268097578],[12.966532523003032,52.525347593781156],[12.966540291482987,52.52535130922169],[12.966846132018624,52.52689309471248],[12.967027427171788,52.52839475480888],[12.967113581275214,52.53018235462419],[12.967104933741814,52.531138614801655],[12.967044548687765,52.53213553044581],[12.967001558249372,52.532578422730744],[12.96700154150819,52.53257843179887],[12.96700155637635,52.532578442009076],[12.966941084282457,52.5332002824559],[12.966785749495198,52.53423961401856],[12.966526989651578,52.53552501448537],[12.96615856552153,52.53690390726578],[12.966154163538105,52.53690583933254],[12.966157214947907,52.53690857350726],[12.965795536011242,52.5380685996926],[12.965620465047689,52.53851527415012],[12.96491052133118,52.54054165532876],[12.964368857921816,52.542280197358764],[12.964328482474437,52.54244981804081],[12.964328433516336,52.54244984032418],[12.964328470050713,52.54244987017995],[12.963990516749046,52.5438666640948],[12.963854676842868,52.54488179295481],[12.963783444676256,52.54564856525019],[12.96371017155809,52.5465431478468],[12.963706043387631,52.54673762638322],[12.963706018499144,52.54673764116831],[12.963706042747567,52.546737656343545],[12.96369564983601,52.547221027969364],[12.963759090205038,52.548172936012044],[12.963800674277351,52.5489817753882],[12.963912407473332,52.54999867479502],[12.964005475223852,52.550816648489906],[12.964029090508408,52.55093645584661],[12.964028975269915,52.55093654527847],[12.96402912187947,52.550936615604535],[12.964315498300389,52.55240050043965],[12.964529624458883,52.55330377947906],[12.964980847446903,52.55478064921206],[12.965463600746457,52.55609159882165],[12.965805038241943,52.55719853064099],[12.966158592770421,52.55800847621276],[12.9668076419266,52.55924998152481],[12.967483472813159,52.56050476727148],[12.96791869313976,52.56127989462115],[12.968448289463536,52.5622641912477],[12.968448051188885,52.56226447814099],[12.968448521353803,52.562264624074835],[12.969933512699658,52.565048148190336],[12.9707256521717,52.56675620016107],[12.97122614434356,52.56794409938014],[12.971225094379982,52.567945181135606],[12.971226859168741,52.56794583163075],[12.97130474476161,52.5681386175721],[12.971511413516092,52.56859332208715],[12.971511382515846,52.56859335544652],[12.971511437254604,52.568593374345795],[12.971543160154233,52.56866325092614],[12.971906038771273,52.56973626368902],[12.97226792853085,52.57088133717557],[12.972629902566753,52.57230521169179],[12.972766490403178,52.572921442993724],[12.972764760555606,52.57292282602909],[12.972767006524089,52.57292389891226],[12.973003947942741,52.574116477267445],[12.973060327045031,52.574453230969986],[12.973084592752484,52.57459771189128],[12.973153736047117,52.57506099137026],[12.973210258850038,52.57551023838333],[12.973266517865445,52.575990915098146],[12.97326455470427,52.57599229475397],[12.973266790686628,52.5759935105889],[12.973340933207492,52.57678905567495],[12.973377557111654,52.577575703927316],[12.973375749548962,52.57757686938047],[12.97337763954082,52.577577985251324],[12.973403088384911,52.57856782682475],[12.973398781621864,52.579574985548064],[12.97337669902389,52.58026538657426],[12.973378790830775,52.58095990751954],[12.973407883605324,52.58158985933579],[12.973412740760391,52.582233567039125],[12.973360526619336,52.58287131991562],[12.9732463942123,52.5837436621865],[12.973165775749527,52.58417715387957],[12.972984236159174,52.58495610413994],[12.972777343822198,52.58596224051155],[12.972769728754582,52.58596584617614],[12.972775281883983,52.58597064968466],[12.972482218660586,52.586998746066506],[12.972144102835154,52.58813926213625],[12.971611767084253,52.5899558837659],[12.971610982331296,52.58995621693886],[12.971611525778872,52.58995669639953],[12.971364585515996,52.590777518672496],[12.971094292246011,52.59174878021733],[12.9707883403224,52.59286788902675],[12.9705144597763,52.59366029066036],[12.970397977565957,52.5941253493594],[12.970318167269584,52.59459337760083],[12.970213386377813,52.59538828002824],[12.970148608357837,52.596045259393115],[12.970066028823197,52.59718212959198],[12.970044061733837,52.59767124383919],[12.970032125712084,52.59827262511695],[12.970039204340472,52.59896258801559],[12.970056632887962,52.599619925620466],[12.97010720593651,52.60042781295298],[12.97020426873603,52.60145487160441],[12.97035820749033,52.60264370308611],[12.970583136389136,52.60382764961364],[12.970800242323838,52.60479075479239],[12.971026628692565,52.60564470970814],[12.971265940763875,52.60644661644857],[12.971523592126246,52.607245548345844],[12.971810338784197,52.60803816935509],[12.972119193891478,52.60882871362821],[12.972571518394796,52.60987944093178],[12.973092770421909,52.610967369133235],[12.97343190162672,52.61163198220803],[12.973770578167992,52.61225949612344],[12.974123722188912,52.61286560540274],[12.97436427714813,52.61327833628507],[12.974834472156612,52.61402942587334],[12.974988313903753,52.614264459609956],[12.975511497563499,52.615057997130776],[12.976715078420225,52.6167331454656],[12.97692965765027,52.61700844682801],[12.977502133802329,52.617784302764036],[12.978043009409028,52.61856914668895],[12.978222617077256,52.61882780330389],[12.978715469257322,52.61951612881339],[12.979744933601873,52.62103058069265],[12.979743760330479,52.62103230246105],[12.979746571791388,52.62103304186046],[12.980716079763056,52.62252103970648],[12.980714837004566,52.622522789927274],[12.980717693845357,52.62252357259831],[12.981819258108622,52.62429164176194],[12.982834770915375,52.62600531371039],[12.98412394604982,52.62830727206729],[12.984261162020653,52.62851104464342],[12.984257518332702,52.62851633997157],[12.984266043214863,52.62851879929813],[12.98495756582232,52.6296982428005],[12.985247822289253,52.630181432256805],[12.985953151494908,52.63136612109019],[12.98646537941284,52.63216525643551],[12.986933445186846,52.632850842300144],[12.986933044594567,52.6328514324001],[12.986934012443186,52.63285167909959],[12.98748228403665,52.63366626935061],[12.987552407885262,52.63379752526776],[12.988193715125448,52.6347457469708],[12.989556706422007,52.63663379407077],[12.990602613498663,52.63801717904537],[12.991175912946343,52.638749185023606],[12.991841864136532,52.639581018789364],[12.993079389531184,52.64108525061231],[12.99394686868624,52.64209840004913],[12.995288887891233,52.643620584560516],[12.995901491467146,52.64433130798571],[12.996523173202698,52.645072307150656],[12.99697409077573,52.64562879290185],[12.997580383750362,52.646410012423395],[12.998522701123772,52.6476823709057],[12.999377187096165,52.64892406276239],[12.999648566699072,52.64934179017692],[13.000243950853163,52.650282742415364],[13.001019012128882,52.65159573658065],[13.002005115385634,52.653440934062175],[13.002908195325778,52.65535659250715],[13.00334441402988,52.65640090899767],[13.003875651167826,52.657819421525566],[13.00416672848782,52.65866964402126],[13.004538571219491,52.659877705666474],[13.004759467051084,52.6606735538459],[13.004923578389135,52.661321143796],[13.005150803803948,52.66233234196677],[13.005399301718437,52.66361810851593],[13.005728614667277,52.6657008993107],[13.00572840533175,52.665701053651354],[13.005728658864935,52.66570118116354],[13.006219679965849,52.66885858015828],[13.006444084376321,52.67030364588181],[13.00721500799526,52.67523228467431],[13.008042940227767,52.680557760924955],[13.008380334284443,52.68269493205768],[13.008380019734556,52.68269516379469],[13.008380400304857,52.682695355503945],[13.008683385402042,52.684663372551114],[13.009093574155516,52.687270189410526],[13.009092446037785,52.68727101989417],[13.009093803067813,52.68727171245405],[13.009349202937958,52.689054629505954],[13.00973211040044,52.691481739164075],[13.010192244290906,52.69443002895166],[13.010525358334606,52.69656382673721],[13.010525333583434,52.696563844925876],[13.010525363517246,52.6965638599665],[13.011303896967508,52.70155995837012],[13.011298654904817,52.701563808727485],[13.011304778090617,52.701567144873046],[13.011324543301898,52.701788057082275],[13.011421874324254,52.70306243164274],[13.011544799215983,52.70399153710667],[13.011688418812062,52.7049031181979],[13.011777444906315,52.70543924686239],[13.011946139207499,52.70633338425758],[13.012026653667965,52.706635330185165],[13.012140806356662,52.70695283575877],[13.012246700945148,52.70718541366888],[13.01235322443495,52.707389905120095],[13.012444163748405,52.70754667548392],[13.01258511351309,52.707756742864],[13.012689400681104,52.707897813422214],[13.012800726034948,52.70803665416136],[13.012948012096029,52.7082096632881],[13.013241423821135,52.70851593953424],[13.013430097005536,52.708679883817425],[13.013543508458854,52.70878333952714],[13.013784764141379,52.70897849452992],[13.013950281128633,52.70909801295198],[13.014135663038093,52.709223578377326],[13.014533086676375,52.70946587346207],[13.014823783922136,52.70962785940884],[13.015006768462527,52.70972557767473],[13.01548656311925,52.7099502383493],[13.015905056229228,52.71012288088909],[13.016510481692727,52.71033199554781],[13.016705183261363,52.71039560240978],[13.017071375164646,52.71049833356082],[13.017405238182135,52.710585054922404],[13.017827106611977,52.710676496698206],[13.018271278843768,52.71075885843355],[13.018725475503514,52.71082703631941],[13.019149176136436,52.71087740832101],[13.019754424421,52.710921394638014],[13.020323948727995,52.71094251311859],[13.021033448409534,52.71093237738175],[13.02137608997185,52.710909126333966],[13.02188856159337,52.71086888765136],[13.023722081563745,52.710718821245216],[13.028217701802777,52.70995501345671],[13.02969985270058,52.70970618813653],[13.032401752717782,52.70924893891625],[13.03240175450583,52.709248939528905],[13.032401755514558,52.70924893844291],[13.034817202390482,52.70884012138614],[13.035349288499882,52.708743069193936],[13.035757431786548,52.70867452528757],[13.03711943634588,52.70844270961893],[13.037119572047809,52.70844275595691],[13.037119648441598,52.708442673570126],[13.047377916077481,52.70670111309919],[13.047542269917113,52.706673055124085],[13.048642010833072,52.70648504555914],[13.050884433332627,52.70610882167265],[13.052927170604576,52.70578873978713],[13.052933245654382,52.70579091632475],[13.052937035077797,52.70578730305753],[13.055233436557163,52.7054779950558],[13.056854600241286,52.70526539488122],[13.05836069404116,52.70506758939482],[13.059789593346906,52.70492308153921],[13.059790485692984,52.70492346883058],[13.059791127974549,52.704922928844944],[13.061258730477316,52.70477929790634],[13.062926333662684,52.704647285974666],[13.063974758445788,52.70456772738692],[13.065014538726702,52.704506001094806],[13.068271657897817,52.70435625300846],[13.06827907688912,52.70436012514211],[13.068285799122974,52.70435580902579],[13.070926688270324,52.704311309104774],[13.070929511963357,52.704312931642875],[13.07093223559235,52.704311247172704],[13.072703428310435,52.70430154714353],[13.072707025866382,52.704303693294406],[13.07271064572548,52.704301561025574],[13.07558021474758,52.7043283034399],[13.07863556046787,52.70441421670422],[13.08098804009384,52.704544240597365],[13.083463324441677,52.70471117448778],[13.08813891917586,52.70518327156508],[13.08814086151428,52.70518492169428],[13.088143609046552,52.705183768584185],[13.090810032319641,52.70547975951324],[13.09116904786715,52.70552510351541],[13.091169073863247,52.705525127596125],[13.091169113513994,52.705525111811276],[13.09348779796115,52.70581826837241],[13.095588303043476,52.706059021824174],[13.096582770783991,52.70616796486728],[13.098409662923414,52.70636605791489],[13.10076814808326,52.7066050988772],[13.102850099917957,52.70678185794143],[13.104428454295604,52.70689146858421],[13.105838795601356,52.7069695990609],[13.10687007013418,52.707028076451365],[13.108816068434745,52.707104189109955],[13.110679882210366,52.70713368477226],[13.11230609154128,52.70715323315014],[13.114081716500092,52.70715004793807],[13.115660854132786,52.70711538312719],[13.118117490046906,52.70704874755599],[13.120941734717684,52.706916158471785],[13.123068554215203,52.70678137681345],[13.127900119888618,52.70638951997591],[13.127900130901809,52.70638952508896],[13.127900139320491,52.7063895183999],[13.132060322602818,52.70605211961247],[13.132064597856774,52.70605410451867],[13.132067975948816,52.7060515602909],[13.136827556654994,52.70574176137245],[13.136833671561677,52.70574475642247],[13.136838832665571,52.70574115943019],[13.140708316838392,52.7055797599434],[13.140708611449352,52.705579915886865],[13.140708868734617,52.70557973722898],[13.1410488673435,52.70556593727254],[13.141052138013182,52.70556767503095],[13.141055066932598,52.705565725288146],[13.145115902598445,52.70545274619194],[13.145814950223384,52.705441487423556],[13.146462412908335,52.705433173755345],[13.14745217183724,52.705421551884854],[13.148433561962495,52.705416443577846],[13.148434053345996,52.70541673697426],[13.148434537990685,52.70541643947109],[13.148964435812156,52.70541473945825],[13.148964984283971,52.70541506910371],[13.148965529010754,52.70541473717506],[13.14989387489917,52.70541383612122],[13.15435865075009,52.70542863921172],[13.16083536864113,52.70544833872062],[13.163524706955863,52.70545723905786],[13.16841152480581,52.7054746392807],[13.168412388650694,52.70547517014202],[13.168413267695978,52.705474648568156],[13.170423412760861,52.705488938873444],[13.170676661489788,52.70548933673972],[13.173461546576004,52.70549363661423],[13.173461906031026,52.70549385605562],[13.173462268179529,52.70549363825426],[13.176126218541027,52.705501635615256],[13.178294670927265,52.70550063591864],[13.178295700989633,52.70550126062223],[13.178296736623178,52.705500639326345],[13.181117625030023,52.705511239179636],[13.182528601773965,52.705517137316605],[13.185459113918425,52.70552173068127],[13.18696771094782,52.70550212035617],[13.188581187236093,52.705458884387795],[13.189171707852871,52.70543632492338],[13.190382092750328,52.705385506063955],[13.191614811829895,52.70531639646707],[13.19320471992548,52.70521542614378],[13.19358035772706,52.70518622183699],[13.195515999851263,52.70500082955401],[13.195517512398105,52.705001498008585],[13.19551862641889,52.70500058529876],[13.196436029361454,52.70491782704985],[13.197619290133765,52.70478638670709],[13.19916773793602,52.70459513656189],[13.199702435330739,52.704525376185536],[13.200737883463203,52.70437512217747],[13.201774944995327,52.704219293761355],[13.202286606651285,52.704137829743544],[13.202817331590174,52.704051504608906],[13.205630427588524,52.70358982168554],[13.20667256867043,52.70341983130351],[13.20744389467209,52.703293027031116],[13.208477083321233,52.703124614784045],[13.21029158120899,52.70283199900996],[13.21186774285659,52.70257578406751],[13.213651685137053,52.70227882685063],[13.213652249277704,52.70227902211727],[13.213652572479015,52.70227868003496],[13.218597739437131,52.70146536774421],[13.219614392299789,52.701295742130526],[13.220644397579202,52.70112985740207],[13.221296272306505,52.70102081144147],[13.222012913392907,52.70090628890782],[13.22257766777687,52.70081217987367],[13.22301693804961,52.70074448412063],[13.223459874916479,52.70067322992401],[13.22424133328179,52.700553986950155],[13.225010800621112,52.700442529553385],[13.225686837405416,52.70034682524486],[13.22568701963919,52.70034689410308],[13.225687133176105,52.70034678346982],[13.226307559661839,52.70025935561826],[13.22684098717307,52.70018968180373],[13.22737553496051,52.700122888431146],[13.228142570850485,52.70003057116862],[13.228671797282889,52.699970507121996],[13.229459721208556,52.69988360593816],[13.229986726478696,52.69982793635485],[13.230519124867087,52.69977288835293],[13.23143733561585,52.69968531534361],[13.232481367686802,52.699594752303206],[13.232884867546751,52.69956145327263],[13.23340606596507,52.69951888185349],[13.233936625983416,52.69947978582636],[13.234464610917728,52.6994425599601],[13.234994952919957,52.69940744459996],[13.23579853436345,52.69935663826217],[13.236322847522413,52.6993256013145],[13.236850224663057,52.699297336374705],[13.237385741486777,52.69927247988069],[13.23791469813139,52.699246799426916],[13.238717146251743,52.699215055083144],[13.239508540020699,52.699188568246086],[13.24030417514555,52.69916560659912],[13.240846247304642,52.69915223325203],[13.241636555482627,52.6991390898522],[13.242161605937882,52.699131768212396],[13.242973345868071,52.69912343800956],[13.243512061331625,52.6991224321759],[13.244305018324663,52.69912443709664],[13.244694733068409,52.69912684211249],[13.245104753331388,52.69912924984849],[13.245643250861919,52.69913549269344],[13.246039495979796,52.699143839979214],[13.246437929691485,52.69915213650281],[13.246974287463395,52.699163068229744],[13.2479020501741,52.69918833254133],[13.248832579420538,52.699216351459086],[13.250640004331093,52.69927024915659],[13.250640220859204,52.69927039427383],[13.250640460069553,52.699270262957285],[13.251629156027645,52.69930066279869],[13.251629199202368,52.69930069182341],[13.251629246993131,52.699300665603786],[13.25940971518683,52.699541064351564],[13.259409912154918,52.69954119681817],[13.259410130485463,52.699541077347384],[13.260475478901956,52.69957486616124],[13.264353653970371,52.69969223501415],[13.26603509772325,52.699738497641114],[13.268448320579227,52.69979802167512],[13.269238814155104,52.699809771012475],[13.269922788966468,52.69981706006052],[13.269922897869737,52.69981712858018],[13.269923010742627,52.69981706247382],[13.270280968658126,52.69982103867037],[13.271359377564593,52.69982353033234],[13.27242655277025,52.69981965184135],[13.273831485463544,52.69978870744144],[13.27508028803223,52.69974787407253],[13.276663514907353,52.69967971824164],[13.277978949810361,52.699605825186744],[13.279039931135184,52.69953604863418],[13.28008634655586,52.69945575410193],[13.281131107845752,52.699363827023525],[13.281863468708437,52.699294495777494],[13.282149868192676,52.69926583598744],[13.282972366417882,52.69917952996299],[13.284002750623321,52.699064024950346],[13.285048295936488,52.69893435183379],[13.286381255150783,52.69875552806811],[13.287114247974541,52.69864831418317],[13.28814015901906,52.69849235101123],[13.289434085377207,52.69827863766864],[13.290941796098554,52.69800824767392],[13.291954216171192,52.697811855528215],[13.292699700929829,52.69766164222384],[13.293458068406357,52.697505747877685],[13.294463984861931,52.697286300585425],[13.295434344224695,52.69706155965866],[13.29643626344278,52.6968221675421],[13.297177762824251,52.6966376378824],[13.298144208453277,52.69638514500163],[13.29887376811819,52.696188729035065],[13.299352616007125,52.696057095621036],[13.301277749529739,52.69550570341339],[13.301749107306128,52.695366027209474],[13.302929891613443,52.69501156239703],[13.304609149997285,52.69450326888178],[13.305319145929765,52.694284662669624],[13.306266812139926,52.693996142740986],[13.30722437967379,52.693701668433214],[13.30818149184705,52.693413385479595],[13.30890370856798,52.69318966632883],[13.309620490829547,52.6929713587085],[13.31032457002716,52.69275602640448],[13.31103044788045,52.692540294458446],[13.311809055411043,52.69230099232949],[13.314247073441562,52.69155594291842],[13.315442389408355,52.69119418969424],[13.316384564695486,52.690903620897956],[13.316850089726548,52.690761591335054],[13.317560187123934,52.69054433110687],[13.318518028226743,52.69025317963532],[13.31921812272982,52.69003833492863],[13.319218335782816,52.690038377501416],[13.319218406075244,52.690038248090296],[13.32016374654173,52.68974890532242],[13.321579331693014,52.68931677966612],[13.322552474913975,52.68901939724832],[13.323262139921244,52.68880306296675],[13.323808455128031,52.688645236493],[13.324674958635518,52.6883712210244],[13.32539162011383,52.688152684062224],[13.326095631719655,52.68793724188221],[13.327539893849204,52.687495523219084],[13.3306089654151,52.68655687971848],[13.331551705767705,52.686271070406576],[13.332500453625585,52.68599354981714],[13.333223886578756,52.685787041446034],[13.333962372279174,52.685585426442145],[13.334930132169946,52.68532489126863],[13.335927433573163,52.68506522351625],[13.336910251927309,52.68482190306536],[13.337901545406462,52.68458292973474],[13.338890515433867,52.68435220361304],[13.339895381249123,52.68413004903996],[13.340883770675534,52.68391842338217],[13.341909641902674,52.68370862496837],[13.342877796371965,52.68352634407187],[13.344124632743014,52.683286510232556],[13.344129303614165,52.683287983883254],[13.344131846702698,52.6832851837579],[13.345678847121734,52.683013739747864],[13.34728206608052,52.68275533707585],[13.347285610974486,52.682756588198274],[13.347287739409344,52.682754459044254],[13.349193218259746,52.682471713115895],[13.351126545246752,52.68221654605126],[13.353098882660507,52.681987523677876],[13.3531027777342,52.681989131356765],[13.353105511055992,52.68198680137515],[13.354900925799187,52.68180393312917],[13.35699084105874,52.681623326826546],[13.35909443063167,52.68147158228155],[13.359099675714083,52.681474093458924],[13.359103975594753,52.68147098889502],[13.361524982165218,52.68134453174054],[13.363946458013308,52.681248297523894],[13.366364543506267,52.6811557941788],[13.369158342043603,52.68104574535933],[13.370576948140346,52.68098384976316],[13.371997334154916,52.68091380820584],[13.373337215537777,52.680837471303356],[13.374499202695976,52.680757812076905],[13.374743276895325,52.6807403217335],[13.37597744500794,52.680640536624956],[13.376819896103742,52.680561917107255],[13.377625264474972,52.680479164919674],[13.378509852187232,52.68037637059684],[13.379342702646095,52.68027199143132],[13.380394441495142,52.68011953097665],[13.38144061445327,52.679951746666504],[13.382992859024466,52.67966418364232],[13.384373898083867,52.67937490063714],[13.38557552710703,52.679087453404186],[13.386209514436548,52.6789202393253],[13.38684140344738,52.67874905946476],[13.387497416273195,52.67855598061532],[13.388124789571018,52.67836431096968],[13.38873736285341,52.678169793127104],[13.389697137347223,52.677842732174746],[13.390305859889807,52.67759906447419],[13.39104203231224,52.67733088489616],[13.391098303447764,52.67730780391987],[13.39263533550677,52.676676831662846],[13.39377899540863,52.67615938954986],[13.394444362347814,52.67582299098813],[13.394444756523274,52.675823012987756],[13.394444793463897,52.67582277343966],[13.394939556033153,52.67557358622536],[13.395493748817929,52.67530314707274],[13.395929003211617,52.67506959407333],[13.396608174626486,52.674680153286054],[13.397316638669134,52.67424918294778],[13.398229582569519,52.673666022770966],[13.399281954528403,52.672963083587376],[13.399911244782707,52.67251809129559],[13.400089368922181,52.67238840575952],[13.400894093723513,52.67174934477474],[13.401585522858527,52.6711511403764],[13.402349049367501,52.67045098720639],[13.402431342555758,52.670374379780064],[13.40350101599065,52.66930650023942],[13.40457792125267,52.66805866610961],[13.405668048682331,52.66668466175989],[13.40635150110993,52.66574549491313],[13.406832972265857,52.66504673944839],[13.40831408474125,52.66289714062009],[13.408314658060057,52.66289699786271],[13.408314424966845,52.662896648858755],[13.408420650054799,52.66274374593686],[13.408605613697262,52.662473901408916],[13.409789959166341,52.66076586261362],[13.410450678463672,52.65981290867013],[13.411957618905971,52.65757585987847],[13.4119595476087,52.65757536865448],[13.411958759212022,52.65757419096744],[13.412268419026947,52.65712733139011],[13.413437097059765,52.65547763578077],[13.413704169503731,52.655122614252605],[13.413704395584142,52.65512256307499],[13.413704311687523,52.65512242553294],[13.413791261074968,52.65500719353774],[13.414065272073747,52.65464325211132],[13.414747546998743,52.653765833772944],[13.415413341278615,52.65291271957133],[13.415420538562072,52.65291116006162],[13.415418243857417,52.65290672804625],[13.416057815072914,52.65216024945981],[13.416956346202104,52.65115736119401],[13.418171149900232,52.64988046799307],[13.418181090428918,52.6498788540937],[13.418178941539097,52.64987273467145],[13.418587876574906,52.649488936198836],[13.41898929837689,52.64910100042721],[13.419598407449516,52.648521602166646],[13.420412700245166,52.647780983860486],[13.42142383579325,52.646892114092154],[13.42142836692456,52.64689161217573],[13.421427642873446,52.646888845704154],[13.422132373314046,52.64629789097413],[13.423318543038231,52.64537070235459],[13.423735717589704,52.64503093681439],[13.424670402618952,52.644353556963885],[13.425550048146553,52.64372665774178],[13.426039939399937,52.643382993413326],[13.42676512222879,52.642877786769766],[13.427875294626013,52.64214406891541],[13.429357343477815,52.641207660763065],[13.430848100486479,52.64030431435052],[13.432844410759728,52.63924568727177],[13.432847374996635,52.63924581083707],[13.432847620542708,52.639244009534714],[13.434783161144479,52.63824683903477],[13.435986217742958,52.637664411193946],[13.437245694644549,52.63708363174476],[13.437247912082748,52.6370838174511],[13.437248241199358,52.63708247051136],[13.438110413311064,52.63669370552068],[13.439678357782434,52.63602900396018],[13.439680730127844,52.636029261821655],[13.439681181466222,52.63602782161647],[13.440851279263688,52.63554392322916],[13.440861142853029,52.63554506724584],[13.440863506363614,52.635539129910946],[13.441137557951187,52.635437413021194],[13.442205842404606,52.635021930787914],[13.442209351366225,52.63502240056216],[13.44221018425888,52.63502027419044],[13.44299578251083,52.634726275196705],[13.442995801872401,52.63472627800372],[13.442995806488016,52.63472626622439],[13.443657014464474,52.6344788641983],[13.444572125019212,52.63414136565842],[13.44457820760021,52.63414227299718],[13.444579883290427,52.63413860161767],[13.446580357625498,52.633450512880906],[13.449422932760463,52.63257781254904],[13.451140954995273,52.63208512625766],[13.452996917097687,52.631600927584245],[13.454429762402865,52.631248633137],[13.455651839467716,52.630955474898194],[13.455819942270411,52.630915072520295],[13.458286701568225,52.630385556280466],[13.460192836845154,52.63001988346667],[13.461406523525618,52.62979783834121],[13.461411309084108,52.62979940391388],[13.46141400723526,52.62979653430305],[13.461666075575893,52.62975478923254],[13.463162586897287,52.629504668352666],[13.466688330542198,52.628999470949054],[13.470653512246848,52.628558317089634],[13.473856959230382,52.62814410402466],[13.475556176756845,52.62788040152196],[13.476772873831951,52.62765922885978],[13.478370748156898,52.62730658781599],[13.48000224357427,52.62687935052849],[13.481138369614117,52.62652021636041],[13.482352917342588,52.62608136078602],[13.483163979693245,52.625757806996575],[13.483307985537301,52.625697111215125],[13.483310539434038,52.625697393434216],[13.483311035102242,52.625695842969265],[13.485721646309889,52.62470667284883],[13.487223348268422,52.62411841219632],[13.488871409706052,52.62354947882634],[13.490497134660659,52.623066698546985],[13.491707900813198,52.62275530427398],[13.49171113172094,52.622756102274955],[13.491712497194055,52.622754149758286],[13.492244574419153,52.622623679923564],[13.494430746368195,52.62208621165004],[13.494431025997207,52.62208628389107],[13.494431145108777,52.6220861138205],[13.502172158894941,52.62019053173123],[13.504334192927082,52.61965134793999],[13.504335354453211,52.61965164389581],[13.50433584774826,52.61965093878029],[13.505446908908368,52.61937859745003],[13.50659909555843,52.61909476034915],[13.508359438183007,52.618686601434554],[13.508364489354086,52.618687979470565],[13.508366888356445,52.61868494331535],[13.51070555782468,52.61818598186377],[13.512943110446932,52.617747448933706],[13.513821152168683,52.61759917940281],[13.51626316519219,52.61718589415998],[13.516266797976465,52.61718714308502],[13.516268922826091,52.61718495765403],[13.518316428153444,52.616865335767265],[13.518776169242116,52.61680576597331],[13.519907085848219,52.61665908389047],[13.520524351582502,52.61658915729085],[13.522784560587207,52.61633328450706],[13.524001019417314,52.61620805339151],[13.525820500973532,52.61604240012465],[13.52582382020109,52.61604389462056],[13.525826341355026,52.61604190457155],[13.527418430088211,52.61591665364617],[13.532748311932101,52.61556894599147],[13.532750694356913,52.615570115253625],[13.532752650330773,52.61556868256413],[13.536295430874281,52.61536957349974],[13.539215815690085,52.61518577504904],[13.539215962870687,52.61518584784102],[13.539216082595438,52.615185758322205],[13.541465426168223,52.61504539951394],[13.542177687170675,52.615008544605196],[13.542637075960721,52.61498191192592],[13.54344626192172,52.614924433091595],[13.543448286734016,52.61492540794253],[13.543449913382736,52.61492418770514],[13.545707238077107,52.61478111143204],[13.548732009621903,52.61458468206303],[13.550103257902126,52.61448264955924],[13.550104963333323,52.61448346145979],[13.550106314895487,52.61448243190862],[13.553050323735603,52.61428224684204],[13.553385786287196,52.61425706284173],[13.553612189560976,52.61423250841806],[13.55361839346341,52.61423514247265],[13.553622946715786,52.614231465932015],[13.555136727986016,52.6141021273074],[13.55612361218752,52.61401480915159],[13.557635073035254,52.61385783366068],[13.558860148776771,52.6137075451322],[13.56062692565609,52.613510836792976],[13.561235288220267,52.61343402232225],[13.563393091633285,52.61314994565264],[13.566005675349404,52.612800528686435],[13.568077643414181,52.612508319047286],[13.570115768344834,52.61223633566208],[13.572773447827691,52.61186888314925],[13.57533578603696,52.61153124711246],[13.575602092789902,52.61149115259481],[13.576192598077151,52.61140623613306],[13.576194003810155,52.61140676479594],[13.576194883422799,52.61140591331537],[13.576697381586413,52.61133621066792],[13.580378689966032,52.61081402363062],[13.582619775043113,52.61050227693466],[13.583234358259823,52.610400124704356],[13.583737944106272,52.61030438968776],[13.585704879275465,52.609865861375354],[13.587414156699605,52.60939132097504],[13.588542977280401,52.60903942573266],[13.589441554484823,52.60873624635466],[13.590451212468258,52.60835009306455],[13.592389673614377,52.60760097563089],[13.59399662317663,52.606907579159525],[13.59569824948118,52.60621003465738],[13.599015836394727,52.604863991100764],[13.600668579198778,52.60416705490193],[13.602681673076033,52.60317806769082],[13.602994188004946,52.6030016499607],[13.60351191045828,52.602708589031074],[13.603992793060321,52.60241745129166],[13.604688205712664,52.60197832820115],[13.605693829176458,52.601304496952146],[13.60834232157834,52.59946971684834],[13.60834242324008,52.59946971285801],[13.608342416736289,52.59946965095492],[13.612219419531085,52.59678605818097],[13.612219916834706,52.59678603879194],[13.612219886182157,52.59678573592297],[13.616725627768192,52.59368135560176],[13.621687165352968,52.59025081787684],[13.627129952724276,52.58647070065545],[13.632690603516721,52.582638685465724],[13.636217136351242,52.580175514338144],[13.636592781095498,52.57989118215705],[13.636597658270173,52.579890860809726],[13.636597246894777,52.57988788299466],[13.636950744556025,52.5796329681593],[13.638450084911343,52.578407522401726],[13.639438771774762,52.57749380230343],[13.640739201841368,52.57616271602071],[13.641088314097162,52.57577912228696],[13.641088813803373,52.57577903502894],[13.641088671822137,52.57577873037912],[13.645208087396513,52.571278360422],[13.647405040826472,52.56886182704713],[13.648413624677813,52.567793086694],[13.649825669762622,52.566503764734925],[13.650706998460029,52.56575536541378],[13.652317730099513,52.564548781568654],[13.654368335920053,52.56319133273601],[13.655794663881409,52.56233177131098],[13.661062894050325,52.559462529025026],[13.66834619843679,52.555389883715144],[13.670770319857157,52.554049543358616],[13.670770711057559,52.55404955496481],[13.670770730834148,52.55404931653961],[13.673189719408482,52.55271672601803],[13.67353270926039,52.5525277320615],[13.673533430285065,52.55252775422482],[13.673533469145228,52.55252731480456],[13.675109851719427,52.55166469999421],[13.67719536374896,52.550512548568975],[13.679349244132963,52.54931214107559],[13.679776196143365,52.54907396842679],[13.679776238632174,52.54907396957488],[13.679776240524195,52.54907394367405],[13.681812839401074,52.54793824706749],[13.681814087826721,52.5479382809358],[13.681814150886396,52.54793752009673],[13.68613864823253,52.54555462725316],[13.686138662495402,52.54555462769197],[13.686138663216157,52.54555461899669],[13.688400119751016,52.544308511239414],[13.6907898134002,52.542983315294045],[13.692233984983869,52.54214681421248],[13.693792087574671,52.541200825979416],[13.694021977330653,52.54105623247523],[13.694404174717079,52.540794248784565],[13.696726107801561,52.53925705464546],[13.698028863223136,52.53832202459865],[13.699308630020543,52.53736090581985],[13.69952051886817,52.53719976824405],[13.700428588810004,52.5364752272455],[13.70152144632285,52.535567013099104],[13.70229410503619,52.53492728450457],[13.702297741779352,52.53492694797791],[13.70229725473083,52.53492472467313],[13.70260343766925,52.53468044038192],[13.703556825340682,52.533928206378775],[13.70459147841122,52.5331247930212],[13.705422201052665,52.53249754372732],[13.7060537074172,52.53202754767046],[13.707375178118337,52.53105560509498],[13.707957573664801,52.53062650460891],[13.708619924203052,52.530114246358316],[13.710161232878693,52.52891977192506],[13.71158568654472,52.52776435554024],[13.711586004085689,52.52776432811138],[13.711585959601559,52.52776413440289],[13.711930719761753,52.52748537209097],[13.71318487537904,52.5264583128556],[13.717967566882043,52.52258619825544],[13.719334497644905,52.52146071311262],[13.721056035349886,52.52007414975675],[13.7229767015467,52.5184863192273],[13.72486609346115,52.51697015067993],[13.72680856566026,52.515385989968465],[13.729854826112401,52.512745662904635],[13.730396915304464,52.51230514200522],[13.732550392631556,52.51054563151439],[13.732558442101478,52.51054491933215],[13.732557596121103,52.51053998361865],[13.733982847685658,52.509467231761924],[13.73428513140406,52.509224844872726],[13.736223308801584,52.507781936064774],[13.736228096900216,52.507781646368095],[13.736227734104132,52.507778718827964],[13.736608434438283,52.50750841954396],[13.736611445439438,52.507508280609244],[13.73661126172285,52.50750644153283],[13.738098197727387,52.506481327003215],[13.738407889784098,52.50626664120725],[13.738564454757935,52.506158006681446],[13.741693992639988,52.50391806110449],[13.741698356314304,52.503917849112966],[13.741698101648181,52.503915182379295],[13.743809848777767,52.50246698363275],[13.749543191214647,52.49841487252867],[13.749855692050618,52.49817635002986],[13.750560159001918,52.49758484116802],[13.750921947348777,52.49723518604338],[13.751159058777716,52.496986293576036],[13.751242524735508,52.496887713927],[13.751400865033526,52.49670155439154],[13.75163765959678,52.496398604732484],[13.752038612356563,52.49582465461797],[13.752267537088986,52.495409770009026],[13.752406679962725,52.495142638684726],[13.752524126376748,52.49489631210393],[13.752680627587182,52.49440578862556],[13.752771063331155,52.494061242965934],[13.752892174836944,52.49331965077587],[13.753082373272283,52.49181840998658],[13.753260327598149,52.49031058207784],[13.753262540707151,52.49030941271674],[13.753260656545754,52.4903080453825],[13.753458329995299,52.488909514153235],[13.753865369537182,52.48523038592647],[13.754067893356119,52.483409882585754],[13.754201523455519,52.482488088286296],[13.75425526606178,52.48222393832582],[13.754255278414913,52.48222393245049],[13.754255268792507,52.482223924908084],[13.754327431424999,52.48186945147346],[13.754533434152489,52.48126157310671],[13.754543601805036,52.48125749375347],[13.75453754380284,52.48125105188873],[13.75480179163825,52.48065465009925],[13.755078509510819,52.48021474144893],[13.75535476329399,52.479775672221606],[13.75539844448228,52.47972188435344],[13.755826249404345,52.479194241913916],[13.75637300074157,52.47860497926866],[13.756382729006821,52.47860333562122],[13.756380523415958,52.4785973214495],[13.756596091698542,52.47838974585183],[13.757194795398364,52.477889028893145],[13.757822362525522,52.47742535433482],[13.758949942152306,52.47671964945662],[13.758974951371169,52.47671946090983],[13.75897782840227,52.47670429032713],[13.759188628140869,52.47660229064907],[13.759189944040223,52.47660238369084],[13.759190104811719,52.4766015808021],[13.760001996938561,52.47621384807753],[13.76086724061562,52.47582075685366],[13.760878915085371,52.475821803108495],[13.76088130596633,52.47581474754309],[13.762834227036135,52.47503111402683],[13.763947681594564,52.47462153486163],[13.764526912675713,52.47437667707311],[13.764535846314173,52.4743776690352],[13.764537867286872,52.47437226343066],[13.77403978900911,52.470726196995514],[13.777737731310973,52.469272289955995],[13.778423929284893,52.469000549523436],[13.77925618462758,52.46867128873347],[13.779858765583826,52.468392622545565],[13.781077160839354,52.467814889694814],[13.781079118948194,52.467815040203924],[13.78107938403063,52.46781384581458],[13.786052574692746,52.465501433305725],[13.788437825295409,52.46438030462879],[13.789139598448525,52.46404308057739],[13.789877398613198,52.46366730307246],[13.790786189297428,52.463165796718464],[13.791588704071238,52.4626796954636],[13.792006233464198,52.462410663493465],[13.792369459162988,52.46216743103589],[13.793161401385763,52.46159365678383],[13.79353889518068,52.46130218161767],[13.794306059770022,52.46065837609606],[13.79498353231585,52.46002666588324],[13.795291636863512,52.45971846495732],[13.796061433022123,52.45886393428494],[13.79639115230958,52.458447895895816],[13.796681493415388,52.45805800393148],[13.796994535529599,52.45761261223984],[13.797289578453142,52.45713934156805],[13.797565126679492,52.45666844556946],[13.797991786190973,52.45580801009234],[13.798245249797157,52.455179248719475],[13.798457855377883,52.45454521247059],[13.798646614902443,52.45391350443868],[13.798889091642792,52.45307014801327],[13.799697857273888,52.450150302246286],[13.799698421360931,52.450150057363196],[13.799698022436507,52.450149711905134],[13.800691955484671,52.44663208443909],[13.800877266288698,52.44594523834584],[13.80101948917815,52.445255040907654],[13.801071596157385,52.44462078054295],[13.801063844310853,52.44414261894971],[13.80104438174887,52.44390136058095],[13.801012681954635,52.44367093890489],[13.800968015293607,52.44341426687645],[13.800888802914244,52.443094373497246],[13.800781239091485,52.442738238327436],[13.800662434772754,52.442428287534064],[13.80052628631501,52.4421261977272],[13.800284267346047,52.44166962513666],[13.800165638000323,52.44147230094988],[13.80016565181741,52.44147228269924],[13.800165621954276,52.44147227425277],[13.800048082330735,52.44127666524899],[13.799839350779955,52.440984965022665],[13.799624253466341,52.44070788011582],[13.799113461253786,52.44013790635728],[13.79828486831315,52.43922554867415],[13.79828549713931,52.43922420577398],[13.798283306813014,52.43922380666767],[13.79780343058183,52.43868136032215],[13.796901283541397,52.43769620384708],[13.79690128354709,52.43769620383477],[13.79690128352693,52.43769620383129],[13.79499907430685,52.43561880030791],[13.794341800023078,52.43493008523316],[13.794342675484012,52.43492805230535],[13.794339364358285,52.434927483414285],[13.793281169018707,52.433774881163124],[13.793283198327249,52.43377046918321],[13.793276059173174,52.4337690677803],[13.792939693053587,52.43336894124013],[13.78949759551009,52.429601432869354],[13.788993536502641,52.42902534717125],[13.788690019053977,52.428656981508276],[13.788394212573499,52.428298037432555],[13.787725327096057,52.42740332910016],[13.787417978078404,52.42694401895028],[13.787124900084347,52.42648490260148],[13.786758245105215,52.425866052508624],[13.786514938464336,52.42542162601384],[13.786221177358618,52.42488639070655],[13.786226025145577,52.4248804342521],[13.786216556078074,52.4248771550791],[13.785978705429201,52.42435174765609],[13.785791138508323,52.423894426793424],[13.785792566622463,52.42389296939553],[13.785790202121985,52.4238920768011],[13.785654504277637,52.42354127648812],[13.785654722012309,52.42354106092001],[13.785654369836202,52.423540927378596],[13.785601770680522,52.42340372725726],[13.785607131991195,52.42339844289472],[13.78559876772895,52.42339490459076],[13.785295496874854,52.42237653685501],[13.785125053265338,52.4217536662512],[13.78512790911283,52.421751218706234],[13.785123975235782,52.42174941465315],[13.785040321973902,52.4213912356788],[13.784920294885703,52.42075649563242],[13.784854016730677,52.4201142210329],[13.7848554261972,52.420113243232855],[13.784853841514312,52.42011237146111],[13.784825738725182,52.41978665510553],[13.784805283005285,52.419467391815886],[13.784775647040625,52.418750789423534],[13.784774446233119,52.418183733160284],[13.784779459951352,52.418180659710444],[13.784774610378554,52.41817748932542],[13.784802113715193,52.41767478941365],[13.784806761897764,52.41767213136336],[13.784802561178367,52.417669208095234],[13.78496497567655,52.41613217446784],[13.785189347204312,52.41454222494882],[13.785263223059278,52.4140131229781],[13.785393282935182,52.41306701543383],[13.785486297034078,52.412195386096506],[13.785576913800694,52.410905839004954],[13.78559525078561,52.41031340258289],[13.78561151656736,52.40978642495758],[13.785622320879057,52.40854577734101],[13.785642477411407,52.40765524055587],[13.785669936535225,52.40709951859647],[13.785692752137658,52.406569637950554],[13.785737985152384,52.40573999903682],[13.785746030207832,52.40564611338595],[13.785792631373747,52.40509964223762],[13.785818289705974,52.404798355030366],[13.785881244518764,52.4039690403123],[13.785920827792747,52.40316043483539],[13.785964692241405,52.40172081586247],[13.785969983601081,52.40148028143055],[13.785993293343717,52.4004227581864],[13.786042909829455,52.39837203992746],[13.786073918435655,52.397092435578855],[13.786073919695246,52.39709243483085],[13.786073918472463,52.39709243406033],[13.786146832572399,52.39408487660332],[13.786168735101635,52.3929806189521],[13.786201524271755,52.39133431210472],[13.786201334365114,52.38985131530724],[13.786198531157481,52.38963351940443],[13.786170934467563,52.38942910017838],[13.786142996951375,52.389222156370025],[13.786067741684276,52.388866632400934],[13.78594052741495,52.388451436165745],[13.785725264407944,52.38786380798182],[13.785527905329372,52.387462258935855],[13.785448426438691,52.38732457822166],[13.785311469138723,52.38708725495876],[13.785059886961871,52.386716571413565],[13.784963868631934,52.38658165123294],[13.78471382359933,52.38628912885087],[13.78422160792855,52.385713340427316],[13.783876414522421,52.385378189978624],[13.781504305907934,52.383419063696536],[13.780335838196262,52.38248768110066],[13.780336133337778,52.382486307029815],[13.78033389120016,52.38248611137707],[13.775022163741392,52.3781540147761],[13.773575352886445,52.37698113050913],[13.772430369380395,52.3760663397792],[13.771228462360483,52.375092205699346],[13.770536368568576,52.374533869651216],[13.769983841776915,52.37408816211625],[13.768700754594137,52.37303762983337],[13.767619065545055,52.372098184447765],[13.766459795622916,52.37100236285449],[13.765646484624838,52.37015812207253],[13.764887316699864,52.369298001147705],[13.764174516128953,52.36842393072035],[13.763625486017052,52.36767858194887],[13.762912467563076,52.36662529307528],[13.762278109919306,52.365550414694596],[13.761860520062331,52.36477227966379],[13.761628441083266,52.3642963097337],[13.76135041328007,52.36367612370848],[13.761092520819833,52.36303909196153],[13.76042607130108,52.36113722029441],[13.759911379416339,52.359545867473095],[13.758459558035975,52.355014508589264],[13.758459773209111,52.355014312536845],[13.758459453421036,52.35501418042142],[13.758291598874152,52.354485012838765],[13.757029564042325,52.35053774899922],[13.756787268365805,52.34979355452884],[13.756787678775893,52.34979317803225],[13.756787065430215,52.34979292536592],[13.755157310446002,52.344691762264674],[13.754064744875043,52.3412797003943],[13.75406474739814,52.341279698094915],[13.754064743644076,52.34127969654948],[13.753390358159036,52.339173099046974],[13.752716015289876,52.33706694699762],[13.752332968868737,52.3359016911236],[13.752333631344097,52.33590108067831],[13.752332638657863,52.335900671343616],[13.751839248368235,52.334353470210374],[13.751839249701197,52.33435346899734],[13.751839247721053,52.33435346818077],[13.75129586995329,52.33264928491822],[13.751075952566362,52.33203124886545],[13.7510161662876,52.331855102059215],[13.751016179379484,52.331855089827826],[13.751016159415434,52.331855081806],[13.750673865700824,52.33084598101904],[13.750681083936401,52.330839238815074],[13.750670574621742,52.33083438498062],[13.75055399357675,52.33032540191115],[13.750315792157599,52.329652959661],[13.750042081425464,52.32904921789358],[13.74976048255718,52.32857399649683],[13.749436248598396,52.32812020157946],[13.74900855578775,52.32762930922881],[13.748568781210476,52.32722613163313],[13.748116638009154,52.32684053886844],[13.74748823233304,52.32637972584554],[13.746845294398309,52.32598667321716],[13.745810197477748,52.325492806259255],[13.745019396636362,52.32518206092997],[13.744178371066635,52.32490338222066],[13.743414686257038,52.32469038285468],[13.742546463800517,52.32450535331463],[13.742097143379478,52.324427416853446],[13.741687712137441,52.32436866217721],[13.74130913618976,52.32432152167016],[13.740685062242544,52.324266476425194],[13.740079709228363,52.32422830540593],[13.739552732377623,52.32421120786606],[13.73910784738158,52.324200592181185],[13.738425498655245,52.324212446302944],[13.737192353499172,52.324255971365076],[13.736251930767537,52.324291845501776],[13.736251247432001,52.32429147587521],[13.736250641184103,52.324291892944125],[13.7353164374111,52.32432499305301],[13.735315218083452,52.32432432760755],[13.73531412244964,52.32432506944511],[13.734237818097862,52.324357969549524],[13.734237809887098,52.32435796499658],[13.734237802456088,52.324357970027314],[13.727723576116821,52.324556670657046],[13.727721165686992,52.324555333676734],[13.727718945873258,52.32455678931196],[13.725957516510023,52.324593379492036],[13.72564407172107,52.32460051449246],[13.722558857720948,52.32470143306201],[13.72084207222855,52.32475842921345],[13.720840849518952,52.3247577570276],[13.720839742789313,52.32475850084425],[13.716435997219014,52.32488308578247],[13.715905373641796,52.32488359706808],[13.71526198077055,52.3248702735495],[13.714738030861211,52.32484711158437],[13.714206504133134,52.324812727085764],[13.713489157122424,52.32474399190667],[13.712958322631307,52.3246824828128],[13.712350570429503,52.32459627245893],[13.711826375080273,52.32450865389543],[13.711822497369091,52.32450449528901],[13.711815566490852,52.3245067098997],[13.711311460680513,52.32440956444831],[13.710638146923133,52.324263738912165],[13.70946214487347,52.323979554156075],[13.709461566119312,52.32397873764241],[13.709460229512379,52.32397908651899],[13.708669712368124,52.32378410280915],[13.702014181459845,52.32218680626733],[13.702013673108075,52.322186093568675],[13.702012506913546,52.32218640068653],[13.700020297354897,52.3216995224554],[13.69842876018803,52.32131133507949],[13.688485359846577,52.318904630160475],[13.676521081625811,52.3160110334574],[13.676521026182176,52.31601095515741],[13.67652089838031,52.31601098908319],[13.671815083933256,52.314870199983396],[13.671165187063805,52.31471700705054],[13.671165186557246,52.31471700635201],[13.67116518541746,52.31471700666245],[13.670393135032656,52.31453501057432],[13.66831970437103,52.31414341756892],[13.66461297535462,52.31344326286881],[13.663029611681505,52.31315006942614],[13.662509675359884,52.31305861478226],[13.662508915681387,52.31305777435735],[13.66250753870117,52.31305823356533],[13.66187253646434,52.31294333310675],[13.661869809872668,52.31294026190144],[13.661864724765643,52.3129418467214],[13.660832943392426,52.312735808273686],[13.65967546189765,52.31254246381017],[13.659671902951853,52.31253864806948],[13.65966555585965,52.31254069377876],[13.658953814353698,52.31240514746976],[13.658233009845699,52.31229561677235],[13.656777180171966,52.31207040603392],[13.655601711333537,52.31190181322551],[13.654737581036327,52.31178742542433],[13.654235523008163,52.311724124159014],[13.651258815250578,52.31140313392501],[13.648860354080867,52.311208515943136],[13.648148089628846,52.31116124304715],[13.645923835094585,52.31104163262588],[13.643833213497192,52.310966885498516],[13.643833170111105,52.310966855611035],[13.643833121334653,52.310966882193625],[13.633713380592964,52.31060258044956],[13.633712408243008,52.31060191000559],[13.633711307534321,52.31060250121677],[13.630949344297248,52.310490887514455],[13.629342418547964,52.31044042483628],[13.628431775843548,52.31042033566879],[13.627504214496557,52.310428295440225],[13.62701567056483,52.31045091860678],[13.625033020819068,52.31057178627687],[13.623599813696096,52.31067126588667],[13.622164393071875,52.310760554711244],[13.620697264952634,52.31086350750432],[13.618349263657324,52.311016259585465],[13.616938865028574,52.31111043274464],[13.616405806209167,52.31114584330673],[13.61640575851278,52.31114581979],[13.61640572012993,52.31114584901681],[13.615871411966564,52.31118124227751],[13.613939858320458,52.31129763342926],[13.611040006533155,52.31149152981004],[13.611039039272043,52.31149105357489],[13.611038256474327,52.311491643549545],[13.609696584257435,52.31157633976951],[13.60841706195647,52.31167470353352],[13.607515129647426,52.311773794299754],[13.607013948078922,52.311848578431295],[13.606778478661713,52.31188377797549],[13.606007614929064,52.3120274202483],[13.605273152204319,52.31219096978087],[13.60436183680264,52.312451739055206],[13.603675541835441,52.312662733546375],[13.60246846426136,52.31310979250178],[13.601334980473432,52.31358636029252],[13.59944898597506,52.314409642449704],[13.599446716616429,52.31440940870669],[13.599446309933077,52.31441079682952],[13.597364506245794,52.31529819973508],[13.597363868956199,52.3152981295956],[13.597363752517442,52.315298519940804],[13.595306020116405,52.3161697539124],[13.59342469110799,52.3169785956251],[13.589706547194684,52.318563056916105],[13.589149065391114,52.318774445083854],[13.588798629250785,52.31889118934405],[13.588211212622147,52.319089797085425],[13.587529238168091,52.31928665265655],[13.587360424471647,52.31932798009252],[13.587175162706744,52.319376437737255],[13.587068649947646,52.31940411903393],[13.587056236343159,52.319401042765264],[13.587050400432934,52.31940842795037],[13.585785677630467,52.319677728676595],[13.584399859650086,52.31988213534035],[13.583742617924846,52.31995431794493],[13.583132885740852,52.319998431875604],[13.582475744976197,52.32003503596009],[13.581605866405894,52.32005157393686],[13.580542393865477,52.32003164962665],[13.576965741422223,52.319920579631926],[13.573114151330076,52.31981211640818],[13.566679191159341,52.31964754281131],[13.566141127162112,52.31963475315846],[13.566137786387388,52.319632540703644],[13.566134096844497,52.31963453424446],[13.561631308100086,52.319461027074084],[13.556502518974218,52.319315495281984],[13.556501434765547,52.31931476631015],[13.556500236780865,52.319315425014935],[13.555894549411528,52.319295325416505],[13.553447433290367,52.319214241383214],[13.55164148117725,52.319157995773864],[13.548764446492907,52.31908372833698],[13.548764333160237,52.31908365277497],[13.548764209763135,52.3190837221645],[13.54540379619344,52.31899522170884],[13.545401891993215,52.31899394994522],[13.54539979084005,52.318995099354105],[13.542115598601598,52.31888093430381],[13.538289380090939,52.31876420379927],[13.534677444850194,52.318673206956056],[13.531781217138983,52.318682571359076],[13.529363639901598,52.318732516746344],[13.525638533015053,52.318936912097236],[13.525467907788189,52.31894704824341],[13.525467635824901,52.318946911039596],[13.525467411468135,52.31894707746655],[13.517821780823484,52.31939297902406],[13.517821470081866,52.319392821680786],[13.517821212716104,52.319393011796386],[13.514173556810242,52.31960118334104],[13.513321462090763,52.319645323334726],[13.512691400853374,52.31965874186214],[13.51148698888172,52.31966933070607],[13.510687164942647,52.31965257034402],[13.50988630021104,52.31961797005426],[13.509360911712163,52.3195864830661],[13.509002311543611,52.319563727683864],[13.508563491610017,52.31952696524014],[13.508038392089992,52.31948123855431],[13.507511242983588,52.319425919794796],[13.506988138477285,52.319364759273014],[13.506461854163874,52.31929441932563],[13.506120973724533,52.3192449855784],[13.505688147507174,52.31917993008568],[13.504922855033445,52.319051322161975],[13.504292315084134,52.31893722632289],[13.504290202032305,52.31893484627938],[13.50428627356531,52.31893608960069],[13.503153287974367,52.31871469918409],[13.50240414172996,52.318562925062785],[13.501653272411493,52.31840944949092],[13.501653063548876,52.3184091933813],[13.501652645153799,52.31840932079707],[13.500906398411733,52.31825563762396],[13.4996603244078,52.318005443089774]],[[12.815423790611138,52.33324378408891],[12.815248147655314,52.33365205978878],[12.815034115488293,52.33423761707364],[12.814956477148037,52.33487026682519],[12.814931705092834,52.33522644812504],[12.814927521974312,52.3355976017127],[12.814958276928085,52.33586526109358],[12.814996405486045,52.33613948040126],[12.815063998156315,52.33643247156071],[12.815138731701731,52.33672817007199],[12.815229426034005,52.336982950012576],[12.815325507281525,52.337244922318646],[12.815568540162063,52.33782159319971],[12.815690717383438,52.33812477628574],[12.815787684684858,52.3383625315497],[12.81580856480263,52.33797995607364],[12.815847293675848,52.33747773090132],[12.815902693854593,52.3369642996753],[12.815969905758138,52.33658762138452],[12.816057087341166,52.33621367679188],[12.81614380970255,52.335922017861456],[12.816262673621035,52.33558841182146],[12.816380262541673,52.33529767127414],[12.816384972587999,52.335295931799806],[12.816382260505748,52.33529300085838],[12.816505962104094,52.33501890117039],[12.816514356989682,52.33501598618334],[12.816510003320346,52.33501071075132],[12.816789768153154,52.33448887877271],[12.817114069607067,52.33396825187804],[12.817371459955684,52.33361744426692],[12.817646810645636,52.333270407199805],[12.81795942375083,52.33291948195204],[12.818262617422425,52.332597862365766],[12.81863743881713,52.33224199790079],[12.81903824300863,52.3318921380771],[12.819791215152293,52.33131027514433],[12.820371612437647,52.33091909475616],[12.820989355823851,52.33054091878135],[12.821441450320608,52.330293268776956],[12.821786022713193,52.33010907145755],[12.822143301145173,52.329929405925526],[12.822662346262911,52.32969479181488],[12.823314712720219,52.3294175440767],[12.82374708830414,52.32925555597059],[12.824221547555183,52.32907767144942],[12.82423070484487,52.32907902201185],[12.82423333203223,52.329073480427255],[12.824795103126998,52.32888423587538],[12.82396094229428,52.3290235702677],[12.82265828903749,52.32922887923063],[12.82195439290633,52.32935249940194],[12.82155401540231,52.32943588301457],[12.821170309805737,52.32952416155545],[12.820703478453751,52.32964868223368],[12.820219503323948,52.3298014245438],[12.819758869710991,52.32996259340468],[12.818802599038216,52.33036896014647],[12.817992691197285,52.330786062593894],[12.817260985899535,52.33126208046716],[12.816538619803064,52.331834300177206],[12.816058419774347,52.332345170780975],[12.81562523678789,52.33288194075115],[12.815423790611138,52.33324378408891]],[[12.920253251683786,52.29066622379512],[12.919893706466242,52.29063905167146],[12.91950612934996,52.290619280280325],[12.919182771727812,52.29061168655311],[12.918845315258643,52.29061293389164],[12.918506832230022,52.290625168195575],[12.918084055736605,52.290644688490396],[12.917779842588152,52.29066626117428],[12.917415147860806,52.29070571362142],[12.91712891962152,52.29074389671149],[12.917040040326837,52.29075743840386],[12.91685440592021,52.29078584786461],[12.916547055284518,52.2908400125157],[12.91615518027579,52.29092139449331],[12.915784001174336,52.291008934950305],[12.915495600574273,52.29108951533051],[12.9158401315696,52.29102751589225],[12.91625827088549,52.29096629460503],[12.916580839188802,52.290926565381355],[12.916854629856722,52.29089764382756],[12.916863866333589,52.290901642961344],[12.916870895403266,52.290896212167745],[12.917191342923095,52.29087360669706],[12.917562077233356,52.29085650847253],[12.917733810511486,52.290850660917215],[12.917902697634728,52.290845949238495],[12.918268966387634,52.290845125918636],[12.918580288455544,52.290849950217705],[12.918848406879912,52.290858354844936],[12.919115381402207,52.29087340003827],[12.919397390616048,52.290893786233035],[12.91966950516198,52.29091855193354],[12.919932492910897,52.29094586731935],[12.92020851868759,52.290979297767436],[12.92048062979347,52.291006875903165],[12.920800138776933,52.291042500934154],[12.92109160254346,52.29107807006564],[12.92157807354964,52.29114237021377],[12.92159343273259,52.29115696417597],[12.921619218706494,52.29114977573497],[12.922629742738772,52.291382089140576],[12.924106664877074,52.291718802756556],[12.924650656201127,52.29184316071986],[12.923819483699267,52.29151160445622],[12.923421931746834,52.291357359568394],[12.923046588227484,52.291229535539],[12.92270338666834,52.2911236437702],[12.92235160315519,52.29102534980502],[12.921995488611744,52.290937407112146],[12.921643615806886,52.29086264491784],[12.92125296290283,52.290792971830165],[12.920903688125073,52.290740362591855],[12.920543842395992,52.290694667876124],[12.920253251683786,52.29066622379512]],[[13.01184736808834,52.303475219436365],[13.012318736001907,52.30341330228182],[13.012273928128623,52.30341784934148],[13.011518708072511,52.30347857459462],[13.01102184600668,52.30350975624199],[13.010668913549885,52.30352187673127],[13.009891019869155,52.303540137593714],[13.009887991818006,52.303538418244294],[13.009885126788689,52.30354023955877],[13.009157185012288,52.303548344446206],[13.007423571840931,52.30356444635979],[13.00695636507623,52.30356923615893],[13.005556951022403,52.30358803493811],[13.004449188459366,52.30359979570407],[13.004670166033527,52.3036090775427],[13.00621300914517,52.303677899130065],[13.007174249087898,52.30371117546288],[13.007955380029452,52.30372483087494],[13.008201773776232,52.30372483086846],[13.009102105951243,52.30369610311315],[13.009285006862752,52.30368715263315],[13.01020919505898,52.30363779651046],[13.011324959273251,52.303543815641305],[13.01184736808834,52.303475219436365]],[[13.02357559626884,52.71154645997467],[13.02387886647004,52.711504078677],[13.024232574729265,52.71144376231579],[13.024532972407698,52.711383275664566],[13.024843837443449,52.7113161998763],[13.025021233379707,52.71127056196931],[13.02523052473552,52.71121636696817],[13.025429195120328,52.71116197375067],[13.025728140341016,52.71107261833935],[13.02602932572049,52.71097143587958],[13.026625797994127,52.710776099569394],[13.027448877152157,52.71045897204902],[13.023861728339995,52.71106841353428],[13.023838025278266,52.71106031090372],[13.023821533439346,52.71107344736197],[13.021966038703702,52.71122531233397],[13.021446910298394,52.71126607365318],[13.021086265064502,52.711290546358086],[13.021072512676886,52.71128387292289],[13.021060361648992,52.71129160822454],[13.020312851206896,52.71130228687555],[13.01970117534171,52.711279605348764],[13.019067931947115,52.71123358445516],[13.019058672553104,52.71122643208079],[13.019046241786471,52.71123150988401],[13.018597523965026,52.71117816363616],[13.018113720514819,52.711105541503194],[13.017641092646103,52.7110179032171],[13.017634341194286,52.71101643982496],[13.017889334054216,52.71109783779758],[13.018440168653008,52.71124847325833],[13.018969510659648,52.711377599819784],[13.019514722787795,52.71147412940878],[13.019847057117268,52.71153387273931],[13.020185610957439,52.71157287091848],[13.020720908380794,52.71162612853507],[13.021234821891339,52.711651571681514],[13.021456312049304,52.711659488852774],[13.02188877482622,52.71166181442356],[13.022297380573368,52.7116532009759],[13.02251689063283,52.711642104848345],[13.022831521780615,52.71162507956355],[13.023259328650026,52.71158112477687],[13.02357559626884,52.71154645997467]]],[[[13.799686094573781,52.423307699142164],[13.799967227083707,52.42339231676417],[13.80012932908857,52.423441787578135],[13.800156604042146,52.42344853634021],[13.800141475939245,52.42336893241542],[13.800020819765125,52.42290267416452],[13.799992516053345,52.42284309288462],[13.799931325794837,52.42279112201125],[13.799849102323833,52.42274027313463],[13.799754078973491,52.42269700958691],[13.798933676129696,52.42266307841175],[13.798564380823406,52.42258158943482],[13.798324938277256,52.42246439318699],[13.798232365843848,52.42240394396903],[13.7976662,52.4223842],[13.7976289,52.4223404],[13.7973952,52.4220211],[13.7971455,52.4223606],[13.796701,52.42224509999999],[13.7966219,52.4222245],[13.7967164,52.42205699999999],[13.795873,52.421792399999994],[13.7959246,52.42172739999999],[13.7956453,52.4216517],[13.794962,52.42148300000001],[13.7949717,52.421758499999996],[13.7947742,52.42214990000001],[13.794665,52.4224444],[13.7942101,52.42317709999999],[13.7941059,52.42333589999999],[13.794088500000003,52.42347579999999],[13.7937366,52.4237106],[13.7935752,52.4236694],[13.7935396,52.4237285],[13.7931263,52.42352579999999],[13.7932041,52.42346259999999],[13.7927939,52.42324529999999],[13.7936164,52.422485599999995],[13.7939744,52.4218291],[13.7939859,52.42177319999999],[13.7940546,52.4212937],[13.795021,52.421078599999994],[13.7951963,52.4210682],[13.7959075,52.42131739999999],[13.796982,52.4216603],[13.7974811,52.421799],[13.797582092600651,52.42180862151257],[13.797572812564733,52.42178607512254],[13.797786234815897,52.42156784423938],[13.797905634575768,52.421611489728676],[13.7979042,52.42159950000001],[13.797894283302272,52.421017722113056],[13.797510261855583,52.42092156289006],[13.797667884363248,52.42068626915158],[13.797807583052318,52.42065049262409],[13.797963815227043,52.420658150619055],[13.7979919,52.42059709999999],[13.797966700000002,52.4205942],[13.79813,52.420362399999995],[13.7986104,52.42060540000001],[13.7988168,52.4206654],[13.79888415886034,52.420703258640856],[13.799027496620552,52.420710283280314],[13.799028945275152,52.42071132333104],[13.79903066195777,52.42071044892922],[13.799314947577008,52.42072627203004],[13.79937315027205,52.42074873888568],[13.79941,52.42074999999999],[13.7996422,52.42072639999999],[13.7999284,52.420657399999996],[13.800185900000002,52.4205213],[13.8004005,52.420338099999995],[13.8005345,52.42015159999999],[13.8006254,52.420098700000004],[13.8008983,52.41983559999999],[13.8011167,52.4197424],[13.8013812,52.419692000000005],[13.801659400000002,52.4196659],[13.8019712,52.4196838],[13.8022029,52.41974139999999],[13.8023397,52.4198159],[13.8024502,52.4199108],[13.8027179,52.4197309],[13.802808492638313,52.41966397551182],[13.802687243453652,52.41965619776817],[13.802281053363059,52.41957437687721],[13.802097624457419,52.4195374911544],[13.802003989490132,52.419424127743795],[13.80196684042294,52.419379384461394],[13.8019349,52.419439600000004],[13.8017912,52.41943169999999],[13.801800600000002,52.4193627],[13.8017476,52.41935629999999],[13.8017405,52.4192945],[13.8016793,52.41929519999999],[13.801704,52.4194281],[13.801572200000003,52.4194238],[13.801529900000002,52.4193698],[13.8014919,52.4193781],[13.801525,52.41942439999999],[13.8014723,52.419430399999996],[13.8014405,52.4193683],[13.8013755,52.4193758],[13.8013835,52.4194434],[13.8011783,52.4194774],[13.8011219,52.41941769999999],[13.8010913,52.4194341],[13.801139100000002,52.4194849],[13.801062600000002,52.419503299999995],[13.8009945,52.419523799999986],[13.8008965,52.41945129999999],[13.8008353,52.41948339999999],[13.80091,52.41954020000001],[13.8007597,52.4196058],[13.800649,52.4195566],[13.8006233,52.419589499999994],[13.800684600000002,52.4196192],[13.8004601,52.41982579999999],[13.8003232,52.41994549999999],[13.8002975,52.420013499999996],[13.8002145,52.4201954],[13.800022700000001,52.420369499999985],[13.7998168,52.42048989999999],[13.799536,52.42058450000001],[13.7993458,52.42059040000001],[13.7991507,52.420589400000004],[13.7987025,52.42047730000001],[13.7984526,52.4203712],[13.7977013,52.419945399999996],[13.7971903,52.419675],[13.7968211,52.419501],[13.7964984,52.4194113],[13.7965919,52.419111],[13.7957186,52.419060900000005],[13.7957441,52.419441000000006],[13.7953991,52.419561],[13.794822,52.41978219999999],[13.7945962,52.4198432],[13.794283500000002,52.419909],[13.7940981,52.41994639999999],[13.7939417,52.419948399999996],[13.793487,52.4199257],[13.7929873,52.41981859999999],[13.792021600000002,52.41956589999999],[13.7915331,52.419458699999986],[13.7912735,52.419382],[13.7909704,52.4192748],[13.7902546,52.418739],[13.7899047,52.41851969999998],[13.7895452,52.41840659999998],[13.7893372,52.418349600000006],[13.789068,52.418327],[13.7887955,52.41830929999999],[13.7885559,52.418328],[13.788378,52.4182965],[13.7881442,52.418269],[13.787936200000003,52.4182503],[13.7877766,52.41822280000001],[13.787277,52.41804529999999],[13.7871911,52.4179773],[13.7871685,52.4178807],[13.7871594,52.4178496],[13.7873635,52.41772249999999],[13.7872387,52.41765120000001],[13.7871253,52.4177334],[13.787086,52.41763769999999],[13.7870844,52.41762079999999],[13.7870692,52.41746669999999],[13.787080700000002,52.4173476],[13.7871281,52.41722239999999],[13.7871953,52.4171198],[13.7872951,52.416926499999995],[13.7872143,52.416504499999995],[13.7871847,52.416276599999996],[13.7871121,52.41582220000001],[13.78719,52.4157302],[13.7872061,52.41560830000001],[13.78736,52.41562919999999],[13.7876709,52.41575379999999],[13.7881617,52.415563999999996],[13.7889744,52.41595340000001],[13.789669700000001,52.4163094],[13.7898413,52.41647689999999],[13.790013,52.4166078],[13.7910515,52.41687480000001],[13.7913605,52.41694280000001],[13.7916438,52.4171051],[13.792339,52.4169376],[13.7928028,52.41685369999999],[13.7930227,52.41680219999999],[13.7933271,52.416677799999995],[13.7944365,52.4168744],[13.7943517,52.417019100000005],[13.7951113,52.417298800000005],[13.7955748,52.41748719999999],[13.7956268,52.41763119999999],[13.7955228,52.4185189],[13.7961751,52.4186131],[13.7964675,52.41851849999999],[13.7967843,52.418430199999996],[13.796969400000002,52.41824869999999],[13.7974902,52.418132299999996],[13.7980181,52.41773659999999],[13.7982012,52.41778560000001],[13.798475900000001,52.417450599999995],[13.7987677,52.41723599999999],[13.7993111,52.41713089999999],[13.7992827,52.416702],[13.7997301,52.416657499999985],[13.8005187,52.4165397],[13.8008089,52.416424799999994],[13.801167,52.41631009999998],[13.8011214,52.416118699999984],[13.8015693,52.4160647],[13.801518400000003,52.4159551],[13.8010383,52.41600579999999],[13.801020600000001,52.41594059999999],[13.8009869,52.4158159],[13.8007263,52.415793400000005],[13.8008103,52.4155543],[13.800581,52.41557960000001],[13.8003727,52.41532519999999],[13.8007247,52.4151995],[13.8008643,52.4151568],[13.801156213764003,52.415030241166214],[13.801065207996231,52.4149836354785],[13.801028583434002,52.414730359663935],[13.801442790824318,52.41470796420977],[13.80162540036218,52.41480148124714],[13.8023384,52.4144119],[13.8028984,52.4145753],[13.803856,52.4146879],[13.8036866,52.41505069999999],[13.8041381,52.415113700000006],[13.804473500000002,52.41509659999999],[13.8044884,52.4152201],[13.8052753,52.4153743],[13.805206,52.41555799999999],[13.805407000000002,52.4155995],[13.805391965208326,52.41564980334709],[13.805475091182117,52.41562192041811],[13.805569456593998,52.41558379880443],[13.805697613561666,52.41552110740973],[13.805733490682975,52.415523544671025],[13.805845500000002,52.41512139999999],[13.8060488,52.4151326],[13.8060506,52.4150904],[13.8063297,52.4150989],[13.8063014,52.4153348],[13.8067166,52.4153393],[13.8069504,52.415252300000006],[13.8073048,52.4152525],[13.8076196,52.4142204],[13.8077099,52.414264100000004],[13.808671,52.4145778],[13.8091526,52.4146936],[13.809750800000002,52.414660000000005],[13.8104757,52.414811099999994],[13.810726400000002,52.4148476],[13.811917000000001,52.4154613],[13.8122431,52.4155817],[13.8126895,52.4156602],[13.8132903,52.4157335],[13.8137709,52.4158906],[13.81414,52.41591150000001],[13.814449,52.415838199999996],[13.8148181,52.415665499999996],[13.815376,52.415874899999984],[13.8156023,52.41571459999999],[13.8161151,52.4160221],[13.8160286,52.4162347],[13.8158569,52.41635509999999],[13.8158912,52.41644929999999],[13.815890039415116,52.41648815288129],[13.816575307125143,52.416336166419136],[13.81769529259087,52.416078036756716],[13.817939753678074,52.416013612374435],[13.818179321481004,52.415932473048805],[13.818595004799127,52.41578435607748],[13.818860263462541,52.41573128090118],[13.819205117352242,52.41567816186341],[13.820020209515175,52.415576313348474],[13.820840069133803,52.4154892987368],[13.822010740817337,52.41539164017336],[13.822275175015577,52.41539518127172],[13.822402054596047,52.41539019355957],[13.822485904009328,52.415369928934574],[13.822757147454706,52.41528794034624],[13.823018725904035,52.41519535657327],[13.82323649237755,52.4151736617847],[13.824027183249191,52.41528865192233],[13.825016428292777,52.415434517493026],[13.825233345486364,52.41565144661625],[13.82487857115185,52.41578408245848],[13.823890216198725,52.41563834802971],[13.823217437266539,52.41554050611589],[13.823035053535762,52.41560505949215],[13.822724696871411,52.415698870945604],[13.822532145915948,52.415745406402465],[13.82228762502352,52.41575501872284],[13.822044259307637,52.41575175981967],[13.820930131217223,52.415844701242925],[13.820129390910463,52.415929686623684],[13.81933588315602,52.41602883809838],[13.819023737166782,52.41607691904114],[13.818837196096839,52.4161142437993],[13.818469879540668,52.41624512677471],[13.818199247263447,52.416336787484454],[13.8179155082316,52.41641156314103],[13.816779293644274,52.41667343349276],[13.816002153955768,52.41684579613626],[13.815822394119985,52.4169079461901],[13.815797236573337,52.41697929354894],[13.815851626954057,52.41704800376726],[13.816447585571794,52.41720989328105],[13.816515178018983,52.417317300011874],[13.816872322405919,52.41741487436708],[13.817186372100386,52.41749585015635],[13.817437211136259,52.41755397732984],[13.817607967082814,52.417785817644216],[13.81722878806225,52.4178902225689],[13.81696782706571,52.4178297497331],[13.816638076712078,52.41774472550714],[13.816029581401889,52.41757847918251],[13.815510938722417,52.41743291594232],[13.81544553895431,52.41741759320959],[13.81529062012783,52.41738299148596],[13.815019120865644,52.4173086455313],[13.814931249280015,52.417271994975444],[13.814686665067919,52.417444684360575],[13.814587432747551,52.41750533819656],[13.814185122600557,52.417764066686786],[13.814119353745653,52.41780497814033],[13.814077195940376,52.41783092147879],[13.814021026848382,52.41786546408029],[13.813922291434412,52.41786563865042],[13.813866476634628,52.41791543702863],[13.81386540714136,52.41791555913726],[13.8138656,52.4182815],[13.8142604,52.41835999999999],[13.8153848,52.4185171],[13.815476,52.41852349999999],[13.816054300000001,52.4185642],[13.8167924,52.418412399999994],[13.8170537,52.41847799999999],[13.8176329,52.4186234],[13.8177478,52.418857200000005],[13.8189368,52.41928299999999],[13.8191706,52.41960220000001],[13.819313,52.41993389999999],[13.819433321956371,52.4201218564193],[13.819492803467764,52.42007807281941],[13.819593417834266,52.42007238033443],[13.819848164598357,52.41989462639832],[13.820241011518934,52.41988082812482],[13.820507326966911,52.4199595550265],[13.820605191378329,52.419797937115035],[13.820995195158396,52.41988621449195],[13.821238053014344,52.420209263153815],[13.821556,52.4202654],[13.8220677,52.4203137],[13.821952297654612,52.420593578418895],[13.822019976983796,52.42060240665235],[13.82250232888161,52.42067095716899],[13.82264141882176,52.42068888475396],[13.822757732470858,52.420705931218876],[13.822896264233865,52.42067640303103],[13.822976066216603,52.420484170270065],[13.823228070317613,52.42039247449557],[13.823256259491087,52.42022221092732],[13.823571785548427,52.4202417375521],[13.824225133803324,52.41979449920712],[13.824348946515551,52.4197125773048],[13.824665844889388,52.4195791531998],[13.824945895272236,52.41952761432496],[13.82516367323805,52.419513861259986],[13.825386251595292,52.4195160134202],[13.825490395041852,52.41952075348878],[13.82557633826384,52.41946909262934],[13.825634331481133,52.41946939379118],[13.825653113998946,52.419435846260974],[13.825739978900122,52.41940982425547],[13.825754638738733,52.41940492149995],[13.825736841752766,52.41940455855241],[13.825358654593195,52.419394237064445],[13.824956799298363,52.41938472390559],[13.824354402072176,52.41936688776972],[13.823859031325933,52.419345651838775],[13.823586258212543,52.41915372382003],[13.823900168495696,52.418986948151286],[13.824115197327394,52.41899616641834],[13.824174019102715,52.41880792446369],[13.824238206259194,52.4186683372057],[13.824304368873369,52.41858443883222],[13.824435127011906,52.41850467952894],[13.824514516377864,52.41848956921973],[13.8245721,52.41835650000001],[13.8254561,52.4184822],[13.825373380287303,52.418726618405806],[13.825375881647165,52.418812359764274],[13.825336381340367,52.418961599863145],[13.825309644239589,52.41903322303764],[13.825383145295767,52.41903496292831],[13.825759758142585,52.419045241440564],[13.826361300648372,52.419057507623855],[13.826447535403998,52.41905931037482],[13.827316666630114,52.419077066227494],[13.827662799184942,52.419095334203],[13.828158966564217,52.41800289391648],[13.828520977835165,52.41787776278068],[13.828725634062407,52.41809910540774],[13.828257889506093,52.419128996047924],[13.829108755248578,52.41918675445134],[13.82935454038315,52.4190706709041],[13.829884230778994,52.41911224195442],[13.83010693648211,52.419199909060005],[13.830147806762886,52.419290556150834],[13.830193493633304,52.41929870929886],[13.830207472608746,52.41931430199893],[13.83023477921147,52.41930818293707],[13.830881266784148,52.41949141879711],[13.832227767711935,52.41983755911626],[13.833106954756635,52.42006352431017],[13.833457950102735,52.420152055418406],[13.833831007664848,52.420254509724636],[13.834217964425848,52.42037512216092],[13.834346390046848,52.42061695994494],[13.833950834599248,52.42069547767825],[13.833576791395027,52.420578890128844],[13.833225249019856,52.42048234445746],[13.83288084438613,52.42039547557216],[13.831999838538596,52.420169042592576],[13.830643532323357,52.419820381073684],[13.83032066560967,52.419728870528864],[13.8302736,52.420328000000005],[13.831834600000002,52.420471199999994],[13.8337919,52.42077990000001],[13.8345651,52.4213728],[13.8348586,52.4215978],[13.834866800000002,52.4216051],[13.8351205,52.4218302],[13.8356547,52.4223043],[13.8359408,52.42238079999999],[13.8361042,52.4224263],[13.8364501,52.422725699999994],[13.8364878,52.422782899999994],[13.836668,52.423170199999994],[13.8371487,52.4245206],[13.838310035537548,52.42422293945795],[13.838187438320507,52.42411279163721],[13.838088569403599,52.42402012059668],[13.837588126485958,52.423550789237254],[13.837459285668475,52.4234179717176],[13.837247495603311,52.42315566092885],[13.83710987070713,52.42287989034423],[13.837010283563911,52.42271363871095],[13.836799723609435,52.42248006315804],[13.836060860014376,52.421791967329845],[13.836145313841996,52.4215430001196],[13.836552538892416,52.42159463215097],[13.837303875336497,52.42229433629691],[13.837547115535706,52.422564160673474],[13.837667728580024,52.422765508992974],[13.837796103579974,52.42302273842921],[13.83797671333345,52.42324642770921],[13.838087672445281,52.42336081022733],[13.838581249318661,52.42382369745267],[13.838676960579514,52.423913407848005],[13.838745918563879,52.42397536280305],[13.840425142868266,52.42400971013044],[13.842358744228301,52.424010707570005],[13.842652596166554,52.42419064894458],[13.842358255758343,52.424370292424584],[13.840415057079312,52.424369289863705],[13.839126231529509,52.42434293003927],[13.839156111337822,52.424372416424006],[13.839243282771177,52.42445846059229],[13.839606249902664,52.424838920254935],[13.839731642155769,52.42497044064255],[13.84047684720797,52.425765541956764],[13.840612413235311,52.42592217093363],[13.840652758446518,52.42598499902204],[13.840700562727676,52.42598922501907],[13.840986328368809,52.42604848192647],[13.841671080151313,52.42624518982199],[13.841786030411164,52.42630526887358],[13.841882418782687,52.426381453928585],[13.842411788128404,52.42699124669592],[13.843543710690899,52.428276526235685],[13.843872310172738,52.42867151469154],[13.843898953944645,52.42869785031548],[13.845625039857724,52.42935701747081],[13.845642108203686,52.42940218739122],[13.845716254938232,52.42941193242405],[13.845682284243258,52.429508509482204],[13.845718654501129,52.429604759486466],[13.845644758511717,52.42961519282369],[13.845628816010196,52.429660516209026],[13.845168050484533,52.42984248061906],[13.844714448338788,52.42999638198962],[13.8448591,52.43026739999999],[13.8448591,52.43051859999999],[13.844009400000001,52.4307489],[13.8437244,52.430425499999984],[13.84241538894355,52.43083984299081],[13.842476871066472,52.430853628683074],[13.842707196219777,52.430922607427355],[13.842961234793595,52.43103490454306],[13.843172906286657,52.43124789565637],[13.84326431863336,52.43135345574556],[13.843536661104935,52.431726910396975],[13.84384298637356,52.43213763023241],[13.844211041063723,52.43253458726261],[13.844474143203874,52.43275988575655],[13.844664085795795,52.43290160775423],[13.844833849346694,52.4329016075701],[13.845160213250784,52.43307852283149],[13.845687631447657,52.43342861415649],[13.845914786432541,52.43354059030483],[13.846473710666562,52.433869303359046],[13.846875258735029,52.434080664665686],[13.84690619875716,52.434334225174524],[13.846491340079233,52.434353135012756],[13.846077488139436,52.43413529629919],[13.845525412375975,52.43381060936471],[13.845284367350352,52.43369178548984],[13.844747585548921,52.433335476798845],[13.844610549734757,52.43326119231382],[13.844385513061605,52.43326119206976],[13.844006655642273,52.432978513772674],[13.843714357852575,52.43272821220792],[13.843640144766916,52.43264817109473],[13.8436853,52.432729699999996],[13.8437896,52.43292629999999],[13.8438041,52.4330745],[13.8437849,52.433121299999996],[13.8437266,52.43313800000001],[13.843528400000002,52.433111699999984],[13.8432194,52.4330855],[13.8421221,52.43314639999999],[13.841658000000002,52.43319640000001],[13.84143,52.433233],[13.8411509,52.43331580000002],[13.8407818,52.4336402],[13.840695200000003,52.4338182],[13.8406788,52.433880999999985],[13.8407303,52.4341531],[13.8408934,52.43434669999999],[13.841211,52.4345037],[13.8417603,52.43465539999999],[13.8423525,52.434765299999995],[13.8427388,52.4348792],[13.8417732,52.43539289999999],[13.841734940809513,52.43540801732621],[13.841721073650598,52.43548850044935],[13.841760791272002,52.43559116911815],[13.841701918024604,52.435599676614494],[13.841695582386597,52.43563644750618],[13.841306887957945,52.435828741266775],[13.840896699966004,52.435942912888706],[13.840714330424747,52.436093770925574],[13.84066262966999,52.43623019004335],[13.84303610847193,52.436691197355856],[13.843367439205688,52.436765901915315],[13.843695694022,52.43685711376765],[13.843837800646192,52.43678074659538],[13.844695222941027,52.43713177871087],[13.844856923571884,52.43726916451987],[13.846942926757565,52.438084199631604],[13.848097435372486,52.438489063139045],[13.848635794090981,52.43870528482998],[13.849076047288335,52.43885694405908],[13.852105892581863,52.44008936391634],[13.85252038441011,52.44042618648519],[13.853859535033157,52.44208557212461],[13.854165533203707,52.442613299393194],[13.854635533850072,52.443753246966914],[13.855483059818196,52.44561562882664],[13.856130564081043,52.446681284994966],[13.856303976049166,52.44702795812891],[13.856401461409524,52.44701511743443],[13.856688301923459,52.44704884027068],[13.857359797633661,52.44742391735841],[13.858558091965572,52.44802994526667],[13.859123570872283,52.44832883463949],[13.859114308385587,52.44850262080199],[13.859072070894685,52.448551832885094],[13.85999203388776,52.44898001958001],[13.860710389694296,52.44920324819593],[13.861962568866629,52.449668776671004],[13.862079944712827,52.44966435555847],[13.862383978633886,52.44967953462651],[13.864168832893029,52.45045579075495],[13.867274715722886,52.45146224314876],[13.867421337126299,52.45151615109776],[13.867521744437358,52.45176290474717],[13.867117861809486,52.451824248697605],[13.86698488324352,52.45177535666376],[13.863858966025877,52.450762409032016],[13.862174620526256,52.450029865271006],[13.862074055251897,52.4500248444359],[13.86181443050871,52.450034623273524],[13.860423609278994,52.449517551620275],[13.859677765019082,52.44928578020112],[13.858517395335317,52.44874569512869],[13.858421675823887,52.448535361071926],[13.858481934929735,52.44846515297171],[13.858177906850663,52.448304454417915],[13.856973401177349,52.44769528231609],[13.856413897031652,52.44738275955954],[13.85640813860653,52.44738208256001],[13.85615890349716,52.44741491116358],[13.85584908737852,52.447348789653056],[13.855572835200126,52.44679651434275],[13.854922739487005,52.44572657050509],[13.854066665566423,52.443845352345186],[13.853601666140419,52.44271749993039],[13.853316464113547,52.44222562724611],[13.852017014516614,52.44061541297145],[13.851696106186758,52.44035463571862],[13.848768151637422,52.439163655730404],[13.848329404838159,52.43901251496146],[13.847789163552832,52.43879553664995],[13.846637872174902,52.43839180016157],[13.844445075187902,52.437535035111395],[13.844279575822775,52.43739442091386],[13.84388639958495,52.437233453392516],[13.843798506455574,52.43728068620537],[13.843143559942796,52.43709869796921],[13.842845090783449,52.43703140255792],[13.840212881805602,52.436520137074],[13.837644299835645,52.4359037334203],[13.837484195644098,52.43585452100395],[13.837197397623049,52.43571751192097],[13.837081238183986,52.43566296035926],[13.83706774540418,52.43566849325832],[13.83706019934218,52.43567392828525],[13.837059873090517,52.43567394461955],[13.837059899302565,52.435674144043155],[13.837040399320959,52.435688144079926],[13.837017025358707,52.4356892916809],[13.836897301332643,52.43573838592937],[13.837049786260435,52.435845283338466],[13.836799400518542,52.43597869747338],[13.83699077493152,52.43608970417077],[13.836704382733014,52.43627413067178],[13.8360896516452,52.43628394440198],[13.835942551684182,52.43629345953386],[13.835785124294143,52.43623279600685],[13.835496139242606,52.43605352980708],[13.835410600528377,52.43600296962667],[13.835124403541757,52.43588719010335],[13.835001812491031,52.435797372615454],[13.834954334008422,52.43570945605209],[13.834667705870677,52.43549694116715],[13.834502853939231,52.43537989487967],[13.83445405060621,52.435345235899796],[13.834349577971386,52.43532084672908],[13.834120163162838,52.435179638970695],[13.833933256452045,52.43505774290693],[13.833870346257617,52.4350167144331],[13.833801108341476,52.43500310972772],[13.833712005873263,52.43493464779453],[13.833389377294669,52.43473540233363],[13.833048565668355,52.43451432924586],[13.83282156760507,52.43437382769197],[13.832627350427314,52.43415708277682],[13.832521813855246,52.43399893559105],[13.832411707932764,52.433836368298046],[13.832241298764323,52.433584664297385],[13.832190889561632,52.43356434751711],[13.832074501387147,52.43342341793666],[13.831933736446288,52.43325291989577],[13.831738703818571,52.432982563757626],[13.831049378781731,52.433204476394565],[13.830652037011417,52.433129184086624],[13.830775222199037,52.43288632344808],[13.831536469631082,52.43264125709302],[13.831596292915183,52.43249893968723],[13.831672798155669,52.432477888019356],[13.8316466,52.4324415],[13.83239502987537,52.432338723827975],[13.832431126817415,52.43228438138774],[13.832557171990139,52.43225183340394],[13.832591019657007,52.4321969340982],[13.832543446659189,52.432138722842126],[13.832430042877421,52.43200199954758],[13.83251705792643,52.43183942964048],[13.832282830887435,52.4316108951684],[13.831688673796398,52.431067452354554],[13.83125640453655,52.43066925093409],[13.831003701952868,52.43036447374144],[13.830781010473864,52.430204055418294],[13.830665298737467,52.430067349167025],[13.830496520916837,52.42980828050178],[13.830374510324301,52.42963133212256],[13.830330380374644,52.42953903882992],[13.830530184284545,52.42931602803765],[13.830895018990406,52.42943816049177],[13.830929688926481,52.42951066722072],[13.831040878251263,52.42967191886599],[13.831201100363524,52.42991785021973],[13.831272788408999,52.43000254406213],[13.831497096932896,52.430164125735615],[13.831765594424313,52.43048794851025],[13.832178325103515,52.4308681471304],[13.832727454161489,52.43137040071847],[13.833128490377122,52.43148066524936],[13.8324642,52.43063070000001],[13.8315894,52.4299653],[13.831598,52.42972459999999],[13.831520700000002,52.4295153],[13.8312203,52.4294786],[13.8308856,52.4293635],[13.830513200000002,52.429227899999994],[13.830846404471245,52.42886204918092],[13.830835078199334,52.42886068098153],[13.830603554769123,52.428649443717084],[13.830760286895812,52.428585255244826],[13.830679738806896,52.42851097906058],[13.830830127396004,52.428450039478506],[13.830662044078226,52.42841403309538],[13.830799608560712,52.42817407652992],[13.830833906903573,52.428163991899595],[13.8305978,52.42805759999999],[13.830539751417572,52.4276830313653],[13.830451267299518,52.42768497602249],[13.830146771996057,52.42751175932488],[13.830430132774973,52.42732562397169],[13.830583744073063,52.42732224793378],[13.8306589,52.427158999999996],[13.830685353003096,52.42710165887282],[13.83060813079123,52.427086880795876],[13.830415318897991,52.42686158535016],[13.830740823573375,52.4267574854683],[13.830581711671359,52.426617106182874],[13.830923599735478,52.42647229542215],[13.83101304055199,52.42648221445438],[13.831057788197676,52.42648409370014],[13.8311895,52.42631349999999],[13.8319916,52.426320099999984],[13.8331098,52.4263843],[13.8332772,52.426345399999995],[13.833060066771045,52.4260481158836],[13.832906501088635,52.426033380272834],[13.832710599559613,52.42586902576237],[13.832193427115007,52.42539725989556],[13.8320599,52.42547439999999],[13.831891479335052,52.425379623450894],[13.831794091409638,52.42543535570158],[13.831378391653926,52.42542697018649],[13.831380186638016,52.425393718575755],[13.831328835666602,52.42544641055585],[13.831498530822481,52.42554942118287],[13.831499994910185,52.42580368415679],[13.831084067980767,52.42580457844419],[13.8307831401008,52.42562190362377],[13.830565114811217,52.42556103193132],[13.830184943427298,52.42548010739122],[13.830028837563477,52.42547795374683],[13.829651422986577,52.42553106996064],[13.829267279940904,52.42559302844255],[13.828999372481565,52.42559136957237],[13.828729300521525,52.425550381786486],[13.828497048513789,52.42544751410649],[13.828367110954138,52.42534590442107],[13.828230966895795,52.42522152849875],[13.828169277130037,52.42507195395564],[13.827094254279261,52.42538570865765],[13.826173819392316,52.425630493545846],[13.825225210644936,52.42587460569616],[13.825116641734706,52.42590881361392],[13.825023576461902,52.42589062101349],[13.824946718086592,52.425927501008665],[13.824818801263298,52.42591807904862],[13.82479354793031,52.42591485972041],[13.824654800356312,52.425958109115626],[13.824423006721588,52.42591211525491],[13.82383218503313,52.42582173342717],[13.823823702903232,52.425820466000886],[13.823957688354431,52.426851552327015],[13.823996408077853,52.42714906659418],[13.822628264827735,52.42727993083515],[13.822261012968692,52.42731492713069],[13.822072869819493,52.42724542352923],[13.822060478674096,52.42727675257989],[13.821976943375764,52.42748734515881],[13.821884955515767,52.42771951829851],[13.821782158454694,52.42797901510551],[13.821741535428222,52.42808137485554],[13.82168528091949,52.42822321459766],[13.821571921595444,52.428506867616136],[13.821216398637487,52.428638855515324],[13.821000478966692,52.42842153169638],[13.821005867562484,52.42840804862123],[13.817818445657975,52.42792214821616],[13.818019352488681,52.42873845198827],[13.817772257310942,52.42894299099541],[13.817437647170248,52.428791947294066],[13.817347261214387,52.42842468445662],[13.817048993101054,52.428456241450945],[13.817135090455466,52.428832493883746],[13.81688454418114,52.42903545833301],[13.816552509227293,52.428882305396606],[13.81654052101731,52.42882991329793],[13.81611335345941,52.428853590287055],[13.816121656682384,52.428894206188374],[13.815866270669076,52.429094904203225],[13.81553794303435,52.42893879308939],[13.814747390464094,52.42507116405611],[13.814328252067003,52.42513149150858],[13.813947373202268,52.42515397433887],[13.813833307269975,52.42516634070167],[13.813438546109053,52.42520579678856],[13.812289853090494,52.42532752974909],[13.811890769301439,52.42537507932636],[13.80932575951034,52.425746698560594],[13.809062223847485,52.42582006636497],[13.808766021844923,52.425928310784016],[13.80812394951565,52.426023436778856],[13.807602291526877,52.42606330630741],[13.807316196427816,52.42600094267048],[13.807182410429405,52.425976857780704],[13.806344996552578,52.425885461437964],[13.805840474275119,52.425863474649546],[13.805528632142874,52.42584502571835],[13.805382296905949,52.42581778709802],[13.8052308,52.426317499999996],[13.8044411,52.42625999999999],[13.80456999152304,52.42574180488268],[13.804463063106725,52.425757086211895],[13.803495454606864,52.42569468373951],[13.802639782953092,52.42565540358718],[13.802448273119479,52.425667779526364],[13.802163272950121,52.42571513059659],[13.800955927399151,52.425804145460624],[13.796515088895683,52.426144939306965],[13.795027284949107,52.426214148846356],[13.79428127163281,52.426216980948105],[13.793798267203487,52.426169214823965],[13.792598746353141,52.426015233888855],[13.791369478828493,52.42576487059395],[13.790415771073878,52.42558189515785],[13.78993329326845,52.42548756483621],[13.78907102014715,52.425317244229966],[13.788510910203952,52.425033051125695],[13.788208484449253,52.42480451453373],[13.788019482426254,52.42454601601151],[13.787843001453592,52.42419324850003],[13.787730343765595,52.424049273031436],[13.787635790248608,52.42397696707639],[13.787450921860799,52.423835589815475],[13.787343924238817,52.42369490025038],[13.787486611018029,52.42345606881874],[13.787877274853967,52.42354329914162],[13.78795447705756,52.42364480964024],[13.7880952104191,52.4237524338693],[13.788231855148151,52.42385692642858],[13.788392597741197,52.42406235085562],[13.788571316793282,52.42441958333911],[13.788714114471281,52.424614884917574],[13.788931488587862,52.424779148490245],[13.789359578798473,52.42499635558334],[13.79011330602458,52.42514523508616],[13.790593428227297,52.42523910476633],[13.79155052046097,52.42542272932761],[13.79275265303109,52.42566756605238],[13.793905732355412,52.425815585143816],[13.794326728170349,52.42585721904102],[13.795003115137408,52.425854651147624],[13.796456111331572,52.425787060681806],[13.800575772077757,52.42547091938161],[13.800560653239978,52.42539672552975],[13.800391852495135,52.42456719493649],[13.800363723914138,52.42442891626621],[13.800279141724825,52.42407286037678],[13.800233662318472,52.42384173909742],[13.80010473240738,52.42382361986502],[13.799887270005199,52.42376981228807],[13.79970597195681,52.42371448308144],[13.799541904832184,52.42366510080503],[13.799380101613592,52.42366251502623],[13.799059255659033,52.42363085183655],[13.798785394018754,52.42357990583502],[13.798565501039628,52.42353900712165],[13.798369744246013,52.423314668915744],[13.798736698284195,52.423194992807424],[13.798956597512602,52.42323589264471],[13.799192343801613,52.423279748117686],[13.799434898152288,52.423303684960715],[13.799686094573781,52.423307699142164]],[[13.821597306630265,52.42165588555251],[13.82155762977991,52.42175976231642],[13.821687020013096,52.421714844071666],[13.821725688082212,52.4216996079865],[13.821737566492816,52.42162790456252],[13.821894437088735,52.42163761791882],[13.821957861272057,52.42161747401389],[13.821984287957772,52.42159450848159],[13.822263067353006,52.42131464548934],[13.822542392339681,52.42104414291995],[13.82251218065482,52.421039715202554],[13.822375070602424,52.42102204278866],[13.821892022497623,52.42095339330488],[13.821650210957877,52.42092185067405],[13.821649326811684,52.420933746367105],[13.821607092548845,52.4209771929981],[13.821606266896106,52.42104729498101],[13.821592740370376,52.42105544661454],[13.821606374080615,52.42106374956462],[13.82160666873122,52.42115607693368],[13.821616585668018,52.42142216758645],[13.821609628176843,52.42155330597197],[13.821601388894976,52.42162186481142],[13.821597306630265,52.42165588555251]],[[13.826304473514615,52.4196309008364],[13.8261987293157,52.41966626572973],[13.826273333737335,52.41979154892947],[13.826304473514615,52.4196309008364]],[[13.8412008,52.43090229999999],[13.840835900000002,52.43084439999999],[13.8406959,52.4307876],[13.8405158,52.4306888],[13.840478,52.43085239999999],[13.8404557,52.430945200000004],[13.8412539,52.431013199999995],[13.841400954556816,52.4310295135917],[13.84145502175966,52.43093360232743],[13.8412008,52.43090229999999]],[[13.8429241,52.4320505],[13.8430213,52.43201899999999],[13.8430919,52.43208879999999],[13.8431389,52.432097399999996],[13.8433855,52.432380599999995],[13.84341097175601,52.43240099878775],[13.843318412662143,52.43230116917904],[13.843000338005545,52.431874688988756],[13.842735080430314,52.43151094365574],[13.842661092690344,52.431425503782506],[13.842520163965387,52.43128369503585],[13.842403202710384,52.43123199236708],[13.842245528058612,52.431184771194154],[13.84202680930783,52.43113572915859],[13.842006451938262,52.43117025304161],[13.8420499,52.4311836],[13.842241,52.4312801],[13.8426645,52.4316398],[13.842784500000002,52.43176089999999],[13.8428237,52.4317733],[13.842947600000002,52.43190429999999],[13.8429429,52.43192629999999],[13.8429677,52.431959499999984],[13.84287,52.43199520000001],[13.8429241,52.4320505]],[[13.839863436820503,52.43573713119961],[13.8387133,52.435596099999984],[13.837597870394678,52.435452429651036],[13.8378006032577,52.435549278774126],[13.837884499263073,52.43557506644801],[13.840105029511768,52.43610794822192],[13.840144730267808,52.436003196101325],[13.840137988404903,52.435949644415345],[13.840100596311578,52.43594806334018],[13.839827428334624,52.43575629053172],[13.839863436820503,52.43573713119961]],[[13.831012901547478,52.42529074097111],[13.8309469,52.425215699999995],[13.8307775,52.42514619999999],[13.8305357,52.42510600000001],[13.8301592,52.42509269999999],[13.8298882,52.425126],[13.829873124056334,52.42513087818065],[13.82996856267098,52.42511744624152],[13.830290856132368,52.42512189257721],[13.830784484351224,52.42522696795739],[13.831012901547478,52.42529074097111]],[[13.828769228821226,52.424885929431014],[13.828739093347744,52.424895412566286],[13.828737287378392,52.42497836219574],[13.828776432197065,52.42507327086585],[13.828843887911066,52.42513489508977],[13.828909350266107,52.42518608552406],[13.828948568913274,52.425203455972664],[13.8288149,52.42497169999999],[13.828769228821226,52.424885929431014]],[[13.825942381465486,52.42529990634144],[13.826813468494391,52.42506824574829],[13.8267311,52.42498030000001],[13.8264064,52.4250589],[13.825747500000002,52.4251516],[13.8250337,52.42519800000001],[13.8246794,52.42514919999999],[13.8247985,52.4254364],[13.82478846781254,52.425484110555075],[13.824807603305148,52.42548822505799],[13.825008766223617,52.42554015989609],[13.825942381465486,52.42529990634144]],[[13.801039758320407,52.424724861361966],[13.801014572739993,52.424714576072255],[13.801127474457266,52.42526936699323],[13.801831370068612,52.425216510296046],[13.801039758320407,52.424724861361966]],[[13.8194834,52.42165109999999],[13.819539453277008,52.42139128093819],[13.819489611519103,52.421362046239345],[13.819433000000002,52.4214864],[13.8193962,52.4216697],[13.819444000000003,52.42177699999999],[13.8195451,52.421894200000004],[13.8195102,52.42204819999999],[13.819540074172105,52.422224817681204],[13.819551610872711,52.4222041732822],[13.819564529650474,52.42220029766132],[13.819580502121491,52.422147337522425],[13.8195871,52.42201019999999],[13.819611200000002,52.421893999999995],[13.8194834,52.42165109999999]],[[13.8192135,52.4230553],[13.8196882,52.42307770000001],[13.8200193,52.423080500000005],[13.8203937,52.4230159],[13.820580700000002,52.4229713],[13.8210655,52.422857],[13.821193831185035,52.42282580362346],[13.82110186469646,52.422680481470415],[13.8206103,52.422792799999996],[13.8201852,52.422885300000004],[13.8196099,52.422883600000006],[13.819508,52.42288279999999],[13.8192263,52.422849299999996],[13.8190439,52.422724099999996],[13.81948695904479,52.42236163951677],[13.819504919107823,52.422307760381486],[13.819524164461889,52.422254484558145],[13.819498900000001,52.42229189999999],[13.8193259,52.42238770000001],[13.819182200000002,52.4224705],[13.8190274,52.422540000000005],[13.8189655,52.4226035],[13.8189456,52.422670100000005],[13.8188328,52.422851699999995],[13.8187356,52.42296809999999],[13.8189046,52.4230145],[13.8192135,52.4230553]],[[13.822009144579319,52.42257781234161],[13.822134353606305,52.42257727725292],[13.822215543719308,52.42257970274141],[13.822300398250455,52.42258557632301],[13.822400645354872,52.42259577093677],[13.822504206718666,52.42261363173604],[13.822567123096869,52.422584420501835],[13.822875957088668,52.42263684248465],[13.82290336444821,52.42267941675701],[13.822945867826276,52.42268429553627],[13.822938864247428,52.422707100359055],[13.823218462932688,52.42277608491878],[13.823098927541448,52.42295716580937],[13.8231956,52.423026],[13.8232958,52.422783999999986],[13.8233698,52.422600599999996],[13.8231782,52.4225895],[13.8228911,52.4225681],[13.8223442,52.4225083],[13.8220227,52.42250959999999],[13.821784534532686,52.4225519897571],[13.821862175623753,52.42266892805194],[13.822009144579319,52.42257781234161]],[[13.809239100000001,52.42330399999999],[13.8084923,52.42345979999999],[13.8082674,52.423526700000004],[13.8080841,52.423635099999984],[13.8079014,52.4236933],[13.807714100000002,52.4237148],[13.807663141319932,52.42371127997746],[13.80785850955333,52.4237643900565],[13.80768952139095,52.42399671995118],[13.80758027739645,52.42402239214906],[13.807572651949023,52.42404603548383],[13.807453497652915,52.42414383655426],[13.807412636849575,52.4242316300308],[13.80731917910376,52.42438577111548],[13.807047246419778,52.42447166537248],[13.806799339367616,52.42461990682693],[13.806704694460818,52.424683828411354],[13.80659293475813,52.42474691250691],[13.806527858635551,52.42483002947826],[13.806484599543072,52.424917801234976],[13.806381399546893,52.42506378546461],[13.806370865529118,52.42508489607859],[13.806362083818529,52.4251571802299],[13.806353147937873,52.42534474806969],[13.806271151674967,52.42551180695153],[13.806264751456968,52.42552146891752],[13.806417803141638,52.42552813854375],[13.807317589023915,52.42562634217233],[13.807498202858161,52.42565885725038],[13.807668108187407,52.42569589367617],[13.80801785089871,52.425669163194684],[13.808540779004522,52.425591689109105],[13.808788577133427,52.42550113347836],[13.809134241221063,52.42540490136141],[13.811766631181756,52.42502352063886],[13.812183347324828,52.42497387022427],[13.813340854271916,52.42485120318836],[13.81373449311539,52.424811859274804],[13.813867627108227,52.424797425644286],[13.814232148308603,52.42477590846894],[13.814444819114868,52.42474529845227],[13.814393603239553,52.42455020338118],[13.813855499205541,52.424566991796524],[13.81375476462641,52.424566991785],[13.813630268219896,52.424551922374526],[13.813474318235755,52.424501306939796],[13.813405488298901,52.424431334263886],[13.813346468461743,52.42436623465307],[13.81333872983962,52.42426871989045],[13.813358646989434,52.424188232091126],[13.813432256515865,52.42408577275417],[13.813531284599083,52.42403973352598],[13.813482583815919,52.42402901694999],[13.81328791536818,52.424010550045274],[13.813194245502451,52.424009137091645],[13.813194398981148,52.42400533452885],[13.813053428922409,52.42406418098208],[13.812818895591281,52.42385419926496],[13.812845708181117,52.42376723193725],[13.81299965958957,52.42368586332733],[13.8131465971923,52.423648725259625],[13.813340484406828,52.42365164994227],[13.813628615595384,52.423678982996385],[13.813697248798787,52.42369408570245],[13.81374871774872,52.42365637668075],[13.8137543,52.4232896],[13.8139726,52.4232961],[13.8139498,52.4231533],[13.8137831,52.42315829999999],[13.8133648,52.4230356],[13.812609700000001,52.42294259999999],[13.8123415,52.42287339999999],[13.812246400000001,52.42282599999999],[13.8121877,52.422818799999995],[13.8113248,52.422948100000006],[13.8105008,52.42307370000001],[13.8097712,52.4232307],[13.809239100000001,52.42330399999999]],[[13.806698954737994,52.42417693437438],[13.806846822263704,52.42413022841821],[13.806853163868029,52.42411976931106],[13.806917303336553,52.4239819628426],[13.807021348991654,52.42389656387815],[13.80703846452125,52.42384349765876],[13.807151685850258,52.42373787556218],[13.807355339049865,52.423690017744896],[13.80675,52.4236482],[13.806576511151313,52.42425015218694],[13.806698954737994,52.42417693437438]],[[13.8061577,52.4244909],[13.806153678467268,52.4245054343699],[13.806177312960024,52.424492093710725],[13.8061577,52.4244909]],[[13.809794000000002,52.419613700000006],[13.809684600000002,52.4196127],[13.809295500000001,52.4195619],[13.8089667,52.419521799999984],[13.8088125,52.4195013],[13.808700400000001,52.41945990000001],[13.808623200000001,52.4193886],[13.808409,52.41930789999999],[13.808266,52.41930049999999],[13.8081317,52.4193665],[13.8081001,52.41945530000001],[13.8081433,52.419575],[13.8080943,52.41964009999999],[13.8079229,52.4196666],[13.8078681,52.41981469999999],[13.8079879,52.42003969999999],[13.808048,52.420113],[13.808048,52.42020719999999],[13.8080738,52.4203329],[13.8081939,52.42044799999999],[13.808288300000001,52.42054219999999],[13.8084857,52.420688799999986],[13.8087776,52.42087200000001],[13.8091381,52.42099759999999],[13.8094642,52.42103429999999],[13.8098075,52.4210238],[13.809912300000002,52.42098299999999],[13.8099964,52.420924400000004],[13.8103654,52.420379999999994],[13.810683000000001,52.420003099999995],[13.81068,52.41984430000001],[13.8106886,52.4197721],[13.8106483,52.41968369999999],[13.8105914,52.419617699999996],[13.810486600000003,52.4196032],[13.810391,52.41961280000001],[13.8101605,52.419636600000004],[13.8099173,52.4196812],[13.8098633,52.41966649999999],[13.809794000000002,52.419613700000006]],[[13.8051008,52.42280849999999],[13.8051303,52.4228249],[13.8051867,52.42277999999999],[13.8051965,52.42276360000001],[13.8052824,52.4227576],[13.805309400000002,52.422733599999994],[13.8052873,52.4227082],[13.8052211,52.42270369999999],[13.8051745,52.4227052],[13.805186700000002,52.4226738],[13.8051597,52.4226543],[13.805093500000002,52.42264680000001],[13.8050567,52.4226693],[13.8050027,52.42268429999999],[13.804983,52.42271420000001],[13.8050027,52.4227366],[13.8049781,52.42274559999999],[13.8049462,52.42277109999999],[13.80501,52.42278749999999],[13.8050542,52.4227711],[13.8051008,52.42280849999999]],[[13.8288746,52.4241699],[13.829192200000001,52.4240548],[13.8286257,52.4242589],[13.8288746,52.4241699]],[[13.820038273378081,52.42030760740883],[13.82004278019072,52.42035222557513],[13.82042936583542,52.4203359187329],[13.820126155873933,52.42024628568538],[13.820038273378081,52.42030760740883]],[[13.821014810079866,52.42159554455609],[13.82102217196104,52.421534293299025],[13.821028214355122,52.42142043168163],[13.821022291454872,52.42126145225742],[13.820579679971578,52.421277381400074],[13.820568300000112,52.42127119745002],[13.8205683,52.42127709999999],[13.8204357,52.4212804],[13.8204324,52.421602699999994],[13.8205999,52.4216847],[13.820629502711219,52.42169098486968],[13.821003986322783,52.42160317185963],[13.821012567503903,52.421605509391],[13.821014093739626,52.42160151373025],[13.821014810079866,52.42159554455609]]],[[[13.846229500000002,52.4090493],[13.8463316,52.409169199999994],[13.844984000000002,52.40960899999999],[13.8448725,52.40943620000001],[13.844881,52.4090854],[13.8449926,52.408944],[13.8455677,52.40886549999999],[13.8462887,52.40900160000001],[13.846229500000002,52.4090493]]],[[[13.848768338572823,52.40899940821339],[13.848660175729217,52.40899028665525],[13.8485026,52.40913199999999],[13.8469741,52.4085482],[13.8469934,52.408007399999995],[13.846586600000002,52.40682559999999],[13.8480387,52.4071114],[13.847873561498176,52.407518763736455],[13.848156818180707,52.40758928650311],[13.848255481598569,52.40773248665391],[13.848296667877811,52.407991593766866],[13.848340271084743,52.408064289541045],[13.848551826953157,52.40836723339289],[13.849030322002807,52.40887802341046],[13.848768338572823,52.40899940821339]]],[[[13.474989111194093,52.36809686465356],[13.474919044780657,52.36803447641623],[13.474911766809255,52.3680132550178],[13.469721,52.36679809999999],[13.4695658,52.36673239999999],[13.4690893,52.36594509999999],[13.4691102,52.3659149],[13.4699198,52.3656798],[13.4709906,52.3652939],[13.471843570248705,52.36479851729718],[13.471607966585136,52.3647416471867],[13.471483951123112,52.36470224423315],[13.471349079405723,52.36464097052543],[13.471288266508546,52.36438945767102],[13.471699119448644,52.36435222920313],[13.471796247791575,52.36439635554832],[13.471851632503343,52.36441395267633],[13.472214527068298,52.36450154782659],[13.472214866447302,52.36450202607446],[13.472215649068751,52.36450182028404],[13.47227973031842,52.36451747460563],[13.4724085,52.36441879999999],[13.473188,52.36381],[13.4738298,52.36350349999999],[13.474145825960363,52.36337164017135],[13.473976239641855,52.363258866534174],[13.473993396908277,52.363004830327405],[13.47440835917113,52.36301533305916],[13.474582661915205,52.36313124230895],[13.474686227697466,52.36317292851946],[13.4752287,52.36304539999999],[13.4759416,52.3628745],[13.476437148134767,52.36268226405271],[13.477795926535322,52.36053786880161],[13.477792326384884,52.36053694249845],[13.477635380097633,52.36030154456778],[13.478019872753057,52.36020545738096],[13.478204828513908,52.36025304543528],[13.478280019437694,52.36027098871028],[13.478864584737627,52.36040919862413],[13.47922135360872,52.360495192733104],[13.479899331994002,52.359428313828616],[13.480181586096043,52.35898474499312],[13.480031757248526,52.35878445494086],[13.480368558005436,52.3586900123706],[13.480513437069407,52.35846098226451],[13.48071471612037,52.35815253026656],[13.480889388657284,52.35786990375247],[13.480746489288151,52.3576645852327],[13.481073324940292,52.35757931206552],[13.481313218956167,52.357196529768814],[13.48194165733039,52.35620307374083],[13.481707477378874,52.356361972024466],[13.48172944940372,52.35576723464353],[13.48180867985653,52.35572086855112],[13.4816486,52.355683199999994],[13.4817449,52.3555307],[13.4812317,52.355410799999994],[13.481460332710807,52.3550529119345],[13.481431118655962,52.35500713594736],[13.48145530444711,52.35497332950036],[13.481411171237221,52.35494819097295],[13.48140756492419,52.35488706655898],[13.481437806629353,52.35482342150311],[13.481476765622359,52.35475273149227],[13.481706917932225,52.35439793782761],[13.481788710538776,52.35427182969266],[13.481960334027054,52.35399683568668],[13.482561423700886,52.353050191094376],[13.48264435685149,52.352914123059286],[13.47962462439792,52.35219758824798],[13.47678960164124,52.35152793516772],[13.475025681651736,52.35110734373289],[13.474897043957762,52.351320834656676],[13.474803001939355,52.35147670594227],[13.474425850626954,52.351583042825865],[13.4742521988467,52.35135209342106],[13.474346178238582,52.35119632917294],[13.47447841829108,52.35097686413658],[13.465781718226841,52.348903227311354],[13.464678709422913,52.34863535043143],[13.464468972845076,52.348547089493735],[13.464269977616095,52.34841778143016],[13.4642586,52.3484151],[13.4642607131302,52.34841176129596],[13.464238785529473,52.348397512563],[13.464245480312085,52.348183325285525],[13.464294159625494,52.34803401987049],[13.464558543202434,52.34761088792464],[13.464587676475194,52.34755383598526],[13.464589132113769,52.34754493938541],[13.463720875696247,52.34733898700456],[13.462382646281663,52.34702846393504],[13.458989182581542,52.34621424021488],[13.455469484273262,52.34536552985782],[13.455111801121232,52.34513407247168],[13.454863444850064,52.34485285413061],[13.45475622737486,52.344515743233586],[13.45479272986353,52.344242537957165],[13.45483297137607,52.34422162031422],[13.454811716316376,52.34419203124495],[13.455760101116631,52.34269856795831],[13.455268729104434,52.34258782324081],[13.455094623864266,52.34235701248651],[13.455471470112105,52.34225037666152],[13.45597432000117,52.34236370808077],[13.456075208323162,52.342207222829224],[13.456186183162846,52.342084106436296],[13.456556417919256,52.34187647288692],[13.456954313770632,52.3417438773423],[13.459224555028786,52.340987631964595],[13.459580733943179,52.34087950626815],[13.460026651697314,52.34079429167582],[13.460463808991948,52.340718191365134],[13.460958246617237,52.340724518543766],[13.461353187333906,52.3407638439476],[13.461758001895516,52.34080413091898],[13.463654365540378,52.34125143917096],[13.465464940009113,52.341682951959285],[13.469252403657368,52.342585790345645],[13.474795182768604,52.34391093663852],[13.478501649941334,52.34479020451783],[13.480820963211292,52.34534305497868],[13.48305505261564,52.3458754474056],[13.484225981925603,52.34615690449954],[13.484494619109105,52.346085604169],[13.484610441711045,52.34624927529447],[13.485998686705472,52.34658266307208],[13.488608238638403,52.347194734089605],[13.497390055675666,52.349278555385666],[13.498832054076416,52.34962065477387],[13.501793969663971,52.35032345799459],[13.503796174133427,52.3507985587324],[13.506058763748957,52.351335355904226],[13.508912667563793,52.35201245634978],[13.51173577171196,52.352682256879504],[13.519149971518688,52.35444135564118],[13.532577700125733,52.357626912836636],[13.535926588767042,52.35841826310887],[13.53631743780098,52.35859356132203],[13.53659099185803,52.35880211994221],[13.536724868637647,52.358975157475555],[13.536827067232071,52.359219516163805],[13.536840880187759,52.35948314059304],[13.536723410533385,52.359754980065695],[13.53562619368872,52.36147461349407],[13.534811375557855,52.362769980153985],[13.534573577059335,52.36300916118433],[13.534335767614307,52.363157867491076],[13.534071606143717,52.363278452721254],[13.533823717927902,52.36334751364879],[13.533552592030208,52.363391476927646],[13.533247957613556,52.36342569350099],[13.532867708390715,52.3634099615702],[13.532500915956456,52.36334451161893],[13.532195002940503,52.3632700091849],[13.532044183882103,52.363251308918166],[13.531963705499376,52.36326148753335],[13.531907600761517,52.36328710859262],[13.531886566341326,52.363302853467545],[13.5318573061439,52.363328489101555],[13.53114226166408,52.36444930551495],[13.531117966072681,52.3644873424606],[13.530494928880994,52.36547069243109],[13.530503149320047,52.36547280980406],[13.530615269274533,52.365565544224786],[13.530553920506877,52.36581701100533],[13.530143129589224,52.36577945529324],[13.530126849430493,52.36576598988358],[13.530100929484913,52.36575931351772],[13.530007330145839,52.36573462165156],[13.529460578362864,52.365605904178935],[13.528755495710596,52.36543990815194],[13.528184413247711,52.36530551218899],[13.52772170524797,52.365196610233326],[13.527394260048801,52.365119499541],[13.52707281508526,52.365043811361396],[13.52692482543408,52.36526542369143],[13.526884064994677,52.36532930845411],[13.526648330682043,52.36539255091214],[13.526627652722542,52.3654236152],[13.52672400603587,52.36557610547195],[13.526685689137961,52.365629152914025],[13.526506843274493,52.36591186352357],[13.526466266027205,52.365970265914676],[13.526081050437222,52.366065343284816],[13.525925734841843,52.365829533472706],[13.525962557567636,52.365776535855055],[13.526089774974919,52.365575441189534],[13.526025182470148,52.36553231987998],[13.526028903514106,52.365479734005],[13.52605375681979,52.36544264480897],[13.525694571488684,52.365539218022995],[13.525527548858237,52.36530642640444],[13.525545986508556,52.36527746019322],[13.5253969,52.36524039999999],[13.525723557159772,52.364726176162414],[13.525693119197172,52.36471901319634],[13.525411408464493,52.36465271062606],[13.525351441621941,52.3646385713131],[13.525274753776685,52.36462047417694],[13.52492250864319,52.36453751059662],[13.524753774642571,52.36449782609238],[13.523626851400488,52.364232526283295],[13.523428743193675,52.36418554801961],[13.52265966607571,52.364004847256425],[13.522592895329133,52.363989129637055],[13.522466658694185,52.3641863971239],[13.52248053083127,52.364189702076196],[13.522538442109909,52.364203058708746],[13.522709727030174,52.364434685534825],[13.522331357092384,52.364539541190005],[13.522270468361441,52.36452549781986],[13.522252478914547,52.36452121193787],[13.522085179405213,52.364782836771305],[13.521985314341508,52.364809572988406],[13.5219817,52.36481539999998],[13.521972095603983,52.36481311194533],[13.521896032912133,52.364833475619314],[13.52170787463189,52.36488547609989],[13.519845206803433,52.36445452051222],[13.519103356274925,52.36427541848871],[13.51895946427295,52.364241201176284],[13.518702841888645,52.36431604630668],[13.518524206581656,52.36408650993147],[13.518569507004772,52.36400831004],[13.518575260746529,52.36400663193883],[13.518572700171138,52.36400305904722],[13.518600648456765,52.36395920215657],[13.518733824299616,52.363770828111306],[13.518899636614043,52.36350076373381],[13.519032848479378,52.36328379425229],[13.519100696841532,52.363166794693306],[13.518333585490833,52.362985751275886],[13.5182577,52.363006],[13.518192243329608,52.36299037212698],[13.518139981176292,52.363006704049724],[13.518006001650907,52.363032014329704],[13.517854370849511,52.36301999831737],[13.515894332800272,52.36255435833448],[13.515870017624781,52.36259086999089],[13.515791649584697,52.362673470033],[13.51567711338661,52.362738948419434],[13.515589097796473,52.362768886886904],[13.5155884,52.36277],[13.515586884510691,52.36276963973382],[13.5154306549026,52.36282278090427],[13.515190607811126,52.362779695632604],[13.513181125448154,52.36229235025675],[13.511229391768383,52.36184399179423],[13.511197643788611,52.36190819004622],[13.511085071048257,52.362102055555646],[13.511041228889676,52.36216032727048],[13.511010911130713,52.362223948735476],[13.510978253352983,52.362274182818176],[13.51059680293231,52.3623747411659],[13.510432547476913,52.36214121655717],[13.510454889615977,52.36210685061533],[13.510489571907822,52.36203407209085],[13.510540529796629,52.36196634382244],[13.510639556931293,52.36179580929959],[13.510643058953452,52.36178872797544],[13.510613614222697,52.36169975896752],[13.5099622263032,52.36154209206211],[13.509944604483369,52.36151719465129],[13.509903084040355,52.36152774173576],[13.509629946723306,52.361458596087076],[13.509391879087312,52.36182830024052],[13.509457914094966,52.361921321722775],[13.509306710829852,52.361961551477734],[13.509183546878948,52.3621556903033],[13.509183315525991,52.36215575269589],[13.509183417158926,52.36215589440679],[13.508993396818807,52.362206970840184],[13.50895572510261,52.36221713027001],[13.5087508,52.362540899999985],[13.5099612,52.3628281],[13.5098988,52.362926200000004],[13.5098605,52.362983699999994],[13.5097505,52.363157699999995],[13.5102645,52.3632807],[13.510098441590026,52.36354072393916],[13.510033587690051,52.363643154759366],[13.5096892,52.3641971],[13.5094986,52.36450189999999],[13.5091228,52.3650916],[13.5089353,52.3653778],[13.5089144,52.365410399999995],[13.50877568623183,52.365376989371974],[13.5087184,52.36536339999999],[13.5086652,52.365350700000015],[13.5084029,52.36528720000001],[13.50830600530425,52.36544051079946],[13.508309176022653,52.365441223720175],[13.508467025989628,52.36553228025664],[13.508521583853481,52.365639949423276],[13.508508165769491,52.36574820958715],[13.50814088900223,52.366329020291225],[13.508084740290311,52.36639555817277],[13.508003520424008,52.36643829664773],[13.508010817803141,52.366439803052124],[13.508025850344753,52.36644347443046],[13.50827706979679,52.366408122963506],[13.508370124781912,52.366655914485634],[13.508349267919213,52.36667630399774],[13.509589544986175,52.3669706993456],[13.509598752192774,52.366955649255196],[13.5099768003896,52.36685033320861],[13.510148848601611,52.367081750109804],[13.510138105301685,52.367099311450104],[13.510137283803576,52.3671006275101],[13.5114837,52.3674198],[13.5113949,52.367560000000005],[13.511517000000001,52.36758729999999],[13.511606360058266,52.36760859161756],[13.511648741938874,52.36753631030041],[13.511678629748523,52.36748947950248],[13.51205907297514,52.36738743970449],[13.512225771070664,52.36762031986952],[13.512198858856026,52.367662489064536],[13.512154740271118,52.36773773386085],[13.511996757090307,52.367783356193065],[13.511896300000002,52.3679425],[13.511837475479108,52.368036096095295],[13.511842185336786,52.368056807787994],[13.511736750346735,52.36823636290407],[13.5152970938327,52.369084315237764],[13.515533907290118,52.36870340806202],[13.515674419064318,52.36858783261921],[13.51588928300241,52.36852798377588],[13.516140152094179,52.36851294316699],[13.516412828539618,52.368580880125556],[13.516453503140154,52.368639957714365],[13.51655494232635,52.368655913966485],[13.516520679513242,52.36873752727851],[13.5165741421428,52.36881517814031],[13.516477627566063,52.368840075673035],[13.51646429641562,52.36887182995503],[13.516485878767973,52.36886137181633],[13.516715933340928,52.368864160379246],[13.516853777528805,52.368912545052865],[13.517138451665474,52.36908450412007],[13.51716210326716,52.36909659954217],[13.51720148248935,52.36910810090939],[13.51930304754364,52.36960221146202],[13.519685106329526,52.36963869520262],[13.519699634918267,52.36964138738401],[13.519974888579569,52.36957759291885],[13.520064460523738,52.36972239079706],[13.520436315045103,52.36981809831324],[13.520859032585392,52.37011436893894],[13.520873343592523,52.370008588781005],[13.520861275823611,52.36995699217503],[13.520847110692687,52.369895005384784],[13.52109731085805,52.3696920479976],[13.52142888899399,52.36984519389655],[13.521442923859356,52.36990660710661],[13.521464256350228,52.3699978104797],[13.521449406698453,52.37010758296709],[13.521478172303889,52.370234270306455],[13.521511376971182,52.37040136555823],[13.521524617626204,52.370446580929325],[13.52151630301377,52.37045389303543],[13.521828,52.3704268],[13.5218804,52.3704396],[13.521920658402854,52.37037862054938],[13.521810958963597,52.37035498871321],[13.521723232367927,52.37033568480807],[13.521546195894873,52.370105677826444],[13.521921966861406,52.369997315098004],[13.52200784027185,52.37001621119446],[13.522046884349482,52.37002462220971],[13.5220942,52.3699543],[13.52215,52.3699555],[13.5223988,52.3695872],[13.5224661,52.369610599999994],[13.522529265111189,52.36955614296077],[13.522497384328732,52.369534712479535],[13.522266352934155,52.369411071462316],[13.522199370125724,52.36936427001324],[13.522226754800862,52.36911056806204],[13.522641228693805,52.36912732956257],[13.522682445867797,52.36915612815977],[13.522896627477955,52.369270751038165],[13.522898124413212,52.36928441395914],[13.522920471344376,52.36928505405528],[13.52306369102533,52.369381326483385],[13.5231024,52.369392799999986],[13.5232502,52.3692478],[13.5237111,52.3694246],[13.524031434801232,52.36954272609968],[13.524373757936994,52.36950702660098],[13.52474536875641,52.36966826322078],[13.524863161306282,52.3698482399083],[13.524905037443784,52.369980743015645],[13.524874193418917,52.37012030014062],[13.524662423038684,52.370296014353215],[13.525398274554048,52.37075358293694],[13.525408077820389,52.370742185956196],[13.525767276550708,52.370673986209454],[13.526134840071514,52.37079243396584],[13.526097839211534,52.37083545100823],[13.526162312610984,52.37085564659974],[13.526084202009162,52.370949069351454],[13.52641260444323,52.370931933193376],[13.526697737191729,52.371079036833606],[13.526860839731018,52.371188884196414],[13.526908305564653,52.37129509340213],[13.526923026338114,52.37150038467087],[13.52692825865117,52.37160050762894],[13.526940888755481,52.37164701119962],[13.526967133240486,52.37169601634841],[13.52699749134877,52.37172666478596],[13.527034819530412,52.37175169155328],[13.52706379814518,52.37176394377397],[13.527140618600445,52.371782499688976],[13.527320392542592,52.3717968463112],[13.527578665303807,52.37180815423081],[13.527601678699295,52.371273909874475],[13.527603681464255,52.370774945851785],[13.527625331368231,52.37024172888702],[13.527073224426852,52.37023769110176],[13.526735765791912,52.370219477917395],[13.526549032998988,52.370183616244105],[13.526364507774675,52.370126519247926],[13.526250017066623,52.37007915168854],[13.526171152961568,52.36982952093694],[13.52657898182118,52.36978124807064],[13.526662691172126,52.369815880552224],[13.526770966152823,52.36984938364087],[13.52685083373353,52.36986472204601],[13.527102575439605,52.36987830889024],[13.527639832528454,52.36988223797248],[13.527650518899847,52.369615553767204],[13.527689617870312,52.369481834595646],[13.52782573305268,52.36937842285618],[13.5278263,52.369363899999996],[13.527851565500212,52.36936422839952],[13.528033787733078,52.36931039004759],[13.528090454407907,52.369307941728],[13.5281022,52.369035000000004],[13.5283328,52.36903720000001],[13.528981087485676,52.369303724588974],[13.529106469826809,52.36930403030369],[13.52911310200044,52.369305381594636],[13.529153497047187,52.36930568959593],[13.52915321321446,52.36931355415759],[13.529285869595757,52.369340582456694],[13.530230039385533,52.369800553576724],[13.53036820312778,52.36990049702336],[13.530400356002124,52.37001624473988],[13.53040844397973,52.37009964631248],[13.530377933655206,52.370836356374234],[13.530334174996185,52.371884902923824],[13.530298108956005,52.37199261572413],[13.530170775399634,52.37213758753471],[13.53013601659848,52.37214699140551],[13.530124900000002,52.3723574],[13.5288126,52.3723328],[13.5288129,52.37234379999999],[13.528748500000003,52.372342599999996],[13.5283655,52.3723357],[13.527913,52.372365899999984],[13.5277533,52.3723733],[13.527344355231213,52.372158385455236],[13.527269941150479,52.37215512732582],[13.527262241940127,52.372149688765234],[13.527252923260429,52.372154076631475],[13.527178395457474,52.37214812907332],[13.527349,52.372234899999995],[13.5274201,52.372236900000004],[13.5279357,52.3725289],[13.527687,52.372707399999996],[13.5287101,52.373239600000005],[13.528995913310888,52.37338602503436],[13.529057827031439,52.373339741942324],[13.529176121491682,52.37324611293563],[13.52926674379326,52.373204584244135],[13.52967793753246,52.37324074469605],[13.529618857347447,52.37349241549862],[13.529592079722969,52.373504686704585],[13.529562330414546,52.37352823320286],[13.530057802074909,52.37387435056248],[13.529989807861,52.37391226322033],[13.53081188732102,52.37435186659772],[13.530925422207787,52.374324210561696],[13.531173395878954,52.37437911155257],[13.53231946838732,52.374965010786084],[13.532436646258677,52.37512018484518],[13.53241302203355,52.37520694741502],[13.532836499978147,52.37543181437493],[13.53296177509565,52.37543181422218],[13.533241967734744,52.37557898885053],[13.533470428374628,52.37569416957688],[13.53373010966817,52.37583095969086],[13.533948037621705,52.376001311129016],[13.534216345500147,52.37630687628033],[13.534449448092412,52.37655979963376],[13.534850970276759,52.376881547798604],[13.535313148751584,52.37718398883807],[13.535682755344704,52.37742579656958],[13.53594405106465,52.37769113197532],[13.536058738131945,52.37792413393442],[13.536483013722798,52.37859024403976],[13.536664518288136,52.378818807068726],[13.536774092400796,52.378915156248276],[13.537461065837219,52.379379447243615],[13.53766458959195,52.37931893833762],[13.537854938704736,52.37923104871572],[13.538029362302467,52.379099704582536],[13.538243551907655,52.37889750271265],[13.538434587140797,52.378738770433266],[13.538659164251657,52.37862349539686],[13.538887305553626,52.37854498770484],[13.538957627932525,52.37852486824637],[13.538999760053155,52.3785095758559],[13.539169018996326,52.378462766593366],[13.53955771259401,52.378552562225806],[13.539410981889892,52.37879043328493],[13.539271440919071,52.37882902399096],[13.539232573047963,52.3788431315968],[13.539156095409812,52.37886501214524],[13.538994836869572,52.378920504369425],[13.538866014068201,52.37898662917932],[13.53872704921498,52.37910209679932],[13.538505238840617,52.379311494944936],[13.538265862505051,52.37949175093316],[13.537972811474415,52.3796270614654],[13.537871061945577,52.3796573124214],[13.538345689442977,52.37997850857012],[13.538542026839016,52.380201100293895],[13.538621724187403,52.38033687948115],[13.5388427,52.38039359999999],[13.5387595,52.3804521],[13.538632958941946,52.380541011479],[13.538633263445139,52.38054854546232],[13.538575096199862,52.38071466073925],[13.538412121270836,52.38089286329642],[13.537282578530153,52.38168205621331],[13.537023729922584,52.381853981620296],[13.53603872286237,52.38250104974889],[13.535599035517581,52.382705957171886],[13.534998884640661,52.3829299194971],[13.534676271433305,52.38301386206583],[13.534097487772089,52.38314564057735],[13.533390453819196,52.38324868959326],[13.532756156606148,52.383265203376915],[13.531986669075593,52.38326298757943],[13.53152852242131,52.38326443925829],[13.531073035434975,52.38329213842677],[13.530602222099512,52.38338383826884],[13.530324569240012,52.383318008348205],[13.5299127,52.383437199999996],[13.529661377881812,52.38355579758775],[13.52954740442125,52.38372722504594],[13.529425339666119,52.38383281460097],[13.52945891328544,52.38385770981021],[13.529476179979834,52.38400633035765],[13.529405927355201,52.3840963262639],[13.528916758724423,52.38453978032622],[13.52881698168862,52.384599273992464],[13.528763358064385,52.3846264104839],[13.52873096379539,52.38465907087974],[13.52863196177608,52.38476763628107],[13.52856941103123,52.38484619919624],[13.528524036745397,52.384916496697656],[13.528472016275376,52.38498967572498],[13.528506768076776,52.38512394965017],[13.52853219683024,52.38513193035726],[13.528659539543067,52.38537395130088],[13.528264002191705,52.38545186947919],[13.528231502106578,52.38544166944194],[13.528142836427916,52.3854138385278],[13.527990335680386,52.38536327672871],[13.52760272722549,52.385788601601966],[13.527168077767373,52.386291690856844],[13.527020077132393,52.38635920005393],[13.526900013966594,52.38638371354324],[13.52658491034914,52.386879466767844],[13.526449969222647,52.38705865231375],[13.526300744958467,52.38723310893523],[13.52452850324608,52.38924046114319],[13.524495011732759,52.389276718225894],[13.524443650467388,52.38931747840274],[13.524443242494195,52.38933958480357],[13.523627842107716,52.39030189601584],[13.523364069674498,52.390493576489355],[13.52314828002227,52.39055622521783],[13.523077254504912,52.39054073980075],[13.523024302774662,52.39057358072334],[13.522020105449611,52.39057776378996],[13.521967853134418,52.39056820950225],[13.5208292,52.390713600000005],[13.5207367,52.39069099999999],[13.5207806,52.390371900000005],[13.5210187,52.3903841],[13.5212149,52.39008309999999],[13.521308500000002,52.389459],[13.5213484,52.38919249999999],[13.5214305,52.388644899999996],[13.5208404,52.3885085],[13.520769900000001,52.388451999999994],[13.5197,52.38820479999999],[13.5196269,52.38821669999999],[13.5155379,52.3872593],[13.5152916,52.3876308],[13.5151678,52.3875966],[13.5143182,52.3873912],[13.5139521,52.3879696],[13.5137776,52.38793750000001],[13.5138507,52.38770360000001],[13.5139448,52.387449000000004],[13.5139195,52.38711159999999],[13.5138634,52.3867389],[13.5136132,52.38524399999999],[13.513530062125072,52.38484991864296],[13.513527603155712,52.38485008846524],[13.513416152144442,52.384857525229464],[13.513092212408546,52.384698289554215],[13.513352448098617,52.384500074758655],[13.513459796572374,52.384492911739045],[13.513386513555771,52.38414534238474],[13.513382049032499,52.384145706292635],[13.513283001250633,52.38415380202184],[13.51295287210819,52.383999403193506],[13.513205199048612,52.38379739796247],[13.513304298655328,52.38378929799192],[13.51330457628733,52.38378927536183],[13.513289,52.38371740000001],[13.5132778,52.383643799999994],[13.513022100000002,52.38234219999999],[13.513001800000001,52.38224689999999],[13.512977414512537,52.38222001346601],[13.512966586810132,52.382217107620136],[13.512821694283057,52.38218299268503],[13.512738487595216,52.382163380978646],[13.512737857711834,52.382164075805015],[13.51266495102084,52.38220705827186],[13.512654124268362,52.382217595396824],[13.51224901485587,52.382274100168644],[13.512156676813715,52.38202620408622],[13.512158179302967,52.382024741806354],[13.51151185677665,52.381868033668],[13.511830027134746,52.381384796573116],[13.511735727473905,52.38140866365939],[13.51167948768759,52.381325455340686],[13.511542111279885,52.381359675697446],[13.51145520695677,52.381229033565816],[13.511397874978627,52.38126220798706],[13.510324481679179,52.38153071407997],[13.509735999630017,52.381680440560125],[13.50956869434354,52.38169810856444],[13.509388419019006,52.38168506371616],[13.509337185917882,52.38166870465627],[13.5093276,52.38167099999998],[13.5086678,52.3814179],[13.508648505423457,52.381437309432805],[13.508719790975135,52.381463576991024],[13.508808436199123,52.381531390310734],[13.50883826752155,52.3815927211277],[13.509364560572006,52.38169221369909],[13.509577875275166,52.381778427197624],[13.509620568637715,52.381861301620205],[13.509643622413506,52.381946630524034],[13.50963646256348,52.382026720746936],[13.509327050433988,52.382196416280415],[13.509053701264039,52.38200978478045],[13.508600360823165,52.38192408291866],[13.508452170761688,52.38188999217068],[13.508349693715179,52.38181110922627],[13.508295832453076,52.38173794855301],[13.508289393179933,52.381724709614936],[13.508289267414666,52.38172466327222],[13.508272581553205,52.3817185287566],[13.508144960168863,52.381674586621344],[13.508127700000001,52.38169119999999],[13.507931044160575,52.38161365644432],[13.5080797997039,52.3817606506024],[13.507726551998337,52.381894511794314],[13.506462696942087,52.38171265480821],[13.50586468165372,52.38161036534501],[13.50511952840219,52.3814873188584],[13.50450565154188,52.38139011832571],[13.504283301614393,52.381355979534305],[13.504280401240033,52.381353015748616],[13.504275479895874,52.38135470828535],[13.504006792099723,52.381308605186256],[13.503885827645139,52.38116544356416],[13.503622000000002,52.381124299999996],[13.502614600000001,52.3809637],[13.5022863,52.3808732],[13.502626901764385,52.380452344646834],[13.502728908875378,52.38018185150241],[13.50280354462662,52.38011207047938],[13.50289614925934,52.380061634143196],[13.50295820065826,52.380042975365356],[13.503036600000001,52.3799461],[13.5031139,52.379925099999994],[13.504427040671219,52.380141992778974],[13.504450038914099,52.380103691705514],[13.504463832795013,52.380099787025564],[13.504458516445876,52.38009107403485],[13.504742246614017,52.37971051142657],[13.504871504008689,52.37948919886459],[13.505117310443794,52.37914019121338],[13.505286526798495,52.37889294618586],[13.505288994572501,52.37889232759447],[13.505288015720321,52.378890809524734],[13.505418103106559,52.37870742057534],[13.505490712664367,52.378598952981584],[13.50553102693073,52.378540132244076],[13.505474669315754,52.37851529481906],[13.505407037864172,52.378474052788924],[13.505361485489983,52.37844627469487],[13.505262962794042,52.37839217776473],[13.504893350710194,52.37827059584862],[13.50454606824149,52.378144077569665],[13.50027141159593,52.37647625346794],[13.498386042104903,52.3757358221268],[13.497241166678416,52.375246717333724],[13.494205295939018,52.37405921357447],[13.493733522906954,52.37386291646081],[13.492572322434993,52.37340475776145],[13.492529933288035,52.37344369651169],[13.492230690483591,52.37334039263549],[13.492191587265017,52.37325453072654],[13.490710452219378,52.37267008881283],[13.488270160139106,52.371710815319],[13.486520618382748,52.3710118904018],[13.48645557812967,52.370992486815695],[13.486430542612275,52.37098775448952],[13.486378819299437,52.37098248436101],[13.486350098228636,52.37098248435808],[13.486263579343092,52.37098515372533],[13.48491341956268,52.37111963632645],[13.484726884697308,52.371119227550906],[13.484613983761351,52.37110694829195],[13.48447602466865,52.37107841657989],[13.484436040840023,52.371062555728294],[13.4843496,52.3710689],[13.484316751847642,52.37100683947362],[13.484249604232842,52.37095864785307],[13.484139938753415,52.370848399158945],[13.483934846991563,52.37037369034633],[13.483884600085855,52.37030780186816],[13.483828052927517,52.370265778448626],[13.483816565661327,52.37026769135193],[13.483566686415065,52.370226258985284],[13.482421315929393,52.369940903231985],[13.47692366885478,52.36864964887056],[13.476920934081708,52.368645889951146],[13.476914706559517,52.36864743939829],[13.476316794010641,52.36849299024488],[13.475827921150497,52.36836011027981],[13.475152012832773,52.36817089595962],[13.47507116852086,52.36814761876119],[13.474989111194093,52.36809686465356]],[[13.520828951569666,52.37040426509714],[13.520742317333124,52.37044829639682],[13.5208493,52.3705311],[13.5208954,52.3705091],[13.520944802983873,52.370504626050305],[13.520930222691762,52.37045483372447],[13.52089765421361,52.370290929158855],[13.520862939454622,52.37030674569712],[13.520881117532927,52.370339536302005],[13.520828951569666,52.37040426509714]],[[13.525973071156228,52.37108198458727],[13.525840156108236,52.371108258647695],[13.52592142000851,52.37114316333353],[13.525717960900199,52.37132062437718],[13.526347731293583,52.37165573901809],[13.52634234112892,52.371635891642974],[13.52633597358594,52.37151401459934],[13.526325126560714,52.371362717563144],[13.526289261610408,52.37133856280174],[13.52603399437866,52.37120686649151],[13.526010385649352,52.37103735563723],[13.525973071156228,52.37108198458727]],[[13.507370075106499,52.36669807235431],[13.507406175387032,52.366643072439096],[13.50751057965011,52.36648409098934],[13.507539719527104,52.366473182265864],[13.506779152400405,52.36629165301101],[13.506730139404588,52.36637215397445],[13.50673091066055,52.36637276238589],[13.506786217428258,52.36646790774692],[13.50678974040912,52.36656888066435],[13.506776180309577,52.36659593542383],[13.506796766039013,52.36660550567441],[13.507347942818663,52.366735515170625],[13.507366096233062,52.36670448531979],[13.507373127662992,52.366702451045036],[13.507370075106499,52.36669807235431]],[[13.508110640706876,52.36679545718764],[13.508026791050934,52.36680894346952],[13.508067509055225,52.36686333975263],[13.508110640706876,52.36679545718764]],[[13.506743223236402,52.38138364454752],[13.506763500792067,52.38138656238724],[13.506738773461567,52.38137650727011],[13.506743223236402,52.38138364454752]]],[[[13.5103648,52.36520909999999],[13.5108851,52.36533240000001],[13.5113731,52.365448199999996],[13.5112239,52.365684],[13.5110754,52.3659187],[13.5105295,52.36578930000001],[13.510067100000002,52.36567959999999],[13.5103648,52.36520909999999]],[[13.5104725,52.365366],[13.5103166,52.36561189999999],[13.5105475,52.36566679999999],[13.5107032,52.36542079999999],[13.5104725,52.365366]],[[13.510734000000001,52.365711099999984],[13.510965100000002,52.3657657],[13.5111205,52.365519799999994],[13.5108899,52.365465199999996],[13.510734000000001,52.365711099999984]]],[[[13.5133544,52.3640469],[13.5130527,52.3645236],[13.5123794,52.3643639],[13.5126807,52.36388739999999],[13.5133544,52.3640469]],[[13.5129304,52.36435420000001],[13.5130776,52.36412260000001],[13.512805800000002,52.364058199999995],[13.512658600000002,52.36428979999999],[13.5129304,52.36435420000001]]],[[[13.5121055,52.36429900000001],[13.511604400000001,52.36418020000001],[13.5110874,52.3640576],[13.5111686,52.363929199999994],[13.511389,52.36358100000001],[13.5124071,52.363822400000004],[13.5122889,52.364009100000004],[13.5121055,52.36429900000001]],[[13.511419600000002,52.363968],[13.5119595,52.364096],[13.512076,52.363912],[13.511535800000003,52.36378409999999],[13.511419600000002,52.363968]]]]}}]}
