{"type":"FeatureCollection","features":[{"type":"Feature","id":"ortsteile.DEBE01YYK0000005","geometry":{"type":"MultiPolygon","coordinates":[[[[388622.111,5824818.54],[388618.952,5824818.556],[388604.967,5824818.629],[388602.961,5824818.639],[388588.837,5824818.713],[388581.749,5824818.743],[388575.525,5824818.769],[388568.48,5824818.799],[388565.903,5824818.812],[388551.205,5824818.887],[388536.393,5824818.963],[388521.409,5824819.04],[388506.497,5824819.116],[388491.462,5824819.194],[388476.666,5824819.269],[388461.417,5824819.342],[388446.58,5824819.412],[388394.992,5824819.628],[388392.941,5824819.633],[388378.017,5824819.667],[388368.421,5824819.69],[388361.872,5824819.717],[388269.103,5824820.098],[388253.118,5824820.163],[388157.304,5824820.557],[388149.324,5824820.59],[388144.579,5824820.607],[388142.686,5824820.615],[388124.896,5824820.682],[388121.186,5824820.696],[388115.288,5824820.719],[388108.868,5824820.741],[388106.86,5824820.748],[388096.167,5824820.786],[388092.651,5824820.799],[388088.419,5824822.274],[388078.764,5824825.637],[388069.208,5824828.965],[388067.516,5824837.177],[387965.131,5824874.347],[387943.808,5824882.089],[387942.87,5824882.43],[387940.004,5824883.47],[387871.493,5824908.338],[387870.083,5824908.85],[387868.674,5824909.362],[387838.907,5824920.167],[387835.422,5824921.431],[387805.622,5824932.247],[387800.099,5824934.252],[387787.799,5824938.717],[387786.154,5824939.315],[387774.557,5824943.524],[387771.709,5824944.557],[387770.28,5824945.076],[387738.393,5824956.655],[387734.925,5824957.913],[387721.013,5824962.966],[387718.211,5824963.983],[387706.664,5824968.176],[387693.981,5824972.778],[387688.335,5824974.826],[387686.942,5824975.332],[387658.372,5824985.704],[387603.25,5825005.709],[387600.892,5825006.564],[387598.337,5825007.492],[387584.895,5825012.371],[387582.584,5825013.209],[387580.01,5825014.143],[387566.614,5825019.005],[387564.247,5825019.864],[387561.692,5825020.792],[387548.277,5825025.66],[387545.949,5825026.505],[387543.394,5825027.433],[387529.931,5825032.318],[387527.612,5825033.161],[387525.056,5825034.087],[387505.855,5825041.056],[387504.446,5825041.568],[387503.977,5825041.738],[387499.277,5825043.443],[387476.011,5825051.887],[387457.215,5825058.709],[387437.015,5825066.041],[387417.124,5825073.26],[387415.714,5825073.771],[387412.79,5825074.833],[387402.6,5825078.531],[387390.023,5825083.095],[387383.869,5825085.328],[387382.539,5825085.81],[387381.533,5825086.176],[387378.124,5825087.412],[387354.473,5825095.992],[387350.882,5825097.295],[387315.754,5825110.038],[387313.902,5825110.71],[387286.646,5825120.598],[387255.951,5825095.008],[387231.898,5825074.955],[387163.559,5825017.982],[387144.254,5825001.89],[387045.079,5824919.21],[387023.731,5824901.413],[387007.774,5824888.112],[386990.212,5824873.473],[386960.393,5824848.613],[386950.403,5824840.283],[386940.555,5824831.782],[386936.325,5824829.824],[386933.026,5824828.297],[386930.11,5824826.947],[386926.041,5824823.298],[386919.577,5824817.801],[386894.216,5824842.443],[386892.346,5824844.263],[386891.533,5824845.053],[386890.623,5824845.94],[386870.385,5824865.656],[386861.928,5824873.895],[386854.466,5824874.807],[386838.812,5824876.695],[386824.336,5824878.44],[386808.924,5824880.303],[386801.751,5824881.18],[386794.04,5824882.095],[386779.154,5824883.89],[386761.416,5824886.027],[386708.363,5824891.977],[386626.962,5824901.096],[386589.475,5824905.299],[386582.718,5824906.047],[386580.001,5824892.02],[386570.744,5824863.709],[386569.466,5824859.92],[386568.119,5824856.154],[386566.704,5824852.414],[386565.22,5824848.701],[386563.669,5824845.015],[386562.155,5824841.588],[386560.582,5824838.187],[386558.952,5824834.813],[386557.264,5824831.468],[386555.519,5824828.152],[386554.257,5824825.835],[386552.966,5824823.533],[386551.648,5824821.247],[386551.421,5824820.861],[386551.193,5824820.475],[386550.965,5824820.089],[386550.511,5824819.327],[386550.054,5824818.567],[386549.594,5824817.809],[386547.982,5824815.207],[386546.334,5824812.627],[386544.65,5824810.071],[386542.931,5824807.538],[386541.137,5824804.975],[386539.307,5824802.438],[386537.441,5824799.928],[386536.695,5824798.945],[386535.943,5824797.966],[386535.186,5824796.991],[386532.73,5824793.902],[386530.219,5824790.859],[386527.653,5824787.861],[386525.034,5824784.91],[386522.362,5824782.006],[386519.636,5824779.151],[386516.859,5824776.346],[386514.032,5824773.591],[386511.156,5824770.887],[386508.231,5824768.236],[386505.26,5824765.637],[386502.243,5824763.092],[386499.181,5824760.602],[386496.075,5824758.167],[386492.925,5824755.788],[386489.508,5824753.312],[386486.044,5824750.903],[386482.534,5824748.56],[386478.98,5824746.286],[386478.175,5824745.784],[386477.367,5824745.285],[386476.557,5824744.79],[386474.905,5824743.793],[386473.244,5824742.811],[386471.574,5824741.843],[386468.537,5824740.132],[386465.473,5824738.469],[386462.382,5824736.855],[386459.267,5824735.29],[386455.707,5824733.581],[386452.117,5824731.937],[386448.498,5824730.357],[386444.852,5824728.843],[386441.178,5824727.395],[386437.481,5824726.012],[386433.759,5824724.696],[386430.014,5824723.447],[386426.247,5824722.266],[386422.46,5824721.152],[386418.657,5824720.109],[386414.835,5824719.135],[386410.997,5824718.23],[386407.143,5824717.394],[386403.275,5824716.628],[386400.985,5824716.171],[386398.69,5824715.738],[386396.391,5824715.329],[386382.131,5824708.981],[386373.856,5824708.178],[386364.935,5824707.028],[386356.692,5824705.805],[386348.518,5824704.471],[386332.902,5824701.498],[386296.891,5824694.706],[386205.691,5824677.504],[386136.53,5824664.459],[386071.943,5824652.339],[386063.764,5824650.785],[386054.982,5824649.043],[386046.821,5824647.388],[386038.719,5824645.692],[386030.595,5824643.897],[386022.521,5824642.061],[386014.425,5824640.125],[386007.061,5824638.316],[385998.348,5824636.062],[385991.464,5824634.243],[385991.012,5824634.121],[385975.019,5824629.696],[385966.175,5824627.077],[385963.786,5824626.37],[385957.496,5824624.397],[385948.908,5824621.704],[385941.515,5824619.385],[385930.989,5824615.915],[385915.245,5824610.405],[385907.412,5824607.575],[385813.611,5824573.063],[385794.745,5824566.121],[385788.25,5824563.731],[385757.854,5824552.546],[385693.679,5824528.929],[385693.132,5824528.727],[385692.616,5824528.537],[385689.848,5824527.518],[385688.035,5824526.85],[385643.842,5824510.569],[385641.123,5824509.531],[385632.667,5824506.315],[385631.555,5824505.892],[385620.565,5824501.713],[385616.544,5824500.149],[385603.309,5824495.002],[385591.754,5824490.336],[385588.385,5824488.976],[385527.187,5824463.643],[385524.108,5824462.361],[385479.289,5824443.703],[385452.627,5824432.603],[385447.875,5824430.624],[385415.981,5824417.347],[385409.885,5824414.809],[385406.533,5824409.344],[385319,5824266.648],[385303.828,5824241.914],[385281.932,5824206.219],[385251.151,5824156.048],[385246.808,5824148.97],[385232.595,5824125.804],[385234.275,5824124.772],[385228.409,5824114.974],[385195.161,5824060.205],[385193.665,5824057.741],[385137.948,5823965.957],[385129.905,5823952.7],[385123.815,5823942.667],[385104.271,5823910.471],[385058.935,5823835.789],[385029.65,5823787.542],[385015.434,5823764.122],[385010.799,5823756.47],[385001.668,5823741.188],[384994.776,5823729.712],[384994.221,5823728.78],[384982.782,5823709.338],[384974.751,5823695.553],[384966.776,5823681.736],[384958.856,5823667.887],[384950.992,5823654.007],[384943.181,5823640.104],[384935.425,5823626.17],[384927.725,5823612.205],[384920.082,5823598.209],[384912.495,5823584.178],[384904.964,5823570.117],[384897.49,5823556.026],[384890.072,5823541.905],[384848.167,5823461.776],[384834.773,5823436.163],[384842.286,5823435.692],[385030.027,5823423.908],[385075.291,5823420.557],[385176.111,5823410.938],[385205.495,5823408.089],[385305.044,5823398.423],[385355.856,5823393.488],[385433.491,5823385.95],[385607.666,5823369.037],[385728.297,5823361.662],[385730.88,5823361.506],[385735.539,5823361.224],[385755.165,5823360.02],[385759.233,5823359.773],[385866.119,5823353.269],[385945.582,5823346.857],[385948.898,5823342.984],[385950.715,5823341.26],[385983.695,5823300.365],[385991.1,5823290.387],[385992.009,5823289.163],[385992.713,5823288.214],[386002.941,5823276.61],[386005.956,5823273.203],[386037.371,5823239.948],[386047.441,5823226.287],[386073.716,5823184.13],[386075.925,5823179.348],[386079.386,5823174.163],[386093.435,5823153.657],[386100.483,5823143.563],[386117.468,5823123.411],[386122.044,5823117.975],[386224.51,5822981.801],[386225.705,5822980.212],[386250.759,5822948.417],[386270.265,5822926.737],[386285.004,5822906.808],[386309.472,5822869.995],[386315.8,5822861.531],[386318.826,5822857.481],[386371.802,5822786.617],[386372.907,5822785.139],[386387.249,5822765.953],[386391.839,5822759.813],[386408.026,5822738.159],[386415.329,5822728.007],[386419.232,5822722.579],[386442.899,5822689.673],[386445.63,5822685.876],[386449.525,5822680.46],[386450.424,5822679.211],[386453.403,5822675.07],[386465.921,5822658.723],[386491.432,5822632.609],[386494.03,5822629.9],[386492.293,5822627.423],[386491.747,5822626.024],[386500.366,5822619.19],[386531.91,5822595.351],[386562.549,5822576.302],[386564.709,5822574.959],[386601.71,5822551.953],[386608.142,5822547.954],[386613.842,5822545.874],[386613.744,5822545.566],[386613.442,5822544.619],[386630.634,5822541.111],[386656.458,5822535.844],[386669.863,5822535.019],[386685.214,5822534.727],[386698.794,5822535.267],[386749.225,5822540.512],[386759.168,5822541.547],[386818.831,5822547.753],[386828.775,5822548.788],[386848.088,5822550.797],[386851.617,5822551.164],[386886.835,5822552.497],[386934.614,5822552.141],[386960.949,5822550.49],[386982.349,5822547.019],[386985.913,5822546.243],[386987.131,5822545.978],[386993.225,5822544.65],[386999.836,5822542.55],[387003.712,5822541.318],[387008.588,5822539.698],[387020.251,5822535.824],[387024.345,5822534.464],[387027.813,5822533.478],[387030.635,5822532.676],[387047.355,5822527.925],[387049.61,5822526.985],[387062.312,5822521.688],[387072.659,5822517.336],[387077.194,5822515.18],[387085.359,5822511.297],[387099.08,5822504.774],[387164.776,5822471.504],[387167.381,5822470.185],[387199.504,5822453.917],[387200.447,5822453.44],[387265.275,5822420.611],[387275.114,5822415.628],[387280.891,5822412.702],[387282.348,5822411.965],[387328.4,5822389.08],[387336.697,5822385.185],[387338.941,5822384.132],[387340.234,5822383.524],[387341.746,5822382.881],[387346.407,5822380.899],[387351.596,5822378.691],[387357.279,5822376.597],[387375.836,5822369.761],[387394.039,5822364.095],[387396.052,5822363.559],[387399.146,5822362.736],[387409.516,5822359.978],[387460.435,5822347.711],[387462.988,5822347.097],[387503.176,5822337.416],[387512.895,5822335.074],[387532.334,5822330.391],[387534.67,5822329.829],[387574.866,5822320.146],[387584.586,5822317.804],[387598.962,5822314.353],[387601.295,5822313.794],[387658.815,5822299.988],[387663.032,5822298.976],[387717.449,5822285.917],[387725.045,5822284.093],[387730.484,5822282.788],[387739.44,5822280.639],[387769.613,5822273.401],[387854.167,5822253.115],[387857.042,5822252.426],[387862.567,5822251.099],[387868.95,5822249.707],[387875.356,5822248.428],[387881.783,5822247.261],[387888.23,5822246.207],[387894.695,5822245.267],[387901.175,5822244.44],[387907.669,5822243.727],[387914.174,5822243.128],[387919.032,5822242.756],[387921.463,5822242.593],[387925.829,5822242.342],[387930.198,5822242.141],[387934.569,5822241.992],[387940.726,5822241.87],[387946.885,5822241.849],[387953.042,5822241.93],[387959.198,5822242.113],[387965.35,5822242.398],[387971.496,5822242.785],[387977.635,5822243.273],[387980.283,5822243.515],[387983.11,5822243.795],[387987.406,5822244.262],[387991.697,5822244.778],[387995.981,5822245.344],[388000.258,5822245.96],[388006.326,5822246.922],[388012.378,5822247.983],[388018.411,5822249.144],[388024.424,5822250.405],[388030.416,5822251.764],[388036.384,5822253.223],[388042.328,5822254.779],[388043.637,5822255.136],[388048.449,5822256.493],[388053.242,5822257.913],[388058.016,5822259.398],[388100.843,5822273.178],[388104.513,5822274.358],[388157.799,5822291.503],[388187.952,5822301.363],[388193.11,5822303.05],[388251.909,5822322.278],[388261.289,5822325.344],[388272.74,5822329.089],[388285.219,5822329.846],[388309.004,5822331.291],[388315.895,5822333.198],[388346.732,5822341.74],[388376.692,5822340.081],[388384.926,5822338.66],[388388.435,5822337.934],[388391.925,5822337.123],[388395.395,5822336.228],[388398.841,5822335.249],[388402.264,5822334.187],[388405.659,5822333.043],[388409.026,5822331.817],[388577.673,5822253.385],[388579.711,5822252.437],[388585.315,5822249.831],[388617.984,5822234.612],[388621.395,5822233.024],[388629.699,5822229.169],[388651.455,5822219.067],[388658.655,5822215.724],[388676.779,5822207.292],[388677.922,5822206.759],[388680.105,5822205.744],[388685.612,5822203.182],[388726.575,5822184.123],[388732.98,5822181.143],[388751.306,5822172.616],[388817.219,5822141.948],[388822.296,5822139.586],[388838.204,5822132.184],[388842.307,5822129.226],[388847.325,5822124.931],[388847.774,5822124.686],[388849.086,5822123.968],[388851.878,5822122.445],[388840.091,5822114.07],[388839.389,5822114.497],[388833.834,5822110.48],[388844.678,5822104.088],[388854.786,5822098.181],[388856.764,5822097.024],[388858.129,5822096.249],[388859.513,5822095.509],[388860.915,5822094.803],[388862.334,5822094.132],[388863.769,5822093.496],[388865.22,5822092.897],[388866.685,5822092.334],[388868.163,5822091.807],[388869.107,5822091.505],[388870.061,5822091.239],[388871.025,5822091.01],[388871.997,5822090.819],[388872.976,5822090.666],[388873.96,5822090.551],[388874.947,5822090.474],[388875.937,5822090.436],[388876.927,5822090.436],[388877.917,5822090.475],[388878.904,5822090.552],[388879.888,5822090.668],[388880.867,5822090.821],[388881.839,5822091.013],[388882.803,5822091.242],[388883.757,5822091.508],[388884.7,5822091.811],[388885.631,5822092.151],[388886.547,5822092.526],[388887.449,5822092.937],[388888.334,5822093.383],[388889.201,5822093.862],[388890.048,5822094.375],[388890.875,5822094.92],[388891.68,5822095.498],[388892.463,5822096.105],[388906.772,5822107.661],[388908.624,5822108.816],[388907.203,5822110.863],[388917.719,5822115.392],[388918.764,5822115.822],[388919.822,5822116.22],[388920.892,5822116.583],[388921.973,5822116.912],[388923.063,5822117.207],[388924.163,5822117.467],[388925.27,5822117.692],[388926.384,5822117.881],[388927.504,5822118.035],[388928.628,5822118.153],[388929.755,5822118.235],[388930.883,5822118.282],[388935.645,5822118.421],[388942.544,5822118.42],[388943.681,5822118.404],[388944.817,5822118.35],[388945.95,5822118.256],[388947.08,5822118.123],[388948.205,5822117.952],[388949.426,5822117.729],[388950.64,5822117.473],[388951.847,5822117.183],[388953.045,5822116.861],[388954.234,5822116.505],[388955.413,5822116.117],[388956.581,5822115.696],[388957.737,5822115.243],[388958.879,5822114.759],[388960.008,5822114.243],[388961.123,5822113.697],[388966.392,5822111.026],[388965.969,5822110.345],[388970.965,5822107.264],[388971.978,5822106.64],[388975.382,5822104.516],[388997.854,5822090.684],[389003.786,5822086.991],[389005.158,5822086.141],[389011.239,5822082.373],[389058.335,5822053.201],[389079.726,5822040.034],[389097.938,5822028.829],[389107.321,5822022.998],[389108.296,5822022.392],[389108.369,5822022.351],[389110.983,5822020.722],[389114.076,5822023.513],[389115.73,5822024.996],[389118.151,5822027.167],[389121.349,5822030.034],[389137.393,5822018.199],[389136.083,5822017.007],[389135.551,5822016.523],[389130.535,5822011.96],[389128.889,5822010.469],[389128.286,5822009.923],[389129.261,5822009.232],[389130.214,5822008.511],[389131.143,5822007.759],[389132.047,5822006.977],[389132.926,5822006.167],[389133.778,5822005.329],[389134.95,5822004.114],[389136.105,5822002.882],[389136.189,5822002.79],[389137.243,5822001.635],[389138.363,5822000.372],[389141.084,5821997.261],[389141.682,5821996.557],[389142.253,5821995.832],[389142.798,5821995.087],[389143.314,5821994.322],[389143.803,5821993.539],[389146.477,5821989.049],[389146.966,5821988.195],[389147.424,5821987.324],[389147.849,5821986.436],[389148.113,5821985.831],[389148.242,5821985.534],[389148.603,5821984.619],[389149.602,5821981.891],[389150.57,5821979.153],[389151.506,5821976.404],[389152.321,5821973.971],[389153.266,5821971.151],[389153.366,5821970.904],[389153.496,5821970.671],[389153.655,5821970.457],[389153.839,5821970.264],[389154.046,5821970.096],[389158.753,5821966.787],[389158.933,5821966.675],[389159.126,5821966.59],[389159.329,5821966.532],[389159.538,5821966.503],[389159.748,5821966.504],[389159.958,5821966.534],[389163.504,5821967.247],[389167.475,5821968.04],[389173.91,5821969.338],[389174.545,5821967.466],[389177.239,5821960.117],[389179.896,5821952.846],[389179.235,5821952.479],[389176.975,5821951.222],[389176.52,5821950.946],[389176.086,5821950.637],[389175.676,5821950.298],[389175.292,5821949.929],[389174.936,5821949.533],[389174.609,5821949.112],[389174.315,5821948.668],[389174.054,5821948.204],[389173.828,5821947.722],[389173.638,5821947.224],[389173.485,5821946.714],[389173.37,5821946.194],[389173.293,5821945.667],[389173.255,5821945.136],[389173.256,5821944.605],[389173.297,5821944.074],[389173.376,5821943.547],[389173.493,5821943.028],[389173.649,5821942.518],[389173.841,5821942.022],[389174.069,5821941.541],[389174.332,5821941.077],[389189.017,5821917.314],[389192.986,5821910.89],[389189.032,5821908.984],[389154.058,5821892.134],[389152.498,5821891.382],[389157.243,5821883.418],[389163.254,5821873.329],[389165.502,5821874.596],[389199.898,5821893.979],[389204.652,5821896.658],[389211.366,5821900.441],[389215.93,5821908.015],[389217.56,5821910.719],[389221.351,5821917.01],[389230.701,5821923.901],[389236.269,5821928.005],[389241.847,5821932.108],[389247.414,5821936.212],[389252.982,5821940.326],[389258.55,5821944.43],[389264.118,5821948.533],[389269.695,5821952.637],[389275.263,5821956.74],[389280.801,5821960.845],[389287.534,5821965.786],[389292.864,5821969.714],[389298.551,5821973.903],[389302.868,5821977.084],[389350.343,5821905.799],[389357.195,5821910.812],[389359.212,5821912.288],[389407.989,5821947.982],[389410.84,5821950.069],[389512.42,5822024.426],[389515.611,5822026.762],[389616.482,5822100.6],[389617.701,5822101.492],[389652.226,5822126.765],[389653.582,5822125.187],[389666.976,5822109.592],[389699.674,5822071.995],[389702.564,5822068.946],[389703.045,5822068.438],[389716.084,5822054.674],[389716.771,5822053.948],[389720.617,5822049.879],[389726.688,5822043.457],[389730.834,5822039.072],[389731.198,5822038.687],[389731.308,5822038.571],[389731.407,5822038.463],[389733.963,5822035.763],[389734.139,5822035.577],[389736.654,5822032.916],[389755.774,5822012.696],[389782.258,5822044.675],[389753.399,5822063.577],[389731.779,5822085.398],[389727.502,5822089.715],[389725.242,5822091.996],[389724.377,5822092.857],[389723.133,5822094.095],[389722.529,5822094.784],[389717.804,5822100.174],[389715.788,5822102.475],[389686.452,5822135.941],[389674.022,5822150.126],[389664.208,5822161.24],[389630.729,5822199.157],[389630.429,5822199.495],[389628.697,5822201.455],[389627.484,5822202.827],[389623.457,5822207.383],[389620.158,5822211.116],[389619.795,5822211.528],[389617.891,5822213.683],[389610.274,5822222.31],[389604.262,5822229.118],[389603.08,5822230.455],[389590.449,5822244.749],[389589.985,5822245.272],[389587.757,5822247.79],[389585.516,5822250.287],[389585.076,5822250.831],[389568.067,5822270.082],[389563.218,5822275.569],[389560.898,5822278.195],[389553.039,5822287.09],[389551.875,5822288.406],[389548.386,5822292.354],[389546.379,5822294.626],[389538.728,5822303.286],[389534.804,5822307.727],[389533.11,5822309.645],[389532.649,5822310.16],[389529.202,5822314.03],[389525.698,5822317.964],[389524.346,5822319.482],[389517.23,5822327.471],[389516.805,5822327.948],[389515.703,5822329.185],[389481.029,5822366.181],[389484.875,5822366.433],[389489.953,5822366.765],[389506.208,5822367.831],[389514.956,5822368.404],[389533.2,5822369.599],[389528.83,5822374.523],[389527.293,5822376.253],[389526.573,5822377.064],[389515.359,5822389.697],[389514.609,5822390.54],[389507.739,5822398.279],[389497.44,5822409.888],[389496.186,5822411.3],[389484.067,5822424.97],[389483.616,5822427.884],[389483.561,5822428.239],[389483.115,5822431.116],[389483.082,5822431.328],[389483.026,5822431.689],[389480.535,5822447.887],[389480.506,5822448.072],[389480.495,5822448.14],[389480.039,5822451.075],[389479.801,5822452.606],[389478.192,5822462.969],[389476.919,5822471.194],[389476.781,5822472.084],[389476.419,5822474.426],[389475.813,5822478.342],[389475.188,5822482.399],[389473.651,5822492.362],[389473.221,5822499.769],[389472.941,5822504.607],[389472.834,5822506.442],[389472.801,5822507.028],[389472.541,5822511.649],[389471.231,5822534.945],[389470.831,5822542.156],[389468.789,5822578.988],[389468.655,5822581.371],[389468.271,5822588.178],[389468.252,5822588.518],[389468.013,5822592.762],[389467.989,5822593.173],[389467.75,5822597.417],[389467.73,5822597.777],[389467.494,5822601.961],[389467.471,5822602.372],[389467.352,5822604.464],[389467.213,5822606.946],[389466.582,5822618.519],[389466.451,5822620.919],[389466.201,5822625.515],[389465.117,5822644.98],[389464.233,5822660.833],[389463.224,5822679.914],[389461.75,5822705.519],[389459.201,5822749.812],[389460.103,5822752.476],[389460.294,5822753.042],[389461.125,5822755.5],[389463.701,5822763.115],[389464.575,5822765.701],[389467.265,5822773.652],[389471.934,5822787.292],[389469.428,5822788.138],[389468.417,5822788.479],[389470.841,5822795.536],[389479.569,5822820.946],[389489.535,5822849.961],[389500.586,5822870.534],[389501.934,5822873.044],[389502.591,5822874.961],[389503.252,5822876.892],[389507.552,5822889.452],[389507.698,5822889.88],[389509.145,5822894.106],[389510.342,5822897.605],[389510.871,5822899.147],[389511.039,5822899.638],[389512.087,5822902.7],[389513.055,5822905.53],[389516.387,5822915.265],[389520.496,5822927.265],[389521.285,5822929.568],[389521.49,5822930.167],[389524.081,5822937.59],[389524.941,5822940.057],[389527.458,5822947.267],[389493.033,5822951.808],[389488.196,5822953.461],[389485.668,5822954.326],[389479.154,5822956.552],[389476.504,5822957.457],[389474.104,5822958.278],[389471.839,5822959.052],[389468.303,5822960.26],[389466.182,5822960.985],[389463.811,5822961.795],[389461.344,5822962.638],[389456.663,5822964.238],[389455.276,5822964.78],[389453.942,5822965.439],[389452.669,5822966.211],[389451.468,5822967.091],[389450.347,5822968.07],[389449.315,5822969.143],[389448.379,5822970.301],[389447.547,5822971.535],[389446.824,5822972.837],[389446.217,5822974.196],[389445.729,5822975.602],[389445.364,5822977.045],[389445.125,5822978.515],[389445.014,5822979.999],[389444.896,5822982.582],[389444.562,5822993.399],[389444.218,5823004.547],[389443.974,5823012.462],[389442.94,5823045.946],[389442.925,5823046.271],[389442.845,5823047.994],[389442.828,5823048.352],[389442.701,5823051.081],[389442.683,5823051.468],[389442.555,5823054.198],[389442.535,5823054.629],[389442.464,5823056.168],[389442.45,5823056.462],[389441.196,5823082.746],[389441.113,5823084.475],[389440.71,5823104.985],[389440.12,5823120.311],[389439.988,5823123.755],[389439.968,5823124.266],[389439.909,5823125.795],[389439.718,5823130.757],[389439.565,5823134.732],[389439.235,5823143.273],[389439.104,5823146.659],[389438.966,5823150.241],[389438.831,5823153.757],[389438.544,5823161.237],[389438.281,5823168.086],[389438.085,5823173.176],[389438.003,5823175.314],[389437.878,5823178.588],[389437.856,5823179.152],[389437.552,5823187.039],[389437.452,5823189.635],[389437.151,5823197.438],[389437.024,5823200.761],[389436.984,5823201.805],[389436.907,5823203.789],[389436.699,5823209.211],[389436.564,5823212.711],[389436.092,5823225.422],[389436,5823227.897],[389435.982,5823228.391],[389435.966,5823228.82],[389435.927,5823229.87],[389435.789,5823233.579],[389435.694,5823236.168],[389435.454,5823242.665],[389435.296,5823246.944],[389445.949,5823277.497],[389438.406,5823298.742],[389433.998,5823311.16],[389423.38,5823341.07],[389423.152,5823341.714],[389422.37,5823343.916],[389417.948,5823356.371],[389411.616,5823374.209],[389401.964,5823401.398],[389396.702,5823416.227],[389396.525,5823416.723],[389395.699,5823419.048],[389391.546,5823430.751],[389388.055,5823440.584],[389387.021,5823443.498],[389386.887,5823443.87],[389380.628,5823463.336],[389379.425,5823467.08],[389378.989,5823468.435],[389370.167,5823494.721],[389360.098,5823525.945],[389354.527,5823543.222],[389353.62,5823546.036],[389349.24,5823559.618],[389345.995,5823569.68],[389345.333,5823571.733],[389344.928,5823572.988],[389343.071,5823578.696],[389342.338,5823580.947],[389339.09,5823590.928],[389338.971,5823591.292],[389336.943,5823597.509],[389335.833,5823600.911],[389333.289,5823608.707],[389327.961,5823625.047],[389323.567,5823638.532],[389323.23,5823639.565],[389309.609,5823671.96],[389311.963,5823675.027],[389306.435,5823680.352],[389296.972,5823710.396],[389296.702,5823711.254],[389295.355,5823715.53],[389290.263,5823734.062],[389289.786,5823735.795],[389288.718,5823739.686],[389272.203,5823799.789],[389271.593,5823802.006],[389270.091,5823807.45],[389268.819,5823812.06],[389264.37,5823828.188],[389263.306,5823832.043],[389260.143,5823843.512],[389259.017,5823847.593],[389253.671,5823866.969],[389253.309,5823868.284],[389252.969,5823869.515],[389248.408,5823886.251],[389247.24,5823890.175],[389242.719,5823939.359],[389242.078,5823946.33],[389237.442,5823996.771],[389237.992,5823997.427],[389237.513,5824002.549],[389235.068,5824030.153],[389233.127,5824051.059],[389233.104,5824051.413],[389233.018,5824051.758],[389232.871,5824052.081],[389232.668,5824052.372],[389232.416,5824052.622],[389232.107,5824052.833],[389231.763,5824052.98],[389231.397,5824053.06],[389231.023,5824053.069],[389230.654,5824053.006],[389228.305,5824078.258],[389228.686,5824078.239],[389229.062,5824078.297],[389229.419,5824078.43],[389229.742,5824078.632],[389230.017,5824078.896],[389230.226,5824079.197],[389230.371,5824079.534],[389230.449,5824079.892],[389230.455,5824080.258],[389230.389,5824080.619],[389225.204,5824136.523],[389225.177,5824136.882],[389225.086,5824137.23],[389224.933,5824137.555],[389224.723,5824137.848],[389224.464,5824138.097],[389224.155,5824138.299],[389223.815,5824138.44],[389223.453,5824138.515],[389223.085,5824138.522],[389222.721,5824138.46],[389220.381,5824163.693],[389220.773,5824163.653],[389221.164,5824163.701],[389221.535,5824163.833],[389221.868,5824164.044],[389222.134,5824164.308],[389222.339,5824164.621],[389222.474,5824164.971],[389222.533,5824165.341],[389221.482,5824176.651],[389218.234,5824211.62],[389268.111,5824216.298],[389272.213,5824216.682],[389283.675,5824217.756],[389288.4,5824218.2],[389289.751,5824218.327],[389289.045,5824225.869],[389285.434,5824264.421],[389284.52,5824274.174],[389284.367,5824275.813],[389284.141,5824278.223],[389283.842,5824281.355],[389283.267,5824287.354],[389282.699,5824293.278],[389277.24,5824350.189],[389276.864,5824354.038],[389274.12,5824382.059],[389230.221,5824377.971],[389214.344,5824376.494],[389202.552,5824375.396],[389168.553,5824372.231],[389156.395,5824503.583],[389154.918,5824519.51],[389154.005,5824529.342],[389152.031,5824550.601],[389151.359,5824557.841],[389150.658,5824565.38],[389149.214,5824580.93],[389148.875,5824584.583],[389148.096,5824592.975],[389147.795,5824596.209],[389147.335,5824601.168],[389143.141,5824646.521],[389141.101,5824668.574],[389139.492,5824685.965],[389137.133,5824711.471],[389136.968,5824713.254],[389134.519,5824712.678],[389107.326,5824706.294],[389099.593,5824704.479],[389089.821,5824702.183],[389079.938,5824699.862],[389071.533,5824697.887],[389066.41,5824696.684],[389052.836,5824693.495],[389041.508,5824690.834],[389033.402,5824688.93],[389029.988,5824688.119],[389027.293,5824687.479],[389017.734,5824685.209],[388998.466,5824680.621],[388979.44,5824676.09],[388950.034,5824669.09],[388933.625,5824665.214],[388915.868,5824660.98],[388908.439,5824659.207],[388900.581,5824657.334],[388894.727,5824655.937],[388885.73,5824653.792],[388882.718,5824653.073],[388855.922,5824646.683],[388835.138,5824641.727],[388832.93,5824661.728],[388831.684,5824673.041],[388829.405,5824693.482],[388826.832,5824716.823],[388826.513,5824719.714],[388825.025,5824733.214],[388824.6,5824737.061],[388824.356,5824739.277],[388823.185,5824749.906],[388822.691,5824754.377],[388821.406,5824766.034],[388820.913,5824770.506],[388818.703,5824790.549],[388812.681,5824796.163],[388800.491,5824797.594],[388795.031,5824798.235],[388785.653,5824799.336],[388780.134,5824799.984],[388765.495,5824801.702],[388760.035,5824802.343],[388743.749,5824804.255],[388735.865,5824805.181],[388714.544,5824807.684],[388712.533,5824807.92],[388684.223,5824811.245],[388680.417,5824811.691],[388679.908,5824811.751],[388665.363,5824813.46],[388663.477,5824813.681],[388639.647,5824816.48],[388635.376,5824816.981],[388622.111,5824818.54]]]]},"geometry_name":"geom","properties":{"uuid":"DEBE01YYK0000005","sch":"110000010105","nam":"Wedding","gdf":9245378,"bezeich":"AX_KommunalesGebiet"},"bbox":[384834.773,5821873.329,389782.258,5825120.598]},{"type":"Feature","id":"ortsteile.DEBE01YYK0000009","geometry":{"type":"MultiPolygon","coordinates":[[[[386669.863,5822535.019],[386656.458,5822535.844],[386630.634,5822541.111],[386613.442,5822544.619],[386613.744,5822545.566],[386613.842,5822545.874],[386608.142,5822547.954],[386601.71,5822551.953],[386564.709,5822574.959],[386563.931,5822566.238],[386563.851,5822565.343],[386563.545,5822561.904],[386561.202,5822535.648],[386558.671,5822507.238],[386558.316,5822503.248],[386558.051,5822500.281],[386556.93,5822487.693],[386556.826,5822486.54],[386556.646,5822484.549],[386553.129,5822445.598],[386547.932,5822386.371],[386548.884,5822383.335],[386549.251,5822382.163],[386550.958,5822376.715],[386580.795,5822339.32],[386581.652,5822338.247],[386594.548,5822322.084],[386595.761,5822320.564],[386601.529,5822313.337],[386607.662,5822305.681],[386611.521,5822300.848],[386615.691,5822295.629],[386616.369,5822294.778],[386618.051,5822292.671],[386618.381,5822292.259],[386624.768,5822284.259],[386627.921,5822280.309],[386630.346,5822277.272],[386637.365,5822268.48],[386637.913,5822267.793],[386639.03,5822266.395],[386639.247,5822266.122],[386643.506,5822260.782],[386660.915,5822238.977],[386662.638,5822236.819],[386666.877,5822231.519],[386670.764,5822226.635],[386672.646,5822224.28],[386673.514,5822223.193],[386679.095,5822216.208],[386675.7,5822214.344],[386672.275,5822212.534],[386668.823,5822210.777],[386665.344,5822209.075],[386661.839,5822207.427],[386658.308,5822205.834],[386654.753,5822204.296],[386651.174,5822202.814],[386647.572,5822201.388],[386643.949,5822200.018],[386640.313,5822198.706],[386636.656,5822197.45],[386632.981,5822196.252],[386629.287,5822195.111],[386625.576,5822194.028],[386621.844,5822193.005],[386618.097,5822192.04],[386614.335,5822191.133],[386610.559,5822190.285],[386606.771,5822189.496],[386594.579,5822186.946],[386524.429,5822172.274],[386524.631,5822171.3],[386524.72,5822170.642],[386524.703,5822169.979],[386524.582,5822169.326],[386524.359,5822168.701],[386524.04,5822168.119],[386523.633,5822167.595],[386523.148,5822167.142],[386522.597,5822166.772],[386521.995,5822166.493],[386521.356,5822166.313],[386511.929,5822164.353],[386507.582,5822163.435],[386491.195,5822160.017],[386474.242,5822156.48],[386469.915,5822155.573],[386461.904,5822153.895],[386460.508,5822153.602],[386459.839,5822153.531],[386459.167,5822153.564],[386458.508,5822153.698],[386457.878,5822153.931],[386457.29,5822154.257],[386456.758,5822154.67],[386456.296,5822155.158],[386455.914,5822155.711],[386455.62,5822156.316],[386455.422,5822156.959],[386455.257,5822157.752],[386455.028,5822158.856],[386453.794,5822158.599],[386186.85,5822102.844],[386065.473,5822077.487],[385979.781,5822059.587],[385470.469,5821953.207],[385482.401,5821896.044],[385494.239,5821839.384],[385503.589,5821794.628],[385524.045,5821696.745],[385539.81,5821621.351],[385555.19,5821583.591],[385563.562,5821571.632],[385564.292,5821567.82],[385564.916,5821564.57],[385565.631,5821560.84],[385566.769,5821554.898],[385567.522,5821550.97],[385568.613,5821545.276],[385569.366,5821541.348],[385570.046,5821537.801],[385570.557,5821535.132],[385570.427,5821534.604],[385573.752,5821535.381],[385590.204,5821539.257],[385593.338,5821539.988],[385594.205,5821535.632],[385595.21,5821534.842],[385616.801,5821538.898],[385626.089,5821540.654],[385636.515,5821542.586],[385701.007,5821554.498],[385748.69,5821563.76],[385843.18,5821581.42],[385853.498,5821578.734],[385875.896,5821583.438],[385843.642,5821547.884],[385859.523,5821491.256],[385852.541,5821483.209],[385848.365,5821478.394],[385844.941,5821474.446],[385836.571,5821464.794],[385834.365,5821463.085],[385830.29,5821459.928],[385820.333,5821452.214],[385811.658,5821449.82],[385815.567,5821436.366],[385816.214,5821434.138],[385820.048,5821420.942],[385788.961,5821412.183],[385766.131,5821405.751],[385760.149,5821404.065],[385726.563,5821394.603],[385722.371,5821393.423],[385677.503,5821380.777],[385667.991,5821378.1],[385664.494,5821377.115],[385642.912,5821369.066],[385630.37,5821364.393],[385621.925,5821361.246],[385609.781,5821358.887],[385601.072,5821357.2],[385588.213,5821354.708],[385589.022,5821350.483],[385593.637,5821326.406],[385595.189,5821318.307],[385595.735,5821315.458],[385633.042,5821120.951],[385670.712,5820924.568],[385681.065,5820870.595],[385682.833,5820861.382],[385682.935,5820860.852],[385685.694,5820846.483],[385685.793,5820845.966],[385687.606,5820836.523],[385707.764,5820731.377],[385708.383,5820728.185],[385785.469,5820326.329],[385787.564,5820315.408],[385788.321,5820314.734],[385791.066,5820312.286],[385793.637,5820309.994],[385795.35,5820308.467],[385864.013,5820247.248],[385867.195,5820251.057],[385867.86,5820251.855],[385898.476,5820288.53],[385899.785,5820290.094],[385930.467,5820326.558],[385932.452,5820328.92],[385932.21,5820379.811],[385932.124,5820399.981],[385932.066,5820412.692],[385931.779,5820414.437],[385930.051,5820419.279],[385929.612,5820424.018],[385929.478,5820425.4],[385929.015,5820432.068],[385928.771,5820435.553],[385930.214,5820443.055],[385934.044,5820466.21],[385934.131,5820467.078],[385939.507,5820499.514],[385943.72,5820524.912],[385944.081,5820526.515],[385944.932,5820530.259],[385948.643,5820546.617],[385955.008,5820563.724],[385965.132,5820584.48],[385977.66,5820604.921],[385983.426,5820612.6],[385987.838,5820618.466],[385991.705,5820623.622],[386007.534,5820640.41],[386013.008,5820645.375],[386023.682,5820655.081],[386041.237,5820668.036],[386059.795,5820679.552],[386079.387,5820689.689],[386092.999,5820695.12],[386093.563,5820695.339],[386099.256,5820697.61],[386117.176,5820703.439],[386138.116,5820708.24],[386159.415,5820711.445],[386186.996,5820714.73],[386215.428,5820717.008],[386245.187,5820719.182],[386263.45,5820718.905],[386283.097,5820717.191],[386303.198,5820713.679],[386323.893,5820708.215],[386345.467,5820700.095],[386367.243,5820691.012],[386375.874,5820686.878],[386382.614,5820683.22],[386396.922,5820675.328],[386416.734,5820663.412],[386442.671,5820645.47],[386458.311,5820634.473],[386463.067,5820630.613],[386473.133,5820622.012],[386486.017,5820610.688],[386490.506,5820606.462],[386491.508,5820605.523],[386508.572,5820586.315],[386525.604,5820567.079],[386542.606,5820547.815],[386549.585,5820539.903],[386560.079,5820528.044],[386575.143,5820510.979],[386578.447,5820507.172],[386581.687,5820503.309],[386584.861,5820499.393],[386587.969,5820495.424],[386591.009,5820491.403],[386593.982,5820487.332],[386594.786,5820486.211],[386595.585,5820485.086],[386596.378,5820483.957],[386599.892,5820478.92],[386603.872,5820473.185],[386604.196,5820473.399],[386604.58,5820473.584],[386604.997,5820473.676],[386605.423,5820473.67],[386605.837,5820473.567],[386606.216,5820473.371],[386606.54,5820473.094],[386607.868,5820470.975],[386610.201,5820467.25],[386618.167,5820454.534],[386620.794,5820450.341],[386622.116,5820448.23],[386622.224,5820447.802],[386622.228,5820447.361],[386622.127,5820446.932],[386621.928,5820446.539],[386621.641,5820446.204],[386621.283,5820445.946],[386620.99,5820445.781],[386621.191,5820444.778],[386627.298,5820433.642],[386632.762,5820422.269],[386636.342,5820414.494],[386637.099,5820412.846],[386640.402,5820405.102],[386641.232,5820403.101],[386645.096,5820393.391],[386646.975,5820387.451],[386649.762,5820378.947],[386651.724,5820372.183],[386653.734,5820364.316],[386655.548,5820355.95],[386655.589,5820355.741],[386657.004,5820347.816],[386658.826,5820340.074],[386659.974,5820336.23],[386661.52,5820323.459],[386662.206,5820319.046],[386662.9,5820300.884],[386662.917,5820290.715],[386662.448,5820280.294],[386661.246,5820266.478],[386659.773,5820254.257],[386657.511,5820239.431],[386652.738,5820217.184],[386650.128,5820206.664],[386649.291,5820203.237],[386648.404,5820199.607],[386646.35,5820192.017],[386643.546,5820182.861],[386641.343,5820174.284],[386640.453,5820170.611],[386639.392,5820165.291],[386636.245,5820148.603],[386634.329,5820139.9],[386633.725,5820137.496],[386633.551,5820136.743],[386632.435,5820131.285],[386630.861,5820123.106],[386630.361,5820120.393],[386629.504,5820113.883],[386628.268,5820105.77],[386627.498,5820098.061],[386627.075,5820089.246],[386626.962,5820081.645],[386627.143,5820076.263],[386627.393,5820072.897],[386627.501,5820071.492],[386628.035,5820064.505],[386629.37,5820051.11],[386630.301,5820043.793],[386631.362,5820038.623],[386632.567,5820033.591],[386632.974,5820032.413],[386636.031,5820021.226],[386637.06,5820016.987],[386637.692,5820014.945],[386640.57,5820006.98],[386643.531,5819998.095],[386643.794,5819997.21],[386649.835,5819982.596],[386660.809,5819960.249],[386670.816,5819944.35],[386676.92,5819936.174],[386683.77,5819927.244],[386691.306,5819918.132],[386693.215,5819915.995],[386705.304,5819902.836],[386708.592,5819899.604],[386711.822,5819896.433],[386715.031,5819893.252],[386720.084,5819888.176],[386723.586,5819884.59],[386724.978,5819883.164],[386730.664,5819877.716],[386733.064,5819875.59],[386737.234,5819871.951],[386740.612,5819869.217],[386742.317,5819867.885],[386743.822,5819866.596],[386744.483,5819866.07],[386749.867,5819862.371],[386755.325,5819858.845],[386761.845,5819855.068],[386777.311,5819846.578],[386787.185,5819841.173],[386801.049,5819833.54],[386807.746,5819830.253],[386814.462,5819827.435],[386827.081,5819822.685],[386832.718,5819820.448],[386837.335,5819817.131],[386856.974,5819814.547],[386857.164,5819814.823],[386857.416,5819815.044],[386857.715,5819815.196],[386858.042,5819815.269],[386858.347,5819815.284],[386866.362,5819814.496],[386874.352,5819813.777],[386890.313,5819812.459],[386892.767,5819812.291],[386895.194,5819812.144],[386897.584,5819812.037],[386900.395,5819811.905],[386903.17,5819811.839],[386905.945,5819811.839],[386908.72,5819811.902],[386911.492,5819812.03],[386915.406,5819812.238],[386919.314,5819812.539],[386923.213,5819812.932],[386927.103,5819813.418],[386930.979,5819813.996],[386934.841,5819814.666],[386943.301,5819816.277],[386951.745,5819817.972],[386960.172,5819819.751],[386968.581,5819821.613],[386968.553,5819821.724],[386970.665,5819822.302],[386972.77,5819822.905],[386974.867,5819823.534],[386977.771,5819824.476],[386980.661,5819825.456],[386983.539,5819826.476],[386986.402,5819827.534],[386989.738,5819828.835],[386993.048,5819830.203],[386996.33,5819831.635],[386999.157,5819832.918],[387001.96,5819834.253],[387004.737,5819835.641],[387007.488,5819837.08],[387010.211,5819838.57],[387011.521,5819839.287],[387012.824,5819840.016],[387014.12,5819840.757],[387016.895,5819842.394],[387019.638,5819844.085],[387022.348,5819845.829],[387022.367,5819845.768],[387027.026,5819848.919],[387038.009,5819856.45],[387040.245,5819858.33],[387043.919,5819861.419],[387051.138,5819867.489],[387057.983,5819873.539],[387064.621,5819879.792],[387079.005,5819894.757],[387087.367,5819904.367],[387104.834,5819924.234],[387113.07,5819934.026],[387130.036,5819953.872],[387139.945,5819965.221],[387141.918,5819967.479],[387143.631,5819969.442],[387185.302,5820017.966],[387244.632,5820087.062],[387251.714,5820095.41],[387254.708,5820098.939],[387255.68,5820100.07],[387257.326,5820101.982],[387257.908,5820102.658],[387257.967,5820102.617],[387258.186,5820102.908],[387258.87,5820103.82],[387256.957,5820105.236],[387268.651,5820121.242],[387268.838,5820121.109],[387270.06,5820122.785],[387272.503,5820126.119],[387272.811,5820126.46],[387273.191,5820126.72],[387273.62,5820126.883],[387274.076,5820126.942],[387274.533,5820126.892],[387274.966,5820126.736],[387275.35,5820126.484],[387277.471,5820126.534],[387279.461,5820129.166],[387286.645,5820139.389],[387289.672,5820143.981],[387289.668,5820144.504],[387289.745,5820145.022],[387289.9,5820145.522],[387290.13,5820145.992],[387293.587,5820151.606],[387296.403,5820156.122],[387298.813,5820160.376],[387303.581,5820169.204],[387306.332,5820174.541],[387309.77,5820181.765],[387311.369,5820185.435],[387319.078,5820201.677],[387324.989,5820214.384],[387329.053,5820223.536],[387332.76,5820232.844],[387335.452,5820240.313],[387337.36,5820246.006],[387339.099,5820251.762],[387341.337,5820259.509],[387341.546,5820260.256],[387343.268,5820266.402],[387343.482,5820267.168],[387343.592,5820267.156],[387344.498,5820266.978],[387345.549,5820272.119],[387346.557,5820277.269],[387347.523,5820282.427],[387348.436,5820287.613],[387349.434,5820292.784],[387350.518,5820297.937],[387351.686,5820303.072],[387352.845,5820308.045],[387354.099,5820312.996],[387355.446,5820317.921],[387356.886,5820322.821],[387358.419,5820327.692],[387360.044,5820332.533],[387361.383,5820336.209],[387362.832,5820339.843],[387364.39,5820343.432],[387366.055,5820346.973],[387367.825,5820350.462],[387369.7,5820353.896],[387371.677,5820357.273],[387373.754,5820360.588],[387376.292,5820364.564],[387378.919,5820368.482],[387381.635,5820372.339],[387384.437,5820376.133],[387387.324,5820379.864],[387390.294,5820383.528],[387393.347,5820387.124],[387396.481,5820390.649],[387399.693,5820394.104],[387402.983,5820397.484],[387406.273,5820400.506],[387409.641,5820403.441],[387413.083,5820406.289],[387416.598,5820409.046],[387420.183,5820411.711],[387423.836,5820414.282],[387427.555,5820416.758],[387431.336,5820419.137],[387434.837,5820421.262],[387438.384,5820423.31],[387441.975,5820425.278],[387445.609,5820427.167],[387449.284,5820428.975],[387452.998,5820430.701],[387456.749,5820432.345],[387460.536,5820433.905],[387463.285,5820434.96],[387466.06,5820435.945],[387468.86,5820436.859],[387471.681,5820437.702],[387474.523,5820438.473],[387477.384,5820439.171],[387487.164,5820440.851],[387488.074,5820442.921],[387488.818,5820443.011],[387491.153,5820440.814],[387492.161,5820441.066],[387505.952,5820444.423],[387519.795,5820447.795],[387527.073,5820453.167],[387534.553,5820456.078],[387546.236,5820458.906],[387558.104,5820460.92],[387570.003,5820462.533],[387584.798,5820463.372],[387584.959,5820463.379],[387590.892,5820463.596],[387591.383,5820463.636],[387591.613,5820463.632],[387596.852,5820463.592],[387615.615,5820462.765],[387626.107,5820461.856],[387638.54,5820460.479],[387649.881,5820459.024],[387663.598,5820456.753],[387712.46,5820448.664],[387719.999,5820447.061],[387727.102,5820445.176],[387736.096,5820442.82],[387740.276,5820441.725],[387747,5820439.377],[387761.867,5820434.015],[387779.335,5820426.053],[387788.918,5820421.031],[387799.327,5820414.684],[387808.721,5820408.075],[387813.391,5820404.417],[387816.005,5820402.281],[387817.989,5820400.66],[387823.725,5820395.771],[387831.967,5820388.292],[387833.892,5820386.545],[387835.521,5820385.066],[387840.416,5820380.624],[387842.032,5820379.15],[387843.951,5820377.397],[387860.368,5820362.416],[387875.4,5820354.171],[387877.192,5820353.188],[387915.389,5820322.299],[387916.523,5820321.774],[387931.676,5820307.234],[387932.818,5820306.726],[387932.163,5820305.25],[387934.309,5820304.161],[387935.945,5820302.594],[387940.202,5820297.578],[387944.27,5820292.465],[387948.234,5820287.264],[387981.914,5820237.869],[388000.842,5820210.758],[388003.346,5820206.757],[388034.75,5820161.323],[388035.409,5820160.358],[388038.254,5820156.2],[388038.914,5820155.235],[388043.64,5820148.765],[388051.682,5820137.873],[388052.069,5820137.358],[388067.319,5820117.004],[388075.32,5820106.326],[388079.261,5820103.25],[388081.403,5820100.705],[388086.426,5820094.5],[388090.309,5820089.991],[388098.418,5820081.193],[388106.737,5820072.561],[388115.332,5820064.202],[388124.099,5820056.062],[388141.92,5820039.984],[388153.002,5820031.567],[388162.445,5820024.117],[388187.743,5820004.533],[388193.93,5819999.426],[388203.011,5819991.517],[388210.33,5819984.58],[388240.79,5819955.743],[388257.98,5819938.966],[388263.47,5819933.086],[388287.692,5819911.566],[388302.338,5819899.93],[388313.43,5819891.034],[388314.586,5819890.108],[388332.082,5819876.076],[388334.42,5819874.227],[388349.134,5819862.625],[388349.806,5819862.202],[388373.463,5819847.433],[388374.501,5819846.793],[388374.341,5819846.071],[388374.326,5819846.007],[388374.905,5819845.76],[388379.186,5819843.934],[388384.078,5819841.951],[388389.589,5819839.877],[388395.151,5819837.921],[388398.909,5819836.77],[388402.698,5819835.718],[388406.499,5819834.735],[388424.869,5819830.135],[388425.935,5819829.868],[388441.072,5819826.078],[388452.528,5819823.29],[388455.376,5819822.626],[388458.254,5819822.032],[388461.135,5819821.567],[388464.047,5819821.182],[388467.979,5819820.737],[388471.892,5819820.382],[388475.805,5819820.058],[388481.716,5819819.615],[388487.628,5819819.223],[388491.525,5819819.029],[388495.471,5819818.884],[388499.41,5819818.799],[388503.35,5819818.814],[388507.29,5819818.869],[388511.222,5819818.974],[388515.155,5819819.149],[388519.089,5819819.394],[388523.015,5819819.68],[388526.972,5819820.064],[388530.9,5819820.52],[388534.849,5819821.014],[388540.794,5819821.821],[388553.177,5819823.626],[388554.2,5819823.786],[388559.637,5819824.673],[388564.223,5819825.46],[388565.405,5819825.663],[388571.136,5819826.774],[388575.634,5819827.708],[388580.072,5819828.674],[388585.786,5819829.975],[388591.471,5819831.306],[388597.437,5819832.713],[388603.385,5819834.18],[388607.163,5819835.148],[388610.942,5819836.176],[388614.703,5819837.274],[388625.906,5819840.661],[388638.227,5819844.436],[388649.372,5819847.894],[388654.996,5819849.666],[388660.599,5819851.46],[388666.204,5819853.303],[388671.213,5819855.06],[388676.59,5819856.944],[388681.927,5819858.939],[388687.221,5819861.044],[388692.47,5819863.26],[388697.672,5819865.584],[388702.824,5819868.017],[388707.924,5819870.556],[388712.971,5819873.2],[388717.961,5819875.949],[388722.893,5819878.802],[388727.765,5819881.756],[388729.995,5819883.155],[388737.813,5819888.076],[388745.458,5819893.457],[388754.852,5819900.471],[388763.514,5819907.926],[388776.667,5819920.925],[388795.216,5819940.402],[388802.348,5819947.672],[388809.204,5819954.861],[388831.383,5819977.092],[388845.58,5819989.959],[388853.185,5819996.479],[388861.024,5820002.689],[388869.09,5820008.593],[388877.335,5820014.258],[388887.01,5820020.178],[388896.109,5820025.248],[388905.071,5820029.708],[388914.274,5820033.608],[388923.465,5820037.537],[388932.713,5820041.337],[388941.96,5820045.138],[388951.247,5820048.846],[388962.081,5820052.958],[388989.417,5820063.887],[388998.806,5820067.578],[388999.986,5820067.991],[389000.584,5820068.171],[389001.43,5820068.392],[389002.283,5820068.579],[389003.144,5820068.729],[389004.01,5820068.844],[389004.88,5820068.923],[389005.752,5820068.966],[389020.928,5820069.043],[389026.083,5820069.069],[389026.822,5820069.071],[389027.56,5820069.111],[389028.295,5820069.189],[389029.024,5820069.306],[389029.747,5820069.461],[389030.461,5820069.654],[389031.163,5820069.883],[389031.853,5820070.149],[389072.472,5820086.045],[389073.667,5820086.551],[389074.579,5820087.004],[389075.25,5820087.385],[389075.903,5820087.797],[389076.537,5820088.238],[389077.151,5820088.706],[389077.743,5820089.202],[389078.312,5820089.724],[389082.909,5820093.897],[389086.571,5820097.222],[389088.655,5820099.22],[389098.087,5820108.264],[389102.972,5820110.044],[389104.489,5820110.647],[389106.005,5820111.254],[389107.519,5820111.866],[389110.257,5820112.984],[389112.989,5820114.116],[389115.715,5820115.262],[389121.412,5820117.71],[389127.083,5820120.219],[389132.726,5820122.788],[389138.342,5820125.418],[389142.163,5820127.258],[389145.973,5820129.118],[389149.774,5820130.999],[389152.996,5820132.614],[389156.211,5820134.244],[389159.418,5820135.889],[389169.516,5820141.341],[389174.23,5820144.029],[389178.968,5820146.675],[389183.728,5820149.281],[389188.018,5820151.622],[389192.294,5820153.99],[389196.555,5820156.383],[389200.358,5820158.548],[389204.15,5820160.734],[389207.929,5820162.94],[389211.51,5820165.071],[389215.06,5820167.253],[389218.58,5820169.484],[389221.285,5820171.245],[389223.971,5820173.036],[389226.637,5820174.855],[389229.863,5820177.182],[389233.058,5820179.55],[389236.222,5820181.96],[389239.201,5820184.288],[389242.15,5820186.652],[389245.071,5820189.052],[389247.15,5820190.83],[389249.208,5820192.634],[389251.243,5820194.463],[389258.185,5820201.05],[389259.991,5820202.859],[389261.776,5820204.689],[389263.541,5820206.538],[389265.758,5820208.923],[389267.94,5820211.339],[389270.087,5820213.787],[389272.199,5820216.265],[389279.182,5820224.501],[389285.592,5820232.544],[389290.538,5820238.504],[389291.619,5820239.809],[389297.094,5820246.715],[389299.619,5820249.978],[389302.066,5820253.299],[389304.434,5820256.678],[389306.721,5820260.111],[389308.928,5820263.597],[389311.051,5820267.135],[389313.09,5820270.721],[389315.117,5820274.301],[389317.217,5820277.839],[389319.387,5820281.335],[389321.627,5820284.786],[389323.936,5820288.191],[389326.313,5820291.549],[389328.758,5820294.858],[389337.3,5820306.335],[389336.989,5820306.635],[389337.38,5820307.206],[389345.25,5820318.115],[389353.121,5820329.026],[389353.545,5820329.598],[389354.37,5820328.803],[389359.972,5820337.866],[389362.295,5820341.822],[389364.707,5820345.724],[389367.205,5820349.571],[389369.79,5820353.362],[389372.459,5820357.093],[389375.211,5820360.763],[389378.045,5820364.37],[389380.525,5820367.308],[389383.079,5820370.182],[389385.706,5820372.99],[389388.404,5820375.729],[389391.171,5820378.399],[389392.764,5820379.875],[389394.377,5820381.328],[389396.011,5820382.758],[389397.666,5820384.164],[389399.313,5820385.525],[389401.035,5820386.903],[389402.749,5820388.236],[389404.482,5820389.545],[389408.027,5820392.017],[389411.625,5820394.411],[389415.275,5820396.724],[389418.976,5820398.957],[389422.725,5820401.107],[389426.52,5820403.174],[389427.376,5820403.625],[389428.235,5820404.072],[389429.095,5820404.515],[389431.562,5820405.83],[389434.044,5820407.115],[389436.541,5820408.371],[389439.053,5820409.597],[389441.58,5820410.792],[389444.12,5820411.958],[389446.675,5820413.092],[389449.243,5820414.196],[389451.824,5820415.269],[389456.965,5820417.288],[389459.524,5820418.235],[389462.36,5820419.25],[389465.208,5820420.228],[389468.07,5820421.169],[389470.943,5820422.072],[389473.828,5820422.937],[389476.723,5820423.765],[389479.63,5820424.554],[389482.546,5820425.306],[389490.03,5820427.084],[389492.506,5820427.602],[389494.987,5820428.094],[389497.474,5820428.558],[389499.965,5820428.995],[389504.358,5820429.697],[389508.763,5820430.315],[389513.179,5820430.847],[389517.605,5820431.294],[389522.039,5820431.655],[389526.479,5820431.93],[389526.495,5820432.528],[389528.273,5820499.431],[389531.378,5820517.01],[389531.389,5820517.1],[389533.552,5820519.899],[389533.733,5820523.585],[389530.454,5820523.667],[389530.566,5820528.465],[389530.898,5820543.131],[389531.812,5820583.432],[389532.209,5820600.924],[389532.481,5820612.887],[389533.427,5820654.71],[389529.787,5820658.659],[389528.611,5820659.933],[389510.355,5820679.717],[389508.076,5820682.101],[389506.739,5820683.488],[389485.157,5820705.995],[389486.854,5820766.458],[389489.099,5820846.429],[389491.773,5820848.971],[389492.368,5820849.536],[389649.477,5820845.917],[389654.28,5820850.845],[389659.061,5820856.164],[389663.315,5820861.662],[389667.316,5820867.466],[389670.982,5820873.606],[389674.073,5820879.946],[389677.089,5820886.618],[389679.707,5820893.848],[389681.379,5820901.356],[389682.618,5820909.151],[389683.2,5820915.57],[389683.529,5820922.353],[389683.572,5820929.872],[389683.267,5820936.957],[389682.528,5820944.38],[389681.648,5820951.197],[389680.582,5820958.246],[389679.22,5820966.531],[389681.607,5820966.946],[389681.084,5820969.916],[389681.044,5820970.342],[389681.063,5820970.768],[389681.14,5820971.189],[389681.274,5820971.595],[389681.463,5820971.978],[389681.742,5820972.381],[389682.082,5820972.735],[389682.474,5820973.031],[389682.907,5820973.261],[389684.259,5820973.895],[389683.423,5820975.661],[389678.56,5820987.28],[389673.371,5820999.69],[389673.181,5821000.074],[389673.025,5821000.397],[389672.437,5821000.008],[389671.837,5821001.029],[389670.313,5821000.318],[389670.086,5821000.206],[389669.845,5821000.13],[389669.595,5821000.091],[389669.343,5821000.091],[389669.093,5821000.13],[389668.851,5821000.206],[389668.54,5821000.441],[389668.254,5821000.706],[389667.995,5821000.998],[389667.766,5821001.313],[389667.569,5821001.65],[389666.974,5821002.992],[389666.437,5821004.182],[389665.275,5821003.544],[389655.904,5821020.271],[389653.417,5821024.608],[389650.788,5821028.878],[389648.139,5821033.118],[389645.409,5821037.299],[389642.669,5821041.481],[389637.016,5821049.738],[389631.252,5821057.927],[389621.063,5821072.13],[389588.253,5821117.161],[389586.276,5821119.968],[389578.894,5821130.868],[389580.19,5821131.673],[389578.359,5821134.277],[389576.513,5821137.092],[389573.814,5821141.363],[389570.888,5821146.259],[389542.196,5821195.441],[389521.73,5821230.787],[389516.691,5821239.773],[389513.962,5821244.534],[389511.971,5821248.132],[389511.417,5821249.143],[389509.68,5821252.295],[389505.999,5821259.064],[389505.738,5821259.539],[389502.899,5821264.843],[389499.435,5821271.428],[389496.716,5821276.73],[389494.365,5821281.384],[389491.925,5821286.63],[389490.562,5821285.976],[389487.532,5821292.753],[389482.901,5821303.711],[389478.143,5821314.84],[389471.896,5821330.208],[389467.084,5821342.188],[389466.86,5821342.746],[389466.506,5821343.639],[389465.173,5821346.983],[389464.803,5821347.911],[389460.298,5821359.186],[389455.826,5821370.11],[389451.551,5821380.351],[389446.42,5821392.528],[389445.648,5821394.362],[389442.949,5821400.673],[389437.901,5821412.328],[389432.215,5821424.596],[389431.597,5821425.925],[389430.079,5821429.19],[389429.659,5821430.094],[389423.419,5821443.191],[389408.953,5821472.244],[389403.392,5821483.209],[389387.634,5821513.707],[389384.737,5821519.142],[389380.696,5821526.408],[389377.525,5821532.648],[389372.595,5821541.581],[389367.933,5821549.849],[389364.477,5821555.844],[389359.225,5821564.663],[389336.543,5821602.802],[389321.979,5821606.749],[389319.062,5821611.644],[389318.887,5821611.939],[389316.504,5821615.942],[389277.84,5821680.876],[389275.609,5821684.622],[389212.096,5821791.289],[389208.572,5821797.208],[389186.585,5821834.133],[389163.254,5821873.329],[389157.243,5821883.418],[389152.498,5821891.382],[389154.058,5821892.134],[389189.032,5821908.984],[389192.986,5821910.89],[389189.017,5821917.314],[389174.332,5821941.077],[389174.069,5821941.541],[389173.841,5821942.022],[389173.649,5821942.518],[389173.493,5821943.028],[389173.376,5821943.547],[389173.297,5821944.074],[389173.256,5821944.605],[389173.255,5821945.136],[389173.293,5821945.667],[389173.37,5821946.194],[389173.485,5821946.714],[389173.638,5821947.224],[389173.828,5821947.722],[389174.054,5821948.204],[389174.315,5821948.668],[389174.609,5821949.112],[389174.936,5821949.533],[389175.292,5821949.929],[389175.676,5821950.298],[389176.086,5821950.637],[389176.52,5821950.946],[389176.975,5821951.222],[389179.235,5821952.479],[389179.896,5821952.846],[389177.239,5821960.117],[389174.545,5821967.466],[389173.91,5821969.338],[389167.475,5821968.04],[389163.504,5821967.247],[389159.958,5821966.534],[389159.748,5821966.504],[389159.538,5821966.503],[389159.329,5821966.532],[389159.126,5821966.59],[389158.933,5821966.675],[389158.753,5821966.787],[389154.046,5821970.096],[389153.839,5821970.264],[389153.655,5821970.457],[389153.496,5821970.671],[389153.366,5821970.904],[389153.266,5821971.151],[389152.321,5821973.971],[389151.506,5821976.404],[389150.57,5821979.153],[389149.602,5821981.891],[389148.603,5821984.619],[389148.242,5821985.534],[389148.113,5821985.831],[389147.849,5821986.436],[389147.424,5821987.324],[389146.966,5821988.195],[389146.477,5821989.049],[389143.803,5821993.539],[389143.314,5821994.322],[389142.798,5821995.087],[389142.253,5821995.832],[389141.682,5821996.557],[389141.084,5821997.261],[389138.363,5822000.372],[389137.243,5822001.635],[389136.189,5822002.79],[389136.105,5822002.882],[389134.95,5822004.114],[389133.778,5822005.329],[389132.926,5822006.167],[389132.047,5822006.977],[389131.143,5822007.759],[389130.214,5822008.511],[389129.261,5822009.232],[389128.286,5822009.923],[389128.889,5822010.469],[389130.535,5822011.96],[389135.551,5822016.523],[389136.083,5822017.007],[389137.393,5822018.199],[389121.349,5822030.034],[389118.151,5822027.167],[389115.73,5822024.996],[389114.076,5822023.513],[389110.983,5822020.722],[389108.369,5822022.351],[389108.296,5822022.392],[389107.321,5822022.998],[389097.938,5822028.829],[389079.726,5822040.034],[389058.335,5822053.201],[389011.239,5822082.373],[389005.158,5822086.141],[389003.786,5822086.991],[388997.854,5822090.684],[388975.382,5822104.516],[388971.978,5822106.64],[388970.965,5822107.264],[388965.969,5822110.345],[388966.392,5822111.026],[388961.123,5822113.697],[388960.008,5822114.243],[388958.879,5822114.759],[388957.737,5822115.243],[388956.581,5822115.696],[388955.413,5822116.117],[388954.234,5822116.505],[388953.045,5822116.861],[388951.847,5822117.183],[388950.64,5822117.473],[388949.426,5822117.729],[388948.205,5822117.952],[388947.08,5822118.123],[388945.95,5822118.256],[388944.817,5822118.35],[388943.681,5822118.404],[388942.544,5822118.42],[388935.645,5822118.421],[388930.883,5822118.282],[388929.755,5822118.235],[388928.628,5822118.153],[388927.504,5822118.035],[388926.384,5822117.881],[388925.27,5822117.692],[388924.163,5822117.467],[388923.063,5822117.207],[388921.973,5822116.912],[388920.892,5822116.583],[388919.822,5822116.22],[388918.764,5822115.822],[388917.719,5822115.392],[388907.203,5822110.863],[388908.624,5822108.816],[388906.772,5822107.661],[388892.463,5822096.105],[388891.68,5822095.498],[388890.875,5822094.92],[388890.048,5822094.375],[388889.201,5822093.862],[388888.334,5822093.383],[388887.449,5822092.937],[388886.547,5822092.526],[388885.631,5822092.151],[388884.7,5822091.811],[388883.757,5822091.508],[388882.803,5822091.242],[388881.839,5822091.013],[388880.867,5822090.821],[388879.888,5822090.668],[388878.904,5822090.552],[388877.917,5822090.475],[388876.927,5822090.436],[388875.937,5822090.436],[388874.947,5822090.474],[388873.96,5822090.551],[388872.976,5822090.666],[388871.997,5822090.819],[388871.025,5822091.01],[388870.061,5822091.239],[388869.107,5822091.505],[388868.163,5822091.807],[388866.685,5822092.334],[388865.22,5822092.897],[388863.769,5822093.496],[388862.334,5822094.132],[388860.915,5822094.803],[388859.513,5822095.509],[388858.129,5822096.249],[388856.764,5822097.024],[388854.786,5822098.181],[388844.678,5822104.088],[388833.834,5822110.48],[388839.389,5822114.497],[388840.091,5822114.07],[388851.878,5822122.445],[388849.086,5822123.968],[388847.774,5822124.686],[388847.325,5822124.931],[388842.307,5822129.226],[388838.204,5822132.184],[388822.296,5822139.586],[388817.219,5822141.948],[388751.306,5822172.616],[388732.98,5822181.143],[388726.575,5822184.123],[388685.612,5822203.182],[388680.105,5822205.744],[388677.922,5822206.759],[388676.779,5822207.292],[388658.655,5822215.724],[388651.455,5822219.067],[388629.699,5822229.169],[388621.395,5822233.024],[388617.984,5822234.612],[388585.315,5822249.831],[388579.711,5822252.437],[388577.673,5822253.385],[388409.026,5822331.817],[388405.659,5822333.043],[388402.264,5822334.187],[388398.841,5822335.249],[388395.395,5822336.228],[388391.925,5822337.123],[388388.435,5822337.934],[388384.926,5822338.66],[388376.692,5822340.081],[388346.732,5822341.74],[388315.895,5822333.198],[388309.004,5822331.291],[388285.219,5822329.846],[388272.74,5822329.089],[388261.289,5822325.344],[388251.909,5822322.278],[388193.11,5822303.05],[388187.952,5822301.363],[388157.799,5822291.503],[388104.513,5822274.358],[388100.843,5822273.178],[388058.016,5822259.398],[388053.242,5822257.913],[388048.449,5822256.493],[388043.637,5822255.136],[388042.328,5822254.779],[388036.384,5822253.223],[388030.416,5822251.764],[388024.424,5822250.405],[388018.411,5822249.144],[388012.378,5822247.983],[388006.326,5822246.922],[388000.258,5822245.96],[387995.981,5822245.344],[387991.697,5822244.778],[387987.406,5822244.262],[387983.11,5822243.795],[387980.283,5822243.515],[387977.635,5822243.273],[387971.496,5822242.785],[387965.35,5822242.398],[387959.198,5822242.113],[387953.042,5822241.93],[387946.885,5822241.849],[387940.726,5822241.87],[387934.569,5822241.992],[387930.198,5822242.141],[387925.829,5822242.342],[387921.463,5822242.593],[387919.032,5822242.756],[387914.174,5822243.128],[387907.669,5822243.727],[387901.175,5822244.44],[387894.695,5822245.267],[387888.23,5822246.207],[387881.783,5822247.261],[387875.356,5822248.428],[387868.95,5822249.707],[387862.567,5822251.099],[387857.042,5822252.426],[387854.167,5822253.115],[387769.613,5822273.401],[387739.44,5822280.639],[387730.484,5822282.788],[387725.045,5822284.093],[387717.449,5822285.917],[387663.032,5822298.976],[387658.815,5822299.988],[387601.295,5822313.794],[387598.962,5822314.353],[387584.586,5822317.804],[387574.866,5822320.146],[387534.67,5822329.829],[387532.334,5822330.391],[387512.895,5822335.074],[387503.176,5822337.416],[387462.988,5822347.097],[387460.435,5822347.711],[387409.516,5822359.978],[387399.146,5822362.736],[387396.052,5822363.559],[387394.039,5822364.095],[387375.836,5822369.761],[387357.279,5822376.597],[387351.596,5822378.691],[387346.407,5822380.899],[387341.746,5822382.881],[387340.234,5822383.524],[387338.941,5822384.132],[387336.697,5822385.185],[387328.4,5822389.08],[387282.348,5822411.965],[387280.891,5822412.702],[387275.114,5822415.628],[387265.275,5822420.611],[387200.447,5822453.44],[387199.504,5822453.917],[387167.381,5822470.185],[387164.776,5822471.504],[387099.08,5822504.774],[387085.359,5822511.297],[387077.194,5822515.18],[387072.659,5822517.336],[387062.312,5822521.688],[387049.61,5822526.985],[387047.355,5822527.925],[387030.635,5822532.676],[387027.813,5822533.478],[387024.345,5822534.464],[387020.251,5822535.824],[387008.588,5822539.698],[387003.712,5822541.318],[386999.836,5822542.55],[386993.225,5822544.65],[386987.131,5822545.978],[386985.913,5822546.243],[386982.349,5822547.019],[386960.949,5822550.49],[386934.614,5822552.141],[386886.835,5822552.497],[386851.617,5822551.164],[386848.088,5822550.797],[386828.775,5822548.788],[386818.831,5822547.753],[386759.168,5822541.547],[386749.225,5822540.512],[386698.794,5822535.267],[386685.214,5822534.727],[386669.863,5822535.019]]]]},"geometry_name":"geom","properties":{"uuid":"DEBE01YYK0000009","sch":"110000010102","nam":"Moabit","gdf":7709344,"bezeich":"AX_KommunalesGebiet"},"bbox":[385470.469,5819811.839,389684.259,5822574.959]},{"type":"Feature","id":"ortsteile.DEBE01YYK000000B","geometry":{"type":"MultiPolygon","coordinates":[[[[389760.943,5820333.207],[389747.041,5820346.16],[389746.746,5820346.439],[389746.451,5820346.717],[389746.156,5820346.995],[389740.963,5820351.813],[389735.703,5820356.557],[389730.376,5820361.226],[389724.984,5820365.819],[389719.528,5820370.336],[389714.008,5820374.776],[389710.349,5820377.622],[389706.661,5820380.431],[389702.945,5820383.203],[389699.201,5820385.937],[389696.77,5820387.651],[389694.318,5820389.336],[389691.847,5820390.992],[389689.354,5820392.616],[389686.843,5820394.211],[389684.313,5820395.777],[389681.763,5820397.309],[389679.195,5820398.811],[389676.611,5820400.283],[389674.006,5820401.722],[389671.386,5820403.13],[389668.749,5820404.507],[389666.094,5820405.85],[389663.424,5820407.162],[389660.739,5820408.442],[389656.214,5820410.505],[389651.648,5820412.477],[389647.043,5820414.355],[389642.401,5820416.139],[389637.724,5820417.829],[389633.013,5820419.424],[389628.503,5820420.865],[389623.967,5820422.22],[389619.405,5820423.486],[389614.82,5820424.664],[389610.212,5820425.754],[389605.585,5820426.755],[389601.532,5820427.567],[389597.466,5820428.312],[389593.388,5820428.987],[389589.529,5820429.591],[389585.66,5820430.127],[389581.782,5820430.594],[389577.897,5820430.992],[389574.02,5820431.319],[389570.894,5820431.536],[389567.765,5820431.707],[389564.634,5820431.834],[389539.474,5820432.243],[389536.224,5820432.234],[389532.974,5820432.179],[389529.726,5820432.078],[389526.479,5820431.93],[389522.039,5820431.655],[389517.605,5820431.294],[389513.179,5820430.847],[389508.763,5820430.315],[389504.358,5820429.697],[389499.965,5820428.995],[389497.474,5820428.558],[389494.987,5820428.094],[389492.506,5820427.602],[389490.03,5820427.084],[389482.546,5820425.306],[389479.63,5820424.554],[389476.723,5820423.765],[389473.828,5820422.937],[389470.943,5820422.072],[389468.07,5820421.169],[389465.208,5820420.228],[389462.36,5820419.25],[389459.524,5820418.235],[389456.965,5820417.288],[389451.824,5820415.269],[389449.243,5820414.196],[389446.675,5820413.092],[389444.12,5820411.958],[389441.58,5820410.792],[389439.053,5820409.597],[389436.541,5820408.371],[389434.044,5820407.115],[389431.562,5820405.83],[389429.095,5820404.515],[389428.235,5820404.072],[389427.376,5820403.625],[389426.52,5820403.174],[389422.725,5820401.107],[389418.976,5820398.957],[389415.275,5820396.724],[389411.625,5820394.411],[389408.027,5820392.017],[389404.482,5820389.545],[389402.749,5820388.236],[389401.035,5820386.903],[389399.313,5820385.525],[389397.666,5820384.164],[389396.011,5820382.758],[389394.377,5820381.328],[389392.764,5820379.875],[389391.171,5820378.399],[389388.404,5820375.729],[389385.706,5820372.99],[389383.079,5820370.182],[389380.525,5820367.308],[389378.045,5820364.37],[389375.211,5820360.763],[389372.459,5820357.093],[389369.79,5820353.362],[389367.205,5820349.571],[389364.707,5820345.724],[389362.295,5820341.822],[389359.972,5820337.866],[389354.37,5820328.803],[389353.545,5820329.598],[389353.121,5820329.026],[389345.25,5820318.115],[389337.38,5820307.206],[389336.989,5820306.635],[389337.3,5820306.335],[389328.758,5820294.858],[389326.313,5820291.549],[389323.936,5820288.191],[389321.627,5820284.786],[389319.387,5820281.335],[389317.217,5820277.839],[389315.117,5820274.301],[389313.09,5820270.721],[389311.051,5820267.135],[389308.928,5820263.597],[389306.721,5820260.111],[389304.434,5820256.678],[389302.066,5820253.299],[389299.619,5820249.978],[389297.094,5820246.715],[389291.619,5820239.809],[389290.538,5820238.504],[389285.592,5820232.544],[389279.182,5820224.501],[389272.199,5820216.265],[389270.087,5820213.787],[389267.94,5820211.339],[389265.758,5820208.923],[389263.541,5820206.538],[389261.776,5820204.689],[389259.991,5820202.859],[389258.185,5820201.05],[389251.243,5820194.463],[389249.208,5820192.634],[389247.15,5820190.83],[389245.071,5820189.052],[389242.15,5820186.652],[389239.201,5820184.288],[389236.222,5820181.96],[389233.058,5820179.55],[389229.863,5820177.182],[389226.637,5820174.855],[389223.971,5820173.036],[389221.285,5820171.245],[389218.58,5820169.484],[389215.06,5820167.253],[389211.51,5820165.071],[389207.929,5820162.94],[389204.15,5820160.734],[389200.358,5820158.548],[389196.555,5820156.383],[389192.294,5820153.99],[389188.018,5820151.622],[389183.728,5820149.281],[389178.968,5820146.675],[389174.23,5820144.029],[389169.516,5820141.341],[389159.418,5820135.889],[389156.211,5820134.244],[389152.996,5820132.614],[389149.774,5820130.999],[389145.973,5820129.118],[389142.163,5820127.258],[389138.342,5820125.418],[389132.726,5820122.788],[389127.083,5820120.219],[389121.412,5820117.71],[389115.715,5820115.262],[389112.989,5820114.116],[389110.257,5820112.984],[389107.519,5820111.866],[389106.005,5820111.254],[389104.489,5820110.647],[389102.972,5820110.044],[389098.087,5820108.264],[389088.655,5820099.22],[389086.571,5820097.222],[389082.909,5820093.897],[389078.312,5820089.724],[389077.743,5820089.202],[389077.151,5820088.706],[389076.537,5820088.238],[389075.903,5820087.797],[389075.25,5820087.385],[389074.579,5820087.004],[389073.667,5820086.551],[389072.472,5820086.045],[389031.853,5820070.149],[389031.163,5820069.883],[389030.461,5820069.654],[389029.747,5820069.461],[389029.024,5820069.306],[389028.295,5820069.189],[389027.56,5820069.111],[389026.822,5820069.071],[389026.083,5820069.069],[389020.928,5820069.043],[389005.752,5820068.966],[389004.88,5820068.923],[389004.01,5820068.844],[389003.144,5820068.729],[389002.283,5820068.579],[389001.43,5820068.392],[389000.584,5820068.171],[388999.986,5820067.991],[388998.806,5820067.578],[388989.417,5820063.887],[388962.081,5820052.958],[388951.247,5820048.846],[388941.96,5820045.138],[388932.713,5820041.337],[388923.465,5820037.537],[388914.274,5820033.608],[388905.071,5820029.708],[388896.109,5820025.248],[388887.01,5820020.178],[388877.335,5820014.258],[388869.09,5820008.593],[388861.024,5820002.689],[388853.185,5819996.479],[388845.58,5819989.959],[388831.383,5819977.092],[388809.204,5819954.861],[388802.348,5819947.672],[388795.216,5819940.402],[388776.667,5819920.925],[388763.514,5819907.926],[388754.852,5819900.471],[388745.458,5819893.457],[388737.813,5819888.076],[388729.995,5819883.155],[388727.765,5819881.756],[388722.893,5819878.802],[388717.961,5819875.949],[388712.971,5819873.2],[388707.924,5819870.556],[388702.824,5819868.017],[388697.672,5819865.584],[388692.47,5819863.26],[388687.221,5819861.044],[388681.927,5819858.939],[388676.59,5819856.944],[388671.213,5819855.06],[388666.204,5819853.303],[388660.599,5819851.46],[388654.996,5819849.666],[388649.372,5819847.894],[388638.227,5819844.436],[388625.906,5819840.661],[388614.703,5819837.274],[388610.942,5819836.176],[388607.163,5819835.148],[388603.385,5819834.18],[388597.437,5819832.713],[388591.471,5819831.306],[388585.786,5819829.975],[388580.072,5819828.674],[388575.634,5819827.708],[388571.136,5819826.774],[388565.405,5819825.663],[388564.223,5819825.46],[388559.637,5819824.673],[388554.2,5819823.786],[388553.177,5819823.626],[388540.794,5819821.821],[388534.849,5819821.014],[388530.9,5819820.52],[388526.972,5819820.064],[388523.015,5819819.68],[388519.089,5819819.394],[388515.155,5819819.149],[388511.222,5819818.974],[388507.29,5819818.869],[388503.35,5819818.814],[388499.41,5819818.799],[388495.471,5819818.884],[388491.525,5819819.029],[388487.628,5819819.223],[388481.716,5819819.615],[388475.805,5819820.058],[388471.892,5819820.382],[388467.979,5819820.737],[388464.047,5819821.182],[388461.135,5819821.567],[388458.254,5819822.032],[388455.376,5819822.626],[388452.528,5819823.29],[388441.072,5819826.078],[388425.935,5819829.868],[388424.869,5819830.135],[388406.499,5819834.735],[388402.698,5819835.718],[388398.909,5819836.77],[388395.151,5819837.921],[388389.589,5819839.877],[388384.078,5819841.951],[388379.186,5819843.934],[388374.905,5819845.76],[388374.326,5819846.007],[388374.341,5819846.071],[388374.501,5819846.793],[388373.463,5819847.433],[388349.806,5819862.202],[388349.134,5819862.625],[388334.42,5819874.227],[388332.082,5819876.076],[388314.586,5819890.108],[388313.43,5819891.034],[388302.338,5819899.93],[388287.692,5819911.566],[388263.47,5819933.086],[388257.98,5819938.966],[388240.79,5819955.743],[388210.33,5819984.58],[388203.011,5819991.517],[388193.93,5819999.426],[388187.743,5820004.533],[388162.445,5820024.117],[388153.002,5820031.567],[388141.92,5820039.984],[388124.099,5820056.062],[388115.332,5820064.202],[388106.737,5820072.561],[388098.418,5820081.193],[388090.309,5820089.991],[388086.426,5820094.5],[388081.403,5820100.705],[388079.261,5820103.25],[388075.32,5820106.326],[388075.159,5820105.209],[388072.946,5820105.541],[388072.058,5820106.728],[388062.087,5820108.119],[388056.8,5820108.858],[388043.216,5820110.775],[387955.719,5820123.125],[387931.106,5820126.598],[387921.012,5820113.788],[387891.569,5820076.42],[387877.824,5820058.977],[387865.063,5820059.959],[387864.341,5820049.883],[387863.856,5820043.106],[387863.741,5820041.513],[387862.587,5820025.41],[387860.162,5819991.558],[387868.059,5819990.908],[387867.346,5819982.442],[387865.993,5819966.363],[387865.721,5819963.124],[387870.303,5819962.747],[387868.032,5819935.342],[387856.157,5819936.373],[387855.344,5819936.444],[387853.765,5819916.495],[387851.96,5819916.329],[387843.257,5819915.523],[387789.104,5819910.513],[387764.57,5819908.243],[387763.567,5819908.15],[387751.211,5819907.007],[387747.522,5819952.784],[387763.278,5819954.194],[387762.817,5819960.962],[387762.651,5819963.421],[387762.427,5819966.739],[387753.101,5819970.616],[387743.828,5819974.532],[387730.266,5819980.26],[387724.057,5819965.549],[387713.336,5819964.369],[387684.413,5819961.185],[387671.39,5819959.752],[387662.33,5819958.754],[387662.716,5819956.36],[387663.178,5819953.504],[387663.987,5819948.492],[387665.69,5819937.947],[387674.17,5819885.441],[387677.691,5819863.639],[387643.319,5819859.713],[387649.75,5819806.695],[387652.624,5819799.021],[387652.758,5819798.556],[387652.815,5819798.076],[387652.795,5819797.593],[387652.697,5819797.12],[387652.526,5819796.67],[387652.284,5819796.252],[387651.979,5819795.879],[387651.618,5819795.56],[387620.09,5819771.984],[387616.085,5819768.988],[387609.674,5819764.201],[387615.032,5819760.449],[387615.194,5819758.416],[387617.704,5819758.619],[387621.316,5819758.91],[387623.807,5819759.112],[387633.423,5819759.889],[387642.644,5819760.634],[387642.777,5819758.975],[387643.76,5819746.783],[387643.793,5819746.383],[387656.122,5819747.379],[387669.273,5819748.441],[387678.848,5819749.215],[387685.082,5819749.711],[387694.539,5819750.483],[387706.267,5819751.431],[387717.403,5819752.331],[387723.42,5819752.817],[387727.449,5819749.869],[387733.49,5819745.449],[387741.24,5819739.779],[387735.696,5819734.486],[387720.804,5819720.266],[387714.904,5819714.632],[387702.988,5819713.669],[387656.271,5819709.893],[387646.804,5819709.128],[387645.89,5819720.485],[387642.184,5819720.186],[387633.141,5819719.457],[387633.394,5819716.326],[387633.707,5819712.433],[387635.261,5819693.149],[387631.837,5819692.872],[387622.432,5819692.113],[387609.503,5819691.068],[387608.935,5819691.023],[387603.305,5819690.568],[387594.481,5819689.855],[387592.943,5819686.305],[387592.828,5819686.045],[387592.711,5819685.786],[387592.59,5819685.528],[387592.149,5819684.652],[387591.673,5819683.795],[387591.161,5819682.959],[387590.391,5819681.829],[387589.556,5819680.745],[387588.66,5819679.711],[387587.706,5819678.731],[387586.697,5819677.808],[387585.636,5819676.944],[387584.725,5819676.288],[387583.774,5819675.692],[387582.787,5819675.157],[387581.768,5819674.686],[387580.721,5819674.281],[387579.638,5819673.94],[387578.535,5819673.669],[387577.417,5819673.47],[387576.288,5819673.343],[387574.183,5819673.174],[387568.547,5819672.72],[387569.437,5819661.668],[387569.847,5819656.573],[387571.468,5819636.461],[387572.81,5819619.803],[387572.599,5819619.781],[387570.011,5819619.517],[387557.263,5819618.217],[387526.294,5819615.057],[387506.225,5819613.01],[387504.443,5819630.253],[387503.067,5819643.568],[387505.801,5819655.191],[387508.789,5819667.897],[387492.211,5819666.559],[387462.164,5819664.134],[387456.397,5819663.669],[387328.508,5819653.348],[387322.377,5819652.854],[387306.543,5819651.576],[387304.698,5819653.068],[387298.873,5819657.78],[387281.618,5819671.739],[387281.242,5819671.997],[387280.832,5819672.194],[387280.396,5819672.327],[387279.945,5819672.393],[387279.49,5819672.389],[387279.042,5819672.318],[387278.609,5819672.181],[387278.202,5819671.98],[387277.831,5819671.72],[387277.502,5819671.407],[387262.114,5819654.234],[387257.528,5819649.115],[387253.647,5819644.783],[387251.472,5819642.301],[387249.355,5819639.769],[387247.299,5819637.188],[387245.304,5819634.559],[387243.371,5819631.884],[387241.501,5819629.165],[387243.565,5819629.334],[387266.542,5819631.213],[387283.522,5819632.6],[387306.888,5819634.511],[387307.959,5819621.303],[387308.253,5819617.666],[387310.998,5819583.799],[387312.217,5819568.764],[387300.259,5819567.792],[387249.548,5819578.692],[387243.628,5819579.964],[387240.331,5819580.673],[387221.865,5819584.642],[387221.708,5819583.999],[387221.554,5819583.355],[387221.403,5819582.71],[387220.878,5819580.349],[387220.394,5819577.979],[387219.951,5819575.602],[387219.548,5819573.217],[387219.126,5819570.332],[387218.763,5819567.439],[387218.46,5819564.539],[387218.218,5819561.633],[387218.024,5819558.714],[387217.89,5819555.792],[387217.817,5819552.867],[387217.805,5819549.942],[387217.859,5819547.021],[387217.973,5819544.101],[387218.148,5819541.184],[387218.383,5819538.272],[387224.145,5819500.044],[387224.288,5819499.102],[387200.709,5819496.981],[387187.176,5819495.761],[387175.003,5819494.663],[387156.766,5819493.017],[387148.499,5819492.274],[387142.996,5819491.778],[387123.502,5819490.02],[387117.702,5819489.501],[387113.515,5819489.12],[387111.013,5819488.903],[387110.572,5819488.867],[387095.789,5819487.679],[387092.686,5819487.431],[387085.119,5819486.825],[387082.96,5819486.652],[387072.102,5819437.893],[387070.825,5819432.157],[387061.793,5819431.391],[386832.233,5819411.907],[386823.068,5819411.13],[386800.186,5819409.187],[386785.065,5819398.566],[386785.301,5819395.731],[386785.613,5819392.095],[386785.743,5819390.573],[386785.548,5819389.788],[386785.282,5819389.024],[386784.95,5819388.287],[386784.552,5819387.583],[386784.093,5819386.918],[386783.576,5819386.296],[386783.289,5819385.996],[386782.989,5819385.709],[386782.676,5819385.437],[386781.77,5819384.774],[386780.788,5819384.23],[386779.745,5819383.812],[386778.659,5819383.527],[386777.546,5819383.379],[386776.423,5819383.372],[386775.308,5819383.504],[386774.218,5819383.774],[386773.171,5819384.178],[386772.181,5819384.709],[386771.266,5819385.359],[386770.438,5819386.118],[386769.712,5819386.974],[386769.098,5819387.914],[386768.606,5819388.923],[386768.243,5819389.986],[386767.553,5819393.169],[386767.44,5819393.418],[386767.258,5819393.622],[386767.022,5819393.762],[386766.756,5819393.824],[386764.883,5819393.66],[386742.327,5819391.669],[386739.052,5819391.391],[386723.092,5819390.056],[386722.215,5819389.983],[386713.144,5819389.223],[386710.328,5819388.988],[386710.75,5819387.172],[386712.075,5819381.465],[386714.081,5819373.388],[386716.693,5819365.609],[386720.103,5819358.274],[386724.665,5819351.548],[386728.132,5819347.722],[386730.159,5819345.484],[386737.708,5819339.161],[386747.108,5819332.882],[386752.128,5819329.737],[386754.182,5819328.653],[386757.335,5819326.988],[386757.881,5819326.708],[386762.89,5819324.133],[386769.408,5819320.879],[386774.183,5819318.993],[386923.083,5819260.19],[386928.149,5819259.444],[386930.734,5819259.734],[386933.413,5819260.733],[386935.397,5819261.476],[386940.319,5819260.582],[386940.309,5819260.552],[386940.406,5819260.514],[386942.84,5819259.564],[386941.293,5819257.624],[386929.476,5819242.795],[386923.923,5819235.786],[386913.157,5819224.621],[386899.636,5819211.91],[386888.598,5819202.69],[386885.31,5819199.943],[386870.247,5819188.752],[386864.498,5819185.015],[386854.558,5819178.552],[386838.158,5819169.332],[386821.42,5819160.884],[386788.165,5819144.064],[386779.202,5819139.531],[386778.601,5819139.222],[386668.276,5819083.36],[386722.344,5819053.444],[386722.532,5819053.35],[386730.493,5819048.947],[386739.532,5819043.947],[386768.545,5819027.899],[386772.64,5819025.634],[386839.763,5818988.506],[386842.61,5818986.931],[386865.745,5818974.122],[386878.094,5818967.226],[386886.277,5818962.762],[386887.763,5818961.941],[386890.387,5818960.49],[386894.324,5818958.312],[386902.618,5818953.726],[386911.408,5818948.865],[386915.444,5818946.634],[386925.394,5818941.131],[386926.802,5818940.353],[386931.625,5818954.93],[386933.604,5818954.362],[386944.662,5818951.169],[386949.307,5818949.828],[386950.099,5818949.599],[386951.724,5818949.13],[386955.754,5818947.966],[386956.428,5818947.77],[386959.575,5818946.863],[386961.33,5818946.355],[386963.076,5818945.066],[386965.029,5818943.528],[386967.447,5818941.47],[386969.776,5818939.312],[386972.011,5818937.056],[386974.148,5818934.708],[386976.183,5818932.271],[386978.114,5818929.75],[386979.935,5818927.15],[386981.645,5818924.474],[386983.239,5818921.728],[386984.716,5818918.917],[386986.072,5818916.046],[386987.304,5818913.12],[386988.412,5818910.144],[386989.392,5818907.124],[386990.007,5818904.964],[386990.557,5818902.787],[386991.042,5818900.594],[386991.461,5818898.387],[386991.813,5818896.169],[386991.922,5818885.589],[386991.954,5818882.537],[386991.919,5818880.689],[386991.9,5818879.668],[386991.725,5818876.804],[386991.43,5818873.949],[386991.014,5818871.11],[386990.73,5818869.616],[386990.478,5818868.291],[386989.824,5818865.497],[386989.654,5818864.889],[386989.053,5818862.733],[386988.166,5818860.004],[386987.164,5818857.314],[386986.05,5818854.67],[386984.825,5818852.075],[386983.71,5818849.84],[386920.108,5818722.374],[386911.193,5818704.507],[386932.419,5818688.064],[386927.704,5818681.494],[386961.991,5818654.446],[387011.836,5818615.127],[387013.845,5818613.541],[387016.264,5818611.706],[387018.752,5818609.965],[387021.303,5818608.319],[387023.916,5818606.771],[387026.585,5818605.324],[387029.307,5818603.979],[387032.078,5818602.738],[387034.895,5818601.603],[387037.752,5818600.576],[387040.646,5818599.659],[387043.573,5818598.851],[387046.529,5818598.156],[387049.509,5818597.573],[387092.81,5818589.9],[387096.1,5818589.367],[387099.404,5818588.925],[387102.719,5818588.576],[387106.043,5818588.318],[387109.372,5818588.153],[387112.865,5818588.08],[387116.359,5818588.108],[387119.851,5818588.238],[387123.337,5818588.47],[387126.815,5818588.803],[387130.282,5818589.237],[387133.735,5818589.772],[387209.312,5818602.443],[387213.222,5818603.099],[387215.026,5818603.401],[387237.526,5818607.174],[387239.232,5818607.46],[387240.633,5818607.695],[387240.859,5818607.733],[387250.393,5818574.16],[387254.189,5818560.795],[387256.576,5818552.388],[387258.864,5818544.402],[387261.61,5818534.822],[387262.716,5818530.964],[387267.865,5818512.996],[387270.588,5818513.928],[387273.328,5818514.806],[387276.086,5818515.629],[387278.859,5818516.397],[387282.862,5818517.394],[387286.893,5818518.275],[387290.947,5818519.041],[387295.021,5818519.69],[387299.112,5818520.222],[387303.217,5818520.637],[387307.332,5818520.934],[387311.454,5818521.113],[387315.579,5818521.174],[387319.704,5818521.116],[387323.826,5818520.941],[387327.941,5818520.647],[387332.046,5818520.236],[387336.138,5818519.707],[387340.199,5818519.061],[387344.239,5818518.299],[387348.257,5818517.423],[387352.247,5818516.431],[387356.208,5818515.327],[387360.135,5818514.109],[387364.027,5818512.78],[387367.878,5818511.34],[387371.687,5818509.791],[387379.95,5818506.294],[387384.344,5818504.431],[387427.064,5818486.349],[387437.559,5818481.909],[387447.289,5818477.799],[387448.685,5818477.211],[387492.198,5818458.835],[387492.857,5818458.556],[387498.374,5818456.226],[387501.572,5818454.876],[387502.2,5818454.61],[387505.568,5818453.188],[387535.426,5818440.551],[387604.744,5818411.255],[387638.566,5818397.133],[387647.069,5818393.765],[387655.597,5818390.459],[387664.149,5818387.215],[387672.724,5818384.034],[387681.551,5818380.826],[387690.403,5818377.684],[387699.277,5818374.609],[387708.175,5818371.601],[387742.786,5818360.333],[387748.939,5818358.24],[387755.078,5818356.106],[387761.203,5818353.933],[387765.925,5818352.224],[387775.343,5818348.736],[387781.42,5818346.427],[387787.482,5818344.078],[387793.528,5818341.69],[387803.085,5818337.809],[387812.588,5818333.848],[387880.13,5818305.225],[387910.823,5818292.244],[387917.896,5818289.253],[387924.234,5818286.572],[387952.642,5818274.558],[387959.845,5818271.513],[387960.112,5818271.401],[387974.139,5818265.472],[387974.56,5818265.294],[387993.694,5818257.206],[387994.798,5818256.739],[388006.448,5818251.815],[388008.165,5818251.089],[388017.961,5818246.949],[388067.966,5818225.86],[388093.5,5818215.095],[388097.805,5818213.283],[388110.84,5818207.788],[388131.533,5818199.064],[388156.203,5818188.665],[388183.423,5818177.188],[388183.746,5818177.052],[388186.125,5818176.051],[388194.99,5818172.319],[388201.191,5818169.705],[388204.205,5818168.434],[388208.242,5818166.727],[388211.984,5818165.14],[388214.503,5818164.072],[388221.226,5818161.221],[388221.727,5818161.008],[388224.012,5818160.039],[388224.434,5818159.86],[388235.281,5818155.26],[388235.919,5818154.99],[388250.578,5818148.773],[388252.816,5818147.825],[388258.846,5818145.27],[388285.494,5818133.98],[388286.968,5818137.448],[388300.659,5818131.669],[388324.519,5818121.516],[388349.935,5818110.745],[388361.132,5818106],[388362.985,5818105.215],[388362.404,5818103.738],[388361.605,5818101.706],[388372.021,5818097.308],[388410.081,5818081.165],[388423.826,5818075.34],[388430.963,5818072.315],[388444.858,5818066.425],[388446.324,5818069.887],[388484.424,5818053.734],[388485.634,5818053.221],[388510.087,5818042.87],[388510.516,5818042.645],[388510.903,5818042.355],[388511.239,5818042.005],[388511.514,5818041.607],[388511.721,5818041.169],[388513.557,5818040.321],[388515.34,5818039.427],[388518.066,5818038.067],[388527.484,5818033.367],[388529.991,5818032.128],[388531.541,5818031.362],[388533.968,5818030.164],[388536.056,5818029.132],[388537.652,5818028.343],[388546.126,5818024.157],[388548.973,5818022.75],[388580.495,5818007.176],[388586.863,5818004.023],[388608.184,5817993.469],[388610.129,5817992.506],[388614.175,5817990.503],[388629.05,5817983.18],[388631.182,5817982.13],[388646.221,5817974.726],[388663.126,5817966.247],[388677.064,5817959.257],[388701.242,5817947.199],[388731.984,5817931.925],[388744.875,5817925.52],[388769.381,5817913.342],[388773.409,5817911.34],[388800.049,5817898.102],[388801.147,5817897.556],[388816.159,5817890.098],[388824.118,5817886.144],[388825.127,5817885.642],[388834.758,5817880.856],[388835.458,5817880.508],[388847.076,5817874.735],[388881.231,5817862.736],[388889.575,5817860.68],[388892.597,5817859.935],[388900.512,5817857.985],[388905.389,5817856.783],[388912.443,5817855.045],[388915.048,5817854.403],[388922.354,5817852.602],[388923.021,5817852.438],[388925.557,5817851.813],[388926.261,5817851.64],[388931.169,5817850.429],[388937.077,5817848.974],[388942.559,5817847.623],[388947.508,5817846.404],[388948.465,5817846.168],[388950.947,5817845.555],[388951.659,5817845.381],[388971.864,5817840.401],[388973.097,5817840.098],[388994.423,5817834.865],[389001.739,5817833.062],[389011.52,5817830.651],[389018.687,5817828.884],[389029.558,5817826.203],[389031.585,5817825.703],[389032.044,5817825.59],[389032.692,5817825.43],[389034.982,5817824.866],[389045.45,5817822.286],[389052.95,5817820.437],[389055.151,5817819.895],[389060.08,5817818.678],[389074.04,5817815.23],[389077.921,5817814.271],[389080.124,5817813.727],[389101.527,5817808.528],[389119.83,5817804.01],[389145.468,5817797.683],[389150.718,5817796.386],[389156.268,5817795.015],[389160.686,5817793.924],[389166.088,5817792.589],[389168.523,5817791.988],[389170.618,5817791.47],[389171.036,5817791.367],[389171.604,5817791.228],[389173.777,5817790.691],[389185.706,5817787.749],[389190.444,5817786.579],[389195.2,5817785.404],[389200.356,5817784.13],[389200.772,5817784.027],[389202.857,5817783.513],[389215.007,5817780.513],[389221.154,5817778.995],[389224.183,5817778.248],[389253.64,5817770.976],[389257.995,5817769.901],[389267.439,5817767.57],[389269.517,5817767.057],[389281.956,5817763.987],[389301.515,5817759.158],[389305.095,5817758.275],[389307.563,5817761.254],[389310.128,5817764.356],[389319.585,5817775.805],[389330.298,5817788.707],[389343.908,5817805.1],[389359.984,5817824.457],[389364.022,5817829.324],[389364.875,5817830.348],[389377.764,5817845.873],[389377.486,5817846.508],[389377.697,5817848.154],[389379.834,5817850.741],[389388.13,5817860.78],[389391.36,5817864.683],[389393.484,5817864.872],[389399.078,5817871.6],[389406.992,5817881.114],[389408.064,5817882.439],[389409.068,5817883.815],[389410.001,5817885.241],[389410.861,5817886.712],[389411.647,5817888.225],[389412.157,5817889.315],[389412.74,5817890.678],[389413.272,5817892.06],[389413.757,5817893.46],[389414.193,5817894.876],[389414.529,5817896.09],[389414.83,5817897.313],[389415.095,5817898.545],[389415.225,5817899.186],[389416.959,5817907.512],[389430.931,5817974.752],[389437.81,5818007.838],[389442.102,5818028.495],[389447.694,5818055.416],[389449.745,5818065.237],[389450.532,5818068.059],[389451.361,5818070.868],[389452.233,5818073.664],[389452.968,5818075.229],[389453.715,5818076.788],[389454.473,5818078.341],[389455.002,5818079.408],[389455.536,5818080.472],[389456.074,5818081.534],[389458.136,5818084.995],[389463.993,5818094.853],[389467.825,5818101.307],[389508.928,5818170.472],[389536.767,5818217.309],[389554.332,5818246.858],[389560.402,5818256.969],[389568.464,5818270.392],[389573.577,5818281.177],[389584.757,5818304.759],[389585.064,5818305.406],[389586.934,5818309.348],[389587.621,5818310.826],[389588.713,5818313.183],[389593.782,5818324.105],[389598.035,5818333.273],[389598.762,5818334.838],[389599.342,5818336.09],[389599.925,5818337.348],[389602.315,5818342.5],[389603.43,5818344.904],[389607.144,5818352.911],[389608,5818354.756],[389609.654,5818358.322],[389616.868,5818345.965],[389616.979,5818346.033],[389621.813,5818336.762],[389621.647,5818336.485],[389621.601,5818336.126],[389627.032,5818325.694],[389627.31,5818325.628],[389627.445,5818325.886],[389631.005,5818319.049],[389633.875,5818313.762],[389636.309,5818309.278],[389642.822,5818297.395],[389644.011,5818295.233],[389650.626,5818284.508],[389651.706,5818282.888],[389656.128,5818277.254],[389656.23,5818277.332],[389659.869,5818273.123],[389661.612,5818271.16],[389661.489,5818271.033],[389662.844,5818269.717],[389662.967,5818269.844],[389669.967,5818263.082],[389669.835,5818262.944],[389671.16,5818261.669],[389671.283,5818261.797],[389675.095,5818258.265],[389675.004,5818258.166],[389676.311,5818256.962],[389676.392,5818257.06],[389676.726,5818256.744],[389680.303,5818253.406],[389684.663,5818253.443],[389692.638,5818261.081],[389695.092,5818263.434],[389700.735,5818268.846],[389728.291,5818341.286],[389734.963,5818358.778],[389736.814,5818363.637],[389737.246,5818364.773],[389737.829,5818366.302],[389739.022,5818369.436],[389742.277,5818377.98],[389744.594,5818384.062],[389745.125,5818385.456],[389747.438,5818391.53],[389752.502,5818404.826],[389753.035,5818406.224],[389761.318,5818427.97],[389763.057,5818432.536],[389763.288,5818433.143],[389769.516,5818449.493],[389773.296,5818459.411],[389774.128,5818461.594],[389778.073,5818471.946],[389778.904,5818474.125],[389781.484,5818480.897],[389782.316,5818483.08],[389786.261,5818493.43],[389787.093,5818495.613],[389790.881,5818505.553],[389799.06,5818527.039],[389801.806,5818534.252],[389818.921,5818579.2],[389820.003,5818582.042],[389821.065,5818584.836],[389824.08,5818592.763],[389831.823,5818613.099],[389836.794,5818626.159],[389839.654,5818633.675],[389840.933,5818637.033],[389842.007,5818639.853],[389842.502,5818641.152],[389847.482,5818654.23],[389865,5818700.252],[389869.97,5818713.308],[389872.829,5818720.817],[389874.088,5818724.123],[389875.204,5818727.055],[389875.677,5818728.298],[389880.655,5818741.372],[389888.397,5818761.706],[389891.412,5818769.625],[389893.553,5818775.248],[389892.058,5818777.352],[389872.091,5818805.445],[389867.171,5818812.367],[389834.489,5818858.004],[389809.802,5818892.592],[389813.837,5819026.954],[389813.949,5819027.673],[389815.364,5819036.745],[389817.615,5819051.125],[389818.103,5819054.244],[389818.609,5819057.472],[389818.82,5819058.824],[389820.318,5819068.39],[389820.531,5819069.752],[389821.817,5819077.968],[389824.607,5819095.824],[389827.937,5819117.188],[389828.29,5819119.449],[389834.049,5819156.309],[389834.525,5819159.352],[389834.665,5819160.251],[389835.143,5819163.313],[389835.284,5819164.212],[389835.785,5819167.421],[389835.978,5819168.482],[389836.195,5819169.868],[389836.392,5819171.132],[389837.871,5819180.584],[389838.195,5819182.658],[389839.672,5819192.101],[389839.87,5819193.365],[389840.088,5819194.762],[389840.196,5819195.453],[389841.014,5819200.688],[389841.138,5819201.478],[389841.292,5819202.466],[389845.617,5819230.119],[389846.19,5819233.782],[389848.204,5819246.653],[389846.958,5819249.477],[389845.102,5819251.262],[389844.522,5819251.773],[389843.999,5819252.133],[389847.71,5819275.87],[389847.417,5819277.383],[389845.78,5819285.816],[389840.914,5819310.737],[389864.586,5819452.385],[389872.043,5819497.005],[389893.723,5819626.727],[389894.071,5819628.81],[389893.778,5819630.035],[389893.454,5819631.252],[389893.097,5819632.46],[389892.709,5819633.658],[389892.289,5819634.845],[389891.839,5819636.022],[389891.251,5819637.069],[389890.631,5819638.097],[389889.979,5819639.106],[389889.297,5819640.093],[389888.583,5819641.059],[389887.84,5819642.002],[389887.067,5819642.922],[389886.267,5819643.817],[389885.839,5819644.221],[389885.391,5819644.603],[389884.922,5819644.959],[389884.435,5819645.289],[389883.931,5819645.592],[389879.641,5819647.683],[389878.358,5819648.152],[389877.087,5819648.657],[389875.832,5819649.199],[389874.594,5819649.776],[389873.372,5819650.389],[389872.168,5819651.036],[389870.983,5819651.718],[389869.819,5819652.433],[389868.675,5819653.182],[389867.553,5819653.963],[389866.454,5819654.776],[389865.379,5819655.62],[389864.329,5819656.495],[389863.304,5819657.399],[389862.305,5819658.332],[389861.298,5819659.369],[389860.315,5819660.429],[389859.358,5819661.512],[389858.426,5819662.617],[389857.521,5819663.744],[389856.643,5819664.891],[389855.792,5819666.06],[389854.968,5819667.248],[389854.173,5819668.455],[389853.407,5819669.68],[389852.67,5819670.924],[389851.962,5819672.184],[389851.284,5819673.46],[389850.664,5819674.7],[389850.072,5819675.953],[389849.508,5819677.219],[389848.974,5819678.498],[389848.468,5819679.788],[389847.991,5819681.09],[389847.544,5819682.401],[389845.21,5819704.234],[389845.495,5819705.858],[389845.81,5819707.476],[389846.157,5819709.088],[389846.535,5819710.692],[389846.943,5819712.29],[389846.996,5819712.459],[389847.049,5819712.628],[389847.781,5819714.695],[389848.541,5819716.752],[389849.328,5819718.799],[389850.143,5819720.831],[389850.984,5819722.852],[389851.849,5819724.322],[389852.742,5819725.776],[389853.661,5819727.213],[389854.608,5819728.632],[389855.58,5819730.034],[389867.848,5819742.57],[389869.031,5819743.467],[389870.234,5819744.338],[389871.455,5819745.182],[389872.694,5819745.999],[389873.951,5819746.789],[389875.226,5819747.55],[389876.516,5819748.284],[389878.872,5819749.16],[389879.218,5819749.32],[389879.55,5819749.508],[389879.864,5819749.724],[389880.159,5819749.965],[389880.433,5819750.231],[389880.683,5819750.52],[389880.907,5819750.828],[389881.104,5819751.154],[389881.273,5819751.496],[389881.413,5819751.851],[389881.855,5819752.665],[389882.264,5819753.495],[389882.639,5819754.342],[389882.979,5819755.203],[389883.284,5819756.076],[389883.553,5819756.962],[389883.787,5819757.858],[389883.984,5819758.762],[389884.149,5819759.465],[389884.285,5819760.175],[389884.389,5819760.889],[389884.462,5819761.608],[389884.504,5819762.328],[389884.515,5819763.049],[389884.494,5819763.771],[389884.443,5819764.492],[389884.464,5819765.872],[389884.45,5819767.25],[389884.4,5819768.629],[389884.314,5819770.006],[389884.194,5819771.38],[389884.037,5819772.75],[389883.845,5819774.116],[389883.618,5819775.477],[389883.356,5819776.831],[389883.059,5819778.179],[389882.728,5819779.518],[389882.361,5819780.847],[389881.961,5819782.167],[389881.527,5819783.477],[389881.059,5819784.775],[389881.602,5819785.244],[389882.119,5819785.742],[389882.609,5819786.267],[389883.069,5819786.817],[389883.499,5819787.392],[389883.897,5819787.99],[389884.262,5819788.608],[389884.593,5819789.245],[389884.889,5819789.898],[389885.149,5819790.567],[389885.361,5819791.216],[389885.541,5819791.874],[389885.686,5819792.54],[389885.796,5819793.213],[389885.872,5819793.891],[389885.913,5819794.572],[389885.918,5819795.253],[389885.889,5819795.935],[389885.824,5819796.614],[389885.724,5819797.289],[389885.59,5819797.958],[389871.121,5819850.539],[389866.024,5819869.044],[389863.936,5819890.172],[389865.503,5819943.6],[389865.526,5819944.4],[389866.33,5819971.821],[389866.354,5819972.621],[389867.921,5820026.066],[389868.77,5820055.257],[389869.304,5820073.526],[389866.978,5820075.716],[389864.69,5820077.946],[389862.442,5820080.216],[389862.133,5820080.529],[389861.825,5820080.843],[389861.517,5820081.157],[389858.454,5820084.376],[389855.469,5820087.668],[389852.564,5820091.031],[389849.741,5820094.463],[389847.001,5820097.961],[389844.346,5820101.524],[389841.777,5820105.15],[389839.295,5820108.837],[389836.903,5820112.582],[389834.602,5820116.383],[389832.895,5820119.447],[389831.283,5820122.563],[389829.769,5820125.727],[389828.354,5820128.936],[389827.038,5820132.188],[389825.824,5820135.478],[389824.712,5820138.805],[389823.704,5820142.165],[389822.801,5820145.554],[389822.003,5820148.97],[389821.458,5820151.629],[389820.975,5820154.3],[389820.555,5820156.982],[389820.197,5820159.673],[389817.394,5820184.191],[389817.239,5820185.537],[389812.646,5820225.272],[389812.556,5820226.376],[389811.785,5820235.777],[389811.647,5820237.42],[389811.374,5820239.759],[389811.046,5820242.091],[389810.661,5820244.415],[389810.474,5820245.432],[389810.277,5820246.447],[389810.068,5820247.459],[389809.888,5820248.776],[389809.653,5820250.085],[389809.363,5820251.382],[389808.623,5820253.845],[389807.802,5820256.282],[389806.899,5820258.69],[389805.917,5820261.067],[389804.898,5820263.322],[389803.834,5820265.555],[389802.725,5820267.767],[389802.517,5820268.168],[389802.308,5820268.569],[389802.098,5820268.969],[389789.491,5820292.767],[389784.667,5820301.978],[389780.595,5820309.735],[389780.287,5820310.276],[389779.976,5820310.814],[389779.661,5820311.351],[389778.303,5820313.593],[389776.89,5820315.8],[389775.422,5820317.972],[389774.762,5820318.839],[389774.088,5820319.695],[389773.401,5820320.541],[389772.002,5820322.181],[389770.553,5820323.778],[389769.056,5820325.328],[389767.511,5820326.832],[389767.409,5820326.734],[389760.943,5820333.207]]]]},"geometry_name":"geom","properties":{"uuid":"DEBE01YYK000000B","sch":"110000010104","nam":"Tiergarten","gdf":5180511,"bezeich":"AX_KommunalesGebiet"},"bbox":[386668.276,5817758.275,389894.071,5820432.243]},{"type":"Feature","id":"ortsteile.DEBE02YY20000001","geometry":{"type":"MultiPolygon","coordinates":[[[[391657.389,5818759.186],[391647.966,5818765.814],[391629.01,5818779.165],[391617.346,5818787.475],[391615.613,5818788.711],[391598.626,5818800.451],[391578.674,5818810.549],[391560.007,5818820.183],[391554.529,5818823.01],[391518.235,5818846.185],[391508.552,5818852.368],[391498.391,5818858.857],[391474.961,5818870.497],[391458.982,5818879.97],[391429.383,5818898.271],[391426.713,5818897.752],[391412.939,5818868.577],[391397.055,5818835.182],[391391.444,5818823.389],[391384.843,5818809.52],[391384.828,5818809.486],[391375.489,5818789.861],[391374.511,5818787.803],[391366.934,5818771.88],[391366.526,5818771.053],[391365.217,5818768.397],[391358.488,5818754.742],[391356.671,5818754.891],[391328.917,5818757.164],[391327.391,5818759.483],[391312.282,5818758.196],[391231.53,5818751.467],[391210.434,5818749.562],[391209.963,5818749.525],[391036.558,5818736.028],[391028.845,5818735.353],[391006.756,5818733.705],[390985.306,5818732.043],[390982.546,5818731.828],[390962.274,5818730.261],[390952.116,5818729.471],[390921.684,5818727.112],[390897.464,5818725.235],[390875.238,5818723.277],[390852.569,5818721.629],[390848.533,5818721.326],[390791.098,5818717.149],[390764.461,5818715.214],[390764.393,5818715.207],[390758.208,5818714.768],[390751.254,5818714.277],[390744.799,5818713.82],[390728.965,5818712.614],[390727.585,5818712.509],[390718.422,5818711.812],[390687.492,5818709.58],[390660.538,5818707.633],[390659.957,5818707.592],[390656.591,5818707.354],[390627.965,5818705.334],[390615.834,5818704.478],[390604.021,5818703.643],[390596.23,5818703.094],[390593.467,5818702.898],[390589.347,5818702.608],[390533.273,5818698.475],[390524.231,5818697.817],[390446.13,5818692.153],[390442.545,5818691.891],[390419.256,5818690.284],[390341.614,5818684.042],[390221.189,5818674.363],[390219.997,5818674.266],[390212.857,5818673.692],[390012.673,5818659.021],[389995.525,5818658.478],[389985.898,5818658.176],[389978.665,5818657.948],[389978.44,5818657.94],[389970.009,5818669.283],[389957.09,5818687.21],[389956.801,5818687.611],[389954.405,5818690.936],[389945.573,5818703.192],[389942.812,5818707.024],[389942.487,5818707.474],[389921.126,5818737.116],[389906.734,5818757.139],[389893.553,5818775.248],[389891.412,5818769.625],[389888.397,5818761.706],[389880.655,5818741.372],[389875.677,5818728.298],[389875.204,5818727.055],[389874.088,5818724.123],[389872.829,5818720.817],[389869.97,5818713.308],[389865,5818700.252],[389847.482,5818654.23],[389842.502,5818641.152],[389842.007,5818639.853],[389840.933,5818637.033],[389839.654,5818633.675],[389836.794,5818626.159],[389831.823,5818613.099],[389824.08,5818592.763],[389821.065,5818584.836],[389820.003,5818582.042],[389818.921,5818579.2],[389801.806,5818534.252],[389799.06,5818527.039],[389790.881,5818505.553],[389787.093,5818495.613],[389786.261,5818493.43],[389782.316,5818483.08],[389781.484,5818480.897],[389778.904,5818474.125],[389778.073,5818471.946],[389774.128,5818461.594],[389773.296,5818459.411],[389769.516,5818449.493],[389763.288,5818433.143],[389763.057,5818432.536],[389761.318,5818427.97],[389753.035,5818406.224],[389752.502,5818404.826],[389747.438,5818391.53],[389745.125,5818385.456],[389744.594,5818384.062],[389742.277,5818377.98],[389739.022,5818369.436],[389737.829,5818366.302],[389737.246,5818364.773],[389736.814,5818363.637],[389734.963,5818358.778],[389728.291,5818341.286],[389700.735,5818268.846],[389695.092,5818263.434],[389692.638,5818261.081],[389684.663,5818253.443],[389680.303,5818253.406],[389676.726,5818256.744],[389676.392,5818257.06],[389676.311,5818256.962],[389675.004,5818258.166],[389675.095,5818258.265],[389671.283,5818261.797],[389671.16,5818261.669],[389669.835,5818262.944],[389669.967,5818263.082],[389662.967,5818269.844],[389662.844,5818269.717],[389661.489,5818271.033],[389661.612,5818271.16],[389659.869,5818273.123],[389656.23,5818277.332],[389656.128,5818277.254],[389651.706,5818282.888],[389650.626,5818284.508],[389644.011,5818295.233],[389642.822,5818297.395],[389636.309,5818309.278],[389633.875,5818313.762],[389631.005,5818319.049],[389627.445,5818325.886],[389627.31,5818325.628],[389627.032,5818325.694],[389621.601,5818336.126],[389621.647,5818336.485],[389621.813,5818336.762],[389616.979,5818346.033],[389616.868,5818345.965],[389609.654,5818358.322],[389608,5818354.756],[389607.144,5818352.911],[389603.43,5818344.904],[389602.315,5818342.5],[389599.925,5818337.348],[389599.342,5818336.09],[389598.762,5818334.838],[389598.035,5818333.273],[389593.782,5818324.105],[389588.713,5818313.183],[389587.621,5818310.826],[389586.934,5818309.348],[389585.064,5818305.406],[389584.757,5818304.759],[389573.577,5818281.177],[389568.464,5818270.392],[389560.402,5818256.969],[389554.332,5818246.858],[389536.767,5818217.309],[389508.928,5818170.472],[389467.825,5818101.307],[389463.993,5818094.853],[389458.136,5818084.995],[389456.074,5818081.534],[389455.536,5818080.472],[389455.002,5818079.408],[389454.473,5818078.341],[389453.715,5818076.788],[389452.968,5818075.229],[389452.233,5818073.664],[389451.361,5818070.868],[389450.532,5818068.059],[389449.745,5818065.237],[389447.694,5818055.416],[389442.102,5818028.495],[389437.81,5818007.838],[389430.931,5817974.752],[389416.959,5817907.512],[389415.225,5817899.186],[389415.095,5817898.545],[389414.83,5817897.313],[389414.529,5817896.09],[389414.193,5817894.876],[389413.757,5817893.46],[389413.272,5817892.06],[389412.74,5817890.678],[389412.157,5817889.315],[389411.647,5817888.225],[389410.861,5817886.712],[389410.001,5817885.241],[389409.068,5817883.815],[389408.064,5817882.439],[389406.992,5817881.114],[389399.078,5817871.6],[389393.484,5817864.872],[389391.36,5817864.683],[389388.13,5817860.78],[389379.834,5817850.741],[389377.697,5817848.154],[389377.486,5817846.508],[389377.764,5817845.873],[389364.875,5817830.348],[389364.022,5817829.324],[389359.984,5817824.457],[389343.908,5817805.1],[389330.298,5817788.707],[389319.585,5817775.805],[389332.889,5817765.003],[389332.065,5817759.029],[389326.756,5817720.674],[389322.594,5817691.115],[389299.508,5817662.596],[389281.493,5817640.696],[389276.75,5817634.863],[389258.174,5817612.018],[389254.821,5817570.084],[389254.746,5817569.143],[389254.122,5817561.337],[389254.055,5817560.508],[389250.405,5817514.871],[389249.958,5817509.071],[389246.663,5817466.32],[389246.5,5817464.194],[389244.814,5817442.329],[389243.895,5817430.409],[389239.233,5817370.916],[389236.071,5817330.566],[389234.313,5817308.138],[389232.856,5817289.549],[389233.001,5817288.707],[389234.602,5817279.392],[389240.475,5817245.223],[389242.881,5817231.23],[389242.973,5817230.698],[389233.365,5817203.899],[389229.086,5817191.965],[389226.711,5817185.341],[389223.311,5817177.301],[389216.547,5817161.786],[389219.397,5817160.775],[389223.821,5817159.206],[389224.583,5817158.935],[389228.108,5817157.684],[389228.379,5817157.588],[389230.607,5817156.798],[389236.101,5817154.849],[389244.05,5817152.03],[389249.656,5817150.04],[389249.772,5817149.999],[389258.427,5817146.929],[389260.832,5817146.072],[389280.478,5817139.099],[389285.834,5817154.706],[389306.673,5817147.36],[389327.422,5817140.036],[389348.092,5817132.743],[389368.841,5817125.429],[389407.069,5817111.86],[389409.782,5817110.902],[389408.822,5817093.571],[389414.825,5817091.439],[389425.349,5817087.701],[389430.721,5817085.793],[389434.905,5817084.307],[389442.786,5817081.508],[389442.991,5817081.435],[389449.143,5817079.251],[389457.514,5817076.245],[389467.571,5817072.706],[389472.784,5817070.854],[389477.557,5817069.157],[389478.775,5817068.724],[389487.82,5817065.511],[389490.451,5817064.576],[389507.036,5817058.685],[389527.241,5817051.508],[389531.707,5817049.921],[389533.362,5817049.336],[389540.937,5817046.645],[389544.112,5817045.517],[389555.614,5817041.431],[389581.234,5817032.329],[389592.374,5817028.371],[389596.784,5817026.804],[389601.596,5817025.094],[389605.453,5817023.724],[389608.099,5817022.784],[389611.883,5817021.439],[389624.134,5817017.087],[389625.577,5817016.575],[389634.093,5817013.549],[389652.08,5817007.16],[389663.751,5817003.014],[389673.36,5816999.597],[389673.784,5816999.446],[389674.219,5816999.291],[389678.517,5816997.771],[389679.056,5816997.579],[389702.39,5816989.287],[389707.249,5816987.561],[389708.699,5816987.045],[389726.363,5816980.769],[389734.467,5816977.889],[389738.388,5816976.496],[389744.013,5816974.497],[389745.472,5816973.978],[389748.109,5816973.042],[389750.646,5816972.142],[389755.317,5816970.482],[389762.694,5816967.864],[389767.138,5816966.287],[389770.353,5816965.146],[389767.709,5816938.128],[389760.14,5816925.752],[389747.12,5816904.462],[389740.144,5816893.046],[389732.571,5816880.66],[389730.886,5816877.904],[389715.664,5816853.005],[389703.662,5816833.384],[389702.206,5816830.962],[389699.819,5816796.95],[389699.419,5816790.973],[389698.471,5816776.816],[389698.32,5816774.56],[389697.633,5816764.289],[389697.238,5816758.377],[389696.774,5816751.452],[389694.482,5816717.148],[389687.559,5816716.43],[389649.376,5816712.467],[389648.995,5816712.424],[389611.068,5816643.521],[389608.328,5816638.547],[389600.33,5816624.03],[389596.372,5816616.842],[389595.326,5816614.941],[389578.402,5816584.196],[389568.847,5816566.85],[389564.359,5816558.716],[389563.748,5816553.173],[389562.308,5816540.112],[389561.47,5816532.513],[389569.104,5816531.677],[389573.754,5816531.169],[389606.284,5816527.631],[389605.928,5816514.939],[389605.536,5816500.938],[389605.189,5816488.596],[389605.105,5816485.606],[389604.854,5816476.632],[389604.555,5816466.148],[389604.363,5816463.156],[389604.044,5816458.199],[389604.002,5816457.58],[389603.903,5816456.032],[389603.748,5816453.685],[389602.996,5816441.99],[389602.856,5816439.913],[389602.444,5816433.461],[389601.668,5816421.607],[389601.014,5816411.39],[389600.49,5816403.281],[389600.097,5816397.339],[389599.632,5816390.114],[389599.614,5816389.818],[389599.29,5816384.905],[389598.707,5816375.777],[389598.129,5816366.949],[389597.3,5816354.131],[389596.967,5816348.982],[389596.784,5816346.176],[389596.608,5816343.449],[389595.807,5816331.056],[389595.354,5816324.105],[389594.904,5816317.101],[389594.616,5816312.61],[389594.447,5816310.033],[389593.414,5816294.114],[389592.75,5816283.887],[389592.743,5816283.783],[389591.956,5816271.675],[389591.058,5816257.872],[389590.234,5816245.198],[389539.959,5816246.824],[389536.591,5816246.928],[389459.134,5816249.421],[389432.643,5816250.275],[389428.805,5816250.378],[389426.125,5816243.519],[389429.942,5816243.397],[389423.601,5816225.449],[389423.225,5816224.576],[389429.3,5816224.37],[389448.031,5816223.768],[389506.118,5816221.9],[389517.629,5816221.529],[389537.468,5816220.889],[389557.256,5816220.25],[389576.49,5816219.631],[389590.749,5816219.171],[389608.4,5816218.603],[389612.764,5816218.462],[389613.911,5816218.425],[389630.879,5816217.883],[389643.491,5816217.48],[389656.226,5816217.073],[389669.113,5816216.661],[389680.507,5816216.297],[389683.026,5816216.216],[389685.883,5816216.124],[389697.371,5816215.755],[389709.909,5816215.352],[389722.538,5816214.946],[389735.352,5816214.534],[389735.723,5816214.522],[389747.772,5816214.135],[389776.233,5816213.212],[389782.938,5816212.995],[389794.769,5816212.611],[389799.793,5816212.449],[389801.447,5816212.395],[389820.966,5816211.763],[389822.393,5816211.717],[389827.736,5816211.544],[389845.427,5816210.971],[389846.903,5816210.923],[389871.41,5816210.129],[389874.416,5816210.032],[389894.97,5816209.366],[389898.643,5816209.248],[389901.692,5816209.15],[389925.471,5816208.388],[389928.984,5816208.275],[389930.945,5816208.212],[390077.495,5816203.535],[390088.986,5816203.147],[390131.268,5816201.803],[390137.285,5816201.611],[390149.595,5816201.221],[390150.957,5816201.178],[390158.779,5816200.93],[390182.453,5816200.17],[390220.434,5816198.961],[390221.536,5816198.926],[390230.236,5816198.652],[390237.224,5816198.431],[390256.612,5816197.819],[390267.285,5816197.476],[390292.298,5816196.681],[390299.624,5816196.446],[390301.422,5816196.387],[390335.077,5816195.316],[390375.642,5816194.025],[390378.659,5816193.929],[390381.317,5816193.838],[390382.411,5816193.803],[390386.633,5816193.67],[390401.614,5816193.196],[390413.845,5816192.81],[390421.068,5816192.502],[390421.643,5816207.99],[390422.578,5816233.594],[390423.249,5816251.956],[390424.984,5816299.559],[390425.796,5816299.532],[390433.828,5816299.261],[390436.556,5816299.179],[390458.016,5816298.465],[390462.487,5816298.316],[390588.438,5816294.124],[390592.503,5816293.989],[390745.354,5816288.901],[390758.977,5816288.448],[390794.361,5816287.276],[390794.881,5816287.256],[390814.367,5816286.585],[390836.351,5816285.837],[390858.335,5816285.079],[390920.529,5816282.937],[390939.505,5816282.276],[390965.486,5816281.392],[390964.637,5816250.41],[390964.155,5816232.411],[390964.05,5816228.493],[390963.345,5816202.439],[390962.946,5816187.768],[390962.368,5816166.301],[390961.779,5816144.813],[390961.175,5816122.527],[390960.451,5816096.033],[390979.32,5816095.658],[390987.33,5816086.88],[391014.035,5816085.328],[391030.534,5816084.368],[391175.752,5816075.92],[391366.606,5816064.831],[391382.103,5816054.258],[391383.17,5816054.067],[391394.34,5816052.055],[391404.937,5816050.053],[391415.518,5816047.97],[391426.082,5816045.805],[391436.63,5816043.559],[391447.16,5816041.232],[391457.764,5816038.802],[391468.349,5816036.29],[391478.914,5816033.695],[391489.459,5816031.018],[391499.982,5816028.259],[391510.484,5816025.419],[391520.964,5816022.494],[391531.42,5816019.488],[391541.853,5816016.4],[391552.262,5816013.231],[391562.645,5816009.981],[391573.003,5816006.651],[391583.336,5816003.241],[391593.642,5815999.751],[391603.921,5815996.181],[391614.172,5815992.531],[391624.393,5815988.801],[391634.586,5815984.992],[391766.238,5815935.193],[391772.326,5815933.017],[391782.526,5815929.353],[391784.591,5815947.543],[391804.194,5816119.715],[391808.097,5816154.088],[391809.573,5816167.019],[391812.286,5816190.835],[391813.654,5816200.719],[391815.6,5816210.551],[391818.037,5816220.354],[391821.051,5816230.045],[391822.985,5816235.528],[391825.086,5816240.878],[391829.203,5816250.189],[391833.784,5816259.181],[391838.819,5816267.884],[391844.267,5816276.24],[391863.106,5816303.619],[391897.377,5816353.213],[391901.227,5816358.798],[391938.158,5816412.363],[391936.545,5816418.493],[391920.878,5816478.506],[391903.952,5816543.342],[391903.346,5816545.654],[391899.116,5816561.953],[391894.836,5816562.974],[391887.14,5816592.598],[391898.686,5816604.497],[391947.88,5816592.833],[391966.843,5816588.342],[391985.806,5816583.852],[392004.779,5816579.352],[392019.849,5816575.775],[392044.168,5816570.013],[392068.486,5816564.251],[392083.627,5816560.664],[392098.688,5816557.098],[392123.006,5816551.336],[392147.325,5816545.574],[392171.584,5816539.763],[392217.236,5816528.968],[392258.215,5816519.274],[392284.233,5816513.121],[392294.499,5816510.698],[392413.016,5816482.666],[392430.436,5816478.545],[392449.429,5816474.034],[392468.432,5816469.523],[392492.75,5816463.761],[392510.727,5816459.49],[392528.724,5816455.218],[392553.043,5816449.446],[392577.401,5816443.663],[392611.951,5816435.427],[392616.858,5816434.254],[392710.983,5816411.93],[392741.665,5816404.653],[392774.265,5816396.923],[392790.279,5816389.849],[392804.848,5816383.553],[392900.994,5816334.869],[392901.088,5816335.047],[392920.895,5816325.011],[392922.5,5816324.201],[392941.164,5816314.526],[392943.858,5816313.185],[392965.026,5816302.634],[392968.349,5816307.53],[392971.393,5816312.008],[392986.014,5816333.521],[392989.067,5816338.013],[393028.489,5816411.897],[393053.819,5816459.371],[393086.64,5816492.144],[393078.697,5816514.583],[393072.023,5816533.259],[393065.358,5816551.904],[393063.45,5816557.247],[393062.683,5816559.392],[393058.978,5816569.764],[393058.874,5816570.066],[393058.483,5816570.023],[393058.465,5816570.133],[393058.306,5816570.147],[393058.165,5816570.223],[393058.065,5816570.348],[393058.022,5816570.502],[393057.912,5816570.494],[393057.684,5816573.228],[393057.684,5816573.238],[393057.715,5816573.247],[393057.661,5816573.393],[393054.012,5816583.607],[393052.97,5816583.497],[393052.953,5816583.657],[393052.713,5816583.652],[393052.718,5816583.901],[393052.217,5816583.861],[393052.209,5816583.961],[393052.049,5816583.989],[393051.91,5816584.074],[393051.811,5816584.204],[393051.766,5816584.36],[393051.666,5816584.351],[393051.449,5816587.125],[393051.569,5816587.133],[393051.587,5816587.298],[393051.657,5816587.449],[393051.772,5816587.569],[393051.919,5816587.646],[393051.911,5816587.736],[393052.412,5816587.787],[393052.426,5816588.027],[393047.532,5816601.979],[393046.507,5816604.888],[393046.289,5816605.502],[393044.487,5816610.636],[393043.709,5816612.84],[393040.654,5816621.538],[393039.365,5816625.222],[393037.202,5816631.372],[393036.452,5816633.515],[393033.37,5816642.304],[393033.082,5816643.109],[393032.089,5816645.938],[393023.635,5816669.857],[393015.467,5816693.08],[393008.996,5816711.372],[393006.131,5816719.393],[392999.407,5816738.232],[392998.107,5816741.863],[392995.088,5816750.323],[392990.354,5816763.572],[392989.37,5816766.33],[392985.433,5816777.354],[392978.373,5816797.108],[392977.03,5816800.863],[392976.831,5816801.406],[392970.912,5816817.982],[392969.853,5816820.947],[392963.323,5816839.299],[392956.447,5816858.958],[392952.671,5816869.437],[392951.552,5816872.542],[392947.775,5816883.021],[392939.348,5816906.79],[392929.042,5816935.843],[392927.361,5816940.555],[392919.824,5816961.696],[392918.144,5816966.408],[392908.565,5816993.267],[392905.401,5817002.145],[392904.542,5817004.554],[392901.493,5817013.11],[392895.171,5817030.849],[392893.928,5817034.332],[392887.397,5817052.645],[392886.979,5817053.813],[392878.742,5817077.097],[392868.594,5817104.978],[392867.463,5817108.119],[392867.378,5817108.341],[392861.084,5817125.479],[392855.822,5817140.068],[392849.573,5817157.995],[392848.862,5817160.019],[392842.259,5817177.693],[392841.803,5817178.941],[392835.903,5817195.252],[392835.637,5817195.997],[392834.972,5817197.829],[392831.467,5817207.515],[392831.381,5817207.757],[392830.81,5817209.268],[392829.916,5817211.684],[392829.84,5817211.896],[392828.376,5817215.873],[392827.416,5817218.491],[392826.503,5817220.958],[392820.539,5817237.56],[392818.802,5817242.433],[392817.976,5817244.749],[392813.344,5817257.756],[392809.405,5817268.82],[392808.617,5817271.014],[392807.307,5817274.689],[392802.93,5817286.971],[392791.122,5817320.113],[392790.809,5817320.989],[392769.405,5817356.483],[392765.422,5817364.718],[392770.911,5817363.604],[392771.1,5817363.56],[392771.198,5817363.998],[392785.412,5817360.568],[392798.732,5817356.982],[392803.836,5817355.608],[392813.432,5817352.806],[392822.953,5817349.785],[392832.432,5817346.575],[392841.857,5817343.216],[392851.219,5817339.678],[392860.528,5817336.011],[392869.724,5817332.157],[392878.907,5817328.142],[392887.621,5817324.197],[392888.008,5817324.02],[392897.036,5817319.748],[392905.991,5817315.298],[392914.883,5817310.73],[392923.702,5817305.992],[392929.361,5817302.82],[392930.756,5817302.039],[393070.276,5817223.782],[393089.489,5817212.997],[393125.186,5817192.98],[393287.816,5817101.715],[393288.835,5817101.146],[393288.892,5817101.114],[393292.077,5817099.323],[393303.49,5817092.906],[393305.344,5817091.864],[393306.653,5817091.128],[393349.284,5817067.169],[393377.56,5817051.342],[393437.045,5817017.694],[393515.369,5816974.628],[393655.865,5816897.608],[393753.545,5816844.06],[393757.513,5816841.874],[393774.884,5816832.298],[393778.046,5816830.555],[393878.648,5816775.337],[393892.136,5816767.941],[393894.224,5816766.801],[393965.279,5816727.943],[394028.523,5816646.988],[394028.923,5816644.84],[394030.177,5816645.086],[394030.856,5816641.364],[394031.599,5816641.51],[394054.974,5816646.085],[394055.697,5816646.231],[394054.968,5816649.975],[394056.152,5816650.212],[394057.136,5816665.672],[394058.264,5816673.96],[394060.762,5816693.039],[394061.446,5816697.231],[394065.557,5816719.077],[394066.402,5816723.216],[394070.983,5816738.052],[394075.929,5816750.782],[394086.045,5816765.063],[394099.331,5816779.031],[394103.308,5816781.809],[394106.728,5816784.356],[394110.723,5816787.44],[394115.204,5816791.133],[394119.676,5816795.014],[394123.408,5816798.44],[394127.045,5816801.953],[394130.735,5816805.716],[394133.962,5816809.147],[394137.38,5816813.002],[394140.066,5816816.165],[394143.354,5816820.192],[394148.854,5816826.893],[394213.864,5816906.57],[394234.657,5816932.062],[394256.171,5816958.11],[394265.105,5816968.889],[394331.299,5817048.876],[394331.451,5817049.06],[394331.941,5817049.653],[394342.469,5817062.393],[394343.409,5817063.53],[394343.507,5817063.648],[394400.914,5817133.058],[394430.198,5817168.229],[394438.747,5817175.577],[394447.29,5817181.706],[394456.038,5817186.927],[394465.015,5817191.968],[394484.61,5817198.87],[394488.122,5817199.694],[394508.736,5817201.436],[394517.593,5817200.903],[394522.956,5817200.188],[394528.172,5817198.78],[394537.115,5817195.595],[394561.65,5817190.215],[394567.279,5817188.981],[394568.709,5817188.723],[394574.467,5817188.665],[394580.219,5817188.779],[394585.92,5817189.394],[394591.455,5817190.228],[394596.951,5817191.495],[394602.631,5817193.167],[394607.744,5817195.007],[394613.04,5817197.508],[394617.831,5817200.529],[394622.188,5817204.175],[394626.204,5817208.382],[394628.514,5817211.097],[394688.198,5817281.212],[394694.732,5817288.931],[394766.532,5817373.325],[394773.213,5817380.855],[394774.934,5817382.686],[394779.831,5817388.948],[394792.731,5817401.745],[394795.59,5817404.432],[394796.472,5817405.463],[394824.629,5817438.434],[394821.229,5817440.149],[394837.107,5817455.896],[394839.281,5817458.234],[394844.549,5817461.834],[394850.007,5817465.94],[394859.568,5817472.867],[394861.014,5817473.75],[394865.197,5817476.02],[394874.579,5817481.441],[394877.367,5817482.907],[394879.478,5817484.017],[394880.85,5817484.681],[394882.251,5817485.235],[394883.651,5817485.778],[394893.053,5817489.089],[394902.48,5817492.119],[394911.935,5817495.039],[394921.389,5817497.949],[394930.928,5817500.557],[394940.504,5817503.005],[394950.099,5817505.412],[394959.759,5817507.578],[394961.271,5817507.72],[394962.823,5817507.79],[394964.371,5817507.691],[395006.204,5817501.05],[394963.761,5817555.548],[394963.048,5817556.461],[394963.761,5817560.287],[394966.734,5817562.581],[394967.393,5817564.638],[394964.428,5817579.573],[394953.35,5817589.643],[394942.978,5817600.489],[394940.537,5817600.955],[394934.611,5817606.948],[394933.277,5817607.793],[394932.825,5817608.004],[394932.341,5817608.123],[394931.843,5817608.145],[394931.35,5817608.07],[394930.881,5817607.9],[394930.429,5817607.623],[394930.044,5817607.258],[394929.742,5817606.822],[394929.538,5817606.332],[394929.439,5817605.811],[394929.45,5817605.281],[394929.57,5817604.764],[394929.317,5817604.579],[394924.234,5817610.385],[394913.445,5817622.429],[394912.787,5817623.169],[394898.264,5817639.506],[394895.45,5817642.559],[394893.804,5817645.36],[394893.485,5817650.136],[394881.058,5817659.191],[394876.555,5817658.382],[394875.331,5817658.16],[394871.994,5817659.894],[394871.487,5817660.05],[394870.959,5817660.107],[394870.431,5817660.063],[394869.92,5817659.919],[394869.446,5817659.68],[394869.026,5817659.355],[394868.676,5817658.957],[394857.319,5817658.493],[394852.626,5817657.292],[394839.114,5817652.41],[394838.515,5817652.941],[394836.146,5817650.143],[394821.647,5817633.024],[394820.493,5817633.922],[394795.822,5817653.133],[394796.822,5817654.311],[394803.329,5817661.97],[394804.885,5817675.409],[394800.965,5817684.353],[394794.157,5817690.172],[394794.893,5817691.023],[394795.465,5817691.687],[394790.674,5817695.907],[394784.037,5817701.755],[394763.83,5817719.556],[394758.715,5817724.063],[394715.325,5817749.038],[394714.698,5817748.342],[394709.719,5817742.823],[394697.181,5817753.541],[394688.077,5817761.324],[394675.284,5817765.931],[394678.67,5817769.608],[394647.571,5817786.771],[394642.276,5817789.693],[394636.781,5817792.726],[394567.777,5817831.625],[394549.044,5817843.44],[394537.923,5817851.488],[394513.003,5817869.523],[394504.614,5817876.421],[394493.06,5817885.92],[394463.772,5817910.086],[394463.225,5817910.517],[394458.459,5817914.277],[394435.708,5817932.667],[394435.238,5817933.047],[394382.641,5817976.833],[394352.797,5818001.678],[394352.279,5818002.108],[394352.065,5818001.862],[394347.969,5818005.24],[394348.164,5818005.486],[394347.944,5818005.668],[394333.556,5818017.593],[394333.183,5818017.48],[394329.794,5818020.272],[394329.344,5818020.643],[394329.519,5818020.92],[394328.153,5818022.145],[394327.917,5818021.86],[394322.237,5818026.548],[394322.412,5818026.824],[394321.83,5818027.33],[394321.212,5818027.867],[394321.017,5818027.621],[394316.932,5818031.008],[394317.147,5818031.274],[394302.772,5818043.119],[394302.626,5818043.239],[394302.402,5818043.013],[394298.443,5818046.238],[394298.53,5818046.557],[394294.127,5818050.178],[394284.734,5818057.903],[394217.834,5818112.926],[394215.068,5818115.373],[394212.303,5818117.821],[394207.218,5818120.982],[394202.134,5818124.143],[394188.497,5818132.548],[394167.806,5818145.299],[394160.454,5818149.832],[394155.044,5818153.216],[394137.762,5818164.025],[394126.148,5818171.425],[394100.035,5818188.06],[394093.444,5818192.259],[394054.148,5818217.588],[394040.653,5818226.287],[394036.305,5818229.042],[394017.716,5818240.821],[394013.925,5818243.223],[394011.75,5818240.274],[393974.738,5818268.956],[393950.767,5818285.62],[393921.94,5818307.197],[393916.778,5818312.825],[393908.069,5818322.315],[393895.744,5818335.749],[393854.727,5818380.451],[393855.326,5818389.049],[393841.942,5818402.054],[393839.533,5818401.796],[393812.552,5818430.347],[393804.345,5818436.222],[393740.573,5818482.601],[393713.639,5818512.761],[393712.2,5818514.398],[393661.385,5818558.309],[393654.582,5818564.19],[393623.094,5818592.041],[393584.716,5818625.284],[393572.436,5818635.131],[393524.544,5818670.954],[393485.234,5818700.183],[393439.017,5818738.057],[393407.192,5818764.837],[393380.48,5818705.688],[393366.001,5818699.815],[393363.724,5818694.761],[393338.407,5818638.574],[393326.769,5818613.031],[393312.229,5818580.871],[393304.515,5818563.819],[393296.801,5818546.757],[393293.462,5818539.378],[393292.416,5818537.067],[393289.168,5818529.887],[393285.663,5818522.14],[393284.596,5818519.783],[393281.259,5818512.406],[393280.508,5818510.75],[393274.787,5818498.09],[393267.825,5818482.694],[393261.844,5818469.479],[393250.717,5818444.863],[393235.895,5818452.074],[393217.684,5818460.33],[393156.513,5818420.047],[393134.296,5818409.061],[393121.869,5818403.918],[393109.613,5818399.11],[393096.854,5818394.104],[393087.479,5818391.181],[393078.05,5818388.552],[393061.596,5818384.393],[393056.113,5818383.31],[393043.285,5818380.776],[393035.942,5818379.576],[393028.593,5818378.498],[393021.224,5818377.557],[393013.833,5818376.758],[393006.426,5818376.09],[392999.011,5818375.574],[392991.581,5818375.176],[392984.144,5818374.916],[392976.704,5818374.794],[392969.264,5818374.81],[392961.824,5818374.964],[392954.389,5818375.256],[392946.961,5818375.686],[392939.542,5818376.254],[392932.134,5818376.959],[392924.741,5818377.801],[392917.365,5818378.781],[392910.009,5818379.897],[392902.674,5818381.149],[392883.44,5818383.503],[392865.281,5818387.66],[392855.009,5818392.205],[392844.538,5818396.344],[392837.702,5818399.287],[392822.295,5818407.171],[392797.719,5818418.752],[392786.002,5818424.372],[392783.744,5818425.456],[392783.262,5818425.687],[392762.222,5818436.053],[392751.633,5818441.155],[392739.442,5818447.027],[392730.358,5818451.404],[392723.385,5818454.493],[392713.924,5818434.341],[392707.492,5818420.913],[392702.319,5818409.418],[392701.795,5818408.272],[392701.23,5818407.144],[392700.626,5818406.038],[392699.984,5818404.953],[392698.758,5818403.322],[392697.49,5818401.722],[392696.183,5818400.155],[392695.23,5818399.036],[392694.245,5818397.945],[392693.229,5818396.884],[392692.182,5818395.852],[392691.087,5818394.828],[392689.963,5818393.838],[392688.809,5818392.881],[392687.628,5818391.959],[392688.825,5818389.706],[392682.033,5818387.404],[392679.614,5818386.583],[392674.791,5818384.948],[392666.798,5818382.314],[392661.764,5818380.656],[392660.749,5818380.321],[392659.865,5818382.218],[392658.006,5818382.384],[392656.15,5818382.573],[392654.296,5818382.784],[392653.521,5818382.881],[392652.746,5818382.985],[392651.973,5818383.098],[392650.729,5818383.361],[392649.487,5818383.638],[392648.249,5818383.929],[392647.164,5818384.186],[392646.082,5818384.457],[392645.004,5818384.74],[392643.063,5818385.148],[392641.131,5818385.601],[392639.211,5818386.1],[392630.851,5818367.88],[392624.376,5818354.066],[392616.558,5818337.39],[392610.389,5818324.229],[392605.272,5818313.311],[392595.618,5818292.718],[392576.006,5818302.345],[392560.874,5818309.61],[392541.342,5818318.988],[392534.555,5818322.247],[392532.972,5818323.006],[392522.044,5818328.246],[392518.252,5818330.064],[392516.285,5818331.007],[392515.837,5818331.222],[392512.348,5818332.896],[392509.678,5818334.177],[392509.472,5818334.276],[392505.873,5818336.002],[392505.707,5818336.082],[392502.143,5818337.792],[392501.862,5818337.927],[392478.038,5818349.354],[392474.316,5818351.14],[392457.729,5818359.097],[392453.986,5818360.893],[392429.928,5818372.433],[392423.67,5818375.432],[392416.736,5818378.755],[392414.718,5818379.721],[392403.183,5818372.8],[392395.65,5818368.281],[392392.911,5818366.637],[392393.861,5818354],[392387.746,5818342.688],[392384.547,5818336.741],[392382.926,5818333.728],[392379.746,5818327.817],[392373.616,5818316.506],[392364.74,5818299.689],[392355.808,5818283.27],[392335.581,5818294.894],[392319.706,5818304.025],[392307.985,5818310.763],[392303.95,5818313.084],[392303.338,5818313.436],[392301.445,5818314.525],[392291.171,5818320.436],[392285.142,5818323.903],[392282.4,5818325.48],[392278.332,5818327.82],[392277.869,5818328.086],[392275.633,5818329.371],[392265.484,5818335.204],[392258.645,5818339.138],[392256.53,5818340.354],[392249.807,5818344.221],[392204.081,5818370.519],[392197.804,5818374.233],[392188.787,5818379.568],[392184.7,5818381.987],[392177.346,5818398.776],[392176.631,5818400.408],[392149.971,5818461.26],[392145.519,5818471.41],[392144.133,5818474.569],[392135.605,5818494.011],[392108.541,5818555.711],[392098.456,5818578.698],[392097.057,5818581.887],[392096.447,5818583.278],[392084.477,5818610.574],[392048.985,5818589.291],[392033.783,5818580.181],[392016.77,5818569.985],[391960.028,5818535.977],[391957.918,5818534.71],[391957.277,5818534.325],[391955.449,5818533.227],[391952.33,5818531.401],[391950.896,5818530.561],[391947.83,5818534.024],[391941.112,5818541.612],[391940.858,5818541.899],[391938.317,5818544.77],[391938.684,5818546.732],[391909.011,5818585.334],[391906.697,5818583.558],[391897.026,5818596.328],[391892.793,5818601.918],[391888.311,5818607.836],[391856.561,5818649.766],[391843.953,5818666.654],[391825.049,5818690.512],[391810.482,5818708.998],[391802.541,5818718.938],[391781.808,5818744.97],[391775.415,5818753.161],[391773.032,5818756.166],[391770.414,5818759.486],[391769.615,5818760.501],[391764.713,5818757.112],[391760.92,5818754.489],[391724.616,5818729.389],[391721.002,5818725.478],[391710.821,5818713.293],[391701.86,5818723.183],[391684.205,5818738.067],[391676.214,5818744.809],[391672.816,5818747.403],[391669.93,5818749.608],[391657.389,5818759.186]]]]},"geometry_name":"geom","properties":{"uuid":"DEBE02YY20000001","sch":"110000020202","nam":"Kreuzberg","gdf":10377495.0,"bezeich":"AX_KommunalesGebiet"},"bbox":[389216.547,5815929.353,395006.204,5818898.271]},{"type":"Feature","id":"ortsteile.DEBE02YY20000003","geometry":{"type":"MultiPolygon","coordinates":[[[[394396.581,5821145.038],[394383.231,5821166.265],[394337.593,5821238.83],[394334.834,5821243.217],[394260.206,5821168.605],[394252.975,5821161.374],[394249.127,5821157.528],[394201.46,5821109.874],[394198.223,5821106.638],[394195.21,5821103.628],[394143.765,5821052.15],[394116.668,5821025.032],[394114.232,5821022.595],[394090.046,5820998.389],[394060.416,5821001.549],[394059.091,5821003.603],[394026.942,5821053.426],[394005.982,5821085.911],[393980.389,5821081.593],[393960.497,5821078.237],[393902.426,5821068.445],[393577.138,5821013.599],[393177.826,5820946.096],[393175.354,5820945.679],[393157.642,5820942.685],[393152.268,5820931.669],[393145.418,5820918.767],[393132.565,5820922.375],[393122.436,5820921.9],[393119.366,5820923.219],[393118.365,5820921.717],[393087.802,5820920.449],[393075.81,5820922.524],[393074.574,5820922.738],[393063.269,5820924.692],[393057.066,5820918.76],[393001.583,5820865.708],[392988.131,5820852.845],[392948.66,5820815.103],[392913.679,5820781.657],[392821.98,5820693.974],[392793.702,5820666.935],[392840.091,5820635.412],[392843.72,5820632.946],[392844.618,5820632.339],[392900.538,5820594.528],[392908.965,5820588.828],[392919.371,5820581.794],[393036.019,5820502.918],[393054.767,5820490.292],[393057.866,5820488.154],[393062.3,5820485.21],[393068.328,5820481.455],[393074.8,5820477.362],[393079.611,5820474.281],[393084.373,5820471.281],[393089.388,5820468.416],[393094.236,5820465.674],[393100.094,5820462.462],[393129.978,5820446.515],[393148.371,5820437.276],[393173.954,5820424.41],[393177.425,5820425.014],[393196.608,5820416.35],[393199.104,5820415.51],[393201.614,5820414.713],[393204.137,5820413.958],[393206.312,5820413.259],[393208.507,5820412.626],[393210.721,5820412.059],[393212.95,5820411.56],[393218.384,5820410.377],[393223.835,5820409.279],[393229.303,5820408.266],[393234.786,5820407.338],[393237.59,5820406.952],[393240.403,5820406.633],[393243.223,5820406.382],[393246.048,5820406.198],[393246.211,5820392.463],[393246.245,5820389.549],[393246.261,5820388.246],[393246.302,5820384.738],[393246.317,5820383.436],[393246.346,5820380.981],[393246.511,5820367.002],[393241.939,5820366.914],[393235.301,5820366.787],[393221.584,5820366.524],[393219.616,5820366.487],[393211.385,5820366.247],[393204.665,5820355.9],[393193.912,5820354.204],[393180.112,5820351.967],[393205.705,5820332.804],[393258.364,5820293.386],[393318.698,5820249.202],[393329.728,5820240.598],[393343.705,5820230.347],[393344.7,5820229.616],[393347.241,5820227.753],[393381.801,5820202.408],[393384.557,5820200.387],[393400.346,5820188.807],[393403.776,5820186.292],[393422.826,5820172.321],[393423.341,5820170.061],[393404.631,5820111.793],[393403.364,5820107.845],[393402.716,5820105.827],[393369.974,5820003.861],[393367.579,5819996.4],[393365.936,5819991.275],[393304.671,5819994.901],[393303.508,5819995.016],[393302.355,5819995.176],[393301.21,5819995.385],[393300.075,5819995.638],[393298.781,5819995.998],[393297.505,5819996.417],[393296.252,5819996.898],[393295.02,5819997.444],[393265.581,5820011.063],[393263.06,5820005.742],[393252.246,5819982.869],[393242.628,5819962.525],[393240.838,5819958.738],[393238.046,5819952.832],[393235.052,5819946.495],[393234.303,5819944.912],[393232.892,5819941.927],[393232.144,5819940.343],[393229.21,5819934.139],[393228.978,5819933.647],[393225.397,5819926.074],[393225.169,5819925.592],[393213.917,5819901.796],[393195.154,5819862.116],[393220.585,5819850.134],[393215.951,5819839.992],[393212.338,5819831.956],[393209.592,5819825.845],[393221.74,5819821.554],[393222.246,5819822.964],[393233.508,5819818.87],[393233.875,5819818.733],[393250.23,5819812.783],[393248.64,5819808.533],[393246.513,5819802.914],[393233.969,5819769.566],[393230.178,5819759.499],[393228.792,5819756.243],[393225.489,5819748.459],[393225.017,5819747.348],[393224.784,5819746.802],[393223.898,5819744.719],[393223.605,5819744.035],[393215.253,5819721.091],[393214.404,5819718.759],[393213.982,5819717.6],[393209.488,5819705.807],[393197.303,5819673.864],[393196.241,5819671.086],[393195.944,5819670.308],[393187.898,5819647.901],[393186.653,5819644.437],[393183.729,5819636.313],[393183.169,5819634.744],[393182.894,5819633.989],[393182.873,5819633.92],[393172.473,5819604.98],[393172.231,5819604.305],[393172.114,5819603.977],[393166.857,5819589.358],[393164.155,5819582.305],[393162.062,5819576.744],[393152.37,5819551.013],[393133.866,5819501.876],[393131.235,5819495.176],[393130.729,5819493.889],[393124.175,5819480.045],[393115.937,5819463.157],[393113.879,5819458.939],[393082.031,5819394.179],[393080.53,5819391.208],[393076.288,5819382.805],[393074.093,5819378.46],[393069.841,5819370.039],[393060.2,5819352.62],[393057.474,5819347.512],[393053.723,5819341.05],[393041.427,5819306.529],[393040.841,5819305.561],[393040.465,5819304.94],[393040.248,5819304.58],[393034.01,5819294.269],[393031.24,5819289.689],[393014.136,5819261.416],[393011.921,5819257.755],[393011.608,5819257.25],[393009.485,5819253.82],[393007.467,5819250.562],[393006.757,5819249.415],[393005.876,5819247.992],[393004.02,5819244.994],[393001.634,5819241.14],[392999.513,5819237.714],[392998.844,5819236.635],[392999.183,5819236.422],[392998.264,5819234.869],[392983.41,5819209.913],[392967.439,5819183.877],[392966.814,5819182.549],[392966.586,5819182.061],[392983.181,5819168.894],[392985.022,5819169.161],[392986.812,5819169.421],[392993.723,5819164.207],[393004.217,5819153.597],[393023.836,5819134.887],[393023.663,5819134.689],[393060.766,5819102.399],[393063.939,5819099.637],[393074.918,5819090.083],[393082.716,5819082.959],[393106.245,5819059.901],[393121.869,5819044.185],[393123.798,5819042.244],[393124.434,5819042.313],[393159.92,5819006.617],[393159.707,5819006.406],[393167.45,5818998.617],[393178.197,5818987.807],[393182.238,5818983.742],[393182.45,5818983.953],[393185.27,5818981.117],[393193.738,5818972.599],[393318.549,5818847.049],[393335.675,5818826.28],[393335.183,5818825.873],[393338.53,5818821.819],[393338.844,5818822.033],[393358.252,5818812.555],[393371.118,5818810.8],[393373.204,5818809.561],[393373.247,5818809.535],[393373.604,5818809.693],[393373.985,5818809.78],[393374.376,5818809.794],[393374.762,5818809.734],[393375.13,5818809.603],[393375.289,5818809.496],[393375.466,5818809.404],[393382.167,5818805.785],[393388.91,5818802.144],[393389.109,5818801.997],[393389.258,5818801.909],[393389.547,5818801.605],[393389.765,5818801.246],[393389.901,5818800.849],[393389.948,5818800.432],[393389.905,5818800.014],[393388.918,5818797.979],[393390.547,5818796.875],[393391.177,5818796.312],[393391.739,5818795.681],[393392.225,5818794.99],[393392.63,5818794.249],[393392.947,5818793.466],[393393.174,5818792.652],[393393.57,5818788.788],[393393.929,5818785.299],[393394.249,5818782.18],[393396.426,5818776.091],[393407.192,5818764.837],[393439.017,5818738.057],[393485.234,5818700.183],[393524.544,5818670.954],[393572.436,5818635.131],[393584.716,5818625.284],[393623.094,5818592.041],[393654.582,5818564.19],[393661.385,5818558.309],[393712.2,5818514.398],[393713.639,5818512.761],[393740.573,5818482.601],[393804.345,5818436.222],[393812.552,5818430.347],[393839.533,5818401.796],[393841.942,5818402.054],[393855.326,5818389.049],[393854.727,5818380.451],[393895.744,5818335.749],[393908.069,5818322.315],[393916.778,5818312.825],[393921.94,5818307.197],[393950.767,5818285.62],[393974.738,5818268.956],[394011.75,5818240.274],[394013.925,5818243.223],[394017.716,5818240.821],[394036.305,5818229.042],[394040.653,5818226.287],[394054.148,5818217.588],[394093.444,5818192.259],[394100.035,5818188.06],[394126.148,5818171.425],[394137.762,5818164.025],[394155.044,5818153.216],[394160.454,5818149.832],[394167.806,5818145.299],[394188.497,5818132.548],[394202.134,5818124.143],[394207.218,5818120.982],[394212.303,5818117.821],[394215.068,5818115.373],[394217.834,5818112.926],[394284.734,5818057.903],[394294.127,5818050.178],[394298.53,5818046.557],[394298.443,5818046.238],[394302.402,5818043.013],[394302.626,5818043.239],[394302.772,5818043.119],[394317.147,5818031.274],[394316.932,5818031.008],[394321.017,5818027.621],[394321.212,5818027.867],[394321.83,5818027.33],[394322.412,5818026.824],[394322.237,5818026.548],[394327.917,5818021.86],[394328.153,5818022.145],[394329.519,5818020.92],[394329.344,5818020.643],[394329.794,5818020.272],[394333.183,5818017.48],[394333.556,5818017.593],[394347.944,5818005.668],[394348.164,5818005.486],[394347.969,5818005.24],[394352.065,5818001.862],[394352.279,5818002.108],[394352.797,5818001.678],[394382.641,5817976.833],[394435.238,5817933.047],[394435.708,5817932.667],[394458.459,5817914.277],[394463.225,5817910.517],[394463.772,5817910.086],[394493.06,5817885.92],[394504.614,5817876.421],[394513.003,5817869.523],[394537.923,5817851.488],[394549.044,5817843.44],[394567.777,5817831.625],[394636.781,5817792.726],[394642.276,5817789.693],[394647.571,5817786.771],[394678.67,5817769.608],[394675.284,5817765.931],[394688.077,5817761.324],[394697.181,5817753.541],[394709.719,5817742.823],[394714.698,5817748.342],[394715.325,5817749.038],[394758.715,5817724.063],[394763.83,5817719.556],[394784.037,5817701.755],[394790.674,5817695.907],[394795.465,5817691.687],[394794.893,5817691.023],[394794.157,5817690.172],[394800.965,5817684.353],[394804.885,5817675.409],[394803.329,5817661.97],[394796.822,5817654.311],[394795.822,5817653.133],[394820.493,5817633.922],[394821.647,5817633.024],[394836.146,5817650.143],[394838.515,5817652.941],[394839.114,5817652.41],[394852.626,5817657.292],[394857.319,5817658.493],[394868.676,5817658.957],[394869.026,5817659.355],[394869.446,5817659.68],[394869.92,5817659.919],[394870.431,5817660.063],[394870.959,5817660.107],[394871.487,5817660.05],[394871.994,5817659.894],[394875.331,5817658.16],[394876.555,5817658.382],[394881.058,5817659.191],[394893.485,5817650.136],[394893.804,5817645.36],[394895.45,5817642.559],[394898.264,5817639.506],[394912.787,5817623.169],[394913.445,5817622.429],[394924.234,5817610.385],[394929.317,5817604.579],[394929.57,5817604.764],[394929.45,5817605.281],[394929.439,5817605.811],[394929.538,5817606.332],[394929.742,5817606.822],[394930.044,5817607.258],[394930.429,5817607.623],[394930.881,5817607.9],[394931.35,5817608.07],[394931.843,5817608.145],[394932.341,5817608.123],[394932.825,5817608.004],[394933.277,5817607.793],[394934.611,5817606.948],[394940.537,5817600.955],[394942.978,5817600.489],[394953.35,5817589.643],[394964.428,5817579.573],[394967.393,5817564.638],[394966.734,5817562.581],[394963.761,5817560.287],[394963.048,5817556.461],[394963.761,5817555.548],[395006.204,5817501.05],[395023.781,5817502.037],[395054.828,5817503.78],[395120.442,5817481.185],[395122.593,5817487.003],[395124.378,5817486.382],[395144.737,5817479.3],[395145.549,5817479.017],[395206.748,5817457.725],[395342.414,5817410.299],[395406.353,5817387.955],[395417.736,5817383.969],[395420.039,5817383.045],[395421.971,5817382.109],[395489.186,5817336.954],[395563.901,5817286.568],[395583.586,5817273.295],[395607.523,5817264.83],[395608.493,5817264.48],[395612.47,5817262.982],[395637.869,5817253.41],[395642.246,5817251.761],[395658.322,5817245.908],[395659.803,5817245.349],[395663.722,5817249.862],[395668.772,5817255.675],[395672.168,5817253.679],[395676.887,5817250.896],[395682.045,5817247.873],[395698.741,5817234.648],[395705.639,5817229.317],[395705.312,5817228.944],[395710.459,5817224.626],[395710.263,5817224.33],[395718.76,5817216.809],[395720.01,5817215.245],[395720.926,5817213.478],[395721.56,5817211.576],[395721.902,5817209.61],[395721.934,5817207.619],[395721.178,5817205.714],[395720.245,5817203.962],[395719.114,5817202.324],[395703.785,5817182.347],[395682.63,5817155.122],[395665.619,5817133.467],[395665.401,5817133.552],[395666.808,5817118.686],[395675.146,5817112.043],[395734.633,5817064.614],[395826.179,5817006.437],[395842.39,5816996.044],[395925.1,5816943.026],[395939.488,5816937.054],[395952.889,5816931.542],[395952.921,5816931.53],[396018.664,5816903.764],[396021.833,5816902.426],[396037.198,5816893.494],[396053.048,5816884.28],[396055.059,5816883.111],[396191.204,5816804.286],[396278.498,5816778.855],[396378.191,5816749.826],[396488.801,5816668.764],[396534.304,5816627.091],[396595.799,5816553.012],[396637.634,5816493.883],[396647.454,5816428.078],[396647.626,5816428.09],[396648.761,5816420.18],[396650.291,5816412.336],[396652.054,5816404.496],[396653.979,5816396.734],[396656.374,5816389.078],[396659.021,5816381.522],[396661.907,5816374.114],[396664.097,5816369.29],[396678.014,5816339.62],[396680.543,5816334.349],[396686.52,5816322.298],[396688.804,5816317.497],[396697.991,5816297.38],[396730.616,5816369.505],[396740.849,5816390.041],[396753.389,5816395.56],[396768.04,5816396.601],[396783.037,5816397.268],[396796.507,5816396.217],[396802.391,5816395.01],[396824.342,5816390.057],[396829.896,5816388.409],[396851.451,5816380.742],[396856.075,5816379.126],[396877.95,5816370.979],[396894.005,5816364.899],[396906.243,5816360.263],[396931.036,5816338.418],[396936.28,5816325.367],[396938.942,5816318.098],[396988.896,5816181.743],[397012.103,5816198.495],[397040.195,5816218.53],[397068.15,5816238.656],[397095.156,5816258.093],[397106.549,5816265.829],[397123.179,5816277.464],[397134.231,5816285.476],[397149.859,5816296.435],[397165.657,5816307.596],[397174.21,5816313.623],[397195.087,5816328.328],[397246.95,5816353.681],[397249.49,5816354.631],[397305.17,5816369.064],[397369.752,5816372.892],[397413.643,5816363.689],[397432.653,5816357.861],[397462.072,5816348.738],[397518.568,5816326.129],[397571.021,5816416.491],[397484.623,5816473.2],[397394.021,5816529.56],[397371.695,5816601.207],[397212.6,5816705.851],[397192.198,5816750.887],[397136.3,5816797.03],[397082.759,5816804.192],[397078.986,5816808.469],[397055.23,5816835.376],[396982.993,5816917.202],[396444.31,5817527.39],[396348.806,5817635.566],[396295.06,5817649.687],[396126.996,5817693.859],[396125.792,5817694.182],[396118.136,5817696.192],[396112.977,5817697.546],[396110.96,5817698.072],[396110.868,5817698.096],[396105.157,5817699.594],[396101.197,5817700.64],[396065.797,5817709.942],[396063.668,5817710.502],[396044.386,5817715.569],[396047.303,5817727.492],[396051.973,5817744.902],[396059.131,5817771.643],[396059.33,5817771.599],[396066.256,5817771.418],[396077.557,5817819.888],[396079.191,5817826.906],[396086.88,5817860.017],[396089.983,5817872.817],[396090.572,5817877.495],[396101.598,5817919.951],[396114.434,5817969.193],[396115.277,5817968.817],[396121.783,5817993.36],[396123.614,5818000.255],[396125.414,5818007.12],[396127.725,5818008.766],[396130.907,5818010.995],[396131.105,5818019.801],[396131.201,5818024.047],[396131.226,5818025.138],[396132.035,5818028.565],[396133.456,5818034.579],[396134.62,5818039.522],[396136.159,5818046.021],[396136.762,5818048.6],[396164.955,5818168.233],[396172.86,5818186.391],[396180.179,5818203.18],[396203.975,5818244.633],[396229.999,5818287.534],[396238.653,5818301.998],[396238.746,5818302.156],[396241.483,5818306.744],[396235.032,5818318.216],[396233.117,5818321.612],[396236.368,5818326.914],[396243.723,5818338.927],[396246.945,5818344.19],[396247.425,5818344.792],[396247.89,5818345.571],[396255.489,5818358.308],[396258.088,5818363.511],[396274.315,5818387.662],[396281.362,5818395.777],[396308.016,5818426.47],[396309.872,5818428.456],[396317.368,5818434.975],[396341.125,5818455.638],[396341.567,5818459.105],[396342.483,5818466.295],[396347.686,5818470.172],[396345.504,5818479.529],[396346.987,5818487.424],[396349.724,5818494.136],[396358.651,5818499.356],[396387.14,5818516.014],[396389.731,5818517.432],[396370.926,5818536.455],[396366.991,5818540.435],[396420.149,5818628.877],[396419.267,5818637.372],[396428.046,5818633.007],[396429.54,5818635.533],[396434.452,5818643.836],[396425.835,5818647.741],[396427.445,5818648.028],[396429.979,5818648.48],[396477.608,5818726.643],[396532.557,5818815.966],[396561.774,5818884.701],[396576.452,5818889.137],[396584.59,5818894.376],[396591.946,5818904.508],[396591.86,5818905.22],[396583.716,5818972.682],[396579.166,5819010.374],[396577.33,5819025.58],[396576.002,5819036.58],[396570.218,5819084.496],[396573.676,5819085.052],[396572.884,5819091.068],[396566.869,5819092.1],[396563.456,5819126.707],[396562.896,5819131.364],[396557.286,5819177.938],[396555.036,5819196.628],[396548.323,5819197.938],[396542.735,5819238.518],[396544.482,5819253.083],[396546.885,5819273.128],[396547.899,5819281.583],[396547.953,5819281.802],[396555.781,5819313.28],[396564.541,5819348.54],[396568.449,5819364.224],[396576.57,5819396.896],[396583.898,5819393.137],[396621.26,5819373.978],[396658.236,5819355.007],[396683.863,5819341.86],[396691.792,5819357.809],[396702.521,5819379.348],[396691.783,5819384.761],[396672.634,5819394.415],[396641.982,5819409.381],[396633.094,5819416.032],[396623.701,5819428.318],[396622.093,5819430.421],[396616.036,5819444.257],[396611.966,5819460.315],[396604.05,5819491.549],[396590.468,5819537.175],[396587.884,5819544.849],[396585.197,5819552.371],[396572.125,5819588.642],[396571.845,5819589.416],[396567.871,5819600.44],[396561.651,5819618.44],[396548.59,5819653.355],[396539.901,5819677.953],[396523.83,5819723.451],[396523.289,5819724.994],[396507.047,5819771.356],[396474.047,5819865.81],[396471.879,5819872.408],[396442.188,5819869.89],[396420.152,5819913.427],[396413.204,5819927.754],[396398.069,5819958.941],[396406.938,5819958.367],[396385.979,5819994.217],[396363.773,5820031.652],[396355.584,5820030.775],[396350.1,5820030.139],[396344.948,5820048.867],[396335.778,5820047.808],[396333.836,5820050.894],[396328.066,5820050.126],[396303.187,5820047.293],[396301.657,5820047.119],[396287.318,5820045.486],[396286.084,5820045.346],[396275.167,5820044.103],[396267.177,5820043.193],[396232.223,5820039.217],[396169.937,5820032.282],[396144.946,5820029.488],[396086.598,5820022.989],[395999.551,5820013.286],[395979.4,5820011.04],[395889.538,5820001.03],[395878.646,5819999.818],[395791.489,5819990.097],[395777.901,5819988.586],[395765.236,5819987.177],[395734.062,5819983.7],[395697.839,5819979.66],[395693.45,5819979.173],[395688.511,5819980.757],[395682.021,5819982.84],[395668.018,5819987.326],[395652.792,5819992.216],[395638.073,5819996.935],[395626.538,5820000.633],[395599.233,5820009.383],[395596.361,5820010.308],[395556.849,5820022.996],[395553.634,5820024.026],[395545.618,5820026.59],[395542.415,5820027.612],[395540.378,5820028.261],[395535.503,5820029.818],[395521.224,5820034.391],[395515.23,5820036.314],[395509.11,5820038.279],[395489.821,5820044.481],[395485.538,5820045.853],[395476.215,5820048.84],[395468.553,5820051.295],[395460.89,5820053.761],[395453.228,5820056.217],[395441.013,5820060.129],[395425.271,5820065.178],[395399.788,5820073.352],[395393.36,5820075.413],[395364.428,5820084.693],[395320.182,5820098.884],[395314.417,5820100.733],[395194.255,5820139.456],[395203.601,5820159.247],[395230.544,5820216.319],[395235.921,5820227.715],[395238.036,5820232.205],[395255.8,5820269.833],[395231.876,5820281.087],[395228.606,5820289.469],[395223.251,5820303.202],[395219.854,5820311.913],[395204.533,5820351.201],[395175.12,5820426.614],[395169.806,5820440.238],[395161.525,5820461.479],[395157.893,5820470.808],[395157.365,5820472.163],[395154.38,5820479.82],[395126.154,5820552.184],[395104.537,5820607.609],[395094.717,5820632.79],[395072.821,5820688.946],[395064.832,5820709.436],[395043.752,5820763.493],[395040.463,5820771.934],[395017.333,5820831.229],[395017.152,5820831.692],[395014.216,5820839.218],[394998.929,5820869.786],[394980.535,5820863.509],[394946.508,5820851.933],[394926.708,5820845.197],[394903.548,5820837.318],[394902.46,5820836.948],[394885.424,5820829.031],[394883.026,5820827.917],[394867.153,5820820.546],[394853.889,5820814.391],[394846.29,5820810.867],[394843.947,5820809.782],[394836.637,5820806.4],[394827.462,5820802.16],[394824.975,5820801.011],[394815.856,5820796.796],[394804.174,5820791.389],[394757.396,5820769.721],[394754.189,5820768.235],[394707.208,5820746.468],[394655.527,5820722.533],[394639.96,5820747.287],[394615.298,5820786.503],[394614.377,5820790.09],[394610.586,5820804.771],[394582.81,5820848.933],[394396.581,5821145.038]]]]},"geometry_name":"geom","properties":{"uuid":"DEBE02YY20000003","sch":"110000020201","nam":"Friedrichshain","gdf":9949891,"bezeich":"AX_KommunalesGebiet"},"bbox":[392793.702,5816181.743,397571.021,5821243.217]},{"type":"Feature","id":"ortsteile.DEBE04YY50000003","geometry":{"type":"MultiPolygon","coordinates":[[[[385563.562,5821571.632],[385555.19,5821583.591],[385537.261,5821580.137],[385532.559,5821579.232],[385530.773,5821578.926],[385536.37,5821575.619],[385541.116,5821572.809],[385545.033,5821568.071],[385545.216,5821568.111],[385545.983,5821564.138],[385551.763,5821534.165],[385552.488,5821530.406],[385551.484,5821530.185],[385551.461,5821529.475],[385550.246,5821526.599],[385548.72,5821524.728],[385546.734,5821523.336],[385537.054,5821519.1],[385536.768,5821518.276],[385525.287,5821516.044],[385404.374,5821492.387],[385387.743,5821489.134],[385297.754,5821471.507],[385284.686,5821468.956],[385192.779,5821450.926],[385120.674,5821436.779],[385120.767,5821439.017],[385120.295,5821438.926],[385117.023,5821438.279],[385102.158,5821435.352],[385097.479,5821434.341],[385039.007,5821422.454],[385034.802,5821421.599],[384976.398,5821409.727],[384957.507,5821405.886],[384913.456,5821397.835],[384905.85,5821396.44],[384865.783,5821389.113],[384837.136,5821382.858],[384781.548,5821370.687],[384763.591,5821366.619],[384756.29,5821364.968],[384738.907,5821361.029],[384722.714,5821357.363],[384704.31,5821353.198],[384704.753,5821351.25],[384702.563,5821350.751],[384687.409,5821347.32],[384685.26,5821346.831],[384684.827,5821348.789],[384678.731,5821347.405],[384610.367,5821331.566],[384607.1,5821330.809],[384598.678,5821329.11],[384556.794,5821320.646],[384554.039,5821320.09],[384546.948,5821319.28],[384460.161,5821309.367],[384446.864,5821306.89],[384445.692,5821312.815],[384445.323,5821314.679],[384441.429,5821313.943],[384441.247,5821314.857],[384437.798,5821332.281],[384433.585,5821353.679],[384433.312,5821355.585],[384387.101,5821356.464],[384386.424,5821359.256],[384384.431,5821369.054],[384382.377,5821378.842],[384380.284,5821388.621],[384378.26,5821398.419],[384376.167,5821408.228],[384373.732,5821417.924],[384372.373,5821423.23],[384369.96,5821430.425],[384368.005,5821435.402],[384365.43,5821441.96],[384362.493,5821448.456],[384360.24,5821453.028],[384357.797,5821457.565],[384355.215,5821462.193],[384352.531,5821466.704],[384349.795,5821471.096],[384345.905,5821476.86],[384342.825,5821481.088],[384338.551,5821486.619],[384334.004,5821492.025],[384329.393,5821497.192],[384325.782,5821500.821],[384320.687,5821505.818],[384316.765,5821509.382],[384306.592,5821518.095],[384304.009,5821520.044],[384299.731,5821523.305],[384292.556,5821528.251],[384290.738,5821529.396],[384283.115,5821530.593],[384101.294,5821559.079],[384094.922,5821557.38],[384088.937,5821555.514],[384085.775,5821554.335],[384077.461,5821551.483],[384067.892,5821547.815],[384058.875,5821543.737],[384049.951,5821539.327],[384040.932,5821534.079],[384032.535,5821528.969],[384024.307,5821523.786],[384012.693,5821516.395],[383994.54,5821504.842],[383953.354,5821478.709],[383915.927,5821454.904],[383883.028,5821434.041],[383885.873,5821430.127],[383876.587,5821421.344],[383864.1,5821407.273],[383799.289,5821367.648],[383790.477,5821362.256],[383778.498,5821357.645],[383733.201,5821340.208],[383711.431,5821333.822],[383690.039,5821329.97],[383664.977,5821325.577],[383632.636,5821327.002],[383604.622,5821331.455],[383583.91,5821340.199],[383566.43,5821350.141],[383566.214,5821338.811],[383565.393,5821295.637],[383565.155,5821283.119],[383564.992,5821274.553],[383564.629,5821255.461],[383562.036,5821255.33],[383548.064,5821255.706],[383528.37,5821210.774],[383513.39,5821173.381],[383505.53,5821153.319],[383504.657,5821151.091],[383500.904,5821141.511],[383498.222,5821134.058],[383497.486,5821132.011],[383489.438,5821109.641],[383479.563,5821081.481],[383474.298,5821065.962],[383464.033,5821033.59],[383461.221,5821024.313],[383453.267,5820998.067],[383448.748,5820982.344],[383444.662,5820966.838],[383436.927,5820983.809],[383423.479,5821008.593],[383415.738,5820979.092],[383408.529,5820951.619],[383404.569,5820936.527],[383395.06,5820897.661],[383384.912,5820847.277],[383381.598,5820826.532],[383379.057,5820808.081],[383376.922,5820787.863],[383375.932,5820775.743],[383375.383,5820768.974],[383376.483,5820768.759],[383385.664,5820766.968],[383387.606,5820766.549],[383391.808,5820765.641],[383393.133,5820765.356],[383397.813,5820763.807],[383400.561,5820762.629],[383402.275,5820761.792],[383404.906,5820760.322],[383405.156,5820759.045],[383405.438,5820756.183],[383407.083,5820744.892],[383404.63,5820747.615],[383403.949,5820748.371],[383401.391,5820750.54],[383398.336,5820752.388],[383392.67,5820754.696],[383389.975,5820755.457],[383388.493,5820755.885],[383374.627,5820758.699],[383374.46,5820754.642],[383373.68,5820736.258],[383356.155,5820735.372],[383357.533,5820717.957],[383361.735,5820668.66],[383367.896,5820639.285],[383371.38,5820622.719],[383371.795,5820610.352],[383372.46,5820602.76],[383372.681,5820600.186],[383373.313,5820597.124],[383373.724,5820595.086],[383373.916,5820594.143],[383376.799,5820580.099],[383380.669,5820561.217],[383385.208,5820539.102],[383385.3,5820538.64],[383385.634,5820537.314],[383392.718,5820509.661],[383403.049,5820469.307],[383404.435,5820457.501],[383408.392,5820423.738],[383412.17,5820391.568],[383415.665,5820344.525],[383419.706,5820320.959],[383419.903,5820320.286],[383440.355,5820252.671],[383453.226,5820218.068],[383458.335,5820204.348],[383461.379,5820196.175],[383463.76,5820196.719],[383464.672,5820193.182],[383469.496,5820173.962],[383475.036,5820151.868],[383472.604,5820151.254],[383474.724,5820141.814],[383475.363,5820132.283],[383476.059,5820122.09],[383476.279,5820122.096],[383479.85,5820122.168],[383483.62,5820123.216],[383483.652,5820122.296],[383485.054,5820122.389],[383485.695,5820119.797],[383492.865,5820090.902],[383495.187,5820081.569],[383494.235,5820081.487],[383508.33,5820025.532],[383506.321,5820025.031],[383506.43,5820024.608],[383507.978,5820018.61],[383508.44,5820018.721],[383513.917,5819996.988],[383516.411,5819987.231],[383518.114,5819980.763],[383519.871,5819974.31],[383521.682,5819967.872],[383523.06,5819963.047],[383524.496,5819958.239],[383525.989,5819953.448],[383527.539,5819948.676],[383529.146,5819943.922],[383530.81,5819939.189],[383532.531,5819934.475],[383534.308,5819929.783],[383536.14,5819925.112],[383538.029,5819920.464],[383539.179,5819917.808],[383541.985,5819911.32],[383546.09,5819902.132],[383548.495,5819897.157],[383548.717,5819897.242],[383549.542,5819895.509],[383551.258,5819892.074],[383568.726,5819858.364],[383571.619,5819852.63],[383574.413,5819846.847],[383577.106,5819841.016],[383579.697,5819835.139],[383582.185,5819829.219],[383584.571,5819823.256],[383586.853,5819817.252],[383589.033,5819811.212],[383591.108,5819805.134],[383593.077,5819799.021],[383594.94,5819792.876],[383596.696,5819786.698],[383598.344,5819780.492],[383599.884,5819774.257],[383606.246,5819744.968],[383610.234,5819725.383],[383615.127,5819700.882],[383618.682,5819682.215],[383619.188,5819679.066],[383619.636,5819675.907],[383620.024,5819672.741],[383620.352,5819669.568],[383620.621,5819666.39],[383624.358,5819622.621],[383624.771,5819617.636],[383625.256,5819612.657],[383625.812,5819607.686],[383626.439,5819602.723],[383627.75,5819592.799],[383630.253,5819572.982],[383630.335,5819572.314],[383630.417,5819571.646],[383630.498,5819570.978],[383631.39,5819563.381],[383632.231,5819555.779],[383633.021,5819548.171],[383633.824,5819539.89],[383634.567,5819531.603],[383635.248,5819523.311],[383636.411,5819507.73],[383636.857,5819500.456],[383637.237,5819493.179],[383637.55,5819485.898],[383637.797,5819478.615],[383639.109,5819478.71],[383639.126,5819478.03],[383639.126,5819477.673],[383639.11,5819477.316],[383639.076,5819476.961],[383644.493,5819477.368],[383644.873,5819455.282],[383639.015,5819454.863],[383639.263,5819454.178],[383639.444,5819453.473],[383639.555,5819452.753],[383638.333,5819452.657],[383638.277,5819446.552],[383638.201,5819440.447],[383638.105,5819434.342],[383637.993,5819428.491],[383637.864,5819422.641],[383637.717,5819416.791],[383637.697,5819416.031],[383638.03,5819415.675],[383637.878,5819411.045],[383637.699,5819406.417],[383637.493,5819401.789],[383637.332,5819398.527],[383637.157,5819395.266],[383636.97,5819392.006],[383636.594,5819386.09],[383636.173,5819380.177],[383635.709,5819374.268],[383635.2,5819368.362],[383635.052,5819366.658],[383634.344,5819358.946],[383633.576,5819351.24],[383632.748,5819343.54],[383631.803,5819335.278],[383630.79,5819327.024],[383629.707,5819318.779],[383629.363,5819316.631],[383629.011,5819314.484],[383628.652,5819312.338],[383627.335,5819304.823],[383625.929,5819297.325],[383624.433,5819289.844],[383622.849,5819282.381],[383621.175,5819274.938],[383619.413,5819267.515],[383617.562,5819260.114],[383615.386,5819251.833],[383613.099,5819243.581],[383610.702,5819235.361],[383608.196,5819227.173],[383605.58,5819219.02],[383602.856,5819210.902],[383600.023,5819202.822],[383596.982,5819194.38],[383596.668,5819193.606],[383575.092,5819141.2],[383574.146,5819137.228],[383572.148,5819131.007],[383569.902,5819124.9],[383567.518,5819119.426],[383559.138,5819101.506],[383553.918,5819090.466],[383546.955,5819076.09],[383537.417,5819056.702],[383531.742,5819045.391],[383528.876,5819039.836],[383525.638,5819033.598],[383522.731,5819027.793],[383522.052,5819026.437],[383520.706,5819023.906],[383518.287,5819019.359],[383520.732,5819019.602],[383522.094,5819019.716],[383521.656,5818996.676],[383520.752,5818994.986],[383519.847,5818993.296],[383518.94,5818991.608],[383509.062,5818973.327],[383500.107,5818956.739],[383487.386,5818932.972],[383487.653,5818932.827],[383483.383,5818924.409],[383470.228,5818897.781],[383457.251,5818870.579],[383444.821,5818843.218],[383432.299,5818813.108],[383424.264,5818788.132],[383422.116,5818775.584],[383416.922,5818758.554],[383415.128,5818752.55],[383413.381,5818746.532],[383411.681,5818740.501],[383410.028,5818734.457],[383409.603,5818732.873],[383409.182,5818731.287],[383408.764,5818729.701],[383404.556,5818730.351],[383403.802,5818730.145],[383401.477,5818722.126],[383399.214,5818714.09],[383397.012,5818706.037],[383394.871,5818697.967],[383392.869,5818690.229],[383390.937,5818682.473],[383389.073,5818674.7],[383387.278,5818666.911],[383385.552,5818659.107],[383383.881,5818651.289],[383382.276,5818643.458],[383380.737,5818635.613],[383379.264,5818627.756],[383377.857,5818619.886],[383376.488,5818612.011],[383375.194,5818604.124],[383373.973,5818596.226],[383372.827,5818588.315],[383371.756,5818580.395],[383363.866,5818520.979],[383361.674,5818506.131],[383360.502,5818498.731],[383359.251,5818491.343],[383357.921,5818483.97],[383356.512,5818476.611],[383355.309,5818470.854],[383354.034,5818465.113],[383352.687,5818459.388],[383351.268,5818453.68],[383349.778,5818447.991],[383366.659,5818443.35],[383345.852,5818386.16],[383343.149,5818376.522],[383342.302,5818373.498],[383342.722,5818360.371],[383344.828,5818338.613],[383342.358,5818335.46],[383351.713,5818315.753],[383354.231,5818317.215],[383358.616,5818310.172],[383357.98,5818309.588],[383357.383,5818308.963],[383356.83,5818308.3],[383356.321,5818307.602],[383355.675,5818306.544],[383355.132,5818305.429],[383354.699,5818304.268],[383354.377,5818303.071],[383354.172,5818301.849],[383354.083,5818300.612],[383354.113,5818299.373],[383354.261,5818298.142],[383354.525,5818296.931],[383354.715,5818296.967],[383360.263,5818282.163],[383362.039,5818277.668],[383363.73,5818273.141],[383365.335,5818268.583],[383366.855,5818263.995],[383368.288,5818259.38],[383369.634,5818254.738],[383370.892,5818250.072],[383372.067,5818245.383],[383373.154,5818240.674],[383374.152,5818235.944],[383375.061,5818231.197],[383375.881,5818226.433],[383376.61,5818221.655],[383377.25,5818216.864],[383381.867,5818213.046],[383390.325,5818213.485],[383390.282,5818212.642],[383389.656,5818200.359],[383384.542,5818200.029],[383379.061,5818199.57],[383379.033,5818189.682],[383376.557,5818169.87],[383375.478,5818165.201],[383369.833,5818149.139],[383368.717,5818146.123],[383367.518,5818143.139],[383366.236,5818140.19],[383364.872,5818137.277],[383363.427,5818134.404],[383361.902,5818131.573],[383361.077,5818130.076],[383360.189,5818128.615],[383359.242,5818127.193],[383358.236,5818125.811],[383357.174,5818124.472],[383340.3,5818105.264],[383333.59,5818098.402],[383332.514,5818095.334],[383331.505,5818092.242],[383330.563,5818089.13],[383329.583,5818085.746],[383328.656,5818082.347],[383327.78,5818078.934],[383358.551,5818093.307],[383433.392,5818127.202],[383460.156,5818071.766],[383465.557,5818074.374],[383470.058,5818076.548],[383504.376,5818093.125],[383511.201,5818096.409],[383517.837,5818099.621],[383526.457,5818082.009],[383534.881,5818064.328],[383548.663,5818070.975],[383560.445,5818076.679],[383543.39,5818111.971],[383604.08,5818141.283],[383607.113,5818142.751],[383580.344,5818198.178],[383592.614,5818204.765],[383616.024,5818217.321],[383625.276,5818222.283],[383735.941,5818281.666],[383748.19,5818288.238],[383750.992,5818289.742],[383758.522,5818293.788],[383769.332,5818292.826],[383780.063,5818291.827],[383783.836,5818291.475],[383787.609,5818291.123],[383795.051,5818291.777],[383802.493,5818292.43],[383806.634,5818292.791],[383810.776,5818293.152],[383816.913,5818294.061],[383823.05,5818294.969],[383837.334,5818297.077],[383840.311,5818297.516],[383851.618,5818299.185],[383859.615,5818300.368],[383867.612,5818301.551],[383873.656,5818302.306],[383879.7,5818303.061],[383885.411,5818303.777],[383899.233,5818305.511],[383905.591,5818306.308],[383917.248,5818307.776],[383926.488,5818309.93],[383954.458,5818315.278],[383956.736,5818315.714],[383964.94,5818317.282],[383980.803,5818320.313],[383998.616,5818323.717],[384036.675,5818331.113],[384060.356,5818336.275],[384091.21,5818343.002],[384096.117,5818344.071],[384255.383,5818378.605],[384293.004,5818386.763],[384297.154,5818384.506],[384298.715,5818379.846],[384301.061,5818372.84],[384304.789,5818361.704],[384305.96,5818358.209],[384308.355,5818351.053],[384309.867,5818346.538],[384310.468,5818344.743],[384314.374,5818333.078],[384315.508,5818329.693],[384316.039,5818328.11],[384318.979,5818319.326],[384321.92,5818310.541],[384324.862,5818301.758],[384327.802,5818292.974],[384328.795,5818290.01],[384330.187,5818286.015],[384336.96,5818265.625],[384315.721,5818256.041],[384278.21,5818239.115],[384264.388,5818232.815],[384259.137,5818230.508],[384278.726,5818219.368],[384289.188,5818213.364],[384299.647,5818207.449],[384305.626,5818204.067],[384307.038,5818203.27],[384310.948,5818201.058],[384322.169,5818194.711],[384327.492,5818191.702],[384337.744,5818185.904],[384338.715,5818185.355],[384340.051,5818184.6],[384344.033,5818182.347],[384365.358,5818170.287],[384401.783,5818149.711],[384431.388,5818132.941],[384454.827,5818119.663],[384461.211,5818116.049],[384468.841,5818111.729],[384475.704,5818107.844],[384483.647,5818103.347],[384502.502,5818092.673],[384514.531,5818085.863],[384515.227,5818085.468],[384536.69,5818073.318],[384543.691,5818069.364],[384551.028,5818065.221],[384557.595,5818061.512],[384565.535,5818057.016],[384565.994,5818056.757],[384566.606,5818056.41],[384575.209,5818051.54],[384578.398,5818049.733],[384581.97,5818047.711],[384583.516,5818046.836],[384588.047,5818044.271],[384592.461,5818041.772],[384618.564,5818026.995],[384623.868,5818024.014],[384634.714,5818017.919],[384639.473,5818015.245],[384647.416,5818010.74],[384697.671,5817982.244],[384721.656,5817968.645],[384721.343,5817965.71],[384721.103,5817963.584],[384720.599,5817958.978],[384719.869,5817952.298],[384719.212,5817946.292],[384719.159,5817945.801],[384718.76,5817942.158],[384718.576,5817940.474],[384716.735,5817923.632],[384715.855,5817915.588],[384711.347,5817874.8],[384737.261,5817882.1],[384841.509,5817911.463],[384875.822,5817921.129],[384899.138,5817927.687],[384921.273,5817933.918],[384952.964,5817942.839],[384989.38,5817953.08],[385013.903,5817959.994],[385050.811,5817970.398],[385059.511,5817972.851],[385073.01,5817976.656],[385074.034,5817976.945],[385087.63,5817980.476],[385102.272,5817982.737],[385107.804,5817983.591],[385154.222,5817990.24],[385184.404,5817994.565],[385214.587,5817998.89],[385247.263,5818003.571],[385275.96,5818007.684],[385295.303,5818010.456],[385304.664,5818011.797],[385333.367,5818015.91],[385375.963,5818022.012],[385402.633,5818025.834],[385403.697,5818018.414],[385403.906,5818016.957],[385403.91,5818016.932],[385404.35,5818013.859],[385406.073,5818013.412],[385407.792,5818012.947],[385409.506,5818012.465],[385412.906,5818011.452],[385416.284,5818010.371],[385419.64,5818009.222],[385422.972,5818008.004],[385426.279,5818006.72],[385428.549,5818005.793],[385430.807,5818004.835],[385433.05,5818003.845],[385436.751,5818002.126],[385440.411,5818000.321],[385444.027,5817998.431],[385447.599,5817996.458],[385451.123,5817994.402],[385454.599,5817992.264],[385458.024,5817990.045],[385460.909,5817988.114],[385465.412,5817985.144],[385466.35,5817984.522],[385479.103,5817975.486],[385499.425,5817961.087],[385499.515,5817961.023],[385502.422,5817959.087],[385505.352,5817957.187],[385509.751,5817954.435],[385511.281,5817953.495],[385513.778,5817952],[385516.29,5817950.53],[385518.816,5817949.086],[385521.491,5817947.955],[385524.198,5817946.904],[385526.935,5817945.935],[385529.7,5817945.046],[385532.49,5817944.24],[385535.303,5817943.518],[385538.136,5817942.879],[385595.744,5817930.782],[385597.294,5817930.457],[385662.392,5817916.788],[385666.207,5817916.035],[385670.039,5817915.372],[385673.885,5817914.8],[385677.744,5817914.318],[385681.613,5817913.928],[385685.103,5817913.659],[385685.49,5817913.629],[385689.08,5817913.434],[385692.673,5817913.317],[385696.268,5817913.279],[385699.863,5817913.319],[385703.456,5817913.437],[385704.113,5817913.527],[385708.763,5817914.163],[385708.935,5817914.181],[385709.108,5817914.199],[385709.28,5817914.217],[385711.292,5817914.595],[385724.12,5817916.988],[385736.011,5817919.206],[385736.862,5817919.267],[385744.971,5817919.846],[385757.039,5817920.706],[385762.944,5817921.127],[385768.421,5817921.518],[385793.147,5817923.28],[385847.605,5817927.164],[385882.683,5817929.661],[385885.308,5817929.848],[385901.236,5817930.981],[385909.061,5817931.537],[385943.675,5817933.998],[385966.416,5817935.616],[385970.168,5817935.883],[385984.184,5817936.879],[385987.805,5817937.138],[386014.246,5817939.007],[386024.224,5817939.719],[386040.979,5817940.914],[386043.985,5817941.129],[386044.904,5817941.194],[386048.952,5817941.482],[386106.553,5817945.599],[386107.867,5817945.688],[386123.029,5817946.767],[386148.975,5817948.621],[386151.968,5817948.835],[386171.275,5817950.186],[386172.294,5817950.259],[386196.031,5817951.938],[386212.754,5817953.144],[386239.919,5817955.052],[386264.574,5817956.804],[386274.825,5817957.531],[386304.468,5817953.109],[386306.688,5817954.775],[386331.946,5817957.485],[386341.81,5817958.541],[386342.364,5817958.602],[386348.329,5817959.241],[386352.657,5817959.705],[386358.079,5817960.286],[386359.782,5817960.468],[386372.857,5817961.87],[386389.5,5817963.65],[386393.751,5817964.109],[386418.558,5817966.77],[386418.761,5817966.791],[386421.752,5817967.112],[386451.834,5817970.318],[386452.042,5817970.314],[386461.714,5817971.355],[386467.577,5817972.011],[386468.421,5817972.08],[386472.403,5817972.509],[386476.245,5817972.924],[386478.501,5817973.167],[386482.032,5817973.548],[386484.154,5817973.777],[386488.139,5817974.207],[386496,5817975.054],[386502.293,5817975.733],[386505.496,5817976.089],[386511.889,5817976.778],[386514.162,5817977.004],[386524.239,5817978.093],[386526.343,5817978.32],[386536.772,5817979.455],[386540.995,5817980.701],[386541.067,5817980.504],[386544.066,5817981.377],[386547.062,5817982.272],[386578.178,5817982.622],[386584.324,5817984.334],[386584.457,5817983.846],[386584.587,5817983.357],[386589.619,5817984.803],[386594.648,5817986.248],[386594.738,5817985.959],[386594.825,5817985.67],[386600.197,5817986.245],[386605.566,5817986.817],[386611.076,5817987.41],[386638.227,5817990.321],[386639.496,5817990.454],[386646.753,5817991.231],[386649.926,5817991.57],[386653.658,5817991.971],[386668.583,5817993.569],[386680.829,5817994.879],[386702.435,5817996.885],[386707.148,5817997.293],[386715.082,5817998.033],[386716.528,5817998.167],[386716.923,5817998.192],[386717.317,5817998.217],[386717.712,5817998.242],[386718.137,5817998.267],[386718.563,5817998.291],[386718.988,5817998.315],[386721.106,5817998.425],[386723.225,5817998.519],[386725.345,5817998.597],[386725.779,5817998.61],[386726.214,5817998.623],[386726.648,5817998.636],[386727.681,5817998.663],[386728.715,5817998.686],[386729.748,5817998.706],[386729.956,5817998.701],[386730.165,5817998.696],[386730.373,5817998.691],[386731.178,5817998.668],[386731.983,5817998.641],[386732.788,5817998.609],[386733.991,5817998.553],[386735.193,5817998.487],[386736.395,5817998.41],[386736.783,5817998.384],[386737.17,5817998.356],[386737.558,5817998.328],[386738.394,5817998.262],[386739.23,5817998.191],[386740.066,5817998.116],[386740.855,5817998.07],[386741.644,5817998.019],[386742.433,5817997.964],[386757.133,5817993.805],[386760.655,5817998.967],[386766.573,5818007.962],[386768.996,5818011.646],[386776.186,5818022.577],[386782.097,5818031.275],[386783.439,5818033.25],[386788.373,5818040.51],[386791.251,5818044.743],[386792.066,5818045.944],[386792.6,5818046.729],[386794.644,5818049.736],[386796.919,5818053.085],[386798.661,5818055.649],[386800.08,5818057.735],[386802.171,5818060.813],[386808.119,5818069.565],[386809.934,5818072.236],[386810.685,5818073.341],[386822.15,5818090.211],[386851.17,5818070.032],[386853.068,5818068.764],[386855.222,5818067.274],[386857.984,5818065.357],[386869.49,5818057.367],[386884.005,5818047.308],[386886.327,5818045.698],[386891.678,5818041.986],[386905.743,5818032.232],[386907.82,5818030.792],[386916.409,5818024.832],[386926.175,5818018.066],[386928.191,5818016.669],[386938.106,5818009.795],[386973.45,5817985.256],[386975.907,5817983.549],[386976.536,5817983.112],[386994.66,5817970.537],[387000.402,5817966.556],[387002.329,5817965.219],[387009.439,5817960.289],[387011.366,5817958.953],[387020.608,5817952.544],[387024.183,5817950.064],[387048.969,5817932.753],[387064.117,5817955.015],[387068.828,5817961.94],[387070.136,5817963.862],[387071.377,5817965.663],[387077.532,5817974.596],[387095.701,5818000.967],[387114.842,5818028.748],[387126.686,5818052.569],[387130.022,5818057.393],[387138.664,5818069.89],[387141.732,5818074.327],[387153.165,5818090.834],[387155.38,5818094.03],[387165.59,5818108.772],[387178.269,5818127.077],[387180.616,5818130.467],[387228.472,5818199.559],[387229.954,5818201.699],[387230.399,5818202.342],[387247.451,5818227.018],[387256.186,5818239.612],[387272.1,5818262.56],[387276.14,5818268.384],[387284.856,5818280.97],[387295.599,5818296.484],[387304.024,5818308.651],[387321.336,5818333.652],[387323.249,5818336.413],[387323.877,5818337.321],[387324.041,5818337.56],[387330.337,5818346.655],[387332.35,5818349.563],[387334.636,5818352.866],[387334.806,5818353.112],[387337.204,5818356.574],[387340.9,5818361.912],[387344.591,5818367.242],[387352.377,5818378.484],[387355.859,5818383.515],[387378.937,5818416.839],[387382.874,5818422.525],[387385.012,5818425.612],[387387.446,5818429.127],[387390.441,5818433.453],[387390.756,5818433.908],[387393.749,5818438.232],[387396.096,5818441.62],[387396.735,5818442.543],[387401.217,5818449.014],[387401.567,5818449.518],[387405.962,5818455.849],[387406.994,5818457.336],[387409.267,5818460.625],[387411.253,5818463.499],[387412.111,5818464.74],[387412.989,5818466.008],[387413.867,5818467.278],[387415.442,5818469.554],[387418.107,5818473.407],[387420.566,5818476.963],[387421.733,5818478.649],[387422.172,5818479.283],[387422.37,5818479.569],[387427.064,5818486.349],[387384.344,5818504.431],[387379.95,5818506.294],[387371.687,5818509.791],[387367.878,5818511.34],[387364.027,5818512.78],[387360.135,5818514.109],[387356.208,5818515.327],[387352.247,5818516.431],[387348.257,5818517.423],[387344.239,5818518.299],[387340.199,5818519.061],[387336.138,5818519.707],[387332.046,5818520.236],[387327.941,5818520.647],[387323.826,5818520.941],[387319.704,5818521.116],[387315.579,5818521.174],[387311.454,5818521.113],[387307.332,5818520.934],[387303.217,5818520.637],[387299.112,5818520.222],[387295.021,5818519.69],[387290.947,5818519.041],[387286.893,5818518.275],[387282.862,5818517.394],[387278.859,5818516.397],[387276.086,5818515.629],[387273.328,5818514.806],[387270.588,5818513.928],[387267.865,5818512.996],[387262.716,5818530.964],[387261.61,5818534.822],[387258.864,5818544.402],[387256.576,5818552.388],[387254.189,5818560.795],[387250.393,5818574.16],[387240.859,5818607.733],[387240.633,5818607.695],[387239.232,5818607.46],[387237.526,5818607.174],[387215.026,5818603.401],[387213.222,5818603.099],[387209.312,5818602.443],[387133.735,5818589.772],[387130.282,5818589.237],[387126.815,5818588.803],[387123.337,5818588.47],[387119.851,5818588.238],[387116.359,5818588.108],[387112.865,5818588.08],[387109.372,5818588.153],[387106.043,5818588.318],[387102.719,5818588.576],[387099.404,5818588.925],[387096.1,5818589.367],[387092.81,5818589.9],[387049.509,5818597.573],[387046.529,5818598.156],[387043.573,5818598.851],[387040.646,5818599.659],[387037.752,5818600.576],[387034.895,5818601.603],[387032.078,5818602.738],[387029.307,5818603.979],[387026.585,5818605.324],[387023.916,5818606.771],[387021.303,5818608.319],[387018.752,5818609.965],[387016.264,5818611.706],[387013.845,5818613.541],[387011.836,5818615.127],[386961.991,5818654.446],[386927.704,5818681.494],[386932.419,5818688.064],[386911.193,5818704.507],[386920.108,5818722.374],[386983.71,5818849.84],[386984.825,5818852.075],[386986.05,5818854.67],[386987.164,5818857.314],[386988.166,5818860.004],[386989.053,5818862.733],[386989.654,5818864.889],[386989.824,5818865.497],[386990.478,5818868.291],[386990.73,5818869.616],[386991.014,5818871.11],[386991.43,5818873.949],[386991.725,5818876.804],[386991.9,5818879.668],[386991.919,5818880.689],[386991.954,5818882.537],[386991.922,5818885.589],[386991.813,5818896.169],[386991.461,5818898.387],[386991.042,5818900.594],[386990.557,5818902.787],[386990.007,5818904.964],[386989.392,5818907.124],[386988.412,5818910.144],[386987.304,5818913.12],[386986.072,5818916.046],[386984.716,5818918.917],[386983.239,5818921.728],[386981.645,5818924.474],[386979.935,5818927.15],[386978.114,5818929.75],[386976.183,5818932.271],[386974.148,5818934.708],[386972.011,5818937.056],[386969.776,5818939.312],[386967.447,5818941.47],[386965.029,5818943.528],[386963.076,5818945.066],[386961.33,5818946.355],[386959.575,5818946.863],[386956.428,5818947.77],[386955.754,5818947.966],[386951.724,5818949.13],[386950.099,5818949.599],[386949.307,5818949.828],[386944.662,5818951.169],[386933.604,5818954.362],[386931.625,5818954.93],[386926.802,5818940.353],[386925.394,5818941.131],[386915.444,5818946.634],[386911.408,5818948.865],[386902.618,5818953.726],[386894.324,5818958.312],[386890.387,5818960.49],[386887.763,5818961.941],[386886.277,5818962.762],[386878.094,5818967.226],[386865.745,5818974.122],[386842.61,5818986.931],[386839.763,5818988.506],[386772.64,5819025.634],[386768.545,5819027.899],[386739.532,5819043.947],[386730.493,5819048.947],[386722.532,5819053.35],[386722.344,5819053.444],[386668.276,5819083.36],[386778.601,5819139.222],[386779.202,5819139.531],[386788.165,5819144.064],[386821.42,5819160.884],[386838.158,5819169.332],[386854.558,5819178.552],[386864.498,5819185.015],[386870.247,5819188.752],[386885.31,5819199.943],[386888.598,5819202.69],[386899.636,5819211.91],[386913.157,5819224.621],[386923.923,5819235.786],[386929.476,5819242.795],[386941.293,5819257.624],[386942.84,5819259.564],[386940.406,5819260.514],[386940.309,5819260.552],[386940.319,5819260.582],[386935.397,5819261.476],[386933.413,5819260.733],[386930.734,5819259.734],[386928.149,5819259.444],[386923.083,5819260.19],[386774.183,5819318.993],[386769.408,5819320.879],[386762.89,5819324.133],[386757.881,5819326.708],[386757.335,5819326.988],[386754.182,5819328.653],[386752.128,5819329.737],[386747.108,5819332.882],[386737.708,5819339.161],[386730.159,5819345.484],[386728.132,5819347.722],[386724.665,5819351.548],[386720.103,5819358.274],[386716.693,5819365.609],[386714.081,5819373.388],[386712.075,5819381.465],[386710.75,5819387.172],[386710.328,5819388.988],[386713.144,5819389.223],[386722.215,5819389.983],[386723.092,5819390.056],[386739.052,5819391.391],[386742.327,5819391.669],[386764.883,5819393.66],[386766.756,5819393.824],[386767.022,5819393.762],[386767.258,5819393.622],[386767.44,5819393.418],[386767.553,5819393.169],[386768.243,5819389.986],[386768.606,5819388.923],[386769.098,5819387.914],[386769.712,5819386.974],[386770.438,5819386.118],[386771.266,5819385.359],[386772.181,5819384.709],[386773.171,5819384.178],[386774.218,5819383.774],[386775.308,5819383.504],[386776.423,5819383.372],[386777.546,5819383.379],[386778.659,5819383.527],[386779.745,5819383.812],[386780.788,5819384.23],[386781.77,5819384.774],[386782.676,5819385.437],[386782.989,5819385.709],[386783.289,5819385.996],[386783.576,5819386.296],[386784.093,5819386.918],[386784.552,5819387.583],[386784.95,5819388.287],[386785.282,5819389.024],[386785.548,5819389.788],[386785.743,5819390.573],[386785.613,5819392.095],[386785.301,5819395.731],[386785.065,5819398.566],[386800.186,5819409.187],[386823.068,5819411.13],[386832.233,5819411.907],[387061.793,5819431.391],[387070.825,5819432.157],[387072.102,5819437.893],[387082.96,5819486.652],[387089.787,5819506.98],[387077.209,5819505.98],[387078.936,5819511.097],[387092.768,5819552.24],[387082.257,5819563.74],[387078.29,5819568.085],[387075.321,5819571.335],[387064.802,5819582.85],[387062.715,5819585.14],[387053.837,5819594.854],[387042.625,5819607.12],[387039.908,5819627.221],[387033.264,5819636.966],[387030.121,5819641.576],[387027.047,5819646.084],[387011.521,5819669.265],[387004.538,5819679.69],[387001.869,5819690.21],[386994.27,5819720.212],[386982.048,5819768.421],[386978.727,5819781.523],[386975.947,5819792.515],[386972.268,5819807.048],[386971.38,5819810.557],[386971.036,5819811.917],[386970.795,5819812.892],[386970.411,5819814.405],[386969.7,5819817.206],[386968.581,5819821.613],[386960.172,5819819.751],[386951.745,5819817.972],[386943.301,5819816.277],[386934.841,5819814.666],[386930.979,5819813.996],[386927.103,5819813.418],[386923.213,5819812.932],[386919.314,5819812.539],[386915.406,5819812.238],[386911.492,5819812.03],[386908.72,5819811.902],[386905.945,5819811.839],[386903.17,5819811.839],[386900.395,5819811.905],[386897.584,5819812.037],[386895.194,5819812.144],[386892.767,5819812.291],[386890.313,5819812.459],[386874.352,5819813.777],[386866.362,5819814.496],[386858.347,5819815.284],[386858.042,5819815.269],[386857.715,5819815.196],[386857.416,5819815.044],[386857.164,5819814.823],[386856.974,5819814.547],[386837.335,5819817.131],[386832.718,5819820.448],[386827.081,5819822.685],[386814.462,5819827.435],[386807.746,5819830.253],[386801.049,5819833.54],[386787.185,5819841.173],[386777.311,5819846.578],[386761.845,5819855.068],[386755.325,5819858.845],[386749.867,5819862.371],[386744.483,5819866.07],[386743.822,5819866.596],[386742.317,5819867.885],[386740.612,5819869.217],[386737.234,5819871.951],[386733.064,5819875.59],[386730.664,5819877.716],[386724.978,5819883.164],[386723.586,5819884.59],[386720.084,5819888.176],[386715.031,5819893.252],[386711.822,5819896.433],[386708.592,5819899.604],[386705.304,5819902.836],[386693.215,5819915.995],[386691.306,5819918.132],[386683.77,5819927.244],[386676.92,5819936.174],[386670.816,5819944.35],[386660.809,5819960.249],[386649.835,5819982.596],[386643.794,5819997.21],[386643.531,5819998.095],[386640.57,5820006.98],[386637.692,5820014.945],[386637.06,5820016.987],[386636.031,5820021.226],[386632.974,5820032.413],[386632.567,5820033.591],[386631.362,5820038.623],[386630.301,5820043.793],[386629.37,5820051.11],[386628.035,5820064.505],[386627.501,5820071.492],[386627.393,5820072.897],[386627.143,5820076.263],[386626.962,5820081.645],[386627.075,5820089.246],[386627.498,5820098.061],[386628.268,5820105.77],[386629.504,5820113.883],[386630.361,5820120.393],[386630.861,5820123.106],[386632.435,5820131.285],[386633.551,5820136.743],[386633.725,5820137.496],[386634.329,5820139.9],[386636.245,5820148.603],[386639.392,5820165.291],[386640.453,5820170.611],[386641.343,5820174.284],[386643.546,5820182.861],[386646.35,5820192.017],[386648.404,5820199.607],[386649.291,5820203.237],[386650.128,5820206.664],[386652.738,5820217.184],[386657.511,5820239.431],[386659.773,5820254.257],[386661.246,5820266.478],[386662.448,5820280.294],[386662.917,5820290.715],[386662.9,5820300.884],[386662.206,5820319.046],[386661.52,5820323.459],[386659.974,5820336.23],[386658.826,5820340.074],[386657.004,5820347.816],[386655.589,5820355.741],[386655.548,5820355.95],[386653.734,5820364.316],[386651.724,5820372.183],[386649.762,5820378.947],[386646.975,5820387.451],[386645.096,5820393.391],[386641.232,5820403.101],[386640.402,5820405.102],[386637.099,5820412.846],[386636.342,5820414.494],[386632.762,5820422.269],[386627.298,5820433.642],[386621.191,5820444.778],[386620.99,5820445.781],[386621.283,5820445.946],[386621.641,5820446.204],[386621.928,5820446.539],[386622.127,5820446.932],[386622.228,5820447.361],[386622.224,5820447.802],[386622.116,5820448.23],[386620.794,5820450.341],[386618.167,5820454.534],[386610.201,5820467.25],[386607.868,5820470.975],[386606.54,5820473.094],[386606.216,5820473.371],[386605.837,5820473.567],[386605.423,5820473.67],[386604.997,5820473.676],[386604.58,5820473.584],[386604.196,5820473.399],[386603.872,5820473.185],[386599.892,5820478.92],[386596.378,5820483.957],[386595.585,5820485.086],[386594.786,5820486.211],[386593.982,5820487.332],[386591.009,5820491.403],[386587.969,5820495.424],[386584.861,5820499.393],[386581.687,5820503.309],[386578.447,5820507.172],[386575.143,5820510.979],[386560.079,5820528.044],[386549.585,5820539.903],[386542.606,5820547.815],[386525.604,5820567.079],[386508.572,5820586.315],[386491.508,5820605.523],[386490.506,5820606.462],[386486.017,5820610.688],[386473.133,5820622.012],[386463.067,5820630.613],[386458.311,5820634.473],[386442.671,5820645.47],[386416.734,5820663.412],[386396.922,5820675.328],[386382.614,5820683.22],[386375.874,5820686.878],[386367.243,5820691.012],[386345.467,5820700.095],[386323.893,5820708.215],[386303.198,5820713.679],[386283.097,5820717.191],[386263.45,5820718.905],[386245.187,5820719.182],[386215.428,5820717.008],[386186.996,5820714.73],[386159.415,5820711.445],[386138.116,5820708.24],[386117.176,5820703.439],[386099.256,5820697.61],[386093.563,5820695.339],[386092.999,5820695.12],[386079.387,5820689.689],[386059.795,5820679.552],[386041.237,5820668.036],[386023.682,5820655.081],[386013.008,5820645.375],[386007.534,5820640.41],[385991.705,5820623.622],[385987.838,5820618.466],[385983.426,5820612.6],[385977.66,5820604.921],[385965.132,5820584.48],[385955.008,5820563.724],[385948.643,5820546.617],[385944.932,5820530.259],[385944.081,5820526.515],[385943.72,5820524.912],[385939.507,5820499.514],[385934.131,5820467.078],[385934.044,5820466.21],[385930.214,5820443.055],[385928.771,5820435.553],[385929.015,5820432.068],[385929.478,5820425.4],[385929.612,5820424.018],[385930.051,5820419.279],[385931.779,5820414.437],[385932.066,5820412.692],[385932.124,5820399.981],[385932.21,5820379.811],[385932.452,5820328.92],[385930.467,5820326.558],[385899.785,5820290.094],[385898.476,5820288.53],[385867.86,5820251.855],[385867.195,5820251.057],[385864.013,5820247.248],[385795.35,5820308.467],[385793.637,5820309.994],[385791.066,5820312.286],[385788.321,5820314.734],[385787.564,5820315.408],[385785.469,5820326.329],[385708.383,5820728.185],[385707.764,5820731.377],[385687.606,5820836.523],[385685.793,5820845.966],[385685.694,5820846.483],[385682.935,5820860.852],[385682.833,5820861.382],[385681.065,5820870.595],[385670.712,5820924.568],[385633.042,5821120.951],[385595.735,5821315.458],[385595.189,5821318.307],[385593.637,5821326.406],[385589.022,5821350.483],[385588.213,5821354.708],[385601.072,5821357.2],[385609.781,5821358.887],[385621.925,5821361.246],[385630.37,5821364.393],[385642.912,5821369.066],[385664.494,5821377.115],[385667.991,5821378.1],[385677.503,5821380.777],[385722.371,5821393.423],[385726.563,5821394.603],[385760.149,5821404.065],[385766.131,5821405.751],[385788.961,5821412.183],[385820.048,5821420.942],[385816.214,5821434.138],[385815.567,5821436.366],[385811.658,5821449.82],[385820.333,5821452.214],[385830.29,5821459.928],[385834.365,5821463.085],[385836.571,5821464.794],[385844.941,5821474.446],[385848.365,5821478.394],[385852.541,5821483.209],[385859.523,5821491.256],[385843.642,5821547.884],[385875.896,5821583.438],[385853.498,5821578.734],[385843.18,5821581.42],[385748.69,5821563.76],[385701.007,5821554.498],[385636.515,5821542.586],[385626.089,5821540.654],[385616.801,5821538.898],[385595.21,5821534.842],[385594.205,5821535.632],[385593.338,5821539.988],[385590.204,5821539.257],[385573.752,5821535.381],[385570.427,5821534.604],[385570.557,5821535.132],[385570.046,5821537.801],[385569.366,5821541.348],[385568.613,5821545.276],[385567.522,5821550.97],[385566.769,5821554.898],[385565.631,5821560.84],[385564.916,5821564.57],[385564.292,5821567.82],[385563.562,5821571.632]]]]},"geometry_name":"geom","properties":{"uuid":"DEBE04YY50000003","sch":"110000040401","nam":"Charlottenburg","gdf":10596788.0,"bezeich":"AX_KommunalesGebiet"},"bbox":[383327.78,5817874.8,387427.064,5821583.591]},{"type":"Feature","id":"ortsteile.DEBE07YY90000009","geometry":{"type":"MultiPolygon","coordinates":[[[[388258.846,5818145.27],[388252.816,5818147.825],[388250.578,5818148.773],[388235.919,5818154.99],[388235.281,5818155.26],[388224.434,5818159.86],[388224.012,5818160.039],[388221.727,5818161.008],[388221.226,5818161.221],[388214.503,5818164.072],[388211.984,5818165.14],[388208.242,5818166.727],[388204.205,5818168.434],[388201.191,5818169.705],[388194.99,5818172.319],[388186.125,5818176.051],[388183.746,5818177.052],[388183.423,5818177.188],[388156.203,5818188.665],[388131.533,5818199.064],[388110.84,5818207.788],[388097.805,5818213.283],[388093.5,5818215.095],[388067.966,5818225.86],[388017.961,5818246.949],[388008.165,5818251.089],[388006.448,5818251.815],[387994.798,5818256.739],[387993.694,5818257.206],[387974.56,5818265.294],[387974.139,5818265.472],[387960.112,5818271.401],[387959.845,5818271.513],[387952.642,5818274.558],[387924.234,5818286.572],[387917.896,5818289.253],[387910.823,5818292.244],[387880.13,5818305.225],[387812.588,5818333.848],[387803.085,5818337.809],[387793.528,5818341.69],[387787.482,5818344.078],[387781.42,5818346.427],[387775.343,5818348.736],[387765.925,5818352.224],[387761.203,5818353.933],[387755.078,5818356.106],[387748.939,5818358.24],[387742.786,5818360.333],[387708.175,5818371.601],[387699.277,5818374.609],[387690.403,5818377.684],[387681.551,5818380.826],[387672.724,5818384.034],[387664.149,5818387.215],[387655.597,5818390.459],[387647.069,5818393.765],[387638.566,5818397.133],[387604.744,5818411.255],[387535.426,5818440.551],[387505.568,5818453.188],[387502.2,5818454.61],[387501.572,5818454.876],[387498.374,5818456.226],[387492.857,5818458.556],[387492.198,5818458.835],[387448.685,5818477.211],[387447.289,5818477.799],[387437.559,5818481.909],[387427.064,5818486.349],[387422.37,5818479.569],[387422.172,5818479.283],[387421.733,5818478.649],[387420.566,5818476.963],[387418.107,5818473.407],[387415.442,5818469.554],[387413.867,5818467.278],[387412.989,5818466.008],[387412.111,5818464.74],[387411.253,5818463.499],[387409.267,5818460.625],[387406.994,5818457.336],[387405.962,5818455.849],[387401.567,5818449.518],[387401.217,5818449.014],[387396.735,5818442.543],[387396.096,5818441.62],[387393.749,5818438.232],[387390.756,5818433.908],[387390.441,5818433.453],[387387.446,5818429.127],[387385.012,5818425.612],[387382.874,5818422.525],[387378.937,5818416.839],[387355.859,5818383.515],[387352.377,5818378.484],[387344.591,5818367.242],[387340.9,5818361.912],[387337.204,5818356.574],[387334.806,5818353.112],[387334.636,5818352.866],[387332.35,5818349.563],[387330.337,5818346.655],[387324.041,5818337.56],[387323.877,5818337.321],[387323.249,5818336.413],[387321.336,5818333.652],[387304.024,5818308.651],[387295.599,5818296.484],[387284.856,5818280.97],[387276.14,5818268.384],[387272.1,5818262.56],[387256.186,5818239.612],[387247.451,5818227.018],[387230.399,5818202.342],[387229.954,5818201.699],[387228.472,5818199.559],[387180.616,5818130.467],[387178.269,5818127.077],[387165.59,5818108.772],[387155.38,5818094.03],[387153.165,5818090.834],[387141.732,5818074.327],[387138.664,5818069.89],[387130.022,5818057.393],[387126.686,5818052.569],[387114.842,5818028.748],[387134.432,5818015.259],[387151.075,5818003.8],[387169.223,5817991.241],[387173.446,5817988.328],[387176.059,5817986.52],[387182.781,5817981.891],[387202.661,5817968.204],[387203.386,5817967.706],[387207.862,5817964.619],[387208.492,5817964.185],[387211.88,5817961.851],[387212.585,5817961.365],[387216.735,5817958.505],[387217.752,5817957.804],[387232.58,5817947.594],[387244.856,5817939.135],[387242.862,5817933.978],[387237.657,5817920.52],[387248.141,5817883.959],[387242.053,5817868.078],[387188.853,5817729.313],[387182.763,5817713.428],[387174.642,5817688.106],[387174.057,5817685.737],[387167.592,5817659.469],[387163.558,5817660.509],[387160.189,5817646.864],[387153.773,5817620.708],[387147.284,5817594.463],[387140.791,5817568.194],[387134.323,5817542.059],[387127.181,5817513.158],[387125.092,5817504.901],[387130.363,5817504.431],[387129.61,5817490.066],[387123.212,5817490.64],[387123.364,5817478.712],[387123.667,5817454.976],[387123.417,5817454.974],[387123.691,5817433.492],[387123.965,5817412.009],[387124.235,5817390.846],[387124.483,5817371.352],[387130.734,5817371.433],[387130.742,5817370.804],[387130.831,5817363.474],[387130.863,5817360.842],[387130.698,5817304.859],[387130.524,5817302.636],[387129.673,5817291.813],[387123.075,5817292.433],[387122.31,5817285.398],[387121.685,5817279.651],[387118.746,5817252.621],[387102.82,5817105.007],[387101.631,5817093.987],[387108.2,5817095.15],[387105.922,5817073.027],[387103.436,5817037.505],[387101.445,5817009.069],[387099.663,5816983.142],[387098.84,5816971.536],[387097.439,5816951.817],[387099.306,5816949.708],[387116.396,5816930.416],[387123.654,5816922.222],[387126.963,5816918.487],[387115.47,5816898.439],[387112.266,5816892.849],[387092.809,5816886.109],[387092.185,5816885.901],[387091.404,5816885.582],[387090.664,5816885.178],[387089.975,5816884.693],[387089.344,5816884.133],[387088.78,5816883.506],[387088.307,5816882.836],[387087.911,5816882.118],[387087.595,5816881.361],[387087.363,5816880.574],[387087.219,5816879.766],[387086.319,5816872.904],[387085.389,5816864.512],[387084.538,5816857.069],[387083.88,5816850.352],[387083.682,5816847.806],[387083.177,5816841.776],[387082.712,5816835.745],[387082.385,5816830.632],[387082.068,5816825.548],[387081.834,5816820.583],[387081.568,5816815.528],[387081.353,5816810.533],[387081.157,5816805.497],[387081.093,5816805.105],[387081.1,5816804.708],[387081.177,5816804.318],[387081.322,5816803.948],[387081.531,5816803.61],[387081.787,5816803.322],[387082.09,5816803.082],[387082.429,5816802.898],[387082.795,5816802.776],[387085.774,5816802.219],[387085.693,5816800.561],[387085.464,5816780.577],[387085.476,5816778.139],[387085.493,5816775.033],[387081.499,5816774.908],[387081.304,5816774.876],[387081.124,5816774.794],[387080.972,5816774.668],[387080.857,5816774.507],[387080.788,5816774.322],[387080.77,5816774.125],[387080.775,5816770.627],[387080.836,5816765.406],[387080.968,5816760.284],[387081.098,5816755.022],[387081.272,5816749.979],[387081.474,5816744.815],[387081.765,5816739.09],[387082.077,5816733.405],[387082.446,5816727.598],[387082.863,5816721.641],[387083.327,5816715.542],[387083.842,5816709.473],[387084.349,5816704.094],[387084.846,5816699.215],[387085.476,5816693.383],[387086.285,5816686.008],[387087.07,5816679.944],[387088.044,5816672.296],[387088.193,5816671.531],[387088.42,5816670.786],[387088.723,5816670.068],[387089.099,5816669.386],[387089.536,5816668.747],[387090.036,5816668.157],[387090.595,5816667.621],[387091.206,5816667.146],[387093.828,5816665.348],[387095.424,5816650.363],[387096.354,5816641.627],[387098.252,5816623.805],[387098.2,5816622.616],[387097.542,5816622.66],[387096.885,5816622.604],[387096.244,5816622.449],[387095.634,5816622.199],[387095.069,5816621.86],[387094.561,5816621.44],[387094.123,5816620.947],[387093.411,5816606.342],[387092.661,5816606.378],[387088.705,5816523.76],[387088.234,5816513.915],[387087.443,5816497.555],[387086.206,5816471.984],[387082.091,5816385.959],[387086.809,5816385.329],[387089.633,5816358.228],[387083.897,5816358.937],[387082.24,5816263.024],[387082.001,5816249.181],[387081.975,5816247.791],[387081.747,5816234.757],[387081.67,5816230.198],[387081.366,5816212.582],[387078.397,5816040.472],[387077.845,5816008.497],[387083.603,5816008.398],[387074.764,5815971.442],[387073.359,5815965.524],[387071.93,5815959.568],[387071.613,5815944.831],[387068.634,5815806.12],[387068.953,5815804.263],[387071.965,5815786.594],[387075.338,5815766.79],[387074.784,5815740.812],[387067.16,5815714.121],[387066.746,5815694.483],[387065.597,5815640.089],[387065.253,5815623.764],[387064.681,5815592.905],[387064.045,5815563.313],[387119.429,5815562.975],[387255.79,5815562.145],[387303.58,5815561.853],[387447.627,5815560.975],[387492.886,5815560.699],[387499.117,5815529.784],[387521.752,5815506.745],[387500.213,5815481.198],[387493.462,5815473.191],[387459.968,5815433.465],[387451.98,5815424.057],[387438.745,5815406.39],[387426.61,5815391.862],[387422.546,5815386.98],[387354.903,5815305.941],[387343.408,5815292.04],[387337.239,5815284.363],[387331.056,5815276.669],[387318.504,5815261.051],[387298.191,5815235.774],[387272.12,5815203.32],[387270.228,5815200.969],[387264.797,5815194.217],[387263.129,5815192.143],[387258.331,5815186.178],[387242.815,5815166.889],[387240.069,5815163.469],[387237.463,5815160.223],[387233.69,5815155.524],[387231.079,5815152.273],[387228.314,5815148.829],[387228.051,5815148.501],[387225.565,5815145.406],[387225.195,5815144.945],[387222.716,5815141.857],[387222.34,5815141.39],[387219.86,5815138.302],[387219.484,5815137.834],[387217.004,5815134.747],[387216.635,5815134.287],[387214.161,5815131.207],[387213.861,5815130.833],[387213.786,5815130.739],[387207.768,5815123.221],[387191.678,5815103.179],[387180.641,5815089.434],[387150.434,5815051.787],[387140.089,5815038.905],[387121.798,5815016.113],[387109.252,5815000.522],[387106.414,5814997.001],[387105.621,5814996.016],[387100.854,5814990.1],[387099.703,5814988.673],[387095.673,5814983.671],[387092.876,5814980.199],[387086.262,5814971.992],[387085.992,5814966.753],[387084.737,5814942.773],[387083.513,5814919.948],[387082.461,5814900.929],[387081.291,5814879.454],[387080.128,5814858.027],[387078.98,5814836.68],[387077.795,5814815.304],[387076.155,5814785.358],[387075.439,5814771.362],[387073.79,5814741.241],[387072.579,5814718.77],[387071.06,5814690.381],[387070.043,5814671.592],[387068.928,5814651.865],[387067.86,5814633.016],[387066.803,5814614.217],[387065.796,5814595.427],[387064.234,5814567.449],[387063.272,5814550.499],[387062.634,5814539.032],[387062.07,5814525.143],[387061.54,5814515.635],[387060.068,5814489.218],[387059.052,5814470.982],[387058.003,5814452.696],[387057.385,5814441.219],[387049.421,5814429.391],[387038.246,5814412.775],[387027.07,5814396.148],[387008.91,5814369.216],[386981.798,5814329.074],[387000.36,5814316.612],[387014.411,5814307.176],[387018.734,5814304.273],[387020.699,5814302.986],[387020.381,5814302.592],[387021.319,5814301.931],[387024.347,5814299.797],[387025.283,5814299.124],[387028.287,5814296.964],[387031.993,5814294.244],[387032.199,5814294.093],[387034.881,5814292.085],[387036.083,5814291.185],[387040.085,5814288.126],[387040.427,5814287.859],[387044.056,5814285.027],[387047.996,5814281.889],[387049.027,5814281.078],[387050.065,5814280.26],[387050.311,5814280.065],[387056.095,5814275.035],[387058.746,5814272.563],[387061.339,5814270.031],[387063.874,5814267.439],[387066.349,5814264.791],[387068.5,5814262.391],[387070.601,5814259.947],[387072.651,5814257.461],[387074.651,5814254.934],[387077.614,5814252.478],[387081.596,5814249.402],[387082.581,5814248.644],[387090.621,5814240.383],[387129.134,5814210.698],[387149.332,5814230.946],[387150.124,5814217.396],[387151.233,5814198.412],[387152.315,5814179.472],[387153.393,5814160.63],[387154.49,5814141.639],[387155.604,5814122.698],[387155.793,5814118.931],[387161.158,5814113.334],[387161.73,5814112.691],[387164.335,5814109.968],[387178.601,5814095.051],[387190.187,5814082.93],[387191.983,5814081.051],[387192.428,5814080.586],[387206.531,5814065.819],[387227.985,5814043.361],[387230.837,5814040.369],[387240.531,5814030.198],[387248.031,5814022.346],[387270.462,5813998.771],[387272.837,5813996.277],[387295.286,5813972.712],[387310.46,5813956.784],[387330.853,5813935.408],[387350.401,5813914.951],[387352.758,5813912.484],[387353.206,5813912.014],[387363.572,5813901.151],[387370.594,5813893.793],[387384.798,5813878.906],[387393.776,5813869.496],[387418.574,5813843.031],[387434.811,5813825.199],[387444.163,5813813.674],[387461.881,5813791.835],[387483.509,5813765.179],[387499.9,5813744.976],[387521.881,5813717.884],[387533.219,5813703.909],[387556.988,5813681.808],[387739.732,5813410.676],[387744.662,5813403.332],[387745.336,5813402.377],[387738.179,5813391.454],[387726.882,5813374.24],[387729.058,5813372.324],[387731.297,5813370.483],[387733.598,5813368.719],[387735.958,5813367.035],[387738.374,5813365.432],[387740.007,5813364.401],[387741.663,5813363.408],[387743.341,5813362.452],[387745.04,5813361.535],[387746.174,5813360.949],[387748.467,5813359.83],[387751.204,5813358.638],[387753.905,5813357.567],[387756.642,5813356.59],[387759.41,5813355.706],[387762.207,5813354.918],[387765.029,5813354.226],[387766.421,5813353.885],[387769.221,5813353.276],[387772.182,5813352.8],[387774.573,5813352.486],[387776.972,5813352.241],[387779.377,5813352.063],[387783.229,5813347.99],[387827.176,5813346.935],[387826.379,5813252.397],[387825.878,5813192.901],[387825.79,5813183.407],[387825.667,5813173.913],[387825.507,5813164.42],[387825.313,5813154.958],[387825.083,5813145.496],[387824.817,5813136.036],[387824.478,5813125.543],[387862.525,5813123.99],[387947.387,5813105.448],[387950.079,5813117.156],[387986.067,5813120.851],[388022.651,5813134.355],[388056.097,5813153.748],[388088.222,5813158.337],[388112.02,5813146.735],[388137.143,5813110.17],[388147.781,5813069.581],[388155.644,5813047.173],[388161.977,5813031.564],[388169.18,5813017.548],[388169.607,5812991.592],[388182.805,5812991.566],[388221.17,5812991.432],[388225.816,5812991.388],[388226.638,5812991.38],[388241.866,5812991.234],[388258.564,5812989.646],[388290.233,5812986.599],[388286.195,5813003.545],[388279.721,5813063.773],[388280.467,5813072.454],[388280.853,5813081.176],[388280.888,5813089.929],[388280.192,5813107.923],[388279.376,5813120.595],[388279.036,5813125.883],[388277.41,5813143.796],[388275.816,5813157.412],[388275.558,5813159.615],[388277.526,5813167.57],[388283.803,5813172.851],[388289.004,5813173.091],[388295.056,5813171.414],[388300.445,5813169.921],[388305.819,5813168.433],[388315.64,5813165.712],[388323.478,5813163.541],[388332.225,5813161.118],[388334.078,5813160.633],[388337.799,5813159.574],[388352.148,5813155.6],[388353.655,5813155.183],[388363.763,5813152.383],[388368.77,5813150.902],[388375.122,5813149.237],[388381.269,5813147.535],[388396.655,5813143.273],[388398.245,5813142.832],[388437.993,5813131.839],[388446.371,5813129.606],[388451.587,5813128.172],[388462.88,5813125.069],[388468.1,5813123.593],[388470.306,5813122.973],[388475.628,5813121.465],[388478.78,5813120.574],[388482.26,5813119.59],[388482.996,5813119.382],[388486.748,5813118.321],[388488.934,5813117.715],[388502.3,5813114.028],[388504.533,5813113.251],[388506.54,5813112.145],[388508.357,5813110.614],[388509.883,5813108.936],[388511.293,5813107.041],[388512.157,5813105.018],[388513.217,5813102.818],[388513.707,5813100.581],[388513.914,5813098.221],[388513.878,5813095.926],[388513.553,5813093.663],[388510.012,5813076.295],[388509.733,5813074.976],[388501.863,5813035.813],[388500.372,5813028.362],[388500.045,5813026.684],[388499.728,5813025.004],[388499.423,5813023.322],[388499.231,5813022.23],[388499.043,5813021.137],[388498.86,5813020.043],[388498.719,5813019.179],[388498.58,5813018.314],[388498.444,5813017.449],[388498.145,5813015.372],[388497.863,5813013.292],[388497.596,5813011.21],[388497.407,5813009.646],[388497.227,5813008.082],[388497.057,5813006.516],[388496.71,5813002.85],[388496.413,5812999.179],[388496.167,5812995.504],[388496.019,5812991.817],[388495.922,5812988.129],[388495.877,5812984.44],[388495.896,5812980.755],[388495.966,5812977.07],[388496.087,5812973.387],[388496.144,5812972.203],[388496.205,5812971.019],[388496.272,5812969.835],[388496.418,5812967.537],[388496.583,5812965.24],[388496.768,5812962.945],[388497.245,5812958.277],[388497.824,5812953.62],[388498.504,5812948.977],[388499.284,5812944.349],[388500.164,5812939.74],[388501.144,5812935.151],[388502.223,5812930.584],[388502.935,5812927.803],[388503.683,5812925.031],[388504.467,5812922.269],[388505.288,5812919.518],[388506.146,5812916.779],[388507.04,5812914.05],[388507.97,5812911.334],[388508.935,5812908.63],[388509.939,5812905.936],[388510.977,5812903.255],[388512.052,5812900.588],[388513.161,5812897.935],[388513.878,5812896.255],[388514.608,5812894.581],[388528.136,5812903.473],[388531.497,5812905.689],[388554.574,5812920.869],[388597.705,5812949.189],[388599.327,5812950.258],[388631.736,5812971.572],[388648.829,5812982.813],[388669.158,5812996.181],[388694.847,5813013.076],[388699.589,5813012.227],[388833.044,5812990.85],[388832.465,5812983.259],[388825.641,5812893.839],[388902.344,5812877.482],[388931.852,5812872.731],[388948.37,5812870.077],[388983.041,5812864.499],[388997.053,5812861.993],[389006.095,5812858.991],[389013.472,5812949.284],[389013.496,5812949.583],[389015.908,5812979.145],[389061.769,5812976.184],[389086.706,5812974.57],[389164.945,5812969.573],[389183.002,5812968.42],[389193.418,5812967.752],[389195.915,5812967.594],[389247.978,5812964.275],[389254.5,5812963.851],[389252.96,5812968.21],[389246.52,5812986.431],[389244.606,5812991.83],[389221.506,5813057.151],[389218.242,5813066.382],[389218.463,5813069.617],[389218.745,5813073.952],[389219.112,5813079.584],[389231.506,5813253.935],[389232.271,5813264.71],[389232.909,5813274.097],[389244.822,5813278],[389265.651,5813284.824],[389268.054,5813286.105],[389270.413,5813287.465],[389272.725,5813288.904],[389274.987,5813290.42],[389277.198,5813292.011],[389279.353,5813293.676],[389281.451,5813295.412],[389283.756,5813297.468],[389285.981,5813299.61],[389288.122,5813301.836],[389290.177,5813304.141],[389292.143,5813306.523],[389294.017,5813308.979],[389295.795,5813311.504],[389297.476,5813314.095],[389299.057,5813316.748],[389300.536,5813319.46],[389301.91,5813322.226],[389303.178,5813325.042],[389304.337,5813327.905],[389306.018,5813332.444],[389307.59,5813337.023],[389309.05,5813341.638],[389310.4,5813346.286],[389311.637,5813350.966],[389312.761,5813355.674],[389313.771,5813360.408],[389314.668,5813365.165],[389315.45,5813369.942],[389316.116,5813374.737],[389316.667,5813379.546],[389316.861,5813381.601],[389317.034,5813383.658],[389317.185,5813385.716],[389317.474,5813390.661],[389317.642,5813395.612],[389317.687,5813400.565],[389317.611,5813405.518],[389317.412,5813410.468],[389317.092,5813415.411],[389316.65,5813420.344],[389316.087,5813425.266],[389315.403,5813430.172],[389314.598,5813435.06],[389313.673,5813439.926],[389312.628,5813444.768],[389311.943,5813447.536],[389311.162,5813450.279],[389310.284,5813452.992],[389309.311,5813455.673],[389308.244,5813458.318],[389307.085,5813460.923],[389305.834,5813463.486],[389304.36,5813466.247],[389302.781,5813468.949],[389301.098,5813471.588],[389299.315,5813474.16],[389297.434,5813476.661],[389295.458,5813479.088],[389293.389,5813481.436],[389291.231,5813483.703],[389288.987,5813485.885],[389286.661,5813487.978],[389284.557,5813489.737],[389282.394,5813491.424],[389280.176,5813493.036],[389277.905,5813494.573],[389275.582,5813496.031],[389273.212,5813497.411],[389270.796,5813498.709],[389249.629,5813510.85],[389249.751,5813512.545],[389251.137,5813531.81],[389259.683,5813652.608],[389260.5,5813664.052],[389262.414,5813691.053],[389269.847,5813797.003],[389270.685,5813808.987],[389271.448,5813820.721],[389286.061,5814024.997],[389293.097,5814124.256],[389294.654,5814146.194],[389296.254,5814168.782],[389300.903,5814234.529],[389301.369,5814241.119],[389301.857,5814247.869],[389302.402,5814254.459],[389311.192,5814360.743],[389312.711,5814380.663],[389315.882,5814417.529],[389318.773,5814453.922],[389320.605,5814476.135],[389320.697,5814477.293],[389322.606,5814500.365],[389330.277,5814592.992],[389331.414,5814595.51],[389333.628,5814600.347],[389344.132,5814623.336],[389344.351,5814625.882],[389344.447,5814626.968],[389347.423,5814663.038],[389349.741,5814691.124],[389357.836,5814788.743],[389354.305,5814789.69],[389346.649,5814789.885],[389324.795,5814795.39],[389318.237,5814797.045],[389299.668,5814801.728],[389286.114,5814805.145],[389248.393,5814821.291],[389212.408,5814843.473],[389181.03,5814871.348],[389161.845,5814888.361],[389154.264,5814895.095],[389136.377,5814917.293],[389110.457,5814955.063],[389105.286,5814964.431],[389104.764,5814965.381],[389102.531,5814969.423],[389088.399,5814995.04],[389072.231,5815032.532],[389068.623,5815040.902],[389066.605,5815046.3],[389061.467,5815060.027],[389058.448,5815067.973],[389057.351,5815074.434],[389054.467,5815090.562],[389053.096,5815098.323],[389045.816,5815139.611],[389034.428,5815212.243],[389039.716,5815243.388],[389049.339,5815268.221],[389058.799,5815292.632],[389090.441,5815373.909],[389121.617,5815454.041],[389124.81,5815462.221],[389153.496,5815535.56],[389185.504,5815617.61],[389217.378,5815699.577],[389224.29,5815717.19],[389237.094,5815749.819],[389241.271,5815760.441],[389254.48,5815794.029],[389290.739,5815887.202],[389326.75,5815980.48],[389354.053,5816051.225],[389372.038,5816097.839],[389381.052,5816121.216],[389393.359,5816153.121],[389408.051,5816191.207],[389417.578,5816215.814],[389416.255,5816217.749],[389420.242,5816217.563],[389422.419,5816222.655],[389422.811,5816223.589],[389423.225,5816224.576],[389423.601,5816225.449],[389429.942,5816243.397],[389426.125,5816243.519],[389428.805,5816250.378],[389432.643,5816250.275],[389459.134,5816249.421],[389536.591,5816246.928],[389539.959,5816246.824],[389590.234,5816245.198],[389591.058,5816257.872],[389591.956,5816271.675],[389592.743,5816283.783],[389592.75,5816283.887],[389593.414,5816294.114],[389594.447,5816310.033],[389594.616,5816312.61],[389594.904,5816317.101],[389595.354,5816324.105],[389595.807,5816331.056],[389596.608,5816343.449],[389596.784,5816346.176],[389596.967,5816348.982],[389597.3,5816354.131],[389598.129,5816366.949],[389598.707,5816375.777],[389599.29,5816384.905],[389599.614,5816389.818],[389599.632,5816390.114],[389600.097,5816397.339],[389600.49,5816403.281],[389601.014,5816411.39],[389601.668,5816421.607],[389602.444,5816433.461],[389602.856,5816439.913],[389602.996,5816441.99],[389603.748,5816453.685],[389603.903,5816456.032],[389604.002,5816457.58],[389604.044,5816458.199],[389604.363,5816463.156],[389604.555,5816466.148],[389604.854,5816476.632],[389605.105,5816485.606],[389605.189,5816488.596],[389605.536,5816500.938],[389605.928,5816514.939],[389606.284,5816527.631],[389573.754,5816531.169],[389569.104,5816531.677],[389561.47,5816532.513],[389562.308,5816540.112],[389563.748,5816553.173],[389564.359,5816558.716],[389568.847,5816566.85],[389578.402,5816584.196],[389595.326,5816614.941],[389596.372,5816616.842],[389600.33,5816624.03],[389608.328,5816638.547],[389611.068,5816643.521],[389648.995,5816712.424],[389649.376,5816712.467],[389687.559,5816716.43],[389694.482,5816717.148],[389696.774,5816751.452],[389697.238,5816758.377],[389697.633,5816764.289],[389698.32,5816774.56],[389698.471,5816776.816],[389699.419,5816790.973],[389699.819,5816796.95],[389702.206,5816830.962],[389703.662,5816833.384],[389715.664,5816853.005],[389730.886,5816877.904],[389732.571,5816880.66],[389740.144,5816893.046],[389747.12,5816904.462],[389760.14,5816925.752],[389767.709,5816938.128],[389770.353,5816965.146],[389767.138,5816966.287],[389762.694,5816967.864],[389755.317,5816970.482],[389750.646,5816972.142],[389748.109,5816973.042],[389745.472,5816973.978],[389744.013,5816974.497],[389738.388,5816976.496],[389734.467,5816977.889],[389726.363,5816980.769],[389708.699,5816987.045],[389707.249,5816987.561],[389702.39,5816989.287],[389679.056,5816997.579],[389678.517,5816997.771],[389674.219,5816999.291],[389673.784,5816999.446],[389673.36,5816999.597],[389663.751,5817003.014],[389652.08,5817007.16],[389634.093,5817013.549],[389625.577,5817016.575],[389624.134,5817017.087],[389611.883,5817021.439],[389608.099,5817022.784],[389605.453,5817023.724],[389601.596,5817025.094],[389596.784,5817026.804],[389592.374,5817028.371],[389581.234,5817032.329],[389555.614,5817041.431],[389544.112,5817045.517],[389540.937,5817046.645],[389533.362,5817049.336],[389531.707,5817049.921],[389527.241,5817051.508],[389507.036,5817058.685],[389490.451,5817064.576],[389487.82,5817065.511],[389478.775,5817068.724],[389477.557,5817069.157],[389472.784,5817070.854],[389467.571,5817072.706],[389457.514,5817076.245],[389449.143,5817079.251],[389442.991,5817081.435],[389442.786,5817081.508],[389434.905,5817084.307],[389430.721,5817085.793],[389425.349,5817087.701],[389414.825,5817091.439],[389408.822,5817093.571],[389409.782,5817110.902],[389407.069,5817111.86],[389368.841,5817125.429],[389348.092,5817132.743],[389327.422,5817140.036],[389306.673,5817147.36],[389285.834,5817154.706],[389280.478,5817139.099],[389260.832,5817146.072],[389258.427,5817146.929],[389249.772,5817149.999],[389249.656,5817150.04],[389244.05,5817152.03],[389236.101,5817154.849],[389230.607,5817156.798],[389228.379,5817157.588],[389228.108,5817157.684],[389224.583,5817158.935],[389223.821,5817159.206],[389219.397,5817160.775],[389216.547,5817161.786],[389223.311,5817177.301],[389226.711,5817185.341],[389229.086,5817191.965],[389233.365,5817203.899],[389242.973,5817230.698],[389242.881,5817231.23],[389240.475,5817245.223],[389234.602,5817279.392],[389233.001,5817288.707],[389232.856,5817289.549],[389234.313,5817308.138],[389236.071,5817330.566],[389239.233,5817370.916],[389243.895,5817430.409],[389244.814,5817442.329],[389246.5,5817464.194],[389246.663,5817466.32],[389249.958,5817509.071],[389250.405,5817514.871],[389254.055,5817560.508],[389254.122,5817561.337],[389254.746,5817569.143],[389254.821,5817570.084],[389258.174,5817612.018],[389276.75,5817634.863],[389281.493,5817640.696],[389299.508,5817662.596],[389322.594,5817691.115],[389326.756,5817720.674],[389332.065,5817759.029],[389332.889,5817765.003],[389319.585,5817775.805],[389310.128,5817764.356],[389307.563,5817761.254],[389305.095,5817758.275],[389301.515,5817759.158],[389281.956,5817763.987],[389269.517,5817767.057],[389267.439,5817767.57],[389257.995,5817769.901],[389253.64,5817770.976],[389224.183,5817778.248],[389221.154,5817778.995],[389215.007,5817780.513],[389202.857,5817783.513],[389200.772,5817784.027],[389200.356,5817784.13],[389195.2,5817785.404],[389190.444,5817786.579],[389185.706,5817787.749],[389173.777,5817790.691],[389171.604,5817791.228],[389171.036,5817791.367],[389170.618,5817791.47],[389168.523,5817791.988],[389166.088,5817792.589],[389160.686,5817793.924],[389156.268,5817795.015],[389150.718,5817796.386],[389145.468,5817797.683],[389119.83,5817804.01],[389101.527,5817808.528],[389080.124,5817813.727],[389077.921,5817814.271],[389074.04,5817815.23],[389060.08,5817818.678],[389055.151,5817819.895],[389052.95,5817820.437],[389045.45,5817822.286],[389034.982,5817824.866],[389032.692,5817825.43],[389032.044,5817825.59],[389031.585,5817825.703],[389029.558,5817826.203],[389018.687,5817828.884],[389011.52,5817830.651],[389001.739,5817833.062],[388994.423,5817834.865],[388973.097,5817840.098],[388971.864,5817840.401],[388951.659,5817845.381],[388950.947,5817845.555],[388948.465,5817846.168],[388947.508,5817846.404],[388942.559,5817847.623],[388937.077,5817848.974],[388931.169,5817850.429],[388926.261,5817851.64],[388925.557,5817851.813],[388923.021,5817852.438],[388922.354,5817852.602],[388915.048,5817854.403],[388912.443,5817855.045],[388905.389,5817856.783],[388900.512,5817857.985],[388892.597,5817859.935],[388889.575,5817860.68],[388881.231,5817862.736],[388847.076,5817874.735],[388835.458,5817880.508],[388834.758,5817880.856],[388825.127,5817885.642],[388824.118,5817886.144],[388816.159,5817890.098],[388801.147,5817897.556],[388800.049,5817898.102],[388773.409,5817911.34],[388769.381,5817913.342],[388744.875,5817925.52],[388731.984,5817931.925],[388701.242,5817947.199],[388677.064,5817959.257],[388663.126,5817966.247],[388646.221,5817974.726],[388631.182,5817982.13],[388629.05,5817983.18],[388614.175,5817990.503],[388610.129,5817992.506],[388608.184,5817993.469],[388586.863,5818004.023],[388580.495,5818007.176],[388548.973,5818022.75],[388546.126,5818024.157],[388537.652,5818028.343],[388536.056,5818029.132],[388533.968,5818030.164],[388531.541,5818031.362],[388529.991,5818032.128],[388527.484,5818033.367],[388518.066,5818038.067],[388515.34,5818039.427],[388513.557,5818040.321],[388511.721,5818041.169],[388511.514,5818041.607],[388511.239,5818042.005],[388510.903,5818042.355],[388510.516,5818042.645],[388510.087,5818042.87],[388485.634,5818053.221],[388484.424,5818053.734],[388446.324,5818069.887],[388444.858,5818066.425],[388430.963,5818072.315],[388423.826,5818075.34],[388410.081,5818081.165],[388372.021,5818097.308],[388361.605,5818101.706],[388362.404,5818103.738],[388362.985,5818105.215],[388361.132,5818106],[388349.935,5818110.745],[388324.519,5818121.516],[388300.659,5818131.669],[388286.968,5818137.448],[388285.494,5818133.98],[388258.846,5818145.27]]]]},"geometry_name":"geom","properties":{"uuid":"DEBE07YY90000009","sch":"110000070701","nam":"Sch\u00f6neberg","gdf":10642847.0,"bezeich":"AX_KommunalesGebiet"},"bbox":[386981.798,5812858.991,389770.353,5818486.349]}],"timeStamp":"2026-10-08T13:57:29.399Z","crs":{"type":"name","properties":{"name":"urn:ogc:def:crs:EPSG::25833"}},"bbox":[370000.825,5799520.66,415786.553,5837259.27],"source":{"serviceUrl":"https://gdi.berlin.de/services/wfs/alkis_ortsteile","request":{"service":"WFS","request":"GetFeature","version":"2.0.0","typeNames":"alkis_ortsteile:ortsteile","outputFormat":"application/json","srsName":"EPSG:25833"},"licence":"dl-de/zero-2-0","retrieved":"2026-10-08","selection":"Seven requested official Ortsteile; selection boundaries only, geometry restricted to already shipped generic city source walls."}}
