{"type":"FeatureCollection","crs":{"type":"name","properties":{"name":"EPSG:25833"}},"source":"https://gdi.berlin.de/services/wfs/baumbestand","licence":"dl-de/zero-2-0","layer":"baumbestand:strassenbaeume","retrieved":"2026-10-10","features":[{"type":"Feature","id":"strassenbaeume.00008100_000c315b","geometry":{"type":"Point","coordinates":[386571.96199995,5818313.32669965]},"geometry_name":"geom","properties":{"gisid":"00008100_000c315b","pitid":"00008100:000c315b","standortnr":"337","kennzeich":"02642","namenr":"Kurf\u00fcrstendamm","art_dtsch":"Ahornbl\u00e4ttrige Platane","art_bot":"Platanus acerifolia","gattung_deutsch":"Platane","gattung":"Platanus","art_gruppe":"Laubb\u00e4ume","strnr":"02642","strname":"Kurf\u00fcrstendamm","hausnr":"220","zusatz":null,"pflanzjahr":"1950","standalter":76,"kronedurch":16,"stammumfg":289,"baumhoehe":17,"eigentuemer":"Land Berlin","bezirk":"Charlottenburg-Wilmersdorf"},"bbox":[386571.96199995,5818313.32669965,386571.96199995,5818313.32669965]},{"type":"Feature","id":"strassenbaeume.00008100_000c315c","geometry":{"type":"Point","coordinates":[386562.71489994,5818310.71179965]},"geometry_name":"geom","properties":{"gisid":"00008100_000c315c","pitid":"00008100:000c315c","standortnr":"336","kennzeich":"02642","namenr":"Kurf\u00fcrstendamm","art_dtsch":"Ahornbl\u00e4ttrige Platane","art_bot":"Platanus acerifolia","gattung_deutsch":"Platane","gattung":"Platanus","art_gruppe":"Laubb\u00e4ume","strnr":"02642","strname":"Kurf\u00fcrstendamm","hausnr":"220","zusatz":null,"pflanzjahr":"1992","standalter":34,"kronedurch":6,"stammumfg":66,"baumhoehe":7,"eigentuemer":"Land Berlin","bezirk":"Charlottenburg-Wilmersdorf"},"bbox":[386562.71489994,5818310.71179965,386562.71489994,5818310.71179965]},{"type":"Feature","id":"strassenbaeume.00008100_000c315d","geometry":{"type":"Point","coordinates":[386555.01219994,5818307.86149965]},"geometry_name":"geom","properties":{"gisid":"00008100_000c315d","pitid":"00008100:000c315d","standortnr":"335","kennzeich":"02642","namenr":"Kurf\u00fcrstendamm","art_dtsch":"Ahornbl\u00e4ttrige Platane","art_bot":"Platanus acerifolia","gattung_deutsch":"Platane","gattung":"Platanus","art_gruppe":"Laubb\u00e4ume","strnr":"02642","strname":"Kurf\u00fcrstendamm","hausnr":"220","zusatz":null,"pflanzjahr":"1980","standalter":46,"kronedurch":13,"stammumfg":193,"baumhoehe":17,"eigentuemer":"Land Berlin","bezirk":"Charlottenburg-Wilmersdorf"},"bbox":[386555.01219994,5818307.86149965,386555.01219994,5818307.86149965]},{"type":"Feature","id":"strassenbaeume.00008100_000c315e","geometry":{"type":"Point","coordinates":[386546.80449994,5818305.53679965]},"geometry_name":"geom","properties":{"gisid":"00008100_000c315e","pitid":"00008100:000c315e","standortnr":"334","kennzeich":"02642","namenr":"Kurf\u00fcrstendamm","art_dtsch":"Ahornbl\u00e4ttrige Platane","art_bot":"Platanus acerifolia","gattung_deutsch":"Platane","gattung":"Platanus","art_gruppe":"Laubb\u00e4ume","strnr":"02642","strname":"Kurf\u00fcrstendamm","hausnr":"220","zusatz":null,"pflanzjahr":"1984","standalter":42,"kronedurch":10,"stammumfg":111,"baumhoehe":17,"eigentuemer":"Land Berlin","bezirk":"Charlottenburg-Wilmersdorf"},"bbox":[386546.80449994,5818305.53679965,386546.80449994,5818305.53679965]},{"type":"Feature","id":"strassenbaeume.00008100_000c315f","geometry":{"type":"Point","coordinates":[386543.26249995,5818304.05429965]},"geometry_name":"geom","properties":{"gisid":"00008100_000c315f","pitid":"00008100:000c315f","standortnr":"333","kennzeich":"02642","namenr":"Kurf\u00fcrstendamm","art_dtsch":"Ahornbl\u00e4ttrige Platane","art_bot":"Platanus acerifolia","gattung_deutsch":"Platane","gattung":"Platanus","art_gruppe":"Laubb\u00e4ume","strnr":"02642","strname":"Kurf\u00fcrstendamm","hausnr":"220","zusatz":null,"pflanzjahr":"1980","standalter":46,"kronedurch":10,"stammumfg":130,"baumhoehe":17,"eigentuemer":"Land Berlin","bezirk":"Charlottenburg-Wilmersdorf"},"bbox":[386543.26249995,5818304.05429965,386543.26249995,5818304.05429965]},{"type":"Feature","id":"strassenbaeume.00008100_000c3160","geometry":{"type":"Point","coordinates":[386534.42629995,5818301.32859965]},"geometry_name":"geom","properties":{"gisid":"00008100_000c3160","pitid":"00008100:000c3160","standortnr":"332","kennzeich":"02642","namenr":"Kurf\u00fcrstendamm","art_dtsch":"Ahornbl\u00e4ttrige Platane","art_bot":"Platanus acerifolia","gattung_deutsch":"Platane","gattung":"Platanus","art_gruppe":"Laubb\u00e4ume","strnr":"02642","strname":"Kurf\u00fcrstendamm","hausnr":"220","zusatz":null,"pflanzjahr":"1984","standalter":42,"kronedurch":9,"stammumfg":110,"baumhoehe":17,"eigentuemer":"Land Berlin","bezirk":"Charlottenburg-Wilmersdorf"},"bbox":[386534.42629995,5818301.32859965,386534.42629995,5818301.32859965]},{"type":"Feature","id":"strassenbaeume.00008100_000c3161","geometry":{"type":"Point","coordinates":[386525.79399994,5818298.49599965]},"geometry_name":"geom","properties":{"gisid":"00008100_000c3161","pitid":"00008100:000c3161","standortnr":"331","kennzeich":"02642","namenr":"Kurf\u00fcrstendamm","art_dtsch":"Ahornbl\u00e4ttrige Platane","art_bot":"Platanus acerifolia","gattung_deutsch":"Platane","gattung":"Platanus","art_gruppe":"Laubb\u00e4ume","strnr":"02642","strname":"Kurf\u00fcrstendamm","hausnr":"219","zusatz":null,"pflanzjahr":"1950","standalter":76,"kronedurch":15,"stammumfg":231,"baumhoehe":25,"eigentuemer":"Land Berlin","bezirk":"Charlottenburg-Wilmersdorf"},"bbox":[386525.79399994,5818298.49599965,386525.79399994,5818298.49599965]},{"type":"Feature","id":"strassenbaeume.00008100_000c3162","geometry":{"type":"Point","coordinates":[386519.76519995,5818296.64679965]},"geometry_name":"geom","properties":{"gisid":"00008100_000c3162","pitid":"00008100:000c3162","standortnr":"330","kennzeich":"02642","namenr":"Kurf\u00fcrstendamm","art_dtsch":"Ahornbl\u00e4ttrige Platane","art_bot":"Platanus acerifolia","gattung_deutsch":"Platane","gattung":"Platanus","art_gruppe":"Laubb\u00e4ume","strnr":"02642","strname":"Kurf\u00fcrstendamm","hausnr":"219","zusatz":null,"pflanzjahr":"1984","standalter":42,"kronedurch":8,"stammumfg":108,"baumhoehe":12,"eigentuemer":"Land Berlin","bezirk":"Charlottenburg-Wilmersdorf"},"bbox":[386519.76519995,5818296.64679965,386519.76519995,5818296.64679965]},{"type":"Feature","id":"strassenbaeume.00008100_000c3163","geometry":{"type":"Point","coordinates":[386513.72949995,5818294.48869965]},"geometry_name":"geom","properties":{"gisid":"00008100_000c3163","pitid":"00008100:000c3163","standortnr":"329","kennzeich":"02642","namenr":"Kurf\u00fcrstendamm","art_dtsch":"Ahornbl\u00e4ttrige Platane","art_bot":"Platanus acerifolia","gattung_deutsch":"Platane","gattung":"Platanus","art_gruppe":"Laubb\u00e4ume","strnr":"02642","strname":"Kurf\u00fcrstendamm","hausnr":"217-218","zusatz":null,"pflanzjahr":"1980","standalter":46,"kronedurch":8,"stammumfg":121,"baumhoehe":12,"eigentuemer":"Land Berlin","bezirk":"Charlottenburg-Wilmersdorf"},"bbox":[386513.72949995,5818294.48869965,386513.72949995,5818294.48869965]},{"type":"Feature","id":"strassenbaeume.00008100_000c3164","geometry":{"type":"Point","coordinates":[386508.21759994,5818292.62969965]},"geometry_name":"geom","properties":{"gisid":"00008100_000c3164","pitid":"00008100:000c3164","standortnr":"328","kennzeich":"02642","namenr":"Kurf\u00fcrstendamm","art_dtsch":"Ahornbl\u00e4ttrige Platane","art_bot":"Platanus acerifolia","gattung_deutsch":"Platane","gattung":"Platanus","art_gruppe":"Laubb\u00e4ume","strnr":"02642","strname":"Kurf\u00fcrstendamm","hausnr":"217-218","zusatz":null,"pflanzjahr":"1985","standalter":41,"kronedurch":9,"stammumfg":110,"baumhoehe":12,"eigentuemer":"Land Berlin","bezirk":"Charlottenburg-Wilmersdorf"},"bbox":[386508.21759994,5818292.62969965,386508.21759994,5818292.62969965]},{"type":"Feature","id":"strassenbaeume.00008100_000c3165","geometry":{"type":"Point","coordinates":[386494.91069994,5818288.54209965]},"geometry_name":"geom","properties":{"gisid":"00008100_000c3165","pitid":"00008100:000c3165","standortnr":"327","kennzeich":"02642","namenr":"Kurf\u00fcrstendamm","art_dtsch":"Ahornbl\u00e4ttrige Platane","art_bot":"Platanus acerifolia","gattung_deutsch":"Platane","gattung":"Platanus","art_gruppe":"Laubb\u00e4ume","strnr":"02642","strname":"Kurf\u00fcrstendamm","hausnr":"217","zusatz":null,"pflanzjahr":"1950","standalter":76,"kronedurch":22,"stammumfg":268,"baumhoehe":17,"eigentuemer":"Land Berlin","bezirk":"Charlottenburg-Wilmersdorf"},"bbox":[386494.91069994,5818288.54209965,386494.91069994,5818288.54209965]},{"type":"Feature","id":"strassenbaeume.00008100_000c3166","geometry":{"type":"Point","coordinates":[386443.53469994,5818271.53759965]},"geometry_name":"geom","properties":{"gisid":"00008100_000c3166","pitid":"00008100:000c3166","standortnr":"326","kennzeich":"02642","namenr":"Kurf\u00fcrstendamm","art_dtsch":"Ahornbl\u00e4ttrige Platane","art_bot":"Platanus acerifolia","gattung_deutsch":"Platane","gattung":"Platanus","art_gruppe":"Laubb\u00e4ume","strnr":"02642","strname":"Kurf\u00fcrstendamm","hausnr":"216","zusatz":null,"pflanzjahr":"1978","standalter":48,"kronedurch":16,"stammumfg":185,"baumhoehe":17,"eigentuemer":"Land Berlin","bezirk":"Charlottenburg-Wilmersdorf"},"bbox":[386443.53469994,5818271.53759965,386443.53469994,5818271.53759965]},{"type":"Feature","id":"strassenbaeume.00008100_000c3168","geometry":{"type":"Point","coordinates":[386382.39279994,5818251.82409965]},"geometry_name":"geom","properties":{"gisid":"00008100_000c3168","pitid":"00008100:000c3168","standortnr":"320","kennzeich":"02642","namenr":"Kurf\u00fcrstendamm","art_dtsch":"Ahornbl\u00e4ttrige Platane","art_bot":"Platanus acerifolia","gattung_deutsch":"Platane","gattung":"Platanus","art_gruppe":"Laubb\u00e4ume","strnr":"02642","strname":"Kurf\u00fcrstendamm","hausnr":"214","zusatz":null,"pflanzjahr":"1980","standalter":46,"kronedurch":10,"stammumfg":105,"baumhoehe":12,"eigentuemer":"Land Berlin","bezirk":"Charlottenburg-Wilmersdorf"},"bbox":[386382.39279994,5818251.82409965,386382.39279994,5818251.82409965]},{"type":"Feature","id":"strassenbaeume.00008100_000c3169","geometry":{"type":"Point","coordinates":[386372.31409994,5818249.01899965]},"geometry_name":"geom","properties":{"gisid":"00008100_000c3169","pitid":"00008100:000c3169","standortnr":"319","kennzeich":"02642","namenr":"Kurf\u00fcrstendamm","art_dtsch":"Ahornbl\u00e4ttrige Platane","art_bot":"Platanus acerifolia","gattung_deutsch":"Platane","gattung":"Platanus","art_gruppe":"Laubb\u00e4ume","strnr":"02642","strname":"Kurf\u00fcrstendamm","hausnr":"213","zusatz":null,"pflanzjahr":"1977","standalter":49,"kronedurch":9,"stammumfg":158,"baumhoehe":12,"eigentuemer":"Land Berlin","bezirk":"Charlottenburg-Wilmersdorf"},"bbox":[386372.31409994,5818249.01899965,386372.31409994,5818249.01899965]},{"type":"Feature","id":"strassenbaeume.00008100_000c316b","geometry":{"type":"Point","coordinates":[386344.01759994,5818239.22299965]},"geometry_name":"geom","properties":{"gisid":"00008100_000c316b","pitid":"00008100:000c316b","standortnr":"317","kennzeich":"02642","namenr":"Kurf\u00fcrstendamm","art_dtsch":"Ahornbl\u00e4ttrige Platane","art_bot":"Platanus acerifolia","gattung_deutsch":"Platane","gattung":"Platanus","art_gruppe":"Laubb\u00e4ume","strnr":"02642","strname":"Kurf\u00fcrstendamm","hausnr":"213","zusatz":null,"pflanzjahr":"1985","standalter":41,"kronedurch":22,"stammumfg":209,"baumhoehe":17,"eigentuemer":"Land Berlin","bezirk":"Charlottenburg-Wilmersdorf"},"bbox":[386344.01759994,5818239.22299965,386344.01759994,5818239.22299965]},{"type":"Feature","id":"strassenbaeume.00008100_000c3190","geometry":{"type":"Point","coordinates":[385710.80049994,5818093.24409965]},"geometry_name":"geom","properties":{"gisid":"00008100_000c3190","pitid":"00008100:000c3190","standortnr":"281","kennzeich":"02642","namenr":"Kurf\u00fcrstendamm","art_dtsch":"Ahornbl\u00e4ttrige Platane","art_bot":"Platanus acerifolia","gattung_deutsch":"Platane","gattung":"Platanus","art_gruppe":"Laubb\u00e4ume","strnr":"02642","strname":"Kurf\u00fcrstendamm","hausnr":"188-189","zusatz":null,"pflanzjahr":"1950","standalter":76,"kronedurch":18,"stammumfg":198,"baumhoehe":25,"eigentuemer":"Land Berlin","bezirk":"Charlottenburg-Wilmersdorf"},"bbox":[385710.80049994,5818093.24409965,385710.80049994,5818093.24409965]},{"type":"Feature","id":"strassenbaeume.00008100_000c3192","geometry":{"type":"Point","coordinates":[385680.12159994,5818085.93919965]},"geometry_name":"geom","properties":{"gisid":"00008100_000c3192","pitid":"00008100:000c3192","standortnr":"279","kennzeich":"02642","namenr":"Kurf\u00fcrstendamm","art_dtsch":"Ahornbl\u00e4ttrige Platane","art_bot":"Platanus acerifolia","gattung_deutsch":"Platane","gattung":"Platanus","art_gruppe":"Laubb\u00e4ume","strnr":"02642","strname":"Kurf\u00fcrstendamm","hausnr":"188-189","zusatz":null,"pflanzjahr":"1954","standalter":72,"kronedurch":17,"stammumfg":255,"baumhoehe":25,"eigentuemer":"Land Berlin","bezirk":"Charlottenburg-Wilmersdorf"},"bbox":[385680.12159994,5818085.93919965,385680.12159994,5818085.93919965]},{"type":"Feature","id":"strassenbaeume.00008100_000c3193","geometry":{"type":"Point","coordinates":[385665.29089994,5818082.38549965]},"geometry_name":"geom","properties":{"gisid":"00008100_000c3193","pitid":"00008100:000c3193","standortnr":"278","kennzeich":"02642","namenr":"Kurf\u00fcrstendamm","art_dtsch":"Ahornbl\u00e4ttrige Platane","art_bot":"Platanus acerifolia","gattung_deutsch":"Platane","gattung":"Platanus","art_gruppe":"Laubb\u00e4ume","strnr":"02642","strname":"Kurf\u00fcrstendamm","hausnr":"187","zusatz":null,"pflanzjahr":"1965","standalter":61,"kronedurch":20,"stammumfg":223,"baumhoehe":25,"eigentuemer":"Land Berlin","bezirk":"Charlottenburg-Wilmersdorf"},"bbox":[385665.29089994,5818082.38549965,385665.29089994,5818082.38549965]},{"type":"Feature","id":"strassenbaeume.00008100_000c3194","geometry":{"type":"Point","coordinates":[385652.57809994,5818079.87749965]},"geometry_name":"geom","properties":{"gisid":"00008100_000c3194","pitid":"00008100:000c3194","standortnr":"277","kennzeich":"02642","namenr":"Kurf\u00fcrstendamm","art_dtsch":"Ahornbl\u00e4ttrige Platane","art_bot":"Platanus acerifolia","gattung_deutsch":"Platane","gattung":"Platanus","art_gruppe":"Laubb\u00e4ume","strnr":"02642","strname":"Kurf\u00fcrstendamm","hausnr":"186","zusatz":null,"pflanzjahr":"1954","standalter":72,"kronedurch":21,"stammumfg":230,"baumhoehe":17,"eigentuemer":"Land Berlin","bezirk":"Charlottenburg-Wilmersdorf"},"bbox":[385652.57809994,5818079.87749965,385652.57809994,5818079.87749965]},{"type":"Feature","id":"strassenbaeume.00008100_000c3195","geometry":{"type":"Point","coordinates":[385603.60329994,5818068.52389965]},"geometry_name":"geom","properties":{"gisid":"00008100_000c3195","pitid":"00008100:000c3195","standortnr":"276","kennzeich":"02642","namenr":"Kurf\u00fcrstendamm","art_dtsch":"Ahornbl\u00e4ttrige Platane","art_bot":"Platanus acerifolia","gattung_deutsch":"Platane","gattung":"Platanus","art_gruppe":"Laubb\u00e4ume","strnr":"02642","strname":"Kurf\u00fcrstendamm","hausnr":"185","zusatz":null,"pflanzjahr":"1950","standalter":76,"kronedurch":15,"stammumfg":235,"baumhoehe":24,"eigentuemer":"Land Berlin","bezirk":"Charlottenburg-Wilmersdorf"},"bbox":[385603.60329994,5818068.52389965,385603.60329994,5818068.52389965]},{"type":"Feature","id":"strassenbaeume.00008100_000c3196","geometry":{"type":"Point","coordinates":[385585.54739994,5818064.62959965]},"geometry_name":"geom","properties":{"gisid":"00008100_000c3196","pitid":"00008100:000c3196","standortnr":"275","kennzeich":"02642","namenr":"Kurf\u00fcrstendamm","art_dtsch":"Ahornbl\u00e4ttrige Platane","art_bot":"Platanus acerifolia","gattung_deutsch":"Platane","gattung":"Platanus","art_gruppe":"Laubb\u00e4ume","strnr":"02642","strname":"Kurf\u00fcrstendamm","hausnr":"185","zusatz":null,"pflanzjahr":"1970","standalter":56,"kronedurch":9,"stammumfg":194,"baumhoehe":12,"eigentuemer":"Land Berlin","bezirk":"Charlottenburg-Wilmersdorf"},"bbox":[385585.54739994,5818064.62959965,385585.54739994,5818064.62959965]},{"type":"Feature","id":"strassenbaeume.00008100_000c3197","geometry":{"type":"Point","coordinates":[385574.33709994,5818062.05299965]},"geometry_name":"geom","properties":{"gisid":"00008100_000c3197","pitid":"00008100:000c3197","standortnr":"274","kennzeich":"02642","namenr":"Kurf\u00fcrstendamm","art_dtsch":"Ahornbl\u00e4ttrige Platane","art_bot":"Platanus acerifolia","gattung_deutsch":"Platane","gattung":"Platanus","art_gruppe":"Laubb\u00e4ume","strnr":"02642","strname":"Kurf\u00fcrstendamm","hausnr":"185","zusatz":null,"pflanzjahr":"2002","standalter":24,"kronedurch":7,"stammumfg":85,"baumhoehe":12,"eigentuemer":"Land Berlin","bezirk":"Charlottenburg-Wilmersdorf"},"bbox":[385574.33709994,5818062.05299965,385574.33709994,5818062.05299965]},{"type":"Feature","id":"strassenbaeume.00008100_000c3198","geometry":{"type":"Point","coordinates":[385555.75459994,5818057.65279965]},"geometry_name":"geom","properties":{"gisid":"00008100_000c3198","pitid":"00008100:000c3198","standortnr":"273","kennzeich":"02642","namenr":"Kurf\u00fcrstendamm","art_dtsch":"Ahornbl\u00e4ttrige Platane","art_bot":"Platanus acerifolia","gattung_deutsch":"Platane","gattung":"Platanus","art_gruppe":"Laubb\u00e4ume","strnr":"02642","strname":"Kurf\u00fcrstendamm","hausnr":"184","zusatz":null,"pflanzjahr":"1954","standalter":72,"kronedurch":19,"stammumfg":212,"baumhoehe":23,"eigentuemer":"Land Berlin","bezirk":"Charlottenburg-Wilmersdorf"},"bbox":[385555.75459994,5818057.65279965,385555.75459994,5818057.65279965]},{"type":"Feature","id":"strassenbaeume.00008100_000c3199","geometry":{"type":"Point","coordinates":[385544.85999994,5818055.37919965]},"geometry_name":"geom","properties":{"gisid":"00008100_000c3199","pitid":"00008100:000c3199","standortnr":"272","kennzeich":"02642","namenr":"Kurf\u00fcrstendamm","art_dtsch":"Ahornbl\u00e4ttrige Platane","art_bot":"Platanus acerifolia","gattung_deutsch":"Platane","gattung":"Platanus","art_gruppe":"Laubb\u00e4ume","strnr":"02642","strname":"Kurf\u00fcrstendamm","hausnr":"184","zusatz":null,"pflanzjahr":"1954","standalter":72,"kronedurch":12,"stammumfg":218,"baumhoehe":10,"eigentuemer":"Land Berlin","bezirk":"Charlottenburg-Wilmersdorf"},"bbox":[385544.85999994,5818055.37919965,385544.85999994,5818055.37919965]},{"type":"Feature","id":"strassenbaeume.00008100_000c319a","geometry":{"type":"Point","coordinates":[385530.11759994,5818051.83579965]},"geometry_name":"geom","properties":{"gisid":"00008100_000c319a","pitid":"00008100:000c319a","standortnr":"271","kennzeich":"02642","namenr":"Kurf\u00fcrstendamm","art_dtsch":"Ahornbl\u00e4ttrige Platane","art_bot":"Platanus acerifolia","gattung_deutsch":"Platane","gattung":"Platanus","art_gruppe":"Laubb\u00e4ume","strnr":"02642","strname":"Kurf\u00fcrstendamm","hausnr":"183","zusatz":null,"pflanzjahr":"1950","standalter":76,"kronedurch":20,"stammumfg":251,"baumhoehe":17,"eigentuemer":"Land Berlin","bezirk":"Charlottenburg-Wilmersdorf"},"bbox":[385530.11759994,5818051.83579965,385530.11759994,5818051.83579965]},{"type":"Feature","id":"strassenbaeume.00008100_000c319c","geometry":{"type":"Point","coordinates":[385453.99809994,5818037.98869965]},"geometry_name":"geom","properties":{"gisid":"00008100_000c319c","pitid":"00008100:000c319c","standortnr":"269","kennzeich":"02642","namenr":"Kurf\u00fcrstendamm","art_dtsch":"Ahornbl\u00e4ttrige Platane","art_bot":"Platanus acerifolia","gattung_deutsch":"Platane","gattung":"Platanus","art_gruppe":"Laubb\u00e4ume","strnr":"02642","strname":"Kurf\u00fcrstendamm","hausnr":"181","zusatz":null,"pflanzjahr":"1950","standalter":76,"kronedurch":26,"stammumfg":318,"baumhoehe":25,"eigentuemer":"Land Berlin","bezirk":"Charlottenburg-Wilmersdorf"},"bbox":[385453.99809994,5818037.98869965,385453.99809994,5818037.98869965]},{"type":"Feature","id":"strassenbaeume.00008100_000c319d","geometry":{"type":"Point","coordinates":[385440.40689994,5818035.25039965]},"geometry_name":"geom","properties":{"gisid":"00008100_000c319d","pitid":"00008100:000c319d","standortnr":"268","kennzeich":"02642","namenr":"Kurf\u00fcrstendamm","art_dtsch":"Ahornbl\u00e4ttrige Platane","art_bot":"Platanus acerifolia","gattung_deutsch":"Platane","gattung":"Platanus","art_gruppe":"Laubb\u00e4ume","strnr":"02642","strname":"Kurf\u00fcrstendamm","hausnr":"180","zusatz":null,"pflanzjahr":"1980","standalter":46,"kronedurch":16,"stammumfg":154,"baumhoehe":21,"eigentuemer":"Land Berlin","bezirk":"Charlottenburg-Wilmersdorf"},"bbox":[385440.40689994,5818035.25039965,385440.40689994,5818035.25039965]},{"type":"Feature","id":"strassenbaeume.00008100_000c319e","geometry":{"type":"Point","coordinates":[385384.86839994,5818027.62529965]},"geometry_name":"geom","properties":{"gisid":"00008100_000c319e","pitid":"00008100:000c319e","standortnr":"267","kennzeich":"02642","namenr":"Kurf\u00fcrstendamm","art_dtsch":"Ahornbl\u00e4ttrige Platane","art_bot":"Platanus acerifolia","gattung_deutsch":"Platane","gattung":"Platanus","art_gruppe":"Laubb\u00e4ume","strnr":"02642","strname":"Kurf\u00fcrstendamm","hausnr":"179","zusatz":null,"pflanzjahr":"1986","standalter":40,"kronedurch":16,"stammumfg":169,"baumhoehe":17,"eigentuemer":"Land Berlin","bezirk":"Charlottenburg-Wilmersdorf"},"bbox":[385384.86839994,5818027.62529965,385384.86839994,5818027.62529965]},{"type":"Feature","id":"strassenbaeume.00008100_000c319f","geometry":{"type":"Point","coordinates":[385375.44379994,5818026.56469965]},"geometry_name":"geom","properties":{"gisid":"00008100_000c319f","pitid":"00008100:000c319f","standortnr":"266","kennzeich":"02642","namenr":"Kurf\u00fcrstendamm","art_dtsch":"Ahornbl\u00e4ttrige Platane","art_bot":"Platanus acerifolia","gattung_deutsch":"Platane","gattung":"Platanus","art_gruppe":"Laubb\u00e4ume","strnr":"02642","strname":"Kurf\u00fcrstendamm","hausnr":"179","zusatz":null,"pflanzjahr":"1986","standalter":40,"kronedurch":17,"stammumfg":172,"baumhoehe":17,"eigentuemer":"Land Berlin","bezirk":"Charlottenburg-Wilmersdorf"},"bbox":[385375.44379994,5818026.56469965,385375.44379994,5818026.56469965]},{"type":"Feature","id":"strassenbaeume.00008100_000c31a0","geometry":{"type":"Point","coordinates":[385359.68839994,5818024.07349965]},"geometry_name":"geom","properties":{"gisid":"00008100_000c31a0","pitid":"00008100:000c31a0","standortnr":"265","kennzeich":"02642","namenr":"Kurf\u00fcrstendamm","art_dtsch":"Ahornbl\u00e4ttrige Platane","art_bot":"Platanus acerifolia","gattung_deutsch":"Platane","gattung":"Platanus","art_gruppe":"Laubb\u00e4ume","strnr":"02642","strname":"Kurf\u00fcrstendamm","hausnr":"178","zusatz":null,"pflanzjahr":"1984","standalter":42,"kronedurch":17,"stammumfg":163,"baumhoehe":12,"eigentuemer":"Land Berlin","bezirk":"Charlottenburg-Wilmersdorf"},"bbox":[385359.68839994,5818024.07349965,385359.68839994,5818024.07349965]},{"type":"Feature","id":"strassenbaeume.00008100_000c31a1","geometry":{"type":"Point","coordinates":[385336.78839994,5818020.89229965]},"geometry_name":"geom","properties":{"gisid":"00008100_000c31a1","pitid":"00008100:000c31a1","standortnr":"264","kennzeich":"02642","namenr":"Kurf\u00fcrstendamm","art_dtsch":"Ahornbl\u00e4ttrige Platane","art_bot":"Platanus acerifolia","gattung_deutsch":"Platane","gattung":"Platanus","art_gruppe":"Laubb\u00e4ume","strnr":"02642","strname":"Kurf\u00fcrstendamm","hausnr":"178","zusatz":null,"pflanzjahr":"1988","standalter":38,"kronedurch":9,"stammumfg":93,"baumhoehe":12,"eigentuemer":"Land Berlin","bezirk":"Charlottenburg-Wilmersdorf"},"bbox":[385336.78839994,5818020.89229965,385336.78839994,5818020.89229965]},{"type":"Feature","id":"strassenbaeume.00008100_000c31a2","geometry":{"type":"Point","coordinates":[385326.11349994,5818019.33849965]},"geometry_name":"geom","properties":{"gisid":"00008100_000c31a2","pitid":"00008100:000c31a2","standortnr":"263","kennzeich":"02642","namenr":"Kurf\u00fcrstendamm","art_dtsch":"Ahornbl\u00e4ttrige Platane","art_bot":"Platanus acerifolia","gattung_deutsch":"Platane","gattung":"Platanus","art_gruppe":"Laubb\u00e4ume","strnr":"02642","strname":"Kurf\u00fcrstendamm","hausnr":"177","zusatz":null,"pflanzjahr":"1970","standalter":56,"kronedurch":19,"stammumfg":229,"baumhoehe":25,"eigentuemer":"Land Berlin","bezirk":"Charlottenburg-Wilmersdorf"},"bbox":[385326.11349994,5818019.33849965,385326.11349994,5818019.33849965]},{"type":"Feature","id":"strassenbaeume.00008100_000c31a3","geometry":{"type":"Point","coordinates":[385311.09259994,5818017.45329965]},"geometry_name":"geom","properties":{"gisid":"00008100_000c31a3","pitid":"00008100:000c31a3","standortnr":"262","kennzeich":"02642","namenr":"Kurf\u00fcrstendamm","art_dtsch":"Ahornbl\u00e4ttrige Platane","art_bot":"Platanus acerifolia","gattung_deutsch":"Platane","gattung":"Platanus","art_gruppe":"Laubb\u00e4ume","strnr":"02642","strname":"Kurf\u00fcrstendamm","hausnr":"177","zusatz":null,"pflanzjahr":"1970","standalter":56,"kronedurch":17,"stammumfg":206,"baumhoehe":17,"eigentuemer":"Land Berlin","bezirk":"Charlottenburg-Wilmersdorf"},"bbox":[385311.09259994,5818017.45329965,385311.09259994,5818017.45329965]},{"type":"Feature","id":"strassenbaeume.00008100_000c31a4","geometry":{"type":"Point","coordinates":[385296.68559994,5818015.24749965]},"geometry_name":"geom","properties":{"gisid":"00008100_000c31a4","pitid":"00008100:000c31a4","standortnr":"261","kennzeich":"02642","namenr":"Kurf\u00fcrstendamm","art_dtsch":"Ahornbl\u00e4ttrige Platane","art_bot":"Platanus acerifolia","gattung_deutsch":"Platane","gattung":"Platanus","art_gruppe":"Laubb\u00e4ume","strnr":"02642","strname":"Kurf\u00fcrstendamm","hausnr":"175-176","zusatz":null,"pflanzjahr":"1965","standalter":61,"kronedurch":18,"stammumfg":227,"baumhoehe":25,"eigentuemer":"Land Berlin","bezirk":"Charlottenburg-Wilmersdorf"},"bbox":[385296.68559994,5818015.24749965,385296.68559994,5818015.24749965]},{"type":"Feature","id":"strassenbaeume.00008100_000c31a5","geometry":{"type":"Point","coordinates":[385282.18149994,5818013.35349965]},"geometry_name":"geom","properties":{"gisid":"00008100_000c31a5","pitid":"00008100:000c31a5","standortnr":"260","kennzeich":"02642","namenr":"Kurf\u00fcrstendamm","art_dtsch":"Ahornbl\u00e4ttrige Platane","art_bot":"Platanus acerifolia","gattung_deutsch":"Platane","gattung":"Platanus","art_gruppe":"Laubb\u00e4ume","strnr":"02642","strname":"Kurf\u00fcrstendamm","hausnr":"175-176","zusatz":null,"pflanzjahr":"1954","standalter":72,"kronedurch":19,"stammumfg":214,"baumhoehe":25,"eigentuemer":"Land Berlin","bezirk":"Charlottenburg-Wilmersdorf"},"bbox":[385282.18149994,5818013.35349965,385282.18149994,5818013.35349965]},{"type":"Feature","id":"strassenbaeume.00008100_000c31a6","geometry":{"type":"Point","coordinates":[385266.74089994,5818011.16639965]},"geometry_name":"geom","properties":{"gisid":"00008100_000c31a6","pitid":"00008100:000c31a6","standortnr":"259","kennzeich":"02642","namenr":"Kurf\u00fcrstendamm","art_dtsch":"Spitz-Ahorn","art_bot":"Acer platanoides","gattung_deutsch":"Ahorn","gattung":"Acer","art_gruppe":"Laubb\u00e4ume","strnr":"02642","strname":"Kurf\u00fcrstendamm","hausnr":"173-174","zusatz":null,"pflanzjahr":"1977","standalter":49,"kronedurch":14,"stammumfg":135,"baumhoehe":22,"eigentuemer":"Land Berlin","bezirk":"Charlottenburg-Wilmersdorf"},"bbox":[385266.74089994,5818011.16639965,385266.74089994,5818011.16639965]},{"type":"Feature","id":"strassenbaeume.00008100_000c31a7","geometry":{"type":"Point","coordinates":[385251.18749994,5818008.46539965]},"geometry_name":"geom","properties":{"gisid":"00008100_000c31a7","pitid":"00008100:000c31a7","standortnr":"258","kennzeich":"02642","namenr":"Kurf\u00fcrstendamm","art_dtsch":"Ahornbl\u00e4ttrige Platane","art_bot":"Platanus acerifolia","gattung_deutsch":"Platane","gattung":"Platanus","art_gruppe":"Laubb\u00e4ume","strnr":"02642","strname":"Kurf\u00fcrstendamm","hausnr":"173-174","zusatz":null,"pflanzjahr":"1950","standalter":76,"kronedurch":19,"stammumfg":248,"baumhoehe":25,"eigentuemer":"Land Berlin","bezirk":"Charlottenburg-Wilmersdorf"},"bbox":[385251.18749994,5818008.46539965,385251.18749994,5818008.46539965]},{"type":"Feature","id":"strassenbaeume.00008100_000c31a8","geometry":{"type":"Point","coordinates":[385237.72379994,5818006.96459965]},"geometry_name":"geom","properties":{"gisid":"00008100_000c31a8","pitid":"00008100:000c31a8","standortnr":"257","kennzeich":"02642","namenr":"Kurf\u00fcrstendamm","art_dtsch":"Ahornbl\u00e4ttrige Platane","art_bot":"Platanus acerifolia","gattung_deutsch":"Platane","gattung":"Platanus","art_gruppe":"Laubb\u00e4ume","strnr":"02642","strname":"Kurf\u00fcrstendamm","hausnr":"171-172","zusatz":null,"pflanzjahr":"1954","standalter":72,"kronedurch":18,"stammumfg":251,"baumhoehe":17,"eigentuemer":"Land Berlin","bezirk":"Charlottenburg-Wilmersdorf"},"bbox":[385237.72379994,5818006.96459965,385237.72379994,5818006.96459965]},{"type":"Feature","id":"strassenbaeume.00008100_000c31a9","geometry":{"type":"Point","coordinates":[385221.24469994,5818004.48719965]},"geometry_name":"geom","properties":{"gisid":"00008100_000c31a9","pitid":"00008100:000c31a9","standortnr":"256","kennzeich":"02642","namenr":"Kurf\u00fcrstendamm","art_dtsch":"Ahornbl\u00e4ttrige Platane","art_bot":"Platanus acerifolia","gattung_deutsch":"Platane","gattung":"Platanus","art_gruppe":"Laubb\u00e4ume","strnr":"02642","strname":"Kurf\u00fcrstendamm","hausnr":"171-172","zusatz":null,"pflanzjahr":"1984","standalter":42,"kronedurch":11,"stammumfg":107,"baumhoehe":12,"eigentuemer":"Land Berlin","bezirk":"Charlottenburg-Wilmersdorf"},"bbox":[385221.24469994,5818004.48719965,385221.24469994,5818004.48719965]},{"type":"Feature","id":"strassenbaeume.00008100_000c31aa","geometry":{"type":"Point","coordinates":[385207.35639994,5818002.37459965]},"geometry_name":"geom","properties":{"gisid":"00008100_000c31aa","pitid":"00008100:000c31aa","standortnr":"255","kennzeich":"02642","namenr":"Kurf\u00fcrstendamm","art_dtsch":"Ahornbl\u00e4ttrige Platane","art_bot":"Platanus acerifolia","gattung_deutsch":"Platane","gattung":"Platanus","art_gruppe":"Laubb\u00e4ume","strnr":"02642","strname":"Kurf\u00fcrstendamm","hausnr":"170","zusatz":null,"pflanzjahr":"1950","standalter":76,"kronedurch":17,"stammumfg":221,"baumhoehe":17,"eigentuemer":"Land Berlin","bezirk":"Charlottenburg-Wilmersdorf"},"bbox":[385207.35639994,5818002.37459965,385207.35639994,5818002.37459965]},{"type":"Feature","id":"strassenbaeume.00008100_000c31ab","geometry":{"type":"Point","coordinates":[385195.96469994,5818001.14429965]},"geometry_name":"geom","properties":{"gisid":"00008100_000c31ab","pitid":"00008100:000c31ab","standortnr":"254","kennzeich":"02642","namenr":"Kurf\u00fcrstendamm","art_dtsch":"Ahornbl\u00e4ttrige Platane","art_bot":"Platanus acerifolia","gattung_deutsch":"Platane","gattung":"Platanus","art_gruppe":"Laubb\u00e4ume","strnr":"02642","strname":"Kurf\u00fcrstendamm","hausnr":"170","zusatz":null,"pflanzjahr":"1954","standalter":72,"kronedurch":12,"stammumfg":201,"baumhoehe":14,"eigentuemer":"Land Berlin","bezirk":"Charlottenburg-Wilmersdorf"},"bbox":[385195.96469994,5818001.14429965,385195.96469994,5818001.14429965]},{"type":"Feature","id":"strassenbaeume.00008100_000c31ac","geometry":{"type":"Point","coordinates":[385177.31159994,5817998.50229965]},"geometry_name":"geom","properties":{"gisid":"00008100_000c31ac","pitid":"00008100:000c31ac","standortnr":"253","kennzeich":"02642","namenr":"Kurf\u00fcrstendamm","art_dtsch":"Ahornbl\u00e4ttrige Platane","art_bot":"Platanus acerifolia","gattung_deutsch":"Platane","gattung":"Platanus","art_gruppe":"Laubb\u00e4ume","strnr":"02642","strname":"Kurf\u00fcrstendamm","hausnr":"167-168","zusatz":null,"pflanzjahr":"1970","standalter":56,"kronedurch":13,"stammumfg":166,"baumhoehe":12,"eigentuemer":"Land Berlin","bezirk":"Charlottenburg-Wilmersdorf"},"bbox":[385177.31159994,5817998.50229965,385177.31159994,5817998.50229965]},{"type":"Feature","id":"strassenbaeume.00008100_000c31ad","geometry":{"type":"Point","coordinates":[385164.67459994,5817996.98579964]},"geometry_name":"geom","properties":{"gisid":"00008100_000c31ad","pitid":"00008100:000c31ad","standortnr":"252","kennzeich":"02642","namenr":"Kurf\u00fcrstendamm","art_dtsch":"Ahornbl\u00e4ttrige Platane","art_bot":"Platanus acerifolia","gattung_deutsch":"Platane","gattung":"Platanus","art_gruppe":"Laubb\u00e4ume","strnr":"02642","strname":"Kurf\u00fcrstendamm","hausnr":"167-168","zusatz":null,"pflanzjahr":"1986","standalter":40,"kronedurch":15,"stammumfg":172,"baumhoehe":17,"eigentuemer":"Land Berlin","bezirk":"Charlottenburg-Wilmersdorf"},"bbox":[385164.67459994,5817996.98579964,385164.67459994,5817996.98579964]},{"type":"Feature","id":"strassenbaeume.00008100_000c31ae","geometry":{"type":"Point","coordinates":[385149.12609994,5817994.49169964]},"geometry_name":"geom","properties":{"gisid":"00008100_000c31ae","pitid":"00008100:000c31ae","standortnr":"251","kennzeich":"02642","namenr":"Kurf\u00fcrstendamm","art_dtsch":"Ahornbl\u00e4ttrige Platane","art_bot":"Platanus acerifolia","gattung_deutsch":"Platane","gattung":"Platanus","art_gruppe":"Laubb\u00e4ume","strnr":"02642","strname":"Kurf\u00fcrstendamm","hausnr":"166","zusatz":null,"pflanzjahr":"1984","standalter":42,"kronedurch":15,"stammumfg":135,"baumhoehe":17,"eigentuemer":"Land Berlin","bezirk":"Charlottenburg-Wilmersdorf"},"bbox":[385149.12609994,5817994.49169964,385149.12609994,5817994.49169964]},{"type":"Feature","id":"strassenbaeume.00008100_000c31af","geometry":{"type":"Point","coordinates":[385135.24269994,5817992.68889965]},"geometry_name":"geom","properties":{"gisid":"00008100_000c31af","pitid":"00008100:000c31af","standortnr":"250","kennzeich":"02642","namenr":"Kurf\u00fcrstendamm","art_dtsch":"Ahornbl\u00e4ttrige Platane","art_bot":"Platanus acerifolia","gattung_deutsch":"Platane","gattung":"Platanus","art_gruppe":"Laubb\u00e4ume","strnr":"02642","strname":"Kurf\u00fcrstendamm","hausnr":"166","zusatz":null,"pflanzjahr":"1984","standalter":42,"kronedurch":15,"stammumfg":155,"baumhoehe":12,"eigentuemer":"Land Berlin","bezirk":"Charlottenburg-Wilmersdorf"},"bbox":[385135.24269994,5817992.68889965,385135.24269994,5817992.68889965]},{"type":"Feature","id":"strassenbaeume.00008100_000c31b0","geometry":{"type":"Point","coordinates":[385011.83509994,5817964.85819965]},"geometry_name":"geom","properties":{"gisid":"00008100_000c31b0","pitid":"00008100:000c31b0","standortnr":"249","kennzeich":"02642","namenr":"Kurf\u00fcrstendamm","art_dtsch":"Ahornbl\u00e4ttrige Platane","art_bot":"Platanus acerifolia","gattung_deutsch":"Platane","gattung":"Platanus","art_gruppe":"Laubb\u00e4ume","strnr":"02642","strname":"Kurf\u00fcrstendamm","hausnr":"162","zusatz":null,"pflanzjahr":"1954","standalter":72,"kronedurch":22,"stammumfg":242,"baumhoehe":17,"eigentuemer":"Land Berlin","bezirk":"Charlottenburg-Wilmersdorf"},"bbox":[385011.83509994,5817964.85819965,385011.83509994,5817964.85819965]},{"type":"Feature","id":"strassenbaeume.00008100_000c31b2","geometry":{"type":"Point","coordinates":[384949.38099994,5817946.82439965]},"geometry_name":"geom","properties":{"gisid":"00008100_000c31b2","pitid":"00008100:000c31b2","standortnr":"246","kennzeich":"02642","namenr":"Kurf\u00fcrstendamm","art_dtsch":"Ahornbl\u00e4ttrige Platane","art_bot":"Platanus acerifolia","gattung_deutsch":"Platane","gattung":"Platanus","art_gruppe":"Laubb\u00e4ume","strnr":"02642","strname":"Kurf\u00fcrstendamm","hausnr":"160","zusatz":null,"pflanzjahr":"1991","standalter":35,"kronedurch":5,"stammumfg":85,"baumhoehe":7,"eigentuemer":"Land Berlin","bezirk":"Charlottenburg-Wilmersdorf"},"bbox":[384949.38099994,5817946.82439965,384949.38099994,5817946.82439965]},{"type":"Feature","id":"strassenbaeume.00008100_000c31b3","geometry":{"type":"Point","coordinates":[386392.06259994,5818254.94789965]},"geometry_name":"geom","properties":{"gisid":"00008100_000c31b3","pitid":"00008100:000c31b3","standortnr":"321","kennzeich":"02642","namenr":"Kurf\u00fcrstendamm","art_dtsch":"Ahornbl\u00e4ttrige Platane","art_bot":"Platanus acerifolia","gattung_deutsch":"Platane","gattung":"Platanus","art_gruppe":"Laubb\u00e4ume","strnr":"02642","strname":"Kurf\u00fcrstendamm","hausnr":"214","zusatz":null,"pflanzjahr":"1985","standalter":41,"kronedurch":17,"stammumfg":168,"baumhoehe":17,"eigentuemer":"Land Berlin","bezirk":"Charlottenburg-Wilmersdorf"},"bbox":[386392.06259994,5818254.94789965,386392.06259994,5818254.94789965]},{"type":"Feature","id":"strassenbaeume.00008100_000c31b4","geometry":{"type":"Point","coordinates":[384939.92989994,5817944.42029965]},"geometry_name":"geom","properties":{"gisid":"00008100_000c31b4","pitid":"00008100:000c31b4","standortnr":"245","kennzeich":"02642","namenr":"Kurf\u00fcrstendamm","art_dtsch":"Ahornbl\u00e4ttrige Platane","art_bot":"Platanus acerifolia","gattung_deutsch":"Platane","gattung":"Platanus","art_gruppe":"Laubb\u00e4ume","strnr":"02642","strname":"Kurf\u00fcrstendamm","hausnr":"160","zusatz":null,"pflanzjahr":"1965","standalter":61,"kronedurch":19,"stammumfg":191,"baumhoehe":17,"eigentuemer":"Land Berlin","bezirk":"Charlottenburg-Wilmersdorf"},"bbox":[384939.92989994,5817944.42029965,384939.92989994,5817944.42029965]},{"type":"Feature","id":"strassenbaeume.00008100_000c31b6","geometry":{"type":"Point","coordinates":[384921.75329994,5817939.59839965]},"geometry_name":"geom","properties":{"gisid":"00008100_000c31b6","pitid":"00008100:000c31b6","standortnr":"244","kennzeich":"02642","namenr":"Kurf\u00fcrstendamm","art_dtsch":"Ahornbl\u00e4ttrige Platane","art_bot":"Platanus acerifolia","gattung_deutsch":"Platane","gattung":"Platanus","art_gruppe":"Laubb\u00e4ume","strnr":"02642","strname":"Kurf\u00fcrstendamm","hausnr":"160","zusatz":null,"pflanzjahr":"1970","standalter":56,"kronedurch":14,"stammumfg":179,"baumhoehe":17,"eigentuemer":"Land Berlin","bezirk":"Charlottenburg-Wilmersdorf"},"bbox":[384921.75329994,5817939.59839965,384921.75329994,5817939.59839965]},{"type":"Feature","id":"strassenbaeume.00008100_000c31b7","geometry":{"type":"Point","coordinates":[384911.87369994,5817936.37649965]},"geometry_name":"geom","properties":{"gisid":"00008100_000c31b7","pitid":"00008100:000c31b7","standortnr":"243","kennzeich":"02642","namenr":"Kurf\u00fcrstendamm","art_dtsch":"Ahornbl\u00e4ttrige Platane","art_bot":"Platanus acerifolia","gattung_deutsch":"Platane","gattung":"Platanus","art_gruppe":"Laubb\u00e4ume","strnr":"02642","strname":"Kurf\u00fcrstendamm","hausnr":"159","zusatz":null,"pflanzjahr":"1970","standalter":56,"kronedurch":19,"stammumfg":189,"baumhoehe":17,"eigentuemer":"Land Berlin","bezirk":"Charlottenburg-Wilmersdorf"},"bbox":[384911.87369994,5817936.37649965,384911.87369994,5817936.37649965]},{"type":"Feature","id":"strassenbaeume.00008100_000c31b8","geometry":{"type":"Point","coordinates":[384895.98679994,5817932.44099964]},"geometry_name":"geom","properties":{"gisid":"00008100_000c31b8","pitid":"00008100:000c31b8","standortnr":"242","kennzeich":"02642","namenr":"Kurf\u00fcrstendamm","art_dtsch":"Ahornbl\u00e4ttrige Platane","art_bot":"Platanus acerifolia","gattung_deutsch":"Platane","gattung":"Platanus","art_gruppe":"Laubb\u00e4ume","strnr":"02642","strname":"Kurf\u00fcrstendamm","hausnr":"157-158","zusatz":null,"pflanzjahr":"1954","standalter":72,"kronedurch":18,"stammumfg":205,"baumhoehe":17,"eigentuemer":"Land Berlin","bezirk":"Charlottenburg-Wilmersdorf"},"bbox":[384895.98679994,5817932.44099964,384895.98679994,5817932.44099964]},{"type":"Feature","id":"strassenbaeume.00008100_000c31ba","geometry":{"type":"Point","coordinates":[384870.80279994,5817925.04749964]},"geometry_name":"geom","properties":{"gisid":"00008100_000c31ba","pitid":"00008100:000c31ba","standortnr":"240","kennzeich":"02642","namenr":"Kurf\u00fcrstendamm","art_dtsch":"Ahornbl\u00e4ttrige Platane","art_bot":"Platanus acerifolia","gattung_deutsch":"Platane","gattung":"Platanus","art_gruppe":"Laubb\u00e4ume","strnr":"02642","strname":"Kurf\u00fcrstendamm","hausnr":"157-158","zusatz":null,"pflanzjahr":"1988","standalter":38,"kronedurch":9,"stammumfg":104,"baumhoehe":12,"eigentuemer":"Land Berlin","bezirk":"Charlottenburg-Wilmersdorf"},"bbox":[384870.80279994,5817925.04749964,384870.80279994,5817925.04749964]},{"type":"Feature","id":"strassenbaeume.00008100_000c31bb","geometry":{"type":"Point","coordinates":[384840.10669994,5817916.37189964]},"geometry_name":"geom","properties":{"gisid":"00008100_000c31bb","pitid":"00008100:000c31bb","standortnr":"239","kennzeich":"02642","namenr":"Kurf\u00fcrstendamm","art_dtsch":"Ahornbl\u00e4ttrige Platane","art_bot":"Platanus acerifolia","gattung_deutsch":"Platane","gattung":"Platanus","art_gruppe":"Laubb\u00e4ume","strnr":"02642","strname":"Kurf\u00fcrstendamm","hausnr":"156","zusatz":null,"pflanzjahr":"1991","standalter":35,"kronedurch":4,"stammumfg":69,"baumhoehe":7,"eigentuemer":"Land Berlin","bezirk":"Charlottenburg-Wilmersdorf"},"bbox":[384840.10669994,5817916.37189964,384840.10669994,5817916.37189964]},{"type":"Feature","id":"strassenbaeume.00008100_000c31bd","geometry":{"type":"Point","coordinates":[384831.75589994,5817914.09689964]},"geometry_name":"geom","properties":{"gisid":"00008100_000c31bd","pitid":"00008100:000c31bd","standortnr":"238","kennzeich":"02642","namenr":"Kurf\u00fcrstendamm","art_dtsch":"Ahornbl\u00e4ttrige Platane","art_bot":"Platanus acerifolia","gattung_deutsch":"Platane","gattung":"Platanus","art_gruppe":"Laubb\u00e4ume","strnr":"02642","strname":"Kurf\u00fcrstendamm","hausnr":"156","zusatz":null,"pflanzjahr":"1977","standalter":49,"kronedurch":15,"stammumfg":148,"baumhoehe":12,"eigentuemer":"Land Berlin","bezirk":"Charlottenburg-Wilmersdorf"},"bbox":[384831.75589994,5817914.09689964,384831.75589994,5817914.09689964]},{"type":"Feature","id":"strassenbaeume.00008100_000c31be","geometry":{"type":"Point","coordinates":[384818.72699994,5817910.69399964]},"geometry_name":"geom","properties":{"gisid":"00008100_000c31be","pitid":"00008100:000c31be","standortnr":"237","kennzeich":"02642","namenr":"Kurf\u00fcrstendamm","art_dtsch":"Ahornbl\u00e4ttrige Platane","art_bot":"Platanus acerifolia","gattung_deutsch":"Platane","gattung":"Platanus","art_gruppe":"Laubb\u00e4ume","strnr":"02642","strname":"Kurf\u00fcrstendamm","hausnr":"156","zusatz":null,"pflanzjahr":"1970","standalter":56,"kronedurch":17,"stammumfg":201,"baumhoehe":17,"eigentuemer":"Land Berlin","bezirk":"Charlottenburg-Wilmersdorf"},"bbox":[384818.72699994,5817910.69399964,384818.72699994,5817910.69399964]},{"type":"Feature","id":"strassenbaeume.00008100_000c31c0","geometry":{"type":"Point","coordinates":[384802.54919994,5817905.81599964]},"geometry_name":"geom","properties":{"gisid":"00008100_000c31c0","pitid":"00008100:000c31c0","standortnr":"236","kennzeich":"02642","namenr":"Kurf\u00fcrstendamm","art_dtsch":"Ahornbl\u00e4ttrige Platane","art_bot":"Platanus acerifolia","gattung_deutsch":"Platane","gattung":"Platanus","art_gruppe":"Laubb\u00e4ume","strnr":"02642","strname":"Kurf\u00fcrstendamm","hausnr":"156","zusatz":null,"pflanzjahr":"1970","standalter":56,"kronedurch":14,"stammumfg":176,"baumhoehe":21,"eigentuemer":"Land Berlin","bezirk":"Charlottenburg-Wilmersdorf"},"bbox":[384802.54919994,5817905.81599964,384802.54919994,5817905.81599964]},{"type":"Feature","id":"strassenbaeume.00008100_000c31c1","geometry":{"type":"Point","coordinates":[384773.48199994,5817897.77349964]},"geometry_name":"geom","properties":{"gisid":"00008100_000c31c1","pitid":"00008100:000c31c1","standortnr":"235","kennzeich":"02642","namenr":"Kurf\u00fcrstendamm","art_dtsch":"Ahornbl\u00e4ttrige Platane","art_bot":"Platanus acerifolia","gattung_deutsch":"Platane","gattung":"Platanus","art_gruppe":"Laubb\u00e4ume","strnr":"02642","strname":"Kurf\u00fcrstendamm","hausnr":"153","zusatz":null,"pflanzjahr":"1954","standalter":72,"kronedurch":19,"stammumfg":217,"baumhoehe":17,"eigentuemer":"Land Berlin","bezirk":"Charlottenburg-Wilmersdorf"},"bbox":[384773.48199994,5817897.77349964,384773.48199994,5817897.77349964]},{"type":"Feature","id":"strassenbaeume.00008100_000c31c2","geometry":{"type":"Point","coordinates":[384759.34749994,5817893.59859964]},"geometry_name":"geom","properties":{"gisid":"00008100_000c31c2","pitid":"00008100:000c31c2","standortnr":"234","kennzeich":"02642","namenr":"Kurf\u00fcrstendamm","art_dtsch":"Ahornbl\u00e4ttrige Platane","art_bot":"Platanus acerifolia","gattung_deutsch":"Platane","gattung":"Platanus","art_gruppe":"Laubb\u00e4ume","strnr":"02642","strname":"Kurf\u00fcrstendamm","hausnr":"153","zusatz":null,"pflanzjahr":"1954","standalter":72,"kronedurch":18,"stammumfg":216,"baumhoehe":17,"eigentuemer":"Land Berlin","bezirk":"Charlottenburg-Wilmersdorf"},"bbox":[384759.34749994,5817893.59859964,384759.34749994,5817893.59859964]},{"type":"Feature","id":"strassenbaeume.00008100_000c31c3","geometry":{"type":"Point","coordinates":[384750.03749994,5817890.78189965]},"geometry_name":"geom","properties":{"gisid":"00008100_000c31c3","pitid":"00008100:000c31c3","standortnr":"233","kennzeich":"02642","namenr":"Kurf\u00fcrstendamm","art_dtsch":"Ahornbl\u00e4ttrige Platane","art_bot":"Platanus acerifolia","gattung_deutsch":"Platane","gattung":"Platanus","art_gruppe":"Laubb\u00e4ume","strnr":"02642","strname":"Kurf\u00fcrstendamm","hausnr":"153","zusatz":null,"pflanzjahr":"1991","standalter":35,"kronedurch":6,"stammumfg":80,"baumhoehe":7,"eigentuemer":"Land Berlin","bezirk":"Charlottenburg-Wilmersdorf"},"bbox":[384750.03749994,5817890.78189965,384750.03749994,5817890.78189965]},{"type":"Feature","id":"strassenbaeume.00008100_000c31c4","geometry":{"type":"Point","coordinates":[384744.08079994,5817889.20229964]},"geometry_name":"geom","properties":{"gisid":"00008100_000c31c4","pitid":"00008100:000c31c4","standortnr":"232","kennzeich":"02642","namenr":"Kurf\u00fcrstendamm","art_dtsch":"Ahornbl\u00e4ttrige Platane","art_bot":"Platanus acerifolia","gattung_deutsch":"Platane","gattung":"Platanus","art_gruppe":"Laubb\u00e4ume","strnr":"02642","strname":"Kurf\u00fcrstendamm","hausnr":"153","zusatz":null,"pflanzjahr":"1991","standalter":35,"kronedurch":9,"stammumfg":91,"baumhoehe":7,"eigentuemer":"Land Berlin","bezirk":"Charlottenburg-Wilmersdorf"},"bbox":[384744.08079994,5817889.20229964,384744.08079994,5817889.20229964]},{"type":"Feature","id":"strassenbaeume.00008100_000c31c5","geometry":{"type":"Point","coordinates":[384747.01049994,5817918.73959965]},"geometry_name":"geom","properties":{"gisid":"00008100_000c31c5","pitid":"00008100:000c31c5","standortnr":"128","kennzeich":"02642","namenr":"Kurf\u00fcrstendamm","art_dtsch":"Ahornbl\u00e4ttrige Platane","art_bot":"Platanus acerifolia","gattung_deutsch":"Platane","gattung":"Platanus","art_gruppe":"Laubb\u00e4ume","strnr":"02642","strname":"Kurf\u00fcrstendamm","hausnr":null,"zusatz":null,"pflanzjahr":"1970","standalter":56,"kronedurch":15,"stammumfg":150,"baumhoehe":17,"eigentuemer":"Land Berlin","bezirk":"Charlottenburg-Wilmersdorf"},"bbox":[384747.01049994,5817918.73959965,384747.01049994,5817918.73959965]},{"type":"Feature","id":"strassenbaeume.00008100_000c31c6","geometry":{"type":"Point","coordinates":[384761.76179994,5817922.69569964]},"geometry_name":"geom","properties":{"gisid":"00008100_000c31c6","pitid":"00008100:000c31c6","standortnr":"127","kennzeich":"02642","namenr":"Kurf\u00fcrstendamm","art_dtsch":"Ahornbl\u00e4ttrige Platane","art_bot":"Platanus acerifolia","gattung_deutsch":"Platane","gattung":"Platanus","art_gruppe":"Laubb\u00e4ume","strnr":"02642","strname":"Kurf\u00fcrstendamm","hausnr":null,"zusatz":null,"pflanzjahr":"1975","standalter":51,"kronedurch":15,"stammumfg":142,"baumhoehe":17,"eigentuemer":"Land Berlin","bezirk":"Charlottenburg-Wilmersdorf"},"bbox":[384761.76179994,5817922.69569964,384761.76179994,5817922.69569964]},{"type":"Feature","id":"strassenbaeume.00008100_000c31c7","geometry":{"type":"Point","coordinates":[384775.80619994,5817927.59619965]},"geometry_name":"geom","properties":{"gisid":"00008100_000c31c7","pitid":"00008100:000c31c7","standortnr":"126","kennzeich":"02642","namenr":"Kurf\u00fcrstendamm","art_dtsch":"Ahornbl\u00e4ttrige Platane","art_bot":"Platanus acerifolia","gattung_deutsch":"Platane","gattung":"Platanus","art_gruppe":"Laubb\u00e4ume","strnr":"02642","strname":"Kurf\u00fcrstendamm","hausnr":null,"zusatz":null,"pflanzjahr":"1990","standalter":36,"kronedurch":9,"stammumfg":75,"baumhoehe":7,"eigentuemer":"Land Berlin","bezirk":"Charlottenburg-Wilmersdorf"},"bbox":[384775.80619994,5817927.59619965,384775.80619994,5817927.59619965]},{"type":"Feature","id":"strassenbaeume.00008100_000c31c8","geometry":{"type":"Point","coordinates":[384797.62079994,5817933.48489964]},"geometry_name":"geom","properties":{"gisid":"00008100_000c31c8","pitid":"00008100:000c31c8","standortnr":"123","kennzeich":"02642","namenr":"Kurf\u00fcrstendamm","art_dtsch":"Ahornbl\u00e4ttrige Platane","art_bot":"Platanus acerifolia","gattung_deutsch":"Platane","gattung":"Platanus","art_gruppe":"Laubb\u00e4ume","strnr":"02642","strname":"Kurf\u00fcrstendamm","hausnr":null,"zusatz":null,"pflanzjahr":"1990","standalter":36,"kronedurch":6,"stammumfg":69,"baumhoehe":7,"eigentuemer":"Land Berlin","bezirk":"Charlottenburg-Wilmersdorf"},"bbox":[384797.62079994,5817933.48489964,384797.62079994,5817933.48489964]},{"type":"Feature","id":"strassenbaeume.00008100_000c31c9","geometry":{"type":"Point","coordinates":[384803.34269994,5817935.44389965]},"geometry_name":"geom","properties":{"gisid":"00008100_000c31c9","pitid":"00008100:000c31c9","standortnr":"122","kennzeich":"02642","namenr":"Kurf\u00fcrstendamm","art_dtsch":"Ahornbl\u00e4ttrige Platane","art_bot":"Platanus acerifolia","gattung_deutsch":"Platane","gattung":"Platanus","art_gruppe":"Laubb\u00e4ume","strnr":"02642","strname":"Kurf\u00fcrstendamm","hausnr":null,"zusatz":null,"pflanzjahr":"1980","standalter":46,"kronedurch":11,"stammumfg":110,"baumhoehe":21,"eigentuemer":"Land Berlin","bezirk":"Charlottenburg-Wilmersdorf"},"bbox":[384803.34269994,5817935.44389965,384803.34269994,5817935.44389965]},{"type":"Feature","id":"strassenbaeume.00008100_000c31ca","geometry":{"type":"Point","coordinates":[384813.31749994,5817938.25099965]},"geometry_name":"geom","properties":{"gisid":"00008100_000c31ca","pitid":"00008100:000c31ca","standortnr":"121","kennzeich":"02642","namenr":"Kurf\u00fcrstendamm","art_dtsch":"Ahornbl\u00e4ttrige Platane","art_bot":"Platanus acerifolia","gattung_deutsch":"Platane","gattung":"Platanus","art_gruppe":"Laubb\u00e4ume","strnr":"02642","strname":"Kurf\u00fcrstendamm","hausnr":"76","zusatz":null,"pflanzjahr":"1980","standalter":46,"kronedurch":11,"stammumfg":119,"baumhoehe":12,"eigentuemer":"Land Berlin","bezirk":"Charlottenburg-Wilmersdorf"},"bbox":[384813.31749994,5817938.25099965,384813.31749994,5817938.25099965]},{"type":"Feature","id":"strassenbaeume.00008100_000c31cb","geometry":{"type":"Point","coordinates":[384826.60959994,5817941.61489965]},"geometry_name":"geom","properties":{"gisid":"00008100_000c31cb","pitid":"00008100:000c31cb","standortnr":"120","kennzeich":"02642","namenr":"Kurf\u00fcrstendamm","art_dtsch":"Ahornbl\u00e4ttrige Platane","art_bot":"Platanus acerifolia","gattung_deutsch":"Platane","gattung":"Platanus","art_gruppe":"Laubb\u00e4ume","strnr":"02642","strname":"Kurf\u00fcrstendamm","hausnr":"76","zusatz":null,"pflanzjahr":"1970","standalter":56,"kronedurch":15,"stammumfg":185,"baumhoehe":17,"eigentuemer":"Land Berlin","bezirk":"Charlottenburg-Wilmersdorf"},"bbox":[384826.60959994,5817941.61489965,384826.60959994,5817941.61489965]},{"type":"Feature","id":"strassenbaeume.00008100_000c31cc","geometry":{"type":"Point","coordinates":[384834.09069994,5817943.74649965]},"geometry_name":"geom","properties":{"gisid":"00008100_000c31cc","pitid":"00008100:000c31cc","standortnr":"119","kennzeich":"02642","namenr":"Kurf\u00fcrstendamm","art_dtsch":"Ahornbl\u00e4ttrige Platane","art_bot":"Platanus acerifolia","gattung_deutsch":"Platane","gattung":"Platanus","art_gruppe":"Laubb\u00e4ume","strnr":"02642","strname":"Kurf\u00fcrstendamm","hausnr":"75","zusatz":null,"pflanzjahr":"1984","standalter":42,"kronedurch":8,"stammumfg":101,"baumhoehe":12,"eigentuemer":"Land Berlin","bezirk":"Charlottenburg-Wilmersdorf"},"bbox":[384834.09069994,5817943.74649965,384834.09069994,5817943.74649965]},{"type":"Feature","id":"strassenbaeume.00008100_000c31cd","geometry":{"type":"Point","coordinates":[384783.59419994,5817929.51499965]},"geometry_name":"geom","properties":{"gisid":"00008100_000c31cd","pitid":"00008100:000c31cd","standortnr":"125","kennzeich":"02642","namenr":"Kurf\u00fcrstendamm","art_dtsch":"Ahornbl\u00e4ttrige Platane","art_bot":"Platanus acerifolia","gattung_deutsch":"Platane","gattung":"Platanus","art_gruppe":"Laubb\u00e4ume","strnr":"02642","strname":"Kurf\u00fcrstendamm","hausnr":null,"zusatz":null,"pflanzjahr":"1990","standalter":36,"kronedurch":9,"stammumfg":119,"baumhoehe":12,"eigentuemer":"Land Berlin","bezirk":"Charlottenburg-Wilmersdorf"},"bbox":[384783.59419994,5817929.51499965,384783.59419994,5817929.51499965]},{"type":"Feature","id":"strassenbaeume.00008100_000c31ce","geometry":{"type":"Point","coordinates":[384791.07719994,5817931.74949964]},"geometry_name":"geom","properties":{"gisid":"00008100_000c31ce","pitid":"00008100:000c31ce","standortnr":"124","kennzeich":"02642","namenr":"Kurf\u00fcrstendamm","art_dtsch":"Ahornbl\u00e4ttrige Platane","art_bot":"Platanus acerifolia","gattung_deutsch":"Platane","gattung":"Platanus","art_gruppe":"Laubb\u00e4ume","strnr":"02642","strname":"Kurf\u00fcrstendamm","hausnr":null,"zusatz":null,"pflanzjahr":"1990","standalter":36,"kronedurch":7,"stammumfg":79,"baumhoehe":12,"eigentuemer":"Land Berlin","bezirk":"Charlottenburg-Wilmersdorf"},"bbox":[384791.07719994,5817931.74949964,384791.07719994,5817931.74949964]},{"type":"Feature","id":"strassenbaeume.00008100_000c31cf","geometry":{"type":"Point","coordinates":[384884.80199994,5817958.38689965]},"geometry_name":"geom","properties":{"gisid":"00008100_000c31cf","pitid":"00008100:000c31cf","standortnr":"117","kennzeich":"02642","namenr":"Kurf\u00fcrstendamm","art_dtsch":"Ahornbl\u00e4ttrige Platane","art_bot":"Platanus acerifolia","gattung_deutsch":"Platane","gattung":"Platanus","art_gruppe":"Laubb\u00e4ume","strnr":"02642","strname":"Kurf\u00fcrstendamm","hausnr":"74","zusatz":null,"pflanzjahr":"1950","standalter":76,"kronedurch":18,"stammumfg":209,"baumhoehe":23,"eigentuemer":"Land Berlin","bezirk":"Charlottenburg-Wilmersdorf"},"bbox":[384884.80199994,5817958.38689965,384884.80199994,5817958.38689965]},{"type":"Feature","id":"strassenbaeume.00008100_000c31d0","geometry":{"type":"Point","coordinates":[384897.90179994,5817961.93949965]},"geometry_name":"geom","properties":{"gisid":"00008100_000c31d0","pitid":"00008100:000c31d0","standortnr":"116","kennzeich":"02642","namenr":"Kurf\u00fcrstendamm","art_dtsch":"Ahornbl\u00e4ttrige Platane","art_bot":"Platanus acerifolia","gattung_deutsch":"Platane","gattung":"Platanus","art_gruppe":"Laubb\u00e4ume","strnr":"02642","strname":"Kurf\u00fcrstendamm","hausnr":"74","zusatz":null,"pflanzjahr":"1970","standalter":56,"kronedurch":12,"stammumfg":170,"baumhoehe":17,"eigentuemer":"Land Berlin","bezirk":"Charlottenburg-Wilmersdorf"},"bbox":[384897.90179994,5817961.93949965,384897.90179994,5817961.93949965]},{"type":"Feature","id":"strassenbaeume.00008100_000c31d1","geometry":{"type":"Point","coordinates":[384905.47329994,5817963.88439964]},"geometry_name":"geom","properties":{"gisid":"00008100_000c31d1","pitid":"00008100:000c31d1","standortnr":"115","kennzeich":"02642","namenr":"Kurf\u00fcrstendamm","art_dtsch":"Ahornbl\u00e4ttrige Platane","art_bot":"Platanus acerifolia","gattung_deutsch":"Platane","gattung":"Platanus","art_gruppe":"Laubb\u00e4ume","strnr":"02642","strname":"Kurf\u00fcrstendamm","hausnr":"74","zusatz":null,"pflanzjahr":"1990","standalter":36,"kronedurch":5,"stammumfg":79,"baumhoehe":12,"eigentuemer":"Land Berlin","bezirk":"Charlottenburg-Wilmersdorf"},"bbox":[384905.47329994,5817963.88439964,384905.47329994,5817963.88439964]},{"type":"Feature","id":"strassenbaeume.00008100_000c31d2","geometry":{"type":"Point","coordinates":[384912.22969994,5817965.92669965]},"geometry_name":"geom","properties":{"gisid":"00008100_000c31d2","pitid":"00008100:000c31d2","standortnr":"114","kennzeich":"02642","namenr":"Kurf\u00fcrstendamm","art_dtsch":"Ahornbl\u00e4ttrige Platane","art_bot":"Platanus acerifolia","gattung_deutsch":"Platane","gattung":"Platanus","art_gruppe":"Laubb\u00e4ume","strnr":"02642","strname":"Kurf\u00fcrstendamm","hausnr":"74","zusatz":null,"pflanzjahr":"1992","standalter":34,"kronedurch":4,"stammumfg":50,"baumhoehe":7,"eigentuemer":"Land Berlin","bezirk":"Charlottenburg-Wilmersdorf"},"bbox":[384912.22969994,5817965.92669965,384912.22969994,5817965.92669965]},{"type":"Feature","id":"strassenbaeume.00008100_000c31d3","geometry":{"type":"Point","coordinates":[384921.26799994,5817968.44159965]},"geometry_name":"geom","properties":{"gisid":"00008100_000c31d3","pitid":"00008100:000c31d3","standortnr":"113","kennzeich":"02642","namenr":"Kurf\u00fcrstendamm","art_dtsch":"Ahornbl\u00e4ttrige Platane","art_bot":"Platanus acerifolia","gattung_deutsch":"Platane","gattung":"Platanus","art_gruppe":"Laubb\u00e4ume","strnr":"02642","strname":"Kurf\u00fcrstendamm","hausnr":"74","zusatz":null,"pflanzjahr":"1950","standalter":76,"kronedurch":20,"stammumfg":196,"baumhoehe":22,"eigentuemer":"Land Berlin","bezirk":"Charlottenburg-Wilmersdorf"},"bbox":[384921.26799994,5817968.44159965,384921.26799994,5817968.44159965]},{"type":"Feature","id":"strassenbaeume.00008100_000c31d4","geometry":{"type":"Point","coordinates":[384929.99149994,5817970.65249964]},"geometry_name":"geom","properties":{"gisid":"00008100_000c31d4","pitid":"00008100:000c31d4","standortnr":"112","kennzeich":"02642","namenr":"Kurf\u00fcrstendamm","art_dtsch":"Ahornbl\u00e4ttrige Platane","art_bot":"Platanus acerifolia","gattung_deutsch":"Platane","gattung":"Platanus","art_gruppe":"Laubb\u00e4ume","strnr":"02642","strname":"Kurf\u00fcrstendamm","hausnr":"74","zusatz":null,"pflanzjahr":"1990","standalter":36,"kronedurch":7,"stammumfg":85,"baumhoehe":7,"eigentuemer":"Land Berlin","bezirk":"Charlottenburg-Wilmersdorf"},"bbox":[384929.99149994,5817970.65249964,384929.99149994,5817970.65249964]},{"type":"Feature","id":"strassenbaeume.00008100_000c31d5","geometry":{"type":"Point","coordinates":[384943.08259994,5817974.33029965]},"geometry_name":"geom","properties":{"gisid":"00008100_000c31d5","pitid":"00008100:000c31d5","standortnr":"111","kennzeich":"02642","namenr":"Kurf\u00fcrstendamm","art_dtsch":"Ahornbl\u00e4ttrige Platane","art_bot":"Platanus acerifolia","gattung_deutsch":"Platane","gattung":"Platanus","art_gruppe":"Laubb\u00e4ume","strnr":"02642","strname":"Kurf\u00fcrstendamm","hausnr":"73","zusatz":null,"pflanzjahr":"1950","standalter":76,"kronedurch":20,"stammumfg":230,"baumhoehe":25,"eigentuemer":"Land Berlin","bezirk":"Charlottenburg-Wilmersdorf"},"bbox":[384943.08259994,5817974.33029965,384943.08259994,5817974.33029965]},{"type":"Feature","id":"strassenbaeume.00008100_000c31d6","geometry":{"type":"Point","coordinates":[384954.92739994,5817977.61869965]},"geometry_name":"geom","properties":{"gisid":"00008100_000c31d6","pitid":"00008100:000c31d6","standortnr":"110","kennzeich":"02642","namenr":"Kurf\u00fcrstendamm","art_dtsch":"Ahornbl\u00e4ttrige Platane","art_bot":"Platanus acerifolia","gattung_deutsch":"Platane","gattung":"Platanus","art_gruppe":"Laubb\u00e4ume","strnr":"02642","strname":"Kurf\u00fcrstendamm","hausnr":"73","zusatz":null,"pflanzjahr":"1977","standalter":49,"kronedurch":10,"stammumfg":160,"baumhoehe":12,"eigentuemer":"Land Berlin","bezirk":"Charlottenburg-Wilmersdorf"},"bbox":[384954.92739994,5817977.61869965,384954.92739994,5817977.61869965]},{"type":"Feature","id":"strassenbaeume.00008100_000c31d7","geometry":{"type":"Point","coordinates":[384960.74539994,5817979.26499965]},"geometry_name":"geom","properties":{"gisid":"00008100_000c31d7","pitid":"00008100:000c31d7","standortnr":"109","kennzeich":"02642","namenr":"Kurf\u00fcrstendamm","art_dtsch":"Ahornbl\u00e4ttrige Platane","art_bot":"Platanus acerifolia","gattung_deutsch":"Platane","gattung":"Platanus","art_gruppe":"Laubb\u00e4ume","strnr":"02642","strname":"Kurf\u00fcrstendamm","hausnr":"73","zusatz":null,"pflanzjahr":"1987","standalter":39,"kronedurch":9,"stammumfg":151,"baumhoehe":7,"eigentuemer":"Land Berlin","bezirk":"Charlottenburg-Wilmersdorf"},"bbox":[384960.74539994,5817979.26499965,384960.74539994,5817979.26499965]},{"type":"Feature","id":"strassenbaeume.00008100_000c31d8","geometry":{"type":"Point","coordinates":[384968.11569994,5817980.98569965]},"geometry_name":"geom","properties":{"gisid":"00008100_000c31d8","pitid":"00008100:000c31d8","standortnr":"108","kennzeich":"02642","namenr":"Kurf\u00fcrstendamm","art_dtsch":"Ahornbl\u00e4ttrige Platane","art_bot":"Platanus acerifolia","gattung_deutsch":"Platane","gattung":"Platanus","art_gruppe":"Laubb\u00e4ume","strnr":"02642","strname":"Kurf\u00fcrstendamm","hausnr":"73","zusatz":null,"pflanzjahr":"1987","standalter":39,"kronedurch":8,"stammumfg":101,"baumhoehe":7,"eigentuemer":"Land Berlin","bezirk":"Charlottenburg-Wilmersdorf"},"bbox":[384968.11569994,5817980.98569965,384968.11569994,5817980.98569965]},{"type":"Feature","id":"strassenbaeume.00008100_000c31d9","geometry":{"type":"Point","coordinates":[385008.12749994,5817992.72879965]},"geometry_name":"geom","properties":{"gisid":"00008100_000c31d9","pitid":"00008100:000c31d9","standortnr":"107","kennzeich":"02642","namenr":"Kurf\u00fcrstendamm","art_dtsch":"Ahornbl\u00e4ttrige Platane","art_bot":"Platanus acerifolia","gattung_deutsch":"Platane","gattung":"Platanus","art_gruppe":"Laubb\u00e4ume","strnr":"02642","strname":"Kurf\u00fcrstendamm","hausnr":"72","zusatz":null,"pflanzjahr":"1975","standalter":51,"kronedurch":18,"stammumfg":206,"baumhoehe":23,"eigentuemer":"Land Berlin","bezirk":"Charlottenburg-Wilmersdorf"},"bbox":[385008.12749994,5817992.72879965,385008.12749994,5817992.72879965]},{"type":"Feature","id":"strassenbaeume.00008100_000c31da","geometry":{"type":"Point","coordinates":[385024.12809994,5817997.17909965]},"geometry_name":"geom","properties":{"gisid":"00008100_000c31da","pitid":"00008100:000c31da","standortnr":"106","kennzeich":"02642","namenr":"Kurf\u00fcrstendamm","art_dtsch":"Ahornbl\u00e4ttrige Platane","art_bot":"Platanus acerifolia","gattung_deutsch":"Platane","gattung":"Platanus","art_gruppe":"Laubb\u00e4ume","strnr":"02642","strname":"Kurf\u00fcrstendamm","hausnr":"72","zusatz":null,"pflanzjahr":"1997","standalter":29,"kronedurch":12,"stammumfg":141,"baumhoehe":7,"eigentuemer":"Land Berlin","bezirk":"Charlottenburg-Wilmersdorf"},"bbox":[385024.12809994,5817997.17909965,385024.12809994,5817997.17909965]},{"type":"Feature","id":"strassenbaeume.00008100_000c31db","geometry":{"type":"Point","coordinates":[384842.92899994,5817946.57519965]},"geometry_name":"geom","properties":{"gisid":"00008100_000c31db","pitid":"00008100:000c31db","standortnr":"118","kennzeich":"02642","namenr":"Kurf\u00fcrstendamm","art_dtsch":"Ahornbl\u00e4ttrige Platane","art_bot":"Platanus acerifolia","gattung_deutsch":"Platane","gattung":"Platanus","art_gruppe":"Laubb\u00e4ume","strnr":"02642","strname":"Kurf\u00fcrstendamm","hausnr":"75","zusatz":null,"pflanzjahr":"1984","standalter":42,"kronedurch":14,"stammumfg":120,"baumhoehe":12,"eigentuemer":"Land Berlin","bezirk":"Charlottenburg-Wilmersdorf"},"bbox":[384842.92899994,5817946.57519965,384842.92899994,5817946.57519965]},{"type":"Feature","id":"strassenbaeume.00008100_000c31dc","geometry":{"type":"Point","coordinates":[384997.80559994,5817960.78529965]},"geometry_name":"geom","properties":{"gisid":"00008100_000c31dc","pitid":"00008100:000c31dc","standortnr":"248","kennzeich":"02642","namenr":"Kurf\u00fcrstendamm","art_dtsch":"Ahornbl\u00e4ttrige Platane","art_bot":"Platanus acerifolia","gattung_deutsch":"Platane","gattung":"Platanus","art_gruppe":"Laubb\u00e4ume","strnr":"02642","strname":"Kurf\u00fcrstendamm","hausnr":"161","zusatz":null,"pflanzjahr":"1950","standalter":76,"kronedurch":20,"stammumfg":249,"baumhoehe":17,"eigentuemer":"Land Berlin","bezirk":"Charlottenburg-Wilmersdorf"},"bbox":[384997.80559994,5817960.78529965,384997.80559994,5817960.78529965]},{"type":"Feature","id":"strassenbaeume.00008100_000c31dd","geometry":{"type":"Point","coordinates":[386409.31829995,5818260.20029965]},"geometry_name":"geom","properties":{"gisid":"00008100_000c31dd","pitid":"00008100:000c31dd","standortnr":"323","kennzeich":"02642","namenr":"Kurf\u00fcrstendamm","art_dtsch":"Ahornbl\u00e4ttrige Platane","art_bot":"Platanus acerifolia","gattung_deutsch":"Platane","gattung":"Platanus","art_gruppe":"Laubb\u00e4ume","strnr":"02642","strname":"Kurf\u00fcrstendamm","hausnr":"215","zusatz":null,"pflanzjahr":"1990","standalter":36,"kronedurch":4,"stammumfg":50,"baumhoehe":7,"eigentuemer":"Land Berlin","bezirk":"Charlottenburg-Wilmersdorf"},"bbox":[386409.31829995,5818260.20029965,386409.31829995,5818260.20029965]},{"type":"Feature","id":"strassenbaeume.00008100_000c31de","geometry":{"type":"Point","coordinates":[385116.67189994,5818018.71339965]},"geometry_name":"geom","properties":{"gisid":"00008100_000c31de","pitid":"00008100:000c31de","standortnr":"104","kennzeich":"02642","namenr":"Kurf\u00fcrstendamm","art_dtsch":"Ahornbl\u00e4ttrige Platane","art_bot":"Platanus acerifolia","gattung_deutsch":"Platane","gattung":"Platanus","art_gruppe":"Laubb\u00e4ume","strnr":"02642","strname":"Kurf\u00fcrstendamm","hausnr":"69","zusatz":null,"pflanzjahr":"1980","standalter":46,"kronedurch":20,"stammumfg":192,"baumhoehe":21,"eigentuemer":"Land Berlin","bezirk":"Charlottenburg-Wilmersdorf"},"bbox":[385116.67189994,5818018.71339965,385116.67189994,5818018.71339965]},{"type":"Feature","id":"strassenbaeume.00008100_000c31e9","geometry":{"type":"Point","coordinates":[386417.11409994,5818262.53189965]},"geometry_name":"geom","properties":{"gisid":"00008100_000c31e9","pitid":"00008100:000c31e9","standortnr":"324","kennzeich":"02642","namenr":"Kurf\u00fcrstendamm","art_dtsch":"Ahornbl\u00e4ttrige Platane","art_bot":"Platanus acerifolia","gattung_deutsch":"Platane","gattung":"Platanus","art_gruppe":"Laubb\u00e4ume","strnr":"02642","strname":"Kurf\u00fcrstendamm","hausnr":"216","zusatz":null,"pflanzjahr":"1950","standalter":76,"kronedurch":17,"stammumfg":210,"baumhoehe":17,"eigentuemer":"Land Berlin","bezirk":"Charlottenburg-Wilmersdorf"},"bbox":[386417.11409994,5818262.53189965,386417.11409994,5818262.53189965]},{"type":"Feature","id":"strassenbaeume.00008100_000c31fe","geometry":{"type":"Point","coordinates":[386403.29539994,5818258.66099965]},"geometry_name":"geom","properties":{"gisid":"00008100_000c31fe","pitid":"00008100:000c31fe","standortnr":"322","kennzeich":"02642","namenr":"Kurf\u00fcrstendamm","art_dtsch":"Ahornbl\u00e4ttrige Platane","art_bot":"Platanus acerifolia","gattung_deutsch":"Platane","gattung":"Platanus","art_gruppe":"Laubb\u00e4ume","strnr":"02642","strname":"Kurf\u00fcrstendamm","hausnr":"215","zusatz":null,"pflanzjahr":"1985","standalter":41,"kronedurch":10,"stammumfg":150,"baumhoehe":12,"eigentuemer":"Land Berlin","bezirk":"Charlottenburg-Wilmersdorf"},"bbox":[386403.29539994,5818258.66099965,386403.29539994,5818258.66099965]},{"type":"Feature","id":"strassenbaeume.00008100_000c3251","geometry":{"type":"Point","coordinates":[385031.09049994,5817999.21659965]},"geometry_name":"geom","properties":{"gisid":"00008100_000c3251","pitid":"00008100:000c3251","standortnr":"105","kennzeich":"02642","namenr":"Kurf\u00fcrstendamm","art_dtsch":"Ahornbl\u00e4ttrige Platane","art_bot":"Platanus acerifolia","gattung_deutsch":"Platane","gattung":"Platanus","art_gruppe":"Laubb\u00e4ume","strnr":"02642","strname":"Kurf\u00fcrstendamm","hausnr":"72","zusatz":null,"pflanzjahr":"1997","standalter":29,"kronedurch":9,"stammumfg":91,"baumhoehe":7,"eigentuemer":"Land Berlin","bezirk":"Charlottenburg-Wilmersdorf"},"bbox":[385031.09049994,5817999.21659965,385031.09049994,5817999.21659965]},{"type":"Feature","id":"strassenbaeume.00008100_000c9247","geometry":{"type":"Point","coordinates":[385603.96419994,5818080.87409965]},"geometry_name":"geom","properties":{"gisid":"00008100_000c9247","pitid":"00008100:000c9247","standortnr":"566","kennzeich":"02642","namenr":"Kurf\u00fcrstendamm","art_dtsch":"Ahornbl\u00e4ttrige Platane","art_bot":"Platanus acerifolia","gattung_deutsch":"Platane","gattung":"Platanus","art_gruppe":"Laubb\u00e4ume","strnr":"02642","strname":"Kurf\u00fcrstendamm","hausnr":"185","zusatz":"gg\u00fc","pflanzjahr":"1991","standalter":35,"kronedurch":5,"stammumfg":79,"baumhoehe":7,"eigentuemer":"Land Berlin","bezirk":"Charlottenburg-Wilmersdorf"},"bbox":[385603.96419994,5818080.87409965,385603.96419994,5818080.87409965]},{"type":"Feature","id":"strassenbaeume.00008100_000c9248","geometry":{"type":"Point","coordinates":[385590.29519994,5818077.51639965]},"geometry_name":"geom","properties":{"gisid":"00008100_000c9248","pitid":"00008100:000c9248","standortnr":"565","kennzeich":"02642","namenr":"Kurf\u00fcrstendamm","art_dtsch":"Ahornbl\u00e4ttrige Platane","art_bot":"Platanus acerifolia","gattung_deutsch":"Platane","gattung":"Platanus","art_gruppe":"Laubb\u00e4ume","strnr":"02642","strname":"Kurf\u00fcrstendamm","hausnr":"185","zusatz":"gg\u00fc","pflanzjahr":"1991","standalter":35,"kronedurch":4,"stammumfg":69,"baumhoehe":7,"eigentuemer":"Land Berlin","bezirk":"Charlottenburg-Wilmersdorf"},"bbox":[385590.29519994,5818077.51639965,385590.29519994,5818077.51639965]},{"type":"Feature","id":"strassenbaeume.00008100_000c9249","geometry":{"type":"Point","coordinates":[385573.86529994,5818073.63119965]},"geometry_name":"geom","properties":{"gisid":"00008100_000c9249","pitid":"00008100:000c9249","standortnr":"564","kennzeich":"02642","namenr":"Kurf\u00fcrstendamm","art_dtsch":"Ahornbl\u00e4ttrige Platane","art_bot":"Platanus acerifolia","gattung_deutsch":"Platane","gattung":"Platanus","art_gruppe":"Laubb\u00e4ume","strnr":"02642","strname":"Kurf\u00fcrstendamm","hausnr":"185","zusatz":"gg\u00fc","pflanzjahr":"1991","standalter":35,"kronedurch":5,"stammumfg":79,"baumhoehe":7,"eigentuemer":"Land Berlin","bezirk":"Charlottenburg-Wilmersdorf"},"bbox":[385573.86529994,5818073.63119965,385573.86529994,5818073.63119965]},{"type":"Feature","id":"strassenbaeume.00008100_000c924a","geometry":{"type":"Point","coordinates":[385557.43549994,5818069.74589965]},"geometry_name":"geom","properties":{"gisid":"00008100_000c924a","pitid":"00008100:000c924a","standortnr":"563","kennzeich":"02642","namenr":"Kurf\u00fcrstendamm","art_dtsch":"Ahornbl\u00e4ttrige Platane","art_bot":"Platanus acerifolia","gattung_deutsch":"Platane","gattung":"Platanus","art_gruppe":"Laubb\u00e4ume","strnr":"02642","strname":"Kurf\u00fcrstendamm","hausnr":"184","zusatz":"gg\u00fc","pflanzjahr":"1991","standalter":35,"kronedurch":4,"stammumfg":75,"baumhoehe":7,"eigentuemer":"Land Berlin","bezirk":"Charlottenburg-Wilmersdorf"},"bbox":[385557.43549994,5818069.74589965,385557.43549994,5818069.74589965]},{"type":"Feature","id":"strassenbaeume.00008100_000c924b","geometry":{"type":"Point","coordinates":[385540.65439994,5818066.37439965]},"geometry_name":"geom","properties":{"gisid":"00008100_000c924b","pitid":"00008100:000c924b","standortnr":"562","kennzeich":"02642","namenr":"Kurf\u00fcrstendamm","art_dtsch":"Ahornbl\u00e4ttrige Platane","art_bot":"Platanus acerifolia","gattung_deutsch":"Platane","gattung":"Platanus","art_gruppe":"Laubb\u00e4ume","strnr":"02642","strname":"Kurf\u00fcrstendamm","hausnr":"184","zusatz":"gg\u00fc","pflanzjahr":"1991","standalter":35,"kronedurch":4,"stammumfg":55,"baumhoehe":7,"eigentuemer":"Land Berlin","bezirk":"Charlottenburg-Wilmersdorf"},"bbox":[385540.65439994,5818066.37439965,385540.65439994,5818066.37439965]},{"type":"Feature","id":"strassenbaeume.00008100_000c924c","geometry":{"type":"Point","coordinates":[385524.14989994,5818062.34659965]},"geometry_name":"geom","properties":{"gisid":"00008100_000c924c","pitid":"00008100:000c924c","standortnr":"561","kennzeich":"02642","namenr":"Kurf\u00fcrstendamm","art_dtsch":"Ahornbl\u00e4ttrige Platane","art_bot":"Platanus acerifolia","gattung_deutsch":"Platane","gattung":"Platanus","art_gruppe":"Laubb\u00e4ume","strnr":"02642","strname":"Kurf\u00fcrstendamm","hausnr":"183","zusatz":"gg\u00fc","pflanzjahr":"1991","standalter":35,"kronedurch":6,"stammumfg":91,"baumhoehe":7,"eigentuemer":"Land Berlin","bezirk":"Charlottenburg-Wilmersdorf"},"bbox":[385524.14989994,5818062.34659965,385524.14989994,5818062.34659965]},{"type":"Feature","id":"strassenbaeume.00008100_000c924d","geometry":{"type":"Point","coordinates":[385449.70989994,5818048.63649965]},"geometry_name":"geom","properties":{"gisid":"00008100_000c924d","pitid":"00008100:000c924d","standortnr":"560","kennzeich":"02642","namenr":"Kurf\u00fcrstendamm","art_dtsch":"Ahornbl\u00e4ttrige Platane","art_bot":"Platanus acerifolia","gattung_deutsch":"Platane","gattung":"Platanus","art_gruppe":"Laubb\u00e4ume","strnr":"02642","strname":"Kurf\u00fcrstendamm","hausnr":"62","zusatz":"gg\u00fc","pflanzjahr":"1987","standalter":39,"kronedurch":6,"stammumfg":90,"baumhoehe":7,"eigentuemer":"Land Berlin","bezirk":"Charlottenburg-Wilmersdorf"},"bbox":[385449.70989994,5818048.63649965,385449.70989994,5818048.63649965]},{"type":"Feature","id":"strassenbaeume.00008100_000c924e","geometry":{"type":"Point","coordinates":[385441.94439994,5818047.48229965]},"geometry_name":"geom","properties":{"gisid":"00008100_000c924e","pitid":"00008100:000c924e","standortnr":"559","kennzeich":"02642","namenr":"Kurf\u00fcrstendamm","art_dtsch":"Ahornbl\u00e4ttrige Platane","art_bot":"Platanus acerifolia","gattung_deutsch":"Platane","gattung":"Platanus","art_gruppe":"Laubb\u00e4ume","strnr":"02642","strname":"Kurf\u00fcrstendamm","hausnr":null,"zusatz":null,"pflanzjahr":"1991","standalter":35,"kronedurch":4,"stammumfg":66,"baumhoehe":7,"eigentuemer":"Land Berlin","bezirk":"Charlottenburg-Wilmersdorf"},"bbox":[385441.94439994,5818047.48229965,385441.94439994,5818047.48229965]},{"type":"Feature","id":"strassenbaeume.00008100_000c924f","geometry":{"type":"Point","coordinates":[385434.17239994,5818046.03719965]},"geometry_name":"geom","properties":{"gisid":"00008100_000c924f","pitid":"00008100:000c924f","standortnr":"558","kennzeich":"02642","namenr":"Kurf\u00fcrstendamm","art_dtsch":"Ahornbl\u00e4ttrige Platane","art_bot":"Platanus acerifolia","gattung_deutsch":"Platane","gattung":"Platanus","art_gruppe":"Laubb\u00e4ume","strnr":"02642","strname":"Kurf\u00fcrstendamm","hausnr":null,"zusatz":null,"pflanzjahr":"1991","standalter":35,"kronedurch":4,"stammumfg":57,"baumhoehe":7,"eigentuemer":"Land Berlin","bezirk":"Charlottenburg-Wilmersdorf"},"bbox":[385434.17239994,5818046.03719965,385434.17239994,5818046.03719965]},{"type":"Feature","id":"strassenbaeume.00008100_000c9250","geometry":{"type":"Point","coordinates":[385426.55049994,5818044.80729965]},"geometry_name":"geom","properties":{"gisid":"00008100_000c9250","pitid":"00008100:000c9250","standortnr":"557","kennzeich":"02642","namenr":"Kurf\u00fcrstendamm","art_dtsch":"Ahornbl\u00e4ttrige Platane","art_bot":"Platanus acerifolia","gattung_deutsch":"Platane","gattung":"Platanus","art_gruppe":"Laubb\u00e4ume","strnr":"02642","strname":"Kurf\u00fcrstendamm","hausnr":null,"zusatz":null,"pflanzjahr":"1991","standalter":35,"kronedurch":5,"stammumfg":75,"baumhoehe":7,"eigentuemer":"Land Berlin","bezirk":"Charlottenburg-Wilmersdorf"},"bbox":[385426.55049994,5818044.80729965,385426.55049994,5818044.80729965]},{"type":"Feature","id":"strassenbaeume.00008100_000c9251","geometry":{"type":"Point","coordinates":[385419.22579994,5818044.00569965]},"geometry_name":"geom","properties":{"gisid":"00008100_000c9251","pitid":"00008100:000c9251","standortnr":"556","kennzeich":"02642","namenr":"Kurf\u00fcrstendamm","art_dtsch":"Ahornbl\u00e4ttrige Platane","art_bot":"Platanus acerifolia","gattung_deutsch":"Platane","gattung":"Platanus","art_gruppe":"Laubb\u00e4ume","strnr":"02642","strname":"Kurf\u00fcrstendamm","hausnr":null,"zusatz":null,"pflanzjahr":"1991","standalter":35,"kronedurch":3,"stammumfg":57,"baumhoehe":7,"eigentuemer":"Land Berlin","bezirk":"Charlottenburg-Wilmersdorf"},"bbox":[385419.22579994,5818044.00569965,385419.22579994,5818044.00569965]},{"type":"Feature","id":"strassenbaeume.00008100_000c9252","geometry":{"type":"Point","coordinates":[385421.81509994,5818050.75989965]},"geometry_name":"geom","properties":{"gisid":"00008100_000c9252","pitid":"00008100:000c9252","standortnr":"432","kennzeich":"02642","namenr":"Kurf\u00fcrstendamm","art_dtsch":"Ahornbl\u00e4ttrige Platane","art_bot":"Platanus acerifolia","gattung_deutsch":"Platane","gattung":"Platanus","art_gruppe":"Laubb\u00e4ume","strnr":"02642","strname":"Kurf\u00fcrstendamm","hausnr":" 62","zusatz":"gg\u00fc","pflanzjahr":"1991","standalter":35,"kronedurch":4,"stammumfg":50,"baumhoehe":7,"eigentuemer":"Land Berlin","bezirk":"Charlottenburg-Wilmersdorf"},"bbox":[385421.81509994,5818050.75989965,385421.81509994,5818050.75989965]},{"type":"Feature","id":"strassenbaeume.00008100_000c9254","geometry":{"type":"Point","coordinates":[385444.89459994,5818054.22869965]},"geometry_name":"geom","properties":{"gisid":"00008100_000c9254","pitid":"00008100:000c9254","standortnr":"429","kennzeich":"02642","namenr":"Kurf\u00fcrstendamm","art_dtsch":"Ahornbl\u00e4ttrige Platane","art_bot":"Platanus acerifolia","gattung_deutsch":"Platane","gattung":"Platanus","art_gruppe":"Laubb\u00e4ume","strnr":"02642","strname":"Kurf\u00fcrstendamm","hausnr":" 62","zusatz":"gg\u00fc","pflanzjahr":"1991","standalter":35,"kronedurch":4,"stammumfg":55,"baumhoehe":7,"eigentuemer":"Land Berlin","bezirk":"Charlottenburg-Wilmersdorf"},"bbox":[385444.89459994,5818054.22869965,385444.89459994,5818054.22869965]},{"type":"Feature","id":"strassenbaeume.00008100_000c9255","geometry":{"type":"Point","coordinates":[385452.44859994,5818055.67689965]},"geometry_name":"geom","properties":{"gisid":"00008100_000c9255","pitid":"00008100:000c9255","standortnr":"428","kennzeich":"02642","namenr":"Kurf\u00fcrstendamm","art_dtsch":"Ahornbl\u00e4ttrige Platane","art_bot":"Platanus acerifolia","gattung_deutsch":"Platane","gattung":"Platanus","art_gruppe":"Laubb\u00e4ume","strnr":"02642","strname":"Kurf\u00fcrstendamm","hausnr":" 59","zusatz":"gg\u00fc","pflanzjahr":"1991","standalter":35,"kronedurch":5,"stammumfg":69,"baumhoehe":7,"eigentuemer":"Land Berlin","bezirk":"Charlottenburg-Wilmersdorf"},"bbox":[385452.44859994,5818055.67689965,385452.44859994,5818055.67689965]},{"type":"Feature","id":"strassenbaeume.00008100_000c9256","geometry":{"type":"Point","coordinates":[385531.23109994,5818069.37639965]},"geometry_name":"geom","properties":{"gisid":"00008100_000c9256","pitid":"00008100:000c9256","standortnr":"427","kennzeich":"02642","namenr":"Kurf\u00fcrstendamm","art_dtsch":"Ahornbl\u00e4ttrige Platane","art_bot":"Platanus acerifolia","gattung_deutsch":"Platane","gattung":"Platanus","art_gruppe":"Laubb\u00e4ume","strnr":"02642","strname":"Kurf\u00fcrstendamm","hausnr":" 59","zusatz":"gg\u00fc","pflanzjahr":"1987","standalter":39,"kronedurch":6,"stammumfg":85,"baumhoehe":7,"eigentuemer":"Land Berlin","bezirk":"Charlottenburg-Wilmersdorf"},"bbox":[385531.23109994,5818069.37639965,385531.23109994,5818069.37639965]},{"type":"Feature","id":"strassenbaeume.00008100_000c9257","geometry":{"type":"Point","coordinates":[385547.66099994,5818073.26059965]},"geometry_name":"geom","properties":{"gisid":"00008100_000c9257","pitid":"00008100:000c9257","standortnr":"426","kennzeich":"02642","namenr":"Kurf\u00fcrstendamm","art_dtsch":"Ahornbl\u00e4ttrige Platane","art_bot":"Platanus acerifolia","gattung_deutsch":"Platane","gattung":"Platanus","art_gruppe":"Laubb\u00e4ume","strnr":"02642","strname":"Kurf\u00fcrstendamm","hausnr":" 58","zusatz":"gg\u00fc","pflanzjahr":"1991","standalter":35,"kronedurch":5,"stammumfg":79,"baumhoehe":7,"eigentuemer":"Land Berlin","bezirk":"Charlottenburg-Wilmersdorf"},"bbox":[385547.66099994,5818073.26059965,385547.66099994,5818073.26059965]},{"type":"Feature","id":"strassenbaeume.00008100_000c9258","geometry":{"type":"Point","coordinates":[385564.59799994,5818077.20919965]},"geometry_name":"geom","properties":{"gisid":"00008100_000c9258","pitid":"00008100:000c9258","standortnr":"425","kennzeich":"02642","namenr":"Kurf\u00fcrstendamm","art_dtsch":"Ahornbl\u00e4ttrige Platane","art_bot":"Platanus acerifolia","gattung_deutsch":"Platane","gattung":"Platanus","art_gruppe":"Laubb\u00e4ume","strnr":"02642","strname":"Kurf\u00fcrstendamm","hausnr":" 58","zusatz":"gg\u00fc","pflanzjahr":"1991","standalter":35,"kronedurch":5,"stammumfg":57,"baumhoehe":7,"eigentuemer":"Land Berlin","bezirk":"Charlottenburg-Wilmersdorf"},"bbox":[385564.59799994,5818077.20919965,385564.59799994,5818077.20919965]},{"type":"Feature","id":"strassenbaeume.00008100_000c9259","geometry":{"type":"Point","coordinates":[385580.95209994,5818080.95079965]},"geometry_name":"geom","properties":{"gisid":"00008100_000c9259","pitid":"00008100:000c9259","standortnr":"424","kennzeich":"02642","namenr":"Kurf\u00fcrstendamm","art_dtsch":"Ahornbl\u00e4ttrige Platane","art_bot":"Platanus acerifolia","gattung_deutsch":"Platane","gattung":"Platanus","art_gruppe":"Laubb\u00e4ume","strnr":"02642","strname":"Kurf\u00fcrstendamm","hausnr":" 57","zusatz":"gg\u00fc","pflanzjahr":"1991","standalter":35,"kronedurch":5,"stammumfg":69,"baumhoehe":7,"eigentuemer":"Land Berlin","bezirk":"Charlottenburg-Wilmersdorf"},"bbox":[385580.95209994,5818080.95079965,385580.95209994,5818080.95079965]},{"type":"Feature","id":"strassenbaeume.00008100_000c925a","geometry":{"type":"Point","coordinates":[385597.59609994,5818084.68699965]},"geometry_name":"geom","properties":{"gisid":"00008100_000c925a","pitid":"00008100:000c925a","standortnr":"423","kennzeich":"02642","namenr":"Kurf\u00fcrstendamm","art_dtsch":"Ahornbl\u00e4ttrige Platane","art_bot":"Platanus acerifolia","gattung_deutsch":"Platane","gattung":"Platanus","art_gruppe":"Laubb\u00e4ume","strnr":"02642","strname":"Kurf\u00fcrstendamm","hausnr":" 55","zusatz":"gg\u00fc","pflanzjahr":"1991","standalter":35,"kronedurch":5,"stammumfg":60,"baumhoehe":7,"eigentuemer":"Land Berlin","bezirk":"Charlottenburg-Wilmersdorf"},"bbox":[385597.59609994,5818084.68699965,385597.59609994,5818084.68699965]},{"type":"Feature","id":"strassenbaeume.00008100_000c9278","geometry":{"type":"Point","coordinates":[386211.98139994,5818224.50159965]},"geometry_name":"geom","properties":{"gisid":"00008100_000c9278","pitid":"00008100:000c9278","standortnr":"393","kennzeich":"02642","namenr":"Kurf\u00fcrstendamm","art_dtsch":"Ahornbl\u00e4ttrige Platane","art_bot":"Platanus acerifolia","gattung_deutsch":"Platane","gattung":"Platanus","art_gruppe":"Laubb\u00e4ume","strnr":"02642","strname":"Kurf\u00fcrstendamm","hausnr":" 36","zusatz":"gg\u00fc","pflanzjahr":"1984","standalter":42,"kronedurch":5,"stammumfg":90,"baumhoehe":7,"eigentuemer":"Land Berlin","bezirk":"Charlottenburg-Wilmersdorf"},"bbox":[386211.98139994,5818224.50159965,386211.98139994,5818224.50159965]},{"type":"Feature","id":"strassenbaeume.00008100_000c927e","geometry":{"type":"Point","coordinates":[386390.40049994,5818270.76239965]},"geometry_name":"geom","properties":{"gisid":"00008100_000c927e","pitid":"00008100:000c927e","standortnr":"387","kennzeich":"02642","namenr":"Kurf\u00fcrstendamm","art_dtsch":"Ahornbl\u00e4ttrige Platane","art_bot":"Platanus acerifolia","gattung_deutsch":"Platane","gattung":"Platanus","art_gruppe":"Laubb\u00e4ume","strnr":"02642","strname":"Kurf\u00fcrstendamm","hausnr":" 30","zusatz":"gg\u00fc","pflanzjahr":"1980","standalter":46,"kronedurch":7,"stammumfg":95,"baumhoehe":7,"eigentuemer":"Land Berlin","bezirk":"Charlottenburg-Wilmersdorf"},"bbox":[386390.40049994,5818270.76239965,386390.40049994,5818270.76239965]},{"type":"Feature","id":"strassenbaeume.00008100_000c927f","geometry":{"type":"Point","coordinates":[386404.61349994,5818275.60379965]},"geometry_name":"geom","properties":{"gisid":"00008100_000c927f","pitid":"00008100:000c927f","standortnr":"386","kennzeich":"02642","namenr":"Kurf\u00fcrstendamm","art_dtsch":"Ahornbl\u00e4ttrige Platane","art_bot":"Platanus acerifolia","gattung_deutsch":"Platane","gattung":"Platanus","art_gruppe":"Laubb\u00e4ume","strnr":"02642","strname":"Kurf\u00fcrstendamm","hausnr":" 29","zusatz":"gg\u00fc","pflanzjahr":"1979","standalter":47,"kronedurch":8,"stammumfg":115,"baumhoehe":7,"eigentuemer":"Land Berlin","bezirk":"Charlottenburg-Wilmersdorf"},"bbox":[386404.61349994,5818275.60379965,386404.61349994,5818275.60379965]},{"type":"Feature","id":"strassenbaeume.00008100_000c9280","geometry":{"type":"Point","coordinates":[386419.92369994,5818280.54909965]},"geometry_name":"geom","properties":{"gisid":"00008100_000c9280","pitid":"00008100:000c9280","standortnr":"385","kennzeich":"02642","namenr":"Kurf\u00fcrstendamm","art_dtsch":"Ahornbl\u00e4ttrige Platane","art_bot":"Platanus acerifolia","gattung_deutsch":"Platane","gattung":"Platanus","art_gruppe":"Laubb\u00e4ume","strnr":"02642","strname":"Kurf\u00fcrstendamm","hausnr":" 29","zusatz":"gg\u00fc","pflanzjahr":"1980","standalter":46,"kronedurch":8,"stammumfg":110,"baumhoehe":7,"eigentuemer":"Land Berlin","bezirk":"Charlottenburg-Wilmersdorf"},"bbox":[386419.92369994,5818280.54909965,386419.92369994,5818280.54909965]},{"type":"Feature","id":"strassenbaeume.00008100_000c9281","geometry":{"type":"Point","coordinates":[386435.02469994,5818285.34039965]},"geometry_name":"geom","properties":{"gisid":"00008100_000c9281","pitid":"00008100:000c9281","standortnr":"384","kennzeich":"02642","namenr":"Kurf\u00fcrstendamm","art_dtsch":"Ahornbl\u00e4ttrige Platane","art_bot":"Platanus acerifolia","gattung_deutsch":"Platane","gattung":"Platanus","art_gruppe":"Laubb\u00e4ume","strnr":"02642","strname":"Kurf\u00fcrstendamm","hausnr":" 28","zusatz":"gg\u00fc","pflanzjahr":"1979","standalter":47,"kronedurch":8,"stammumfg":115,"baumhoehe":7,"eigentuemer":"Land Berlin","bezirk":"Charlottenburg-Wilmersdorf"},"bbox":[386435.02469994,5818285.34039965,386435.02469994,5818285.34039965]},{"type":"Feature","id":"strassenbaeume.00008100_000c9282","geometry":{"type":"Point","coordinates":[386506.86409994,5818308.58129965]},"geometry_name":"geom","properties":{"gisid":"00008100_000c9282","pitid":"00008100:000c9282","standortnr":"383","kennzeich":"02642","namenr":"Kurf\u00fcrstendamm","art_dtsch":"Ahornbl\u00e4ttrige Platane","art_bot":"Platanus acerifolia","gattung_deutsch":"Platane","gattung":"Platanus","art_gruppe":"Laubb\u00e4ume","strnr":"02642","strname":"Kurf\u00fcrstendamm","hausnr":" 26a","zusatz":"gg\u00fc","pflanzjahr":"1980","standalter":46,"kronedurch":7,"stammumfg":105,"baumhoehe":7,"eigentuemer":"Land Berlin","bezirk":"Charlottenburg-Wilmersdorf"},"bbox":[386506.86409994,5818308.58129965,386506.86409994,5818308.58129965]},{"type":"Feature","id":"strassenbaeume.00008100_000c9283","geometry":{"type":"Point","coordinates":[386519.28969994,5818312.17969965]},"geometry_name":"geom","properties":{"gisid":"00008100_000c9283","pitid":"00008100:000c9283","standortnr":"382","kennzeich":"02642","namenr":"Kurf\u00fcrstendamm","art_dtsch":"Ahornbl\u00e4ttrige Platane","art_bot":"Platanus acerifolia","gattung_deutsch":"Platane","gattung":"Platanus","art_gruppe":"Laubb\u00e4ume","strnr":"02642","strname":"Kurf\u00fcrstendamm","hausnr":"26a","zusatz":null,"pflanzjahr":"1980","standalter":46,"kronedurch":7,"stammumfg":110,"baumhoehe":7,"eigentuemer":"Land Berlin","bezirk":"Charlottenburg-Wilmersdorf"},"bbox":[386519.28969994,5818312.17969965,386519.28969994,5818312.17969965]},{"type":"Feature","id":"strassenbaeume.00008100_000c9284","geometry":{"type":"Point","coordinates":[386536.18869994,5818318.49779965]},"geometry_name":"geom","properties":{"gisid":"00008100_000c9284","pitid":"00008100:000c9284","standortnr":"381","kennzeich":"02642","namenr":"Kurf\u00fcrstendamm","art_dtsch":"Ahornbl\u00e4ttrige Platane","art_bot":"Platanus acerifolia","gattung_deutsch":"Platane","gattung":"Platanus","art_gruppe":"Laubb\u00e4ume","strnr":"02642","strname":"Kurf\u00fcrstendamm","hausnr":" 26a","zusatz":"gg\u00fc","pflanzjahr":"1980","standalter":46,"kronedurch":8,"stammumfg":105,"baumhoehe":7,"eigentuemer":"Land Berlin","bezirk":"Charlottenburg-Wilmersdorf"},"bbox":[386536.18869994,5818318.49779965,386536.18869994,5818318.49779965]},{"type":"Feature","id":"strassenbaeume.00008100_000c9285","geometry":{"type":"Point","coordinates":[386549.75339994,5818322.89149965]},"geometry_name":"geom","properties":{"gisid":"00008100_000c9285","pitid":"00008100:000c9285","standortnr":"380","kennzeich":"02642","namenr":"Kurf\u00fcrstendamm","art_dtsch":"Ahornbl\u00e4ttrige Platane","art_bot":"Platanus acerifolia","gattung_deutsch":"Platane","gattung":"Platanus","art_gruppe":"Laubb\u00e4ume","strnr":"02642","strname":"Kurf\u00fcrstendamm","hausnr":" 26a","zusatz":"gg\u00fc","pflanzjahr":"1979","standalter":47,"kronedurch":7,"stammumfg":115,"baumhoehe":7,"eigentuemer":"Land Berlin","bezirk":"Charlottenburg-Wilmersdorf"},"bbox":[386549.75339994,5818322.89149965,386549.75339994,5818322.89149965]},{"type":"Feature","id":"strassenbaeume.00008100_000c9286","geometry":{"type":"Point","coordinates":[386566.06909994,5818328.31979965]},"geometry_name":"geom","properties":{"gisid":"00008100_000c9286","pitid":"00008100:000c9286","standortnr":"379","kennzeich":"02642","namenr":"Kurf\u00fcrstendamm","art_dtsch":"Ahornbl\u00e4ttrige Platane","art_bot":"Platanus acerifolia","gattung_deutsch":"Platane","gattung":"Platanus","art_gruppe":"Laubb\u00e4ume","strnr":"02642","strname":"Kurf\u00fcrstendamm","hausnr":" 26","zusatz":"gg\u00fc","pflanzjahr":"1980","standalter":46,"kronedurch":9,"stammumfg":105,"baumhoehe":7,"eigentuemer":"Land Berlin","bezirk":"Charlottenburg-Wilmersdorf"},"bbox":[386566.06909994,5818328.31979965,386566.06909994,5818328.31979965]},{"type":"Feature","id":"strassenbaeume.00008100_000c9287","geometry":{"type":"Point","coordinates":[386585.49009995,5818334.93379965]},"geometry_name":"geom","properties":{"gisid":"00008100_000c9287","pitid":"00008100:000c9287","standortnr":"378","kennzeich":"02642","namenr":"Kurf\u00fcrstendamm","art_dtsch":"Ahornbl\u00e4ttrige Platane","art_bot":"Platanus acerifolia","gattung_deutsch":"Platane","gattung":"Platanus","art_gruppe":"Laubb\u00e4ume","strnr":"02642","strname":"Kurf\u00fcrstendamm","hausnr":" 26","zusatz":"gg\u00fc","pflanzjahr":"1980","standalter":46,"kronedurch":9,"stammumfg":105,"baumhoehe":7,"eigentuemer":"Land Berlin","bezirk":"Charlottenburg-Wilmersdorf"},"bbox":[386585.49009995,5818334.93379965,386585.49009995,5818334.93379965]},{"type":"Feature","id":"strassenbaeume.00008100_000c9288","geometry":{"type":"Point","coordinates":[386600.58129994,5818339.67839965]},"geometry_name":"geom","properties":{"gisid":"00008100_000c9288","pitid":"00008100:000c9288","standortnr":"377","kennzeich":"02642","namenr":"Kurf\u00fcrstendamm","art_dtsch":"Ahornbl\u00e4ttrige Platane","art_bot":"Platanus acerifolia","gattung_deutsch":"Platane","gattung":"Platanus","art_gruppe":"Laubb\u00e4ume","strnr":"02642","strname":"Kurf\u00fcrstendamm","hausnr":" 25","zusatz":"gg\u00fc","pflanzjahr":"1980","standalter":46,"kronedurch":7,"stammumfg":100,"baumhoehe":7,"eigentuemer":"Land Berlin","bezirk":"Charlottenburg-Wilmersdorf"},"bbox":[386600.58129994,5818339.67839965,386600.58129994,5818339.67839965]},{"type":"Feature","id":"strassenbaeume.00008100_000c9289","geometry":{"type":"Point","coordinates":[386616.06139995,5818344.89059965]},"geometry_name":"geom","properties":{"gisid":"00008100_000c9289","pitid":"00008100:000c9289","standortnr":"376","kennzeich":"02642","namenr":"Kurf\u00fcrstendamm","art_dtsch":"Ahornbl\u00e4ttrige Platane","art_bot":"Platanus acerifolia","gattung_deutsch":"Platane","gattung":"Platanus","art_gruppe":"Laubb\u00e4ume","strnr":"02642","strname":"Kurf\u00fcrstendamm","hausnr":" 24","zusatz":"gg\u00fc","pflanzjahr":"1980","standalter":46,"kronedurch":7,"stammumfg":95,"baumhoehe":7,"eigentuemer":"Land Berlin","bezirk":"Charlottenburg-Wilmersdorf"},"bbox":[386616.06139995,5818344.89059965,386616.06139995,5818344.89059965]},{"type":"Feature","id":"strassenbaeume.00008100_000c928a","geometry":{"type":"Point","coordinates":[386631.35059994,5818350.10629965]},"geometry_name":"geom","properties":{"gisid":"00008100_000c928a","pitid":"00008100:000c928a","standortnr":"375","kennzeich":"02642","namenr":"Kurf\u00fcrstendamm","art_dtsch":"Ahornbl\u00e4ttrige Platane","art_bot":"Platanus acerifolia","gattung_deutsch":"Platane","gattung":"Platanus","art_gruppe":"Laubb\u00e4ume","strnr":"02642","strname":"Kurf\u00fcrstendamm","hausnr":" 24","zusatz":"gg\u00fc","pflanzjahr":"1978","standalter":48,"kronedurch":8,"stammumfg":125,"baumhoehe":7,"eigentuemer":"Land Berlin","bezirk":"Charlottenburg-Wilmersdorf"},"bbox":[386631.35059994,5818350.10629965,386631.35059994,5818350.10629965]},{"type":"Feature","id":"strassenbaeume.00008100_000c928b","geometry":{"type":"Point","coordinates":[386646.34329994,5818354.66279965]},"geometry_name":"geom","properties":{"gisid":"00008100_000c928b","pitid":"00008100:000c928b","standortnr":"374","kennzeich":"02642","namenr":"Kurf\u00fcrstendamm","art_dtsch":"Ahornbl\u00e4ttrige Platane","art_bot":"Platanus acerifolia","gattung_deutsch":"Platane","gattung":"Platanus","art_gruppe":"Laubb\u00e4ume","strnr":"02642","strname":"Kurf\u00fcrstendamm","hausnr":" 23","zusatz":"gg\u00fc","pflanzjahr":"1977","standalter":49,"kronedurch":8,"stammumfg":125,"baumhoehe":7,"eigentuemer":"Land Berlin","bezirk":"Charlottenburg-Wilmersdorf"},"bbox":[386646.34329994,5818354.66279965,386646.34329994,5818354.66279965]},{"type":"Feature","id":"strassenbaeume.00008100_000c928d","geometry":{"type":"Point","coordinates":[386674.39859995,5818363.90799965]},"geometry_name":"geom","properties":{"gisid":"00008100_000c928d","pitid":"00008100:000c928d","standortnr":"372","kennzeich":"02642","namenr":"Kurf\u00fcrstendamm","art_dtsch":"Ahornbl\u00e4ttrige Platane","art_bot":"Platanus acerifolia","gattung_deutsch":"Platane","gattung":"Platanus","art_gruppe":"Laubb\u00e4ume","strnr":"02642","strname":"Kurf\u00fcrstendamm","hausnr":" 20-21","zusatz":"gg\u00fc","pflanzjahr":"1980","standalter":46,"kronedurch":7,"stammumfg":90,"baumhoehe":7,"eigentuemer":"Land Berlin","bezirk":"Charlottenburg-Wilmersdorf"},"bbox":[386674.39859995,5818363.90799965,386674.39859995,5818363.90799965]},{"type":"Feature","id":"strassenbaeume.00008100_000c928e","geometry":{"type":"Point","coordinates":[386681.71009995,5818366.22909965]},"geometry_name":"geom","properties":{"gisid":"00008100_000c928e","pitid":"00008100:000c928e","standortnr":"371","kennzeich":"02642","namenr":"Kurf\u00fcrstendamm","art_dtsch":"Ahornbl\u00e4ttrige Platane","art_bot":"Platanus acerifolia","gattung_deutsch":"Platane","gattung":"Platanus","art_gruppe":"Laubb\u00e4ume","strnr":"02642","strname":"Kurf\u00fcrstendamm","hausnr":" 20-21","zusatz":"gg\u00fc","pflanzjahr":"1980","standalter":46,"kronedurch":7,"stammumfg":90,"baumhoehe":7,"eigentuemer":"Land Berlin","bezirk":"Charlottenburg-Wilmersdorf"},"bbox":[386681.71009995,5818366.22909965,386681.71009995,5818366.22909965]},{"type":"Feature","id":"strassenbaeume.00008100_000c928f","geometry":{"type":"Point","coordinates":[386689.90949995,5818369.02509965]},"geometry_name":"geom","properties":{"gisid":"00008100_000c928f","pitid":"00008100:000c928f","standortnr":"370","kennzeich":"02642","namenr":"Kurf\u00fcrstendamm","art_dtsch":"Ahornbl\u00e4ttrige Platane","art_bot":"Platanus acerifolia","gattung_deutsch":"Platane","gattung":"Platanus","art_gruppe":"Laubb\u00e4ume","strnr":"02642","strname":"Kurf\u00fcrstendamm","hausnr":" 20-21","zusatz":"gg\u00fc","pflanzjahr":"1984","standalter":42,"kronedurch":6,"stammumfg":90,"baumhoehe":7,"eigentuemer":"Land Berlin","bezirk":"Charlottenburg-Wilmersdorf"},"bbox":[386689.90949995,5818369.02509965,386689.90949995,5818369.02509965]},{"type":"Feature","id":"strassenbaeume.00008100_000c9290","geometry":{"type":"Point","coordinates":[386696.50409994,5818371.07549965]},"geometry_name":"geom","properties":{"gisid":"00008100_000c9290","pitid":"00008100:000c9290","standortnr":"369","kennzeich":"02642","namenr":"Kurf\u00fcrstendamm","art_dtsch":"Ahornbl\u00e4ttrige Platane","art_bot":"Platanus acerifolia","gattung_deutsch":"Platane","gattung":"Platanus","art_gruppe":"Laubb\u00e4ume","strnr":"02642","strname":"Kurf\u00fcrstendamm","hausnr":" 20-21","zusatz":"gg\u00fc","pflanzjahr":"1980","standalter":46,"kronedurch":7,"stammumfg":95,"baumhoehe":7,"eigentuemer":"Land Berlin","bezirk":"Charlottenburg-Wilmersdorf"},"bbox":[386696.50409994,5818371.07549965,386696.50409994,5818371.07549965]},{"type":"Feature","id":"strassenbaeume.00008100_000c9291","geometry":{"type":"Point","coordinates":[386702.33199995,5818373.25049965]},"geometry_name":"geom","properties":{"gisid":"00008100_000c9291","pitid":"00008100:000c9291","standortnr":"368","kennzeich":"02642","namenr":"Kurf\u00fcrstendamm","art_dtsch":"Ahornbl\u00e4ttrige Platane","art_bot":"Platanus acerifolia","gattung_deutsch":"Platane","gattung":"Platanus","art_gruppe":"Laubb\u00e4ume","strnr":"02642","strname":"Kurf\u00fcrstendamm","hausnr":" 20-21","zusatz":"gg\u00fc","pflanzjahr":"1978","standalter":48,"kronedurch":9,"stammumfg":135,"baumhoehe":7,"eigentuemer":"Land Berlin","bezirk":"Charlottenburg-Wilmersdorf"},"bbox":[386702.33199995,5818373.25049965,386702.33199995,5818373.25049965]},{"type":"Feature","id":"strassenbaeume.00008100_000c9295","geometry":{"type":"Point","coordinates":[385429.43419994,5818051.84489965]},"geometry_name":"geom","properties":{"gisid":"00008100_000c9295","pitid":"00008100:000c9295","standortnr":"431","kennzeich":"02642","namenr":"Kurf\u00fcrstendamm","art_dtsch":"Ahornbl\u00e4ttrige Platane","art_bot":"Platanus acerifolia","gattung_deutsch":"Platane","gattung":"Platanus","art_gruppe":"Laubb\u00e4ume","strnr":"02642","strname":"Kurf\u00fcrstendamm","hausnr":" 62","zusatz":"gg\u00fc","pflanzjahr":"1991","standalter":35,"kronedurch":5,"stammumfg":60,"baumhoehe":7,"eigentuemer":"Land Berlin","bezirk":"Charlottenburg-Wilmersdorf"},"bbox":[385429.43419994,5818051.84489965,385429.43419994,5818051.84489965]},{"type":"Feature","id":"strassenbaeume.00008100_000c9357","geometry":{"type":"Point","coordinates":[386906.34499995,5818436.90309965]},"geometry_name":"geom","properties":{"gisid":"00008100_000c9357","pitid":"00008100:000c9357","standortnr":"627","kennzeich":"02642","namenr":"Kurf\u00fcrstendamm","art_dtsch":"Ahornbl\u00e4ttrige Platane","art_bot":"Platanus acerifolia","gattung_deutsch":"Platane","gattung":"Platanus","art_gruppe":"Laubb\u00e4ume","strnr":"02642","strname":"Kurf\u00fcrstendamm","hausnr":"235","zusatz":"gg\u00fc","pflanzjahr":"1980","standalter":46,"kronedurch":8,"stammumfg":95,"baumhoehe":7,"eigentuemer":"Land Berlin","bezirk":"Charlottenburg-Wilmersdorf"},"bbox":[386906.34499995,5818436.90309965,386906.34499995,5818436.90309965]},{"type":"Feature","id":"strassenbaeume.00008100_000c9362","geometry":{"type":"Point","coordinates":[386639.42539995,5818350.33269965]},"geometry_name":"geom","properties":{"gisid":"00008100_000c9362","pitid":"00008100:000c9362","standortnr":"616","kennzeich":"02642","namenr":"Kurf\u00fcrstendamm","art_dtsch":"Ahornbl\u00e4ttrige Platane","art_bot":"Platanus acerifolia","gattung_deutsch":"Platane","gattung":"Platanus","art_gruppe":"Laubb\u00e4ume","strnr":"02642","strname":"Kurf\u00fcrstendamm","hausnr":"225","zusatz":"gg\u00fc","pflanzjahr":"1980","standalter":46,"kronedurch":7,"stammumfg":100,"baumhoehe":7,"eigentuemer":"Land Berlin","bezirk":"Charlottenburg-Wilmersdorf"},"bbox":[386639.42539995,5818350.33269965,386639.42539995,5818350.33269965]},{"type":"Feature","id":"strassenbaeume.00008100_000c9363","geometry":{"type":"Point","coordinates":[386623.93979994,5818344.83569965]},"geometry_name":"geom","properties":{"gisid":"00008100_000c9363","pitid":"00008100:000c9363","standortnr":"615","kennzeich":"02642","namenr":"Kurf\u00fcrstendamm","art_dtsch":"Ahornbl\u00e4ttrige Platane","art_bot":"Platanus acerifolia","gattung_deutsch":"Platane","gattung":"Platanus","art_gruppe":"Laubb\u00e4ume","strnr":"02642","strname":"Kurf\u00fcrstendamm","hausnr":"224","zusatz":"gg\u00fc","pflanzjahr":"1980","standalter":46,"kronedurch":7,"stammumfg":95,"baumhoehe":7,"eigentuemer":"Land Berlin","bezirk":"Charlottenburg-Wilmersdorf"},"bbox":[386623.93979994,5818344.83569965,386623.93979994,5818344.83569965]},{"type":"Feature","id":"strassenbaeume.00008100_000c9364","geometry":{"type":"Point","coordinates":[386608.84679995,5818339.99609965]},"geometry_name":"geom","properties":{"gisid":"00008100_000c9364","pitid":"00008100:000c9364","standortnr":"614","kennzeich":"02642","namenr":"Kurf\u00fcrstendamm","art_dtsch":"Ahornbl\u00e4ttrige Platane","art_bot":"Platanus acerifolia","gattung_deutsch":"Platane","gattung":"Platanus","art_gruppe":"Laubb\u00e4ume","strnr":"02642","strname":"Kurf\u00fcrstendamm","hausnr":"224","zusatz":"gg\u00fc","pflanzjahr":"1980","standalter":46,"kronedurch":7,"stammumfg":95,"baumhoehe":7,"eigentuemer":"Land Berlin","bezirk":"Charlottenburg-Wilmersdorf"},"bbox":[386608.84679995,5818339.99609965,386608.84679995,5818339.99609965]},{"type":"Feature","id":"strassenbaeume.00008100_000c9365","geometry":{"type":"Point","coordinates":[386593.46989994,5818335.16199965]},"geometry_name":"geom","properties":{"gisid":"00008100_000c9365","pitid":"00008100:000c9365","standortnr":"613","kennzeich":"02642","namenr":"Kurf\u00fcrstendamm","art_dtsch":"Ahornbl\u00e4ttrige Platane","art_bot":"Platanus acerifolia","gattung_deutsch":"Platane","gattung":"Platanus","art_gruppe":"Laubb\u00e4ume","strnr":"02642","strname":"Kurf\u00fcrstendamm","hausnr":"224","zusatz":"gg\u00fc","pflanzjahr":"1980","standalter":46,"kronedurch":7,"stammumfg":95,"baumhoehe":7,"eigentuemer":"Land Berlin","bezirk":"Charlottenburg-Wilmersdorf"},"bbox":[386593.46989994,5818335.16199965,386593.46989994,5818335.16199965]},{"type":"Feature","id":"strassenbaeume.00008100_000c9366","geometry":{"type":"Point","coordinates":[386573.02779995,5818328.62029965]},"geometry_name":"geom","properties":{"gisid":"00008100_000c9366","pitid":"00008100:000c9366","standortnr":"612","kennzeich":"02642","namenr":"Kurf\u00fcrstendamm","art_dtsch":"Ahornbl\u00e4ttrige Platane","art_bot":"Platanus acerifolia","gattung_deutsch":"Platane","gattung":"Platanus","art_gruppe":"Laubb\u00e4ume","strnr":"02642","strname":"Kurf\u00fcrstendamm","hausnr":"220","zusatz":"gg\u00fc","pflanzjahr":"1978","standalter":48,"kronedurch":7,"stammumfg":120,"baumhoehe":7,"eigentuemer":"Land Berlin","bezirk":"Charlottenburg-Wilmersdorf"},"bbox":[386573.02779995,5818328.62029965,386573.02779995,5818328.62029965]},{"type":"Feature","id":"strassenbaeume.00008100_000c9367","geometry":{"type":"Point","coordinates":[386558.21599994,5818323.58539965]},"geometry_name":"geom","properties":{"gisid":"00008100_000c9367","pitid":"00008100:000c9367","standortnr":"611","kennzeich":"02642","namenr":"Kurf\u00fcrstendamm","art_dtsch":"Ahornbl\u00e4ttrige Platane","art_bot":"Platanus acerifolia","gattung_deutsch":"Platane","gattung":"Platanus","art_gruppe":"Laubb\u00e4ume","strnr":"02642","strname":"Kurf\u00fcrstendamm","hausnr":"220","zusatz":"gg\u00fc","pflanzjahr":"1980","standalter":46,"kronedurch":7,"stammumfg":100,"baumhoehe":7,"eigentuemer":"Land Berlin","bezirk":"Charlottenburg-Wilmersdorf"},"bbox":[386558.21599994,5818323.58539965,386558.21599994,5818323.58539965]},{"type":"Feature","id":"strassenbaeume.00008100_000c9368","geometry":{"type":"Point","coordinates":[386543.59299995,5818319.13489965]},"geometry_name":"geom","properties":{"gisid":"00008100_000c9368","pitid":"00008100:000c9368","standortnr":"610","kennzeich":"02642","namenr":"Kurf\u00fcrstendamm","art_dtsch":"Ahornbl\u00e4ttrige Platane","art_bot":"Platanus acerifolia","gattung_deutsch":"Platane","gattung":"Platanus","art_gruppe":"Laubb\u00e4ume","strnr":"02642","strname":"Kurf\u00fcrstendamm","hausnr":"220","zusatz":"gg\u00fc","pflanzjahr":"1980","standalter":46,"kronedurch":8,"stammumfg":100,"baumhoehe":7,"eigentuemer":"Land Berlin","bezirk":"Charlottenburg-Wilmersdorf"},"bbox":[386543.59299995,5818319.13489965,386543.59299995,5818319.13489965]},{"type":"Feature","id":"strassenbaeume.00008100_000c9369","geometry":{"type":"Point","coordinates":[386527.23979994,5818312.21149965]},"geometry_name":"geom","properties":{"gisid":"00008100_000c9369","pitid":"00008100:000c9369","standortnr":"609","kennzeich":"02642","namenr":"Kurf\u00fcrstendamm","art_dtsch":"Ahornbl\u00e4ttrige Platane","art_bot":"Platanus acerifolia","gattung_deutsch":"Platane","gattung":"Platanus","art_gruppe":"Laubb\u00e4ume","strnr":"02642","strname":"Kurf\u00fcrstendamm","hausnr":"220","zusatz":"gg\u00fc","pflanzjahr":"1979","standalter":47,"kronedurch":7,"stammumfg":120,"baumhoehe":7,"eigentuemer":"Land Berlin","bezirk":"Charlottenburg-Wilmersdorf"},"bbox":[386527.23979994,5818312.21149965,386527.23979994,5818312.21149965]},{"type":"Feature","id":"strassenbaeume.00008100_000c936a","geometry":{"type":"Point","coordinates":[386514.15289994,5818308.12269965]},"geometry_name":"geom","properties":{"gisid":"00008100_000c936a","pitid":"00008100:000c936a","standortnr":"608","kennzeich":"02642","namenr":"Kurf\u00fcrstendamm","art_dtsch":"Ahornbl\u00e4ttrige Platane","art_bot":"Platanus acerifolia","gattung_deutsch":"Platane","gattung":"Platanus","art_gruppe":"Laubb\u00e4ume","strnr":"02642","strname":"Kurf\u00fcrstendamm","hausnr":"218","zusatz":"gg\u00fc","pflanzjahr":"1980","standalter":46,"kronedurch":7,"stammumfg":100,"baumhoehe":7,"eigentuemer":"Land Berlin","bezirk":"Charlottenburg-Wilmersdorf"},"bbox":[386514.15289994,5818308.12269965,386514.15289994,5818308.12269965]},{"type":"Feature","id":"strassenbaeume.00008100_000c936b","geometry":{"type":"Point","coordinates":[386443.17819994,5818285.23339965]},"geometry_name":"geom","properties":{"gisid":"00008100_000c936b","pitid":"00008100:000c936b","standortnr":"607","kennzeich":"02642","namenr":"Kurf\u00fcrstendamm","art_dtsch":"Ahornbl\u00e4ttrige Platane","art_bot":"Platanus acerifolia","gattung_deutsch":"Platane","gattung":"Platanus","art_gruppe":"Laubb\u00e4ume","strnr":"02642","strname":"Kurf\u00fcrstendamm","hausnr":"216","zusatz":"gg\u00fc","pflanzjahr":"1978","standalter":48,"kronedurch":10,"stammumfg":135,"baumhoehe":7,"eigentuemer":"Land Berlin","bezirk":"Charlottenburg-Wilmersdorf"},"bbox":[386443.17819994,5818285.23339965,386443.17819994,5818285.23339965]},{"type":"Feature","id":"strassenbaeume.00008100_000c936c","geometry":{"type":"Point","coordinates":[386428.00329994,5818280.65659965]},"geometry_name":"geom","properties":{"gisid":"00008100_000c936c","pitid":"00008100:000c936c","standortnr":"606","kennzeich":"02642","namenr":"Kurf\u00fcrstendamm","art_dtsch":"Ahornbl\u00e4ttrige Platane","art_bot":"Platanus acerifolia","gattung_deutsch":"Platane","gattung":"Platanus","art_gruppe":"Laubb\u00e4ume","strnr":"02642","strname":"Kurf\u00fcrstendamm","hausnr":"216","zusatz":"gg\u00fc","pflanzjahr":"1979","standalter":47,"kronedurch":8,"stammumfg":110,"baumhoehe":7,"eigentuemer":"Land Berlin","bezirk":"Charlottenburg-Wilmersdorf"},"bbox":[386428.00329994,5818280.65659965,386428.00329994,5818280.65659965]},{"type":"Feature","id":"strassenbaeume.00008100_000c936d","geometry":{"type":"Point","coordinates":[386413.55829994,5818275.35359965]},"geometry_name":"geom","properties":{"gisid":"00008100_000c936d","pitid":"00008100:000c936d","standortnr":"605","kennzeich":"02642","namenr":"Kurf\u00fcrstendamm","art_dtsch":"Ahornbl\u00e4ttrige Platane","art_bot":"Platanus acerifolia","gattung_deutsch":"Platane","gattung":"Platanus","art_gruppe":"Laubb\u00e4ume","strnr":"02642","strname":"Kurf\u00fcrstendamm","hausnr":"215","zusatz":"gg\u00fc","pflanzjahr":"1980","standalter":46,"kronedurch":8,"stammumfg":105,"baumhoehe":7,"eigentuemer":"Land Berlin","bezirk":"Charlottenburg-Wilmersdorf"},"bbox":[386413.55829994,5818275.35359965,386413.55829994,5818275.35359965]},{"type":"Feature","id":"strassenbaeume.00008100_000c936e","geometry":{"type":"Point","coordinates":[386397.35039994,5818270.38769965]},"geometry_name":"geom","properties":{"gisid":"00008100_000c936e","pitid":"00008100:000c936e","standortnr":"604","kennzeich":"02642","namenr":"Kurf\u00fcrstendamm","art_dtsch":"Ahornbl\u00e4ttrige Platane","art_bot":"Platanus acerifolia","gattung_deutsch":"Platane","gattung":"Platanus","art_gruppe":"Laubb\u00e4ume","strnr":"02642","strname":"Kurf\u00fcrstendamm","hausnr":"215","zusatz":"gg\u00fc","pflanzjahr":"1979","standalter":47,"kronedurch":7,"stammumfg":115,"baumhoehe":7,"eigentuemer":"Land Berlin","bezirk":"Charlottenburg-Wilmersdorf"},"bbox":[386397.35039994,5818270.38769965,386397.35039994,5818270.38769965]},{"type":"Feature","id":"strassenbaeume.00008100_000c9383","geometry":{"type":"Point","coordinates":[386383.75119994,5818265.57229965]},"geometry_name":"geom","properties":{"gisid":"00008100_000c9383","pitid":"00008100:000c9383","standortnr":"603","kennzeich":"02642","namenr":"Kurf\u00fcrstendamm","art_dtsch":"Ahornbl\u00e4ttrige Platane","art_bot":"Platanus acerifolia","gattung_deutsch":"Platane","gattung":"Platanus","art_gruppe":"Laubb\u00e4ume","strnr":"02642","strname":"Kurf\u00fcrstendamm","hausnr":"214","zusatz":"gg\u00fc","pflanzjahr":"1979","standalter":47,"kronedurch":7,"stammumfg":125,"baumhoehe":7,"eigentuemer":"Land Berlin","bezirk":"Charlottenburg-Wilmersdorf"},"bbox":[386383.75119994,5818265.57229965,386383.75119994,5818265.57229965]},{"type":"Feature","id":"strassenbaeume.00008100_000ccf00","geometry":{"type":"Point","coordinates":[384774.09429994,5817914.82269964]},"geometry_name":"geom","properties":{"gisid":"00008100_000ccf00","pitid":"00008100:000ccf00","standortnr":"458","kennzeich":"02642","namenr":"Kurf\u00fcrstendamm","art_dtsch":"F\u00e4cherblattbaum","art_bot":"Ginkgo biloba","gattung_deutsch":"Ginkgo","gattung":"Ginkgo","art_gruppe":"Nadelb\u00e4ume","strnr":"02642","strname":"Kurf\u00fcrstendamm","hausnr":null,"zusatz":null,"pflanzjahr":"1991","standalter":35,"kronedurch":4,"stammumfg":50,"baumhoehe":7,"eigentuemer":"Land Berlin","bezirk":"Charlottenburg-Wilmersdorf"},"bbox":[384774.09429994,5817914.82269964,384774.09429994,5817914.82269964]},{"type":"Feature","id":"strassenbaeume.00008100_000cd9a7","geometry":{"type":"Point","coordinates":[385374.39529994,5818038.41779965]},"geometry_name":"geom","properties":{"gisid":"00008100_000cd9a7","pitid":"00008100:000cd9a7","standortnr":"555","kennzeich":"02642","namenr":"Kurf\u00fcrstendamm","art_dtsch":"Ahornbl\u00e4ttrige Platane","art_bot":"Platanus acerifolia","gattung_deutsch":"Platane","gattung":"Platanus","art_gruppe":"Laubb\u00e4ume","strnr":"02642","strname":"Kurf\u00fcrstendamm","hausnr":"178-179","zusatz":"gg\u00fc","pflanzjahr":"1991","standalter":35,"kronedurch":4,"stammumfg":55,"baumhoehe":7,"eigentuemer":"Land Berlin","bezirk":"Charlottenburg-Wilmersdorf"},"bbox":[385374.39529994,5818038.41779965,385374.39529994,5818038.41779965]},{"type":"Feature","id":"strassenbaeume.00008100_000cd9a8","geometry":{"type":"Point","coordinates":[385357.49039994,5818036.20649965]},"geometry_name":"geom","properties":{"gisid":"00008100_000cd9a8","pitid":"00008100:000cd9a8","standortnr":"554","kennzeich":"02642","namenr":"Kurf\u00fcrstendamm","art_dtsch":"Ahornbl\u00e4ttrige Platane","art_bot":"Platanus acerifolia","gattung_deutsch":"Platane","gattung":"Platanus","art_gruppe":"Laubb\u00e4ume","strnr":"02642","strname":"Kurf\u00fcrstendamm","hausnr":"178-179","zusatz":"gg\u00fc","pflanzjahr":"1987","standalter":39,"kronedurch":6,"stammumfg":104,"baumhoehe":7,"eigentuemer":"Land Berlin","bezirk":"Charlottenburg-Wilmersdorf"},"bbox":[385357.49039994,5818036.20649965,385357.49039994,5818036.20649965]},{"type":"Feature","id":"strassenbaeume.00008100_000cd9a9","geometry":{"type":"Point","coordinates":[385340.65419994,5818033.77689965]},"geometry_name":"geom","properties":{"gisid":"00008100_000cd9a9","pitid":"00008100:000cd9a9","standortnr":"553","kennzeich":"02642","namenr":"Kurf\u00fcrstendamm","art_dtsch":"Ahornbl\u00e4ttrige Platane","art_bot":"Platanus acerifolia","gattung_deutsch":"Platane","gattung":"Platanus","art_gruppe":"Laubb\u00e4ume","strnr":"02642","strname":"Kurf\u00fcrstendamm","hausnr":"178-179","zusatz":"gg\u00fc","pflanzjahr":"1991","standalter":35,"kronedurch":5,"stammumfg":85,"baumhoehe":7,"eigentuemer":"Land Berlin","bezirk":"Charlottenburg-Wilmersdorf"},"bbox":[385340.65419994,5818033.77689965,385340.65419994,5818033.77689965]},{"type":"Feature","id":"strassenbaeume.00008100_000cd9aa","geometry":{"type":"Point","coordinates":[385323.96159994,5818031.27159965]},"geometry_name":"geom","properties":{"gisid":"00008100_000cd9aa","pitid":"00008100:000cd9aa","standortnr":"552","kennzeich":"02642","namenr":"Kurf\u00fcrstendamm","art_dtsch":"Ahornbl\u00e4ttrige Platane","art_bot":"Platanus acerifolia","gattung_deutsch":"Platane","gattung":"Platanus","art_gruppe":"Laubb\u00e4ume","strnr":"02642","strname":"Kurf\u00fcrstendamm","hausnr":"177","zusatz":"gg\u00fc","pflanzjahr":"1991","standalter":35,"kronedurch":4,"stammumfg":69,"baumhoehe":7,"eigentuemer":"Land Berlin","bezirk":"Charlottenburg-Wilmersdorf"},"bbox":[385323.96159994,5818031.27159965,385323.96159994,5818031.27159965]},{"type":"Feature","id":"strassenbaeume.00008100_000cd9ab","geometry":{"type":"Point","coordinates":[385307.12549994,5818028.84199965]},"geometry_name":"geom","properties":{"gisid":"00008100_000cd9ab","pitid":"00008100:000cd9ab","standortnr":"551","kennzeich":"02642","namenr":"Kurf\u00fcrstendamm","art_dtsch":"Ahornbl\u00e4ttrige Platane","art_bot":"Platanus acerifolia","gattung_deutsch":"Platane","gattung":"Platanus","art_gruppe":"Laubb\u00e4ume","strnr":"02642","strname":"Kurf\u00fcrstendamm","hausnr":"177","zusatz":"gg\u00fc","pflanzjahr":"1991","standalter":35,"kronedurch":4,"stammumfg":66,"baumhoehe":7,"eigentuemer":"Land Berlin","bezirk":"Charlottenburg-Wilmersdorf"},"bbox":[385307.12549994,5818028.84199965,385307.12549994,5818028.84199965]},{"type":"Feature","id":"strassenbaeume.00008100_000cd9ac","geometry":{"type":"Point","coordinates":[385290.28799994,5818026.33939965]},"geometry_name":"geom","properties":{"gisid":"00008100_000cd9ac","pitid":"00008100:000cd9ac","standortnr":"550","kennzeich":"02642","namenr":"Kurf\u00fcrstendamm","art_dtsch":"Ahornbl\u00e4ttrige Platane","art_bot":"Platanus acerifolia","gattung_deutsch":"Platane","gattung":"Platanus","art_gruppe":"Laubb\u00e4ume","strnr":"02642","strname":"Kurf\u00fcrstendamm","hausnr":"175-176","zusatz":"gg\u00fc","pflanzjahr":"1991","standalter":35,"kronedurch":4,"stammumfg":60,"baumhoehe":7,"eigentuemer":"Land Berlin","bezirk":"Charlottenburg-Wilmersdorf"},"bbox":[385290.28799994,5818026.33939965,385290.28799994,5818026.33939965]},{"type":"Feature","id":"strassenbaeume.00008100_000cd9ad","geometry":{"type":"Point","coordinates":[385273.45179994,5818023.90989965]},"geometry_name":"geom","properties":{"gisid":"00008100_000cd9ad","pitid":"00008100:000cd9ad","standortnr":"549","kennzeich":"02642","namenr":"Kurf\u00fcrstendamm","art_dtsch":"Ahornbl\u00e4ttrige Platane","art_bot":"Platanus acerifolia","gattung_deutsch":"Platane","gattung":"Platanus","art_gruppe":"Laubb\u00e4ume","strnr":"02642","strname":"Kurf\u00fcrstendamm","hausnr":"175-176","zusatz":"gg\u00fc","pflanzjahr":"1991","standalter":35,"kronedurch":6,"stammumfg":85,"baumhoehe":7,"eigentuemer":"Land Berlin","bezirk":"Charlottenburg-Wilmersdorf"},"bbox":[385273.45179994,5818023.90989965,385273.45179994,5818023.90989965]},{"type":"Feature","id":"strassenbaeume.00008100_000cd9ae","geometry":{"type":"Point","coordinates":[385256.54509994,5818021.55359965]},"geometry_name":"geom","properties":{"gisid":"00008100_000cd9ae","pitid":"00008100:000cd9ae","standortnr":"548","kennzeich":"02642","namenr":"Kurf\u00fcrstendamm","art_dtsch":"Ahornbl\u00e4ttrige Platane","art_bot":"Platanus acerifolia","gattung_deutsch":"Platane","gattung":"Platanus","art_gruppe":"Laubb\u00e4ume","strnr":"02642","strname":"Kurf\u00fcrstendamm","hausnr":"173-174","zusatz":"gg\u00fc","pflanzjahr":"1991","standalter":35,"kronedurch":4,"stammumfg":57,"baumhoehe":7,"eigentuemer":"Land Berlin","bezirk":"Charlottenburg-Wilmersdorf"},"bbox":[385256.54509994,5818021.55359965,385256.54509994,5818021.55359965]},{"type":"Feature","id":"strassenbaeume.00008100_000cd9af","geometry":{"type":"Point","coordinates":[385224.03029994,5818016.67139965]},"geometry_name":"geom","properties":{"gisid":"00008100_000cd9af","pitid":"00008100:000cd9af","standortnr":"547","kennzeich":"02642","namenr":"Kurf\u00fcrstendamm","art_dtsch":"Ahornbl\u00e4ttrige Platane","art_bot":"Platanus acerifolia","gattung_deutsch":"Platane","gattung":"Platanus","art_gruppe":"Laubb\u00e4ume","strnr":"02642","strname":"Kurf\u00fcrstendamm","hausnr":"171-172","zusatz":"gg\u00fc","pflanzjahr":"1987","standalter":39,"kronedurch":5,"stammumfg":91,"baumhoehe":7,"eigentuemer":"Land Berlin","bezirk":"Charlottenburg-Wilmersdorf"},"bbox":[385224.03029994,5818016.67139965,385224.03029994,5818016.67139965]},{"type":"Feature","id":"strassenbaeume.00008100_000cd9b0","geometry":{"type":"Point","coordinates":[385206.76859994,5818014.68389965]},"geometry_name":"geom","properties":{"gisid":"00008100_000cd9b0","pitid":"00008100:000cd9b0","standortnr":"546","kennzeich":"02642","namenr":"Kurf\u00fcrstendamm","art_dtsch":"Ahornbl\u00e4ttrige Platane","art_bot":"Platanus acerifolia","gattung_deutsch":"Platane","gattung":"Platanus","art_gruppe":"Laubb\u00e4ume","strnr":"02642","strname":"Kurf\u00fcrstendamm","hausnr":"170","zusatz":"gg\u00fc","pflanzjahr":"1987","standalter":39,"kronedurch":5,"stammumfg":91,"baumhoehe":7,"eigentuemer":"Land Berlin","bezirk":"Charlottenburg-Wilmersdorf"},"bbox":[385206.76859994,5818014.68389965,385206.76859994,5818014.68389965]},{"type":"Feature","id":"strassenbaeume.00008100_000cd9b1","geometry":{"type":"Point","coordinates":[385189.56509994,5818011.97229965]},"geometry_name":"geom","properties":{"gisid":"00008100_000cd9b1","pitid":"00008100:000cd9b1","standortnr":"545","kennzeich":"02642","namenr":"Kurf\u00fcrstendamm","art_dtsch":"Ahornbl\u00e4ttrige Platane","art_bot":"Platanus acerifolia","gattung_deutsch":"Platane","gattung":"Platanus","art_gruppe":"Laubb\u00e4ume","strnr":"02642","strname":"Kurf\u00fcrstendamm","hausnr":"170","zusatz":"gg\u00fc","pflanzjahr":"1991","standalter":35,"kronedurch":4,"stammumfg":79,"baumhoehe":7,"eigentuemer":"Land Berlin","bezirk":"Charlottenburg-Wilmersdorf"},"bbox":[385189.56509994,5818011.97229965,385189.56509994,5818011.97229965]},{"type":"Feature","id":"strassenbaeume.00008100_000cd9b2","geometry":{"type":"Point","coordinates":[385172.73029994,5818009.61469965]},"geometry_name":"geom","properties":{"gisid":"00008100_000cd9b2","pitid":"00008100:000cd9b2","standortnr":"544","kennzeich":"02642","namenr":"Kurf\u00fcrstendamm","art_dtsch":"Ahornbl\u00e4ttrige Platane","art_bot":"Platanus acerifolia","gattung_deutsch":"Platane","gattung":"Platanus","art_gruppe":"Laubb\u00e4ume","strnr":"02642","strname":"Kurf\u00fcrstendamm","hausnr":"167-168","zusatz":"gg\u00fc","pflanzjahr":"1991","standalter":35,"kronedurch":4,"stammumfg":57,"baumhoehe":7,"eigentuemer":"Land Berlin","bezirk":"Charlottenburg-Wilmersdorf"},"bbox":[385172.73029994,5818009.61469965,385172.73029994,5818009.61469965]},{"type":"Feature","id":"strassenbaeume.00008100_000cd9b3","geometry":{"type":"Point","coordinates":[385155.82219994,5818007.18649965]},"geometry_name":"geom","properties":{"gisid":"00008100_000cd9b3","pitid":"00008100:000cd9b3","standortnr":"543","kennzeich":"02642","namenr":"Kurf\u00fcrstendamm","art_dtsch":"Ahornbl\u00e4ttrige Platane","art_bot":"Platanus acerifolia","gattung_deutsch":"Platane","gattung":"Platanus","art_gruppe":"Laubb\u00e4ume","strnr":"02642","strname":"Kurf\u00fcrstendamm","hausnr":"167-168","zusatz":"gg\u00fc","pflanzjahr":"1991","standalter":35,"kronedurch":6,"stammumfg":75,"baumhoehe":7,"eigentuemer":"Land Berlin","bezirk":"Charlottenburg-Wilmersdorf"},"bbox":[385155.82219994,5818007.18649965,385155.82219994,5818007.18649965]},{"type":"Feature","id":"strassenbaeume.00008100_000cd9b4","geometry":{"type":"Point","coordinates":[385139.05799994,5818004.75449965]},"geometry_name":"geom","properties":{"gisid":"00008100_000cd9b4","pitid":"00008100:000cd9b4","standortnr":"542","kennzeich":"02642","namenr":"Kurf\u00fcrstendamm","art_dtsch":"Ahornbl\u00e4ttrige Platane","art_bot":"Platanus acerifolia","gattung_deutsch":"Platane","gattung":"Platanus","art_gruppe":"Laubb\u00e4ume","strnr":"02642","strname":"Kurf\u00fcrstendamm","hausnr":"166","zusatz":"gg\u00fc","pflanzjahr":"1991","standalter":35,"kronedurch":4,"stammumfg":57,"baumhoehe":7,"eigentuemer":"Land Berlin","bezirk":"Charlottenburg-Wilmersdorf"},"bbox":[385139.05799994,5818004.75449965,385139.05799994,5818004.75449965]},{"type":"Feature","id":"strassenbaeume.00008100_000cd9b5","geometry":{"type":"Point","coordinates":[385122.22319994,5818002.39789965]},"geometry_name":"geom","properties":{"gisid":"00008100_000cd9b5","pitid":"00008100:000cd9b5","standortnr":"541","kennzeich":"02642","namenr":"Kurf\u00fcrstendamm","art_dtsch":"Ahornbl\u00e4ttrige Platane","art_bot":"Platanus acerifolia","gattung_deutsch":"Platane","gattung":"Platanus","art_gruppe":"Laubb\u00e4ume","strnr":"02642","strname":"Kurf\u00fcrstendamm","hausnr":"165","zusatz":"gg\u00fc","pflanzjahr":"1991","standalter":35,"kronedurch":7,"stammumfg":79,"baumhoehe":7,"eigentuemer":"Land Berlin","bezirk":"Charlottenburg-Wilmersdorf"},"bbox":[385122.22319994,5818002.39789965,385122.22319994,5818002.39789965]},{"type":"Feature","id":"strassenbaeume.00008100_000cd9b6","geometry":{"type":"Point","coordinates":[385051.77119994,5817989.28189965]},"geometry_name":"geom","properties":{"gisid":"00008100_000cd9b6","pitid":"00008100:000cd9b6","standortnr":"540","kennzeich":"02642","namenr":"Kurf\u00fcrstendamm","art_dtsch":"Ahornbl\u00e4ttrige Platane","art_bot":"Platanus acerifolia","gattung_deutsch":"Platane","gattung":"Platanus","art_gruppe":"Laubb\u00e4ume","strnr":"02642","strname":"Kurf\u00fcrstendamm","hausnr":"163","zusatz":"gg\u00fc","pflanzjahr":"1984","standalter":42,"kronedurch":7,"stammumfg":105,"baumhoehe":7,"eigentuemer":"Land Berlin","bezirk":"Charlottenburg-Wilmersdorf"},"bbox":[385051.77119994,5817989.28189965,385051.77119994,5817989.28189965]},{"type":"Feature","id":"strassenbaeume.00008100_000cd9b7","geometry":{"type":"Point","coordinates":[385033.15039994,5817983.97439965]},"geometry_name":"geom","properties":{"gisid":"00008100_000cd9b7","pitid":"00008100:000cd9b7","standortnr":"539","kennzeich":"02642","namenr":"Kurf\u00fcrstendamm","art_dtsch":"Ahornbl\u00e4ttrige Platane","art_bot":"Platanus acerifolia","gattung_deutsch":"Platane","gattung":"Platanus","art_gruppe":"Laubb\u00e4ume","strnr":"02642","strname":"Kurf\u00fcrstendamm","hausnr":"163","zusatz":"gg\u00fc","pflanzjahr":"1984","standalter":42,"kronedurch":6,"stammumfg":100,"baumhoehe":7,"eigentuemer":"Land Berlin","bezirk":"Charlottenburg-Wilmersdorf"},"bbox":[385033.15039994,5817983.97439965,385033.15039994,5817983.97439965]},{"type":"Feature","id":"strassenbaeume.00008100_000cd9b8","geometry":{"type":"Point","coordinates":[385014.68149994,5817978.29309964]},"geometry_name":"geom","properties":{"gisid":"00008100_000cd9b8","pitid":"00008100:000cd9b8","standortnr":"538","kennzeich":"02642","namenr":"Kurf\u00fcrstendamm","art_dtsch":"Ahornbl\u00e4ttrige Platane","art_bot":"Platanus acerifolia","gattung_deutsch":"Platane","gattung":"Platanus","art_gruppe":"Laubb\u00e4ume","strnr":"02642","strname":"Kurf\u00fcrstendamm","hausnr":"162","zusatz":"gg\u00fc","pflanzjahr":"1984","standalter":42,"kronedurch":6,"stammumfg":79,"baumhoehe":7,"eigentuemer":"Land Berlin","bezirk":"Charlottenburg-Wilmersdorf"},"bbox":[385014.68149994,5817978.29309964,385014.68149994,5817978.29309964]},{"type":"Feature","id":"strassenbaeume.00008100_000cd9b9","geometry":{"type":"Point","coordinates":[384959.77079994,5817962.29969965]},"geometry_name":"geom","properties":{"gisid":"00008100_000cd9b9","pitid":"00008100:000cd9b9","standortnr":"537","kennzeich":"02642","namenr":"Kurf\u00fcrstendamm","art_dtsch":"F\u00e4cherblattbaum","art_bot":"Ginkgo biloba","gattung_deutsch":"Ginkgo","gattung":"Ginkgo","art_gruppe":"Nadelb\u00e4ume","strnr":"02642","strname":"Kurf\u00fcrstendamm","hausnr":"160","zusatz":"gg\u00fc","pflanzjahr":"1987","standalter":39,"kronedurch":3,"stammumfg":65,"baumhoehe":7,"eigentuemer":"Land Berlin","bezirk":"Charlottenburg-Wilmersdorf"},"bbox":[384959.77079994,5817962.29969965,384959.77079994,5817962.29969965]},{"type":"Feature","id":"strassenbaeume.00008100_000cd9ba","geometry":{"type":"Point","coordinates":[384943.97289994,5817957.99649965]},"geometry_name":"geom","properties":{"gisid":"00008100_000cd9ba","pitid":"00008100:000cd9ba","standortnr":"536","kennzeich":"02642","namenr":"Kurf\u00fcrstendamm","art_dtsch":"F\u00e4cherblattbaum","art_bot":"Ginkgo biloba","gattung_deutsch":"Ginkgo","gattung":"Ginkgo","art_gruppe":"Nadelb\u00e4ume","strnr":"02642","strname":"Kurf\u00fcrstendamm","hausnr":"160","zusatz":"gg\u00fc","pflanzjahr":"1987","standalter":39,"kronedurch":3,"stammumfg":55,"baumhoehe":7,"eigentuemer":"Land Berlin","bezirk":"Charlottenburg-Wilmersdorf"},"bbox":[384943.97289994,5817957.99649965,384943.97289994,5817957.99649965]},{"type":"Feature","id":"strassenbaeume.00008100_000cd9bb","geometry":{"type":"Point","coordinates":[384928.06609994,5817953.48429965]},"geometry_name":"geom","properties":{"gisid":"00008100_000cd9bb","pitid":"00008100:000cd9bb","standortnr":"535","kennzeich":"02642","namenr":"Kurf\u00fcrstendamm","art_dtsch":"F\u00e4cherblattbaum","art_bot":"Ginkgo biloba","gattung_deutsch":"Ginkgo","gattung":"Ginkgo","art_gruppe":"Nadelb\u00e4ume","strnr":"02642","strname":"Kurf\u00fcrstendamm","hausnr":"160","zusatz":"gg\u00fc","pflanzjahr":"1991","standalter":35,"kronedurch":3,"stammumfg":40,"baumhoehe":7,"eigentuemer":"Land Berlin","bezirk":"Charlottenburg-Wilmersdorf"},"bbox":[384928.06609994,5817953.48429965,384928.06609994,5817953.48429965]},{"type":"Feature","id":"strassenbaeume.00008100_000cd9bc","geometry":{"type":"Point","coordinates":[384912.48719994,5817949.49489965]},"geometry_name":"geom","properties":{"gisid":"00008100_000cd9bc","pitid":"00008100:000cd9bc","standortnr":"534","kennzeich":"02642","namenr":"Kurf\u00fcrstendamm","art_dtsch":"F\u00e4cherblattbaum","art_bot":"Ginkgo biloba","gattung_deutsch":"Ginkgo","gattung":"Ginkgo","art_gruppe":"Nadelb\u00e4ume","strnr":"02642","strname":"Kurf\u00fcrstendamm","hausnr":"159","zusatz":"gg\u00fc","pflanzjahr":"1991","standalter":35,"kronedurch":3,"stammumfg":50,"baumhoehe":7,"eigentuemer":"Land Berlin","bezirk":"Charlottenburg-Wilmersdorf"},"bbox":[384912.48719994,5817949.49489965,384912.48719994,5817949.49489965]},{"type":"Feature","id":"strassenbaeume.00008100_000cd9bd","geometry":{"type":"Point","coordinates":[384830.39489994,5817926.02799964]},"geometry_name":"geom","properties":{"gisid":"00008100_000cd9bd","pitid":"00008100:000cd9bd","standortnr":"533","kennzeich":"02642","namenr":"Kurf\u00fcrstendamm","art_dtsch":"F\u00e4cherblattbaum","art_bot":"Ginkgo biloba","gattung_deutsch":"Ginkgo","gattung":"Ginkgo","art_gruppe":"Nadelb\u00e4ume","strnr":"02642","strname":"Kurf\u00fcrstendamm","hausnr":"156","zusatz":"gg\u00fc","pflanzjahr":"1987","standalter":39,"kronedurch":4,"stammumfg":65,"baumhoehe":12,"eigentuemer":"Land Berlin","bezirk":"Charlottenburg-Wilmersdorf"},"bbox":[384830.39489994,5817926.02799964,384830.39489994,5817926.02799964]},{"type":"Feature","id":"strassenbaeume.00008100_000cd9be","geometry":{"type":"Point","coordinates":[384814.59509994,5817921.56679965]},"geometry_name":"geom","properties":{"gisid":"00008100_000cd9be","pitid":"00008100:000cd9be","standortnr":"532","kennzeich":"02642","namenr":"Kurf\u00fcrstendamm","art_dtsch":"F\u00e4cherblattbaum","art_bot":"Ginkgo biloba","gattung_deutsch":"Ginkgo","gattung":"Ginkgo","art_gruppe":"Nadelb\u00e4ume","strnr":"02642","strname":"Kurf\u00fcrstendamm","hausnr":null,"zusatz":null,"pflanzjahr":"1987","standalter":39,"kronedurch":4,"stammumfg":65,"baumhoehe":12,"eigentuemer":"Land Berlin","bezirk":"Charlottenburg-Wilmersdorf"},"bbox":[384814.59509994,5817921.56679965,384814.59509994,5817921.56679965]},{"type":"Feature","id":"strassenbaeume.00008100_000cd9bf","geometry":{"type":"Point","coordinates":[384799.06009994,5817917.15259964]},"geometry_name":"geom","properties":{"gisid":"00008100_000cd9bf","pitid":"00008100:000cd9bf","standortnr":"531","kennzeich":"02642","namenr":"Kurf\u00fcrstendamm","art_dtsch":"F\u00e4cherblattbaum","art_bot":"Ginkgo biloba","gattung_deutsch":"Ginkgo","gattung":"Ginkgo","art_gruppe":"Nadelb\u00e4ume","strnr":"02642","strname":"Kurf\u00fcrstendamm","hausnr":null,"zusatz":null,"pflanzjahr":"1991","standalter":35,"kronedurch":3,"stammumfg":60,"baumhoehe":12,"eigentuemer":"Land Berlin","bezirk":"Charlottenburg-Wilmersdorf"},"bbox":[384799.06009994,5817917.15259964,384799.06009994,5817917.15259964]},{"type":"Feature","id":"strassenbaeume.00008100_000cd9c0","geometry":{"type":"Point","coordinates":[384783.52809994,5817912.84439964]},"geometry_name":"geom","properties":{"gisid":"00008100_000cd9c0","pitid":"00008100:000cd9c0","standortnr":"530","kennzeich":"02642","namenr":"Kurf\u00fcrstendamm","art_dtsch":"F\u00e4cherblattbaum","art_bot":"Ginkgo biloba","gattung_deutsch":"Ginkgo","gattung":"Ginkgo","art_gruppe":"Nadelb\u00e4ume","strnr":"02642","strname":"Kurf\u00fcrstendamm","hausnr":null,"zusatz":null,"pflanzjahr":"1991","standalter":35,"kronedurch":4,"stammumfg":70,"baumhoehe":12,"eigentuemer":"Land Berlin","bezirk":"Charlottenburg-Wilmersdorf"},"bbox":[384783.52809994,5817912.84439964,384783.52809994,5817912.84439964]},{"type":"Feature","id":"strassenbaeume.00008100_000cd9c1","geometry":{"type":"Point","coordinates":[384789.73529994,5817919.28789965]},"geometry_name":"geom","properties":{"gisid":"00008100_000cd9c1","pitid":"00008100:000cd9c1","standortnr":"457","kennzeich":"02642","namenr":"Kurf\u00fcrstendamm","art_dtsch":"F\u00e4cherblattbaum","art_bot":"Ginkgo biloba","gattung_deutsch":"Ginkgo","gattung":"Ginkgo","art_gruppe":"Nadelb\u00e4ume","strnr":"02642","strname":"Kurf\u00fcrstendamm","hausnr":null,"zusatz":null,"pflanzjahr":"1987","standalter":39,"kronedurch":3,"stammumfg":50,"baumhoehe":7,"eigentuemer":"Land Berlin","bezirk":"Charlottenburg-Wilmersdorf"},"bbox":[384789.73529994,5817919.28789965,384789.73529994,5817919.28789965]},{"type":"Feature","id":"strassenbaeume.00008100_000cd9c2","geometry":{"type":"Point","coordinates":[384805.59109994,5817923.90689964]},"geometry_name":"geom","properties":{"gisid":"00008100_000cd9c2","pitid":"00008100:000cd9c2","standortnr":"456","kennzeich":"02642","namenr":"Kurf\u00fcrstendamm","art_dtsch":"F\u00e4cherblattbaum","art_bot":"Ginkgo biloba","gattung_deutsch":"Ginkgo","gattung":"Ginkgo","art_gruppe":"Nadelb\u00e4ume","strnr":"02642","strname":"Kurf\u00fcrstendamm","hausnr":null,"zusatz":null,"pflanzjahr":"1987","standalter":39,"kronedurch":4,"stammumfg":65,"baumhoehe":12,"eigentuemer":"Land Berlin","bezirk":"Charlottenburg-Wilmersdorf"},"bbox":[384805.59109994,5817923.90689964,384805.59109994,5817923.90689964]},{"type":"Feature","id":"strassenbaeume.00008100_000cd9c3","geometry":{"type":"Point","coordinates":[384821.17409994,5817928.05529964]},"geometry_name":"geom","properties":{"gisid":"00008100_000cd9c3","pitid":"00008100:000cd9c3","standortnr":"455","kennzeich":"02642","namenr":"Kurf\u00fcrstendamm","art_dtsch":"F\u00e4cherblattbaum","art_bot":"Ginkgo biloba","gattung_deutsch":"Ginkgo","gattung":"Ginkgo","art_gruppe":"Nadelb\u00e4ume","strnr":"02642","strname":"Kurf\u00fcrstendamm","hausnr":" 76","zusatz":"gg\u00fc","pflanzjahr":"1987","standalter":39,"kronedurch":5,"stammumfg":60,"baumhoehe":12,"eigentuemer":"Land Berlin","bezirk":"Charlottenburg-Wilmersdorf"},"bbox":[384821.17409994,5817928.05529964,384821.17409994,5817928.05529964]},{"type":"Feature","id":"strassenbaeume.00008100_000cd9c5","geometry":{"type":"Point","coordinates":[384903.10029994,5817951.15439965]},"geometry_name":"geom","properties":{"gisid":"00008100_000cd9c5","pitid":"00008100:000cd9c5","standortnr":"454","kennzeich":"02642","namenr":"Kurf\u00fcrstendamm","art_dtsch":"F\u00e4cherblattbaum","art_bot":"Ginkgo biloba","gattung_deutsch":"Ginkgo","gattung":"Ginkgo","art_gruppe":"Nadelb\u00e4ume","strnr":"02642","strname":"Kurf\u00fcrstendamm","hausnr":"74","zusatz":null,"pflanzjahr":"1987","standalter":39,"kronedurch":3,"stammumfg":60,"baumhoehe":7,"eigentuemer":"Land Berlin","bezirk":"Charlottenburg-Wilmersdorf"},"bbox":[384903.10029994,5817951.15439965,384903.10029994,5817951.15439965]},{"type":"Feature","id":"strassenbaeume.00008100_000cda41","geometry":{"type":"Point","coordinates":[385041.99139994,5817989.78489965]},"geometry_name":"geom","properties":{"gisid":"00008100_000cda41","pitid":"00008100:000cda41","standortnr":"448","kennzeich":"02642","namenr":"Kurf\u00fcrstendamm","art_dtsch":"Ahornbl\u00e4ttrige Platane","art_bot":"Platanus acerifolia","gattung_deutsch":"Platane","gattung":"Platanus","art_gruppe":"Laubb\u00e4ume","strnr":"02642","strname":"Kurf\u00fcrstendamm","hausnr":" 70-71","zusatz":"gg\u00fc","pflanzjahr":"1984","standalter":42,"kronedurch":6,"stammumfg":100,"baumhoehe":12,"eigentuemer":"Land Berlin","bezirk":"Charlottenburg-Wilmersdorf"},"bbox":[385041.99139994,5817989.78489965,385041.99139994,5817989.78489965]},{"type":"Feature","id":"strassenbaeume.00008100_000cda42","geometry":{"type":"Point","coordinates":[385130.38319994,5818009.04519965]},"geometry_name":"geom","properties":{"gisid":"00008100_000cda42","pitid":"00008100:000cda42","standortnr":"447","kennzeich":"02642","namenr":"Kurf\u00fcrstendamm","art_dtsch":"Ahornbl\u00e4ttrige Platane","art_bot":"Platanus acerifolia","gattung_deutsch":"Platane","gattung":"Platanus","art_gruppe":"Laubb\u00e4ume","strnr":"02642","strname":"Kurf\u00fcrstendamm","hausnr":" 69","zusatz":"gg\u00fc","pflanzjahr":"1991","standalter":35,"kronedurch":5,"stammumfg":57,"baumhoehe":7,"eigentuemer":"Land Berlin","bezirk":"Charlottenburg-Wilmersdorf"},"bbox":[385130.38319994,5818009.04519965,385130.38319994,5818009.04519965]},{"type":"Feature","id":"strassenbaeume.00008100_000cda43","geometry":{"type":"Point","coordinates":[385147.14499994,5818011.40419965]},"geometry_name":"geom","properties":{"gisid":"00008100_000cda43","pitid":"00008100:000cda43","standortnr":"446","kennzeich":"02642","namenr":"Kurf\u00fcrstendamm","art_dtsch":"Ahornbl\u00e4ttrige Platane","art_bot":"Platanus acerifolia","gattung_deutsch":"Platane","gattung":"Platanus","art_gruppe":"Laubb\u00e4ume","strnr":"02642","strname":"Kurf\u00fcrstendamm","hausnr":" 69","zusatz":"gg\u00fc","pflanzjahr":"1987","standalter":39,"kronedurch":6,"stammumfg":101,"baumhoehe":7,"eigentuemer":"Land Berlin","bezirk":"Charlottenburg-Wilmersdorf"},"bbox":[385147.14499994,5818011.40419965,385147.14499994,5818011.40419965]},{"type":"Feature","id":"strassenbaeume.00008100_000cda44","geometry":{"type":"Point","coordinates":[385163.83849994,5818013.90849965]},"geometry_name":"geom","properties":{"gisid":"00008100_000cda44","pitid":"00008100:000cda44","standortnr":"445","kennzeich":"02642","namenr":"Kurf\u00fcrstendamm","art_dtsch":"Ahornbl\u00e4ttrige Platane","art_bot":"Platanus acerifolia","gattung_deutsch":"Platane","gattung":"Platanus","art_gruppe":"Laubb\u00e4ume","strnr":"02642","strname":"Kurf\u00fcrstendamm","hausnr":" 68","zusatz":"gg\u00fc","pflanzjahr":"1987","standalter":39,"kronedurch":6,"stammumfg":94,"baumhoehe":7,"eigentuemer":"Land Berlin","bezirk":"Charlottenburg-Wilmersdorf"},"bbox":[385163.83849994,5818013.90849965,385163.83849994,5818013.90849965]},{"type":"Feature","id":"strassenbaeume.00008100_000cda45","geometry":{"type":"Point","coordinates":[385180.81309994,5818016.04649965]},"geometry_name":"geom","properties":{"gisid":"00008100_000cda45","pitid":"00008100:000cda45","standortnr":"444","kennzeich":"02642","namenr":"Kurf\u00fcrstendamm","art_dtsch":"Ahornbl\u00e4ttrige Platane","art_bot":"Platanus acerifolia","gattung_deutsch":"Platane","gattung":"Platanus","art_gruppe":"Laubb\u00e4ume","strnr":"02642","strname":"Kurf\u00fcrstendamm","hausnr":" 68","zusatz":"gg\u00fc","pflanzjahr":"1991","standalter":35,"kronedurch":5,"stammumfg":79,"baumhoehe":7,"eigentuemer":"Land Berlin","bezirk":"Charlottenburg-Wilmersdorf"},"bbox":[385180.81309994,5818016.04649965,385180.81309994,5818016.04649965]},{"type":"Feature","id":"strassenbaeume.00008100_000cda46","geometry":{"type":"Point","coordinates":[385197.50569994,5818018.55179965]},"geometry_name":"geom","properties":{"gisid":"00008100_000cda46","pitid":"00008100:000cda46","standortnr":"443","kennzeich":"02642","namenr":"Kurf\u00fcrstendamm","art_dtsch":"Ahornbl\u00e4ttrige Platane","art_bot":"Platanus acerifolia","gattung_deutsch":"Platane","gattung":"Platanus","art_gruppe":"Laubb\u00e4ume","strnr":"02642","strname":"Kurf\u00fcrstendamm","hausnr":" 67","zusatz":"gg\u00fc","pflanzjahr":"1987","standalter":39,"kronedurch":6,"stammumfg":91,"baumhoehe":7,"eigentuemer":"Land Berlin","bezirk":"Charlottenburg-Wilmersdorf"},"bbox":[385197.50569994,5818018.55179965,385197.50569994,5818018.55179965]},{"type":"Feature","id":"strassenbaeume.00008100_000cda47","geometry":{"type":"Point","coordinates":[385214.41479994,5818020.97999965]},"geometry_name":"geom","properties":{"gisid":"00008100_000cda47","pitid":"00008100:000cda47","standortnr":"442","kennzeich":"02642","namenr":"Kurf\u00fcrstendamm","art_dtsch":"Ahornbl\u00e4ttrige Platane","art_bot":"Platanus acerifolia","gattung_deutsch":"Platane","gattung":"Platanus","art_gruppe":"Laubb\u00e4ume","strnr":"02642","strname":"Kurf\u00fcrstendamm","hausnr":" 67","zusatz":"gg\u00fc","pflanzjahr":"1987","standalter":39,"kronedurch":6,"stammumfg":94,"baumhoehe":7,"eigentuemer":"Land Berlin","bezirk":"Charlottenburg-Wilmersdorf"},"bbox":[385214.41479994,5818020.97999965,385214.41479994,5818020.97999965]},{"type":"Feature","id":"strassenbaeume.00008100_000cda48","geometry":{"type":"Point","coordinates":[385231.25509994,5818023.62649965]},"geometry_name":"geom","properties":{"gisid":"00008100_000cda48","pitid":"00008100:000cda48","standortnr":"441","kennzeich":"02642","namenr":"Kurf\u00fcrstendamm","art_dtsch":"Ahornbl\u00e4ttrige Platane","art_bot":"Platanus acerifolia","gattung_deutsch":"Platane","gattung":"Platanus","art_gruppe":"Laubb\u00e4ume","strnr":"02642","strname":"Kurf\u00fcrstendamm","hausnr":null,"zusatz":null,"pflanzjahr":"1984","standalter":42,"kronedurch":6,"stammumfg":110,"baumhoehe":7,"eigentuemer":"Land Berlin","bezirk":"Charlottenburg-Wilmersdorf"},"bbox":[385231.25509994,5818023.62649965,385231.25509994,5818023.62649965]},{"type":"Feature","id":"strassenbaeume.00008100_000cda49","geometry":{"type":"Point","coordinates":[385264.70949994,5818028.49079965]},"geometry_name":"geom","properties":{"gisid":"00008100_000cda49","pitid":"00008100:000cda49","standortnr":"440","kennzeich":"02642","namenr":"Kurf\u00fcrstendamm","art_dtsch":"Ahornbl\u00e4ttrige Platane","art_bot":"Platanus acerifolia","gattung_deutsch":"Platane","gattung":"Platanus","art_gruppe":"Laubb\u00e4ume","strnr":"02642","strname":"Kurf\u00fcrstendamm","hausnr":" 66","zusatz":"gg\u00fc","pflanzjahr":"1991","standalter":35,"kronedurch":5,"stammumfg":94,"baumhoehe":7,"eigentuemer":"Land Berlin","bezirk":"Charlottenburg-Wilmersdorf"},"bbox":[385264.70949994,5818028.49079965,385264.70949994,5818028.49079965]},{"type":"Feature","id":"strassenbaeume.00008100_000cda4a","geometry":{"type":"Point","coordinates":[385280.95729994,5818030.42459965]},"geometry_name":"geom","properties":{"gisid":"00008100_000cda4a","pitid":"00008100:000cda4a","standortnr":"439","kennzeich":"02642","namenr":"Kurf\u00fcrstendamm","art_dtsch":"Ahornbl\u00e4ttrige Platane","art_bot":"Platanus acerifolia","gattung_deutsch":"Platane","gattung":"Platanus","art_gruppe":"Laubb\u00e4ume","strnr":"02642","strname":"Kurf\u00fcrstendamm","hausnr":" 66","zusatz":"gg\u00fc","pflanzjahr":"1991","standalter":35,"kronedurch":4,"stammumfg":60,"baumhoehe":7,"eigentuemer":"Land Berlin","bezirk":"Charlottenburg-Wilmersdorf"},"bbox":[385280.95729994,5818030.42459965,385280.95729994,5818030.42459965]},{"type":"Feature","id":"strassenbaeume.00008100_000cda4b","geometry":{"type":"Point","coordinates":[385297.86499994,5818032.78089965]},"geometry_name":"geom","properties":{"gisid":"00008100_000cda4b","pitid":"00008100:000cda4b","standortnr":"438","kennzeich":"02642","namenr":"Kurf\u00fcrstendamm","art_dtsch":"Ahornbl\u00e4ttrige Platane","art_bot":"Platanus acerifolia","gattung_deutsch":"Platane","gattung":"Platanus","art_gruppe":"Laubb\u00e4ume","strnr":"02642","strname":"Kurf\u00fcrstendamm","hausnr":" 64-65","zusatz":"gg\u00fc","pflanzjahr":"1991","standalter":35,"kronedurch":4,"stammumfg":60,"baumhoehe":7,"eigentuemer":"Land Berlin","bezirk":"Charlottenburg-Wilmersdorf"},"bbox":[385297.86499994,5818032.78089965,385297.86499994,5818032.78089965]},{"type":"Feature","id":"strassenbaeume.00008100_000cda4c","geometry":{"type":"Point","coordinates":[385314.77589994,5818035.35399965]},"geometry_name":"geom","properties":{"gisid":"00008100_000cda4c","pitid":"00008100:000cda4c","standortnr":"437","kennzeich":"02642","namenr":"Kurf\u00fcrstendamm","art_dtsch":"Ahornbl\u00e4ttrige Platane","art_bot":"Platanus acerifolia","gattung_deutsch":"Platane","gattung":"Platanus","art_gruppe":"Laubb\u00e4ume","strnr":"02642","strname":"Kurf\u00fcrstendamm","hausnr":" 64-65","zusatz":"gg\u00fc","pflanzjahr":"1991","standalter":35,"kronedurch":5,"stammumfg":55,"baumhoehe":7,"eigentuemer":"Land Berlin","bezirk":"Charlottenburg-Wilmersdorf"},"bbox":[385314.77589994,5818035.35399965,385314.77589994,5818035.35399965]},{"type":"Feature","id":"strassenbaeume.00008100_000cda4d","geometry":{"type":"Point","coordinates":[385331.60509994,5818037.42279965]},"geometry_name":"geom","properties":{"gisid":"00008100_000cda4d","pitid":"00008100:000cda4d","standortnr":"436","kennzeich":"02642","namenr":"Kurf\u00fcrstendamm","art_dtsch":"Ahornbl\u00e4ttrige Platane","art_bot":"Platanus acerifolia","gattung_deutsch":"Platane","gattung":"Platanus","art_gruppe":"Laubb\u00e4ume","strnr":"02642","strname":"Kurf\u00fcrstendamm","hausnr":" 64-65","zusatz":"gg\u00fc","pflanzjahr":"1991","standalter":35,"kronedurch":5,"stammumfg":65,"baumhoehe":7,"eigentuemer":"Land Berlin","bezirk":"Charlottenburg-Wilmersdorf"},"bbox":[385331.60509994,5818037.42279965,385331.60509994,5818037.42279965]},{"type":"Feature","id":"strassenbaeume.00008100_000cda4e","geometry":{"type":"Point","coordinates":[385348.44539994,5818040.06929964]},"geometry_name":"geom","properties":{"gisid":"00008100_000cda4e","pitid":"00008100:000cda4e","standortnr":"435","kennzeich":"02642","namenr":"Kurf\u00fcrstendamm","art_dtsch":"Ahornbl\u00e4ttrige Platane","art_bot":"Platanus acerifolia","gattung_deutsch":"Platane","gattung":"Platanus","art_gruppe":"Laubb\u00e4ume","strnr":"02642","strname":"Kurf\u00fcrstendamm","hausnr":" 63","zusatz":"gg\u00fc","pflanzjahr":"1991","standalter":35,"kronedurch":5,"stammumfg":65,"baumhoehe":7,"eigentuemer":"Land Berlin","bezirk":"Charlottenburg-Wilmersdorf"},"bbox":[385348.44539994,5818040.06929964,385348.44539994,5818040.06929964]},{"type":"Feature","id":"strassenbaeume.00008100_000cda4f","geometry":{"type":"Point","coordinates":[385381.82509994,5818044.78999965]},"geometry_name":"geom","properties":{"gisid":"00008100_000cda4f","pitid":"00008100:000cda4f","standortnr":"433","kennzeich":"02642","namenr":"Kurf\u00fcrstendamm","art_dtsch":"Ahornbl\u00e4ttrige Platane","art_bot":"Platanus acerifolia","gattung_deutsch":"Platane","gattung":"Platanus","art_gruppe":"Laubb\u00e4ume","strnr":"02642","strname":"Kurf\u00fcrstendamm","hausnr":" 63","zusatz":"gg\u00fc","pflanzjahr":"1991","standalter":35,"kronedurch":4,"stammumfg":69,"baumhoehe":7,"eigentuemer":"Land Berlin","bezirk":"Charlottenburg-Wilmersdorf"},"bbox":[385381.82509994,5818044.78999965,385381.82509994,5818044.78999965]},{"type":"Feature","id":"strassenbaeume.00008100_000cda54","geometry":{"type":"Point","coordinates":[385022.72479994,5817983.90769965]},"geometry_name":"geom","properties":{"gisid":"00008100_000cda54","pitid":"00008100:000cda54","standortnr":"449","kennzeich":"02642","namenr":"Kurf\u00fcrstendamm","art_dtsch":"Ahornbl\u00e4ttrige Platane","art_bot":"Platanus acerifolia","gattung_deutsch":"Platane","gattung":"Platanus","art_gruppe":"Laubb\u00e4ume","strnr":"02642","strname":"Kurf\u00fcrstendamm","hausnr":" 70-71","zusatz":"gg\u00fc","pflanzjahr":"1984","standalter":42,"kronedurch":6,"stammumfg":79,"baumhoehe":12,"eigentuemer":"Land Berlin","bezirk":"Charlottenburg-Wilmersdorf"},"bbox":[385022.72479994,5817983.90769965,385022.72479994,5817983.90769965]},{"type":"Feature","id":"strassenbaeume.00008100_000cda76","geometry":{"type":"Point","coordinates":[384950.34499994,5817964.70179964]},"geometry_name":"geom","properties":{"gisid":"00008100_000cda76","pitid":"00008100:000cda76","standortnr":"451","kennzeich":"02642","namenr":"Kurf\u00fcrstendamm","art_dtsch":"F\u00e4cherblattbaum","art_bot":"Ginkgo biloba","gattung_deutsch":"Ginkgo","gattung":"Ginkgo","art_gruppe":"Nadelb\u00e4ume","strnr":"02642","strname":"Kurf\u00fcrstendamm","hausnr":" 73","zusatz":"gg\u00fc","pflanzjahr":"1991","standalter":35,"kronedurch":3,"stammumfg":50,"baumhoehe":12,"eigentuemer":"Land Berlin","bezirk":"Charlottenburg-Wilmersdorf"},"bbox":[384950.34499994,5817964.70179964,384950.34499994,5817964.70179964]},{"type":"Feature","id":"strassenbaeume.00008100_000cda82","geometry":{"type":"Point","coordinates":[384934.86099994,5817960.18059965]},"geometry_name":"geom","properties":{"gisid":"00008100_000cda82","pitid":"00008100:000cda82","standortnr":"452","kennzeich":"02642","namenr":"Kurf\u00fcrstendamm","art_dtsch":"F\u00e4cherblattbaum","art_bot":"Ginkgo biloba","gattung_deutsch":"Ginkgo","gattung":"Ginkgo","art_gruppe":"Nadelb\u00e4ume","strnr":"02642","strname":"Kurf\u00fcrstendamm","hausnr":" 74","zusatz":"gg\u00fc","pflanzjahr":"1991","standalter":35,"kronedurch":5,"stammumfg":55,"baumhoehe":12,"eigentuemer":"Land Berlin","bezirk":"Charlottenburg-Wilmersdorf"},"bbox":[384934.86099994,5817960.18059965,384934.86099994,5817960.18059965]},{"type":"Feature","id":"strassenbaeume.00008100_000cda99","geometry":{"type":"Point","coordinates":[385365.20959994,5818042.50019965]},"geometry_name":"geom","properties":{"gisid":"00008100_000cda99","pitid":"00008100:000cda99","standortnr":"434","kennzeich":"02642","namenr":"Kurf\u00fcrstendamm","art_dtsch":"Ahornbl\u00e4ttrige Platane","art_bot":"Platanus acerifolia","gattung_deutsch":"Platane","gattung":"Platanus","art_gruppe":"Laubb\u00e4ume","strnr":"02642","strname":"Kurf\u00fcrstendamm","hausnr":" 63","zusatz":"gg\u00fc","pflanzjahr":"1991","standalter":35,"kronedurch":4,"stammumfg":50,"baumhoehe":7,"eigentuemer":"Land Berlin","bezirk":"Charlottenburg-Wilmersdorf"},"bbox":[385365.20959994,5818042.50019965,385365.20959994,5818042.50019965]},{"type":"Feature","id":"strassenbaeume.00008100_000cda9a","geometry":{"type":"Point","coordinates":[385004.53689994,5817979.06799964]},"geometry_name":"geom","properties":{"gisid":"00008100_000cda9a","pitid":"00008100:000cda9a","standortnr":"450","kennzeich":"02642","namenr":"Kurf\u00fcrstendamm","art_dtsch":"Ahornbl\u00e4ttrige Platane","art_bot":"Platanus acerifolia","gattung_deutsch":"Platane","gattung":"Platanus","art_gruppe":"Laubb\u00e4ume","strnr":"02642","strname":"Kurf\u00fcrstendamm","hausnr":" 71","zusatz":"gg\u00fc","pflanzjahr":"1984","standalter":42,"kronedurch":7,"stammumfg":90,"baumhoehe":7,"eigentuemer":"Land Berlin","bezirk":"Charlottenburg-Wilmersdorf"},"bbox":[385004.53689994,5817979.06799964,385004.53689994,5817979.06799964]},{"type":"Feature","id":"strassenbaeume.00008100_000cf0a6","geometry":{"type":"Point","coordinates":[384881.81249994,5817928.06589964]},"geometry_name":"geom","properties":{"gisid":"00008100_000cf0a6","pitid":"00008100:000cf0a6","standortnr":"241","kennzeich":"02642","namenr":"Kurf\u00fcrstendamm","art_dtsch":"Ahornbl\u00e4ttrige Platane","art_bot":"Platanus acerifolia","gattung_deutsch":"Platane","gattung":"Platanus","art_gruppe":"Laubb\u00e4ume","strnr":"02642","strname":"Kurf\u00fcrstendamm","hausnr":"157-158","zusatz":null,"pflanzjahr":"2003","standalter":23,"kronedurch":5,"stammumfg":57,"baumhoehe":7,"eigentuemer":"Land Berlin","bezirk":"Charlottenburg-Wilmersdorf"},"bbox":[384881.81249994,5817928.06589964,384881.81249994,5817928.06589964]},{"type":"Feature","id":"strassenbaeume.00008100_000d03d4","geometry":{"type":"Point","coordinates":[386701.76499994,5818356.84639965]},"geometry_name":"geom","properties":{"gisid":"00008100_000d03d4","pitid":"00008100:000d03d4","standortnr":"347","kennzeich":"02642","namenr":"Kurf\u00fcrstendamm","art_dtsch":"Ahornbl\u00e4ttrige Platane","art_bot":"Platanus acerifolia","gattung_deutsch":"Platane","gattung":"Platanus","art_gruppe":"Laubb\u00e4ume","strnr":"02642","strname":"Kurf\u00fcrstendamm","hausnr":"226","zusatz":null,"pflanzjahr":"1996","standalter":30,"kronedurch":5,"stammumfg":60,"baumhoehe":12,"eigentuemer":"Land Berlin","bezirk":"Charlottenburg-Wilmersdorf"},"bbox":[386701.76499994,5818356.84639965,386701.76499994,5818356.84639965]},{"type":"Feature","id":"strassenbaeume.00008100_000d1a9d","geometry":{"type":"Point","coordinates":[383650.73699994,5817536.73179964]},"geometry_name":"geom","properties":{"gisid":"00008100_000d1a9d","pitid":"00008100:000d1a9d","standortnr":"179","kennzeich":"02642","namenr":"Kurf\u00fcrstendamm","art_dtsch":"Ahornbl\u00e4ttrige Platane","art_bot":"Platanus acerifolia","gattung_deutsch":"Platane","gattung":"Platanus","art_gruppe":"Laubb\u00e4ume","strnr":"02642","strname":"Kurf\u00fcrstendamm","hausnr":"123","zusatz":null,"pflanzjahr":"1970","standalter":56,"kronedurch":16,"stammumfg":196,"baumhoehe":25,"eigentuemer":"Land Berlin","bezirk":"Charlottenburg-Wilmersdorf"},"bbox":[383650.73699994,5817536.73179964,383650.73699994,5817536.73179964]},{"type":"Feature","id":"strassenbaeume.00008100_000d2e24","geometry":{"type":"Point","coordinates":[384701.98919994,5817889.92289965]},"geometry_name":"geom","properties":{"gisid":"00008100_000d2e24","pitid":"00008100:000d2e24","standortnr":"528","kennzeich":"02642","namenr":"Kurf\u00fcrstendamm","art_dtsch":"Ahornbl\u00e4ttrige Platane","art_bot":"Platanus acerifolia","gattung_deutsch":"Platane","gattung":"Platanus","art_gruppe":"Laubb\u00e4ume","strnr":"02642","strname":"Kurf\u00fcrstendamm","hausnr":"152","zusatz":"gg\u00fc","pflanzjahr":"1978","standalter":48,"kronedurch":8,"stammumfg":126,"baumhoehe":7,"eigentuemer":"Land Berlin","bezirk":"Charlottenburg-Wilmersdorf"},"bbox":[384701.98919994,5817889.92289965,384701.98919994,5817889.92289965]},{"type":"Feature","id":"strassenbaeume.00008100_000d2e25","geometry":{"type":"Point","coordinates":[384687.46979994,5817886.07229965]},"geometry_name":"geom","properties":{"gisid":"00008100_000d2e25","pitid":"00008100:000d2e25","standortnr":"527","kennzeich":"02642","namenr":"Kurf\u00fcrstendamm","art_dtsch":"Ahornbl\u00e4ttrige Platane","art_bot":"Platanus acerifolia","gattung_deutsch":"Platane","gattung":"Platanus","art_gruppe":"Laubb\u00e4ume","strnr":"02642","strname":"Kurf\u00fcrstendamm","hausnr":"152","zusatz":"gg\u00fc","pflanzjahr":"1984","standalter":42,"kronedurch":5,"stammumfg":79,"baumhoehe":7,"eigentuemer":"Land Berlin","bezirk":"Charlottenburg-Wilmersdorf"},"bbox":[384687.46979994,5817886.07229965,384687.46979994,5817886.07229965]},{"type":"Feature","id":"strassenbaeume.00008100_000d2e26","geometry":{"type":"Point","coordinates":[384671.82889994,5817881.60709965]},"geometry_name":"geom","properties":{"gisid":"00008100_000d2e26","pitid":"00008100:000d2e26","standortnr":"526","kennzeich":"02642","namenr":"Kurf\u00fcrstendamm","art_dtsch":"Ahornbl\u00e4ttrige Platane","art_bot":"Platanus acerifolia","gattung_deutsch":"Platane","gattung":"Platanus","art_gruppe":"Laubb\u00e4ume","strnr":"02642","strname":"Kurf\u00fcrstendamm","hausnr":"152","zusatz":"gg\u00fc","pflanzjahr":"1984","standalter":42,"kronedurch":6,"stammumfg":90,"baumhoehe":7,"eigentuemer":"Land Berlin","bezirk":"Charlottenburg-Wilmersdorf"},"bbox":[384671.82889994,5817881.60709965,384671.82889994,5817881.60709965]},{"type":"Feature","id":"strassenbaeume.00008100_000d2e27","geometry":{"type":"Point","coordinates":[384541.51319994,5817844.56029964]},"geometry_name":"geom","properties":{"gisid":"00008100_000d2e27","pitid":"00008100:000d2e27","standortnr":"525","kennzeich":"02642","namenr":"Kurf\u00fcrstendamm","art_dtsch":"Ahornbl\u00e4ttrige Platane","art_bot":"Platanus acerifolia","gattung_deutsch":"Platane","gattung":"Platanus","art_gruppe":"Laubb\u00e4ume","strnr":"02642","strname":"Kurf\u00fcrstendamm","hausnr":"147","zusatz":"gg\u00fc","pflanzjahr":"1980","standalter":46,"kronedurch":8,"stammumfg":110,"baumhoehe":7,"eigentuemer":"Land Berlin","bezirk":"Charlottenburg-Wilmersdorf"},"bbox":[384541.51319994,5817844.56029964,384541.51319994,5817844.56029964]},{"type":"Feature","id":"strassenbaeume.00008100_000d2e28","geometry":{"type":"Point","coordinates":[384528.50119994,5817840.68009964]},"geometry_name":"geom","properties":{"gisid":"00008100_000d2e28","pitid":"00008100:000d2e28","standortnr":"524","kennzeich":"02642","namenr":"Kurf\u00fcrstendamm","art_dtsch":"Ahornbl\u00e4ttrige Platane","art_bot":"Platanus acerifolia","gattung_deutsch":"Platane","gattung":"Platanus","art_gruppe":"Laubb\u00e4ume","strnr":"02642","strname":"Kurf\u00fcrstendamm","hausnr":"147","zusatz":"gg\u00fc","pflanzjahr":"1984","standalter":42,"kronedurch":5,"stammumfg":79,"baumhoehe":7,"eigentuemer":"Land Berlin","bezirk":"Charlottenburg-Wilmersdorf"},"bbox":[384528.50119994,5817840.68009964,384528.50119994,5817840.68009964]},{"type":"Feature","id":"strassenbaeume.00008100_000d2e29","geometry":{"type":"Point","coordinates":[384513.10569994,5817836.60719964]},"geometry_name":"geom","properties":{"gisid":"00008100_000d2e29","pitid":"00008100:000d2e29","standortnr":"523","kennzeich":"02642","namenr":"Kurf\u00fcrstendamm","art_dtsch":"Ahornbl\u00e4ttrige Platane","art_bot":"Platanus acerifolia","gattung_deutsch":"Platane","gattung":"Platanus","art_gruppe":"Laubb\u00e4ume","strnr":"02642","strname":"Kurf\u00fcrstendamm","hausnr":"146","zusatz":"gg\u00fc","pflanzjahr":"1984","standalter":42,"kronedurch":5,"stammumfg":85,"baumhoehe":7,"eigentuemer":"Land Berlin","bezirk":"Charlottenburg-Wilmersdorf"},"bbox":[384513.10569994,5817836.60719964,384513.10569994,5817836.60719964]},{"type":"Feature","id":"strassenbaeume.00008100_000d2e2a","geometry":{"type":"Point","coordinates":[384497.22439994,5817832.06859964]},"geometry_name":"geom","properties":{"gisid":"00008100_000d2e2a","pitid":"00008100:000d2e2a","standortnr":"522","kennzeich":"02642","namenr":"Kurf\u00fcrstendamm","art_dtsch":"Ahornbl\u00e4ttrige Platane","art_bot":"Platanus acerifolia","gattung_deutsch":"Platane","gattung":"Platanus","art_gruppe":"Laubb\u00e4ume","strnr":"02642","strname":"Kurf\u00fcrstendamm","hausnr":"146","zusatz":"gg\u00fc","pflanzjahr":"1984","standalter":42,"kronedurch":6,"stammumfg":95,"baumhoehe":7,"eigentuemer":"Land Berlin","bezirk":"Charlottenburg-Wilmersdorf"},"bbox":[384497.22439994,5817832.06859964,384497.22439994,5817832.06859964]},{"type":"Feature","id":"strassenbaeume.00008100_000d2e2b","geometry":{"type":"Point","coordinates":[384481.26399994,5817827.53049964]},"geometry_name":"geom","properties":{"gisid":"00008100_000d2e2b","pitid":"00008100:000d2e2b","standortnr":"521","kennzeich":"02642","namenr":"Kurf\u00fcrstendamm","art_dtsch":"Ahornbl\u00e4ttrige Platane","art_bot":"Platanus acerifolia","gattung_deutsch":"Platane","gattung":"Platanus","art_gruppe":"Laubb\u00e4ume","strnr":"02642","strname":"Kurf\u00fcrstendamm","hausnr":"146","zusatz":"gg\u00fc","pflanzjahr":"1984","standalter":42,"kronedurch":5,"stammumfg":79,"baumhoehe":7,"eigentuemer":"Land Berlin","bezirk":"Charlottenburg-Wilmersdorf"},"bbox":[384481.26399994,5817827.53049964,384481.26399994,5817827.53049964]},{"type":"Feature","id":"strassenbaeume.00008100_000d2e2c","geometry":{"type":"Point","coordinates":[384466.74719994,5817823.75879964]},"geometry_name":"geom","properties":{"gisid":"00008100_000d2e2c","pitid":"00008100:000d2e2c","standortnr":"520","kennzeich":"02642","namenr":"Kurf\u00fcrstendamm","art_dtsch":"Ahornbl\u00e4ttrige Platane","art_bot":"Platanus acerifolia","gattung_deutsch":"Platane","gattung":"Platanus","art_gruppe":"Laubb\u00e4ume","strnr":"02642","strname":"Kurf\u00fcrstendamm","hausnr":"143","zusatz":"gg\u00fc","pflanzjahr":"1984","standalter":42,"kronedurch":6,"stammumfg":85,"baumhoehe":7,"eigentuemer":"Land Berlin","bezirk":"Charlottenburg-Wilmersdorf"},"bbox":[384466.74719994,5817823.75879964,384466.74719994,5817823.75879964]},{"type":"Feature","id":"strassenbaeume.00008100_000d2e2d","geometry":{"type":"Point","coordinates":[384447.32999994,5817816.90459964]},"geometry_name":"geom","properties":{"gisid":"00008100_000d2e2d","pitid":"00008100:000d2e2d","standortnr":"519","kennzeich":"02642","namenr":"Kurf\u00fcrstendamm","art_dtsch":"Ahornbl\u00e4ttrige Platane","art_bot":"Platanus acerifolia","gattung_deutsch":"Platane","gattung":"Platanus","art_gruppe":"Laubb\u00e4ume","strnr":"02642","strname":"Kurf\u00fcrstendamm","hausnr":"143","zusatz":"gg\u00fc","pflanzjahr":"1980","standalter":46,"kronedurch":6,"stammumfg":90,"baumhoehe":7,"eigentuemer":"Land Berlin","bezirk":"Charlottenburg-Wilmersdorf"},"bbox":[384447.32999994,5817816.90459964,384447.32999994,5817816.90459964]},{"type":"Feature","id":"strassenbaeume.00008100_000d2e2e","geometry":{"type":"Point","coordinates":[384434.65399994,5817813.97089964]},"geometry_name":"geom","properties":{"gisid":"00008100_000d2e2e","pitid":"00008100:000d2e2e","standortnr":"518","kennzeich":"02642","namenr":"Kurf\u00fcrstendamm","art_dtsch":"Ahornbl\u00e4ttrige Platane","art_bot":"Platanus acerifolia","gattung_deutsch":"Platane","gattung":"Platanus","art_gruppe":"Laubb\u00e4ume","strnr":"02642","strname":"Kurf\u00fcrstendamm","hausnr":"210","zusatz":"gg\u00fc","pflanzjahr":"1984","standalter":42,"kronedurch":7,"stammumfg":90,"baumhoehe":7,"eigentuemer":"Land Berlin","bezirk":"Charlottenburg-Wilmersdorf"},"bbox":[384434.65399994,5817813.97089964,384434.65399994,5817813.97089964]},{"type":"Feature","id":"strassenbaeume.00008100_000d2e2f","geometry":{"type":"Point","coordinates":[384420.36749994,5817809.79789964]},"geometry_name":"geom","properties":{"gisid":"00008100_000d2e2f","pitid":"00008100:000d2e2f","standortnr":"517","kennzeich":"02642","namenr":"Kurf\u00fcrstendamm","art_dtsch":"Ahornbl\u00e4ttrige Platane","art_bot":"Platanus acerifolia","gattung_deutsch":"Platane","gattung":"Platanus","art_gruppe":"Laubb\u00e4ume","strnr":"02642","strname":"Kurf\u00fcrstendamm","hausnr":"142","zusatz":"gg\u00fc","pflanzjahr":"1980","standalter":46,"kronedurch":6,"stammumfg":90,"baumhoehe":7,"eigentuemer":"Land Berlin","bezirk":"Charlottenburg-Wilmersdorf"},"bbox":[384420.36749994,5817809.79789964,384420.36749994,5817809.79789964]},{"type":"Feature","id":"strassenbaeume.00008100_000d2e30","geometry":{"type":"Point","coordinates":[384404.88399994,5817805.25179964]},"geometry_name":"geom","properties":{"gisid":"00008100_000d2e30","pitid":"00008100:000d2e30","standortnr":"516","kennzeich":"02642","namenr":"Kurf\u00fcrstendamm","art_dtsch":"Ahornbl\u00e4ttrige Platane","art_bot":"Platanus acerifolia","gattung_deutsch":"Platane","gattung":"Platanus","art_gruppe":"Laubb\u00e4ume","strnr":"02642","strname":"Kurf\u00fcrstendamm","hausnr":"142","zusatz":"gg\u00fc","pflanzjahr":"1980","standalter":46,"kronedurch":7,"stammumfg":100,"baumhoehe":7,"eigentuemer":"Land Berlin","bezirk":"Charlottenburg-Wilmersdorf"},"bbox":[384404.88399994,5817805.25179964,384404.88399994,5817805.25179964]},{"type":"Feature","id":"strassenbaeume.00008100_000d2e32","geometry":{"type":"Point","coordinates":[384274.83329994,5817773.83349964]},"geometry_name":"geom","properties":{"gisid":"00008100_000d2e32","pitid":"00008100:000d2e32","standortnr":"515","kennzeich":"02642","namenr":"Kurf\u00fcrstendamm","art_dtsch":"Ahornbl\u00e4ttrige Platane","art_bot":"Platanus acerifolia","gattung_deutsch":"Platane","gattung":"Platanus","art_gruppe":"Laubb\u00e4ume","strnr":"02642","strname":"Kurf\u00fcrstendamm","hausnr":"138","zusatz":"gg\u00fc","pflanzjahr":"1984","standalter":42,"kronedurch":6,"stammumfg":85,"baumhoehe":7,"eigentuemer":"Land Berlin","bezirk":"Charlottenburg-Wilmersdorf"},"bbox":[384274.83329994,5817773.83349964,384274.83329994,5817773.83349964]},{"type":"Feature","id":"strassenbaeume.00008100_000d2e33","geometry":{"type":"Point","coordinates":[384261.90729994,5817770.26959964]},"geometry_name":"geom","properties":{"gisid":"00008100_000d2e33","pitid":"00008100:000d2e33","standortnr":"514","kennzeich":"02642","namenr":"Kurf\u00fcrstendamm","art_dtsch":"Ahornbl\u00e4ttrige Platane","art_bot":"Platanus acerifolia","gattung_deutsch":"Platane","gattung":"Platanus","art_gruppe":"Laubb\u00e4ume","strnr":"02642","strname":"Kurf\u00fcrstendamm","hausnr":"137","zusatz":"gg\u00fc","pflanzjahr":"1984","standalter":42,"kronedurch":6,"stammumfg":85,"baumhoehe":7,"eigentuemer":"Land Berlin","bezirk":"Charlottenburg-Wilmersdorf"},"bbox":[384261.90729994,5817770.26959964,384261.90729994,5817770.26959964]},{"type":"Feature","id":"strassenbaeume.00008100_000d2e34","geometry":{"type":"Point","coordinates":[384246.51929994,5817766.59459964]},"geometry_name":"geom","properties":{"gisid":"00008100_000d2e34","pitid":"00008100:000d2e34","standortnr":"513","kennzeich":"02642","namenr":"Kurf\u00fcrstendamm","art_dtsch":"Ahornbl\u00e4ttrige Platane","art_bot":"Platanus acerifolia","gattung_deutsch":"Platane","gattung":"Platanus","art_gruppe":"Laubb\u00e4ume","strnr":"02642","strname":"Kurf\u00fcrstendamm","hausnr":"136","zusatz":"gg\u00fc","pflanzjahr":"1980","standalter":46,"kronedurch":6,"stammumfg":90,"baumhoehe":7,"eigentuemer":"Land Berlin","bezirk":"Charlottenburg-Wilmersdorf"},"bbox":[384246.51929994,5817766.59459964,384246.51929994,5817766.59459964]},{"type":"Feature","id":"strassenbaeume.00008100_000d2e35","geometry":{"type":"Point","coordinates":[384180.84309994,5817752.12769964]},"geometry_name":"geom","properties":{"gisid":"00008100_000d2e35","pitid":"00008100:000d2e35","standortnr":"512","kennzeich":"02642","namenr":"Kurf\u00fcrstendamm","art_dtsch":"Ahornbl\u00e4ttrige Platane","art_bot":"Platanus acerifolia","gattung_deutsch":"Platane","gattung":"Platanus","art_gruppe":"Laubb\u00e4ume","strnr":"02642","strname":"Kurf\u00fcrstendamm","hausnr":"135","zusatz":"gg\u00fc","pflanzjahr":"1980","standalter":46,"kronedurch":7,"stammumfg":105,"baumhoehe":7,"eigentuemer":"Land Berlin","bezirk":"Charlottenburg-Wilmersdorf"},"bbox":[384180.84309994,5817752.12769964,384180.84309994,5817752.12769964]},{"type":"Feature","id":"strassenbaeume.00008100_000d2e36","geometry":{"type":"Point","coordinates":[384167.36589994,5817748.81329964]},"geometry_name":"geom","properties":{"gisid":"00008100_000d2e36","pitid":"00008100:000d2e36","standortnr":"511","kennzeich":"02642","namenr":"Kurf\u00fcrstendamm","art_dtsch":"Ahornbl\u00e4ttrige Platane","art_bot":"Platanus acerifolia","gattung_deutsch":"Platane","gattung":"Platanus","art_gruppe":"Laubb\u00e4ume","strnr":"02642","strname":"Kurf\u00fcrstendamm","hausnr":"135","zusatz":"gg\u00fc","pflanzjahr":"1984","standalter":42,"kronedurch":6,"stammumfg":79,"baumhoehe":7,"eigentuemer":"Land Berlin","bezirk":"Charlottenburg-Wilmersdorf"},"bbox":[384167.36589994,5817748.81329964,384167.36589994,5817748.81329964]},{"type":"Feature","id":"strassenbaeume.00008100_000d2e37","geometry":{"type":"Point","coordinates":[384151.82199994,5817745.29919964]},"geometry_name":"geom","properties":{"gisid":"00008100_000d2e37","pitid":"00008100:000d2e37","standortnr":"510","kennzeich":"02642","namenr":"Kurf\u00fcrstendamm","art_dtsch":"Ahornbl\u00e4ttrige Platane","art_bot":"Platanus acerifolia","gattung_deutsch":"Platane","gattung":"Platanus","art_gruppe":"Laubb\u00e4ume","strnr":"02642","strname":"Kurf\u00fcrstendamm","hausnr":"135","zusatz":"gg\u00fc","pflanzjahr":"1984","standalter":42,"kronedurch":5,"stammumfg":85,"baumhoehe":7,"eigentuemer":"Land Berlin","bezirk":"Charlottenburg-Wilmersdorf"},"bbox":[384151.82199994,5817745.29919964,384151.82199994,5817745.29919964]},{"type":"Feature","id":"strassenbaeume.00008100_000d2e38","geometry":{"type":"Point","coordinates":[384136.35509994,5817741.62459964]},"geometry_name":"geom","properties":{"gisid":"00008100_000d2e38","pitid":"00008100:000d2e38","standortnr":"509","kennzeich":"02642","namenr":"Kurf\u00fcrstendamm","art_dtsch":"Ahornbl\u00e4ttrige Platane","art_bot":"Platanus acerifolia","gattung_deutsch":"Platane","gattung":"Platanus","art_gruppe":"Laubb\u00e4ume","strnr":"02642","strname":"Kurf\u00fcrstendamm","hausnr":"133","zusatz":"gg\u00fc","pflanzjahr":"1984","standalter":42,"kronedurch":5,"stammumfg":85,"baumhoehe":7,"eigentuemer":"Land Berlin","bezirk":"Charlottenburg-Wilmersdorf"},"bbox":[384136.35509994,5817741.62459964,384136.35509994,5817741.62459964]},{"type":"Feature","id":"strassenbaeume.00008100_000d2e39","geometry":{"type":"Point","coordinates":[384120.80709994,5817737.95159964]},"geometry_name":"geom","properties":{"gisid":"00008100_000d2e39","pitid":"00008100:000d2e39","standortnr":"508","kennzeich":"02642","namenr":"Kurf\u00fcrstendamm","art_dtsch":"Ahornbl\u00e4ttrige Platane","art_bot":"Platanus acerifolia","gattung_deutsch":"Platane","gattung":"Platanus","art_gruppe":"Laubb\u00e4ume","strnr":"02642","strname":"Kurf\u00fcrstendamm","hausnr":"132a","zusatz":"gg\u00fc","pflanzjahr":"1984","standalter":42,"kronedurch":6,"stammumfg":91,"baumhoehe":7,"eigentuemer":"Land Berlin","bezirk":"Charlottenburg-Wilmersdorf"},"bbox":[384120.80709994,5817737.95159964,384120.80709994,5817737.95159964]},{"type":"Feature","id":"strassenbaeume.00008100_000d2e3a","geometry":{"type":"Point","coordinates":[384102.71679994,5817734.08889964]},"geometry_name":"geom","properties":{"gisid":"00008100_000d2e3a","pitid":"00008100:000d2e3a","standortnr":"507","kennzeich":"02642","namenr":"Kurf\u00fcrstendamm","art_dtsch":"Ahornbl\u00e4ttrige Platane","art_bot":"Platanus acerifolia","gattung_deutsch":"Platane","gattung":"Platanus","art_gruppe":"Laubb\u00e4ume","strnr":"02642","strname":"Kurf\u00fcrstendamm","hausnr":" 132","zusatz":"gg\u00fc","pflanzjahr":"1984","standalter":42,"kronedurch":5,"stammumfg":85,"baumhoehe":7,"eigentuemer":"Land Berlin","bezirk":"Charlottenburg-Wilmersdorf"},"bbox":[384102.71679994,5817734.08889964,384102.71679994,5817734.08889964]},{"type":"Feature","id":"strassenbaeume.00008100_000d2e3b","geometry":{"type":"Point","coordinates":[384086.21069994,5817730.03819964]},"geometry_name":"geom","properties":{"gisid":"00008100_000d2e3b","pitid":"00008100:000d2e3b","standortnr":"506","kennzeich":"02642","namenr":"Kurf\u00fcrstendamm","art_dtsch":"Ahornbl\u00e4ttrige Platane","art_bot":"Platanus acerifolia","gattung_deutsch":"Platane","gattung":"Platanus","art_gruppe":"Laubb\u00e4ume","strnr":"02642","strname":"Kurf\u00fcrstendamm","hausnr":" 132","zusatz":"gg\u00fc","pflanzjahr":"1984","standalter":42,"kronedurch":5,"stammumfg":75,"baumhoehe":7,"eigentuemer":"Land Berlin","bezirk":"Charlottenburg-Wilmersdorf"},"bbox":[384086.21069994,5817730.03819964,384086.21069994,5817730.03819964]},{"type":"Feature","id":"strassenbaeume.00008100_000d2e3c","geometry":{"type":"Point","coordinates":[384070.74579994,5817726.52249964]},"geometry_name":"geom","properties":{"gisid":"00008100_000d2e3c","pitid":"00008100:000d2e3c","standortnr":"505","kennzeich":"02642","namenr":"Kurf\u00fcrstendamm","art_dtsch":"Ahornbl\u00e4ttrige Platane","art_bot":"Platanus acerifolia","gattung_deutsch":"Platane","gattung":"Platanus","art_gruppe":"Laubb\u00e4ume","strnr":"02642","strname":"Kurf\u00fcrstendamm","hausnr":" 130-131","zusatz":"gg\u00fc","pflanzjahr":"1984","standalter":42,"kronedurch":5,"stammumfg":85,"baumhoehe":7,"eigentuemer":"Land Berlin","bezirk":"Charlottenburg-Wilmersdorf"},"bbox":[384070.74579994,5817726.52249964,384070.74579994,5817726.52249964]},{"type":"Feature","id":"strassenbaeume.00008100_000d2e3d","geometry":{"type":"Point","coordinates":[384054.24169994,5817722.62969964]},"geometry_name":"geom","properties":{"gisid":"00008100_000d2e3d","pitid":"00008100:000d2e3d","standortnr":"504","kennzeich":"02642","namenr":"Kurf\u00fcrstendamm","art_dtsch":"Ahornbl\u00e4ttrige Platane","art_bot":"Platanus acerifolia","gattung_deutsch":"Platane","gattung":"Platanus","art_gruppe":"Laubb\u00e4ume","strnr":"02642","strname":"Kurf\u00fcrstendamm","hausnr":" 130","zusatz":"gg\u00fc","pflanzjahr":"1984","standalter":42,"kronedurch":4,"stammumfg":85,"baumhoehe":7,"eigentuemer":"Land Berlin","bezirk":"Charlottenburg-Wilmersdorf"},"bbox":[384054.24169994,5817722.62969964,384054.24169994,5817722.62969964]},{"type":"Feature","id":"strassenbaeume.00008100_000d2e3f","geometry":{"type":"Point","coordinates":[383641.96859994,5817503.93169964]},"geometry_name":"geom","properties":{"gisid":"00008100_000d2e3f","pitid":"00008100:000d2e3f","standortnr":"501","kennzeich":"02642","namenr":"Kurf\u00fcrstendamm","art_dtsch":"Robinie","art_bot":"Robinia pseudoacacia","gattung_deutsch":"Robinie","gattung":"Robinia","art_gruppe":"Laubb\u00e4ume","strnr":"02642","strname":"Kurf\u00fcrstendamm","hausnr":" 124","zusatz":"gg\u00fc","pflanzjahr":"1986","standalter":40,"kronedurch":5,"stammumfg":50,"baumhoehe":7,"eigentuemer":"Land Berlin","bezirk":"Charlottenburg-Wilmersdorf"},"bbox":[383641.96859994,5817503.93169964,383641.96859994,5817503.93169964]},{"type":"Feature","id":"strassenbaeume.00008100_000d2e46","geometry":{"type":"Point","coordinates":[383656.61269994,5817523.43289964]},"geometry_name":"geom","properties":{"gisid":"00008100_000d2e46","pitid":"00008100:000d2e46","standortnr":"494","kennzeich":"02642","namenr":"Kurf\u00fcrstendamm","art_dtsch":"Robinie","art_bot":"Robinia pseudoacacia","gattung_deutsch":"Robinie","gattung":"Robinia","art_gruppe":"Laubb\u00e4ume","strnr":"02642","strname":"Kurf\u00fcrstendamm","hausnr":" 126","zusatz":"gg\u00fc","pflanzjahr":"1977","standalter":49,"kronedurch":5,"stammumfg":69,"baumhoehe":7,"eigentuemer":"Land Berlin","bezirk":"Charlottenburg-Wilmersdorf"},"bbox":[383656.61269994,5817523.43289964,383656.61269994,5817523.43289964]},{"type":"Feature","id":"strassenbaeume.00008100_000d2e50","geometry":{"type":"Point","coordinates":[383986.19159994,5817708.52599964]},"geometry_name":"geom","properties":{"gisid":"00008100_000d2e50","pitid":"00008100:000d2e50","standortnr":"483","kennzeich":"02642","namenr":"Kurf\u00fcrstendamm","art_dtsch":"Ahornbl\u00e4ttrige Platane","art_bot":"Platanus acerifolia","gattung_deutsch":"Platane","gattung":"Platanus","art_gruppe":"Laubb\u00e4ume","strnr":"02642","strname":"Kurf\u00fcrstendamm","hausnr":" 115","zusatz":"gg\u00fc","pflanzjahr":"1987","standalter":39,"kronedurch":null,"stammumfg":75,"baumhoehe":7,"eigentuemer":"Land Berlin","bezirk":"Charlottenburg-Wilmersdorf"},"bbox":[383986.19159994,5817708.52599964,383986.19159994,5817708.52599964]},{"type":"Feature","id":"strassenbaeume.00008100_000d2e51","geometry":{"type":"Point","coordinates":[383990.34799994,5817710.03379964]},"geometry_name":"geom","properties":{"gisid":"00008100_000d2e51","pitid":"00008100:000d2e51","standortnr":"482","kennzeich":"02642","namenr":"Kurf\u00fcrstendamm","art_dtsch":"Ahornbl\u00e4ttrige Platane","art_bot":"Platanus acerifolia","gattung_deutsch":"Platane","gattung":"Platanus","art_gruppe":"Laubb\u00e4ume","strnr":"02642","strname":"Kurf\u00fcrstendamm","hausnr":" 115","zusatz":"gg\u00fc","pflanzjahr":"1987","standalter":39,"kronedurch":6,"stammumfg":66,"baumhoehe":7,"eigentuemer":"Land Berlin","bezirk":"Charlottenburg-Wilmersdorf"},"bbox":[383990.34799994,5817710.03379964,383990.34799994,5817710.03379964]},{"type":"Feature","id":"strassenbaeume.00008100_000d2e52","geometry":{"type":"Point","coordinates":[384045.00839994,5817725.42419964]},"geometry_name":"geom","properties":{"gisid":"00008100_000d2e52","pitid":"00008100:000d2e52","standortnr":"481","kennzeich":"02642","namenr":"Kurf\u00fcrstendamm","art_dtsch":"Ahornbl\u00e4ttrige Platane","art_bot":"Platanus acerifolia","gattung_deutsch":"Platane","gattung":"Platanus","art_gruppe":"Laubb\u00e4ume","strnr":"02642","strname":"Kurf\u00fcrstendamm","hausnr":null,"zusatz":null,"pflanzjahr":"1980","standalter":46,"kronedurch":6,"stammumfg":79,"baumhoehe":7,"eigentuemer":"Land Berlin","bezirk":"Charlottenburg-Wilmersdorf"},"bbox":[384045.00839994,5817725.42419964,384045.00839994,5817725.42419964]},{"type":"Feature","id":"strassenbaeume.00008100_000d2e53","geometry":{"type":"Point","coordinates":[384061.59749994,5817729.63229964]},"geometry_name":"geom","properties":{"gisid":"00008100_000d2e53","pitid":"00008100:000d2e53","standortnr":"480","kennzeich":"02642","namenr":"Kurf\u00fcrstendamm","art_dtsch":"Ahornbl\u00e4ttrige Platane","art_bot":"Platanus acerifolia","gattung_deutsch":"Platane","gattung":"Platanus","art_gruppe":"Laubb\u00e4ume","strnr":"02642","strname":"Kurf\u00fcrstendamm","hausnr":" 111","zusatz":"gg\u00fc","pflanzjahr":"1980","standalter":46,"kronedurch":5,"stammumfg":80,"baumhoehe":7,"eigentuemer":"Land Berlin","bezirk":"Charlottenburg-Wilmersdorf"},"bbox":[384061.59749994,5817729.63229964,384061.59749994,5817729.63229964]},{"type":"Feature","id":"strassenbaeume.00008100_000d2e54","geometry":{"type":"Point","coordinates":[384077.45169994,5817732.74459964]},"geometry_name":"geom","properties":{"gisid":"00008100_000d2e54","pitid":"00008100:000d2e54","standortnr":"479","kennzeich":"02642","namenr":"Kurf\u00fcrstendamm","art_dtsch":"Ahornbl\u00e4ttrige Platane","art_bot":"Platanus acerifolia","gattung_deutsch":"Platane","gattung":"Platanus","art_gruppe":"Laubb\u00e4ume","strnr":"02642","strname":"Kurf\u00fcrstendamm","hausnr":" 111","zusatz":"gg\u00fc","pflanzjahr":"1980","standalter":46,"kronedurch":6,"stammumfg":95,"baumhoehe":7,"eigentuemer":"Land Berlin","bezirk":"Charlottenburg-Wilmersdorf"},"bbox":[384077.45169994,5817732.74459964,384077.45169994,5817732.74459964]},{"type":"Feature","id":"strassenbaeume.00008100_000d2e55","geometry":{"type":"Point","coordinates":[384092.91359994,5817736.10129964]},"geometry_name":"geom","properties":{"gisid":"00008100_000d2e55","pitid":"00008100:000d2e55","standortnr":"478","kennzeich":"02642","namenr":"Kurf\u00fcrstendamm","art_dtsch":"Ahornbl\u00e4ttrige Platane","art_bot":"Platanus acerifolia","gattung_deutsch":"Platane","gattung":"Platanus","art_gruppe":"Laubb\u00e4ume","strnr":"02642","strname":"Kurf\u00fcrstendamm","hausnr":null,"zusatz":null,"pflanzjahr":"1980","standalter":46,"kronedurch":6,"stammumfg":95,"baumhoehe":7,"eigentuemer":"Land Berlin","bezirk":"Charlottenburg-Wilmersdorf"},"bbox":[384092.91359994,5817736.10129964,384092.91359994,5817736.10129964]},{"type":"Feature","id":"strassenbaeume.00008100_000d2e56","geometry":{"type":"Point","coordinates":[384111.41439994,5817740.67009964]},"geometry_name":"geom","properties":{"gisid":"00008100_000d2e56","pitid":"00008100:000d2e56","standortnr":"477","kennzeich":"02642","namenr":"Kurf\u00fcrstendamm","art_dtsch":"Ahornbl\u00e4ttrige Platane","art_bot":"Platanus acerifolia","gattung_deutsch":"Platane","gattung":"Platanus","art_gruppe":"Laubb\u00e4ume","strnr":"02642","strname":"Kurf\u00fcrstendamm","hausnr":" 110","zusatz":"gg\u00fc","pflanzjahr":"1984","standalter":42,"kronedurch":6,"stammumfg":85,"baumhoehe":7,"eigentuemer":"Land Berlin","bezirk":"Charlottenburg-Wilmersdorf"},"bbox":[384111.41439994,5817740.67009964,384111.41439994,5817740.67009964]},{"type":"Feature","id":"strassenbaeume.00008100_000d2e57","geometry":{"type":"Point","coordinates":[384127.83549994,5817744.40549964]},"geometry_name":"geom","properties":{"gisid":"00008100_000d2e57","pitid":"00008100:000d2e57","standortnr":"476","kennzeich":"02642","namenr":"Kurf\u00fcrstendamm","art_dtsch":"Ahornbl\u00e4ttrige Platane","art_bot":"Platanus acerifolia","gattung_deutsch":"Platane","gattung":"Platanus","art_gruppe":"Laubb\u00e4ume","strnr":"02642","strname":"Kurf\u00fcrstendamm","hausnr":" 110","zusatz":"gg\u00fc","pflanzjahr":"1984","standalter":42,"kronedurch":6,"stammumfg":90,"baumhoehe":7,"eigentuemer":"Land Berlin","bezirk":"Charlottenburg-Wilmersdorf"},"bbox":[384127.83549994,5817744.40549964,384127.83549994,5817744.40549964]},{"type":"Feature","id":"strassenbaeume.00008100_000d2e58","geometry":{"type":"Point","coordinates":[384143.53979994,5817747.99649964]},"geometry_name":"geom","properties":{"gisid":"00008100_000d2e58","pitid":"00008100:000d2e58","standortnr":"475","kennzeich":"02642","namenr":"Kurf\u00fcrstendamm","art_dtsch":"Ahornbl\u00e4ttrige Platane","art_bot":"Platanus acerifolia","gattung_deutsch":"Platane","gattung":"Platanus","art_gruppe":"Laubb\u00e4ume","strnr":"02642","strname":"Kurf\u00fcrstendamm","hausnr":" 108","zusatz":"gg\u00fc","pflanzjahr":"1984","standalter":42,"kronedurch":6,"stammumfg":85,"baumhoehe":7,"eigentuemer":"Land Berlin","bezirk":"Charlottenburg-Wilmersdorf"},"bbox":[384143.53979994,5817747.99649964,384143.53979994,5817747.99649964]},{"type":"Feature","id":"strassenbaeume.00008100_000d2e59","geometry":{"type":"Point","coordinates":[384158.83979994,5817751.19729964]},"geometry_name":"geom","properties":{"gisid":"00008100_000d2e59","pitid":"00008100:000d2e59","standortnr":"474","kennzeich":"02642","namenr":"Kurf\u00fcrstendamm","art_dtsch":"Ahornbl\u00e4ttrige Platane","art_bot":"Platanus acerifolia","gattung_deutsch":"Platane","gattung":"Platanus","art_gruppe":"Laubb\u00e4ume","strnr":"02642","strname":"Kurf\u00fcrstendamm","hausnr":" 108","zusatz":"gg\u00fc","pflanzjahr":"1984","standalter":42,"kronedurch":6,"stammumfg":85,"baumhoehe":7,"eigentuemer":"Land Berlin","bezirk":"Charlottenburg-Wilmersdorf"},"bbox":[384158.83979994,5817751.19729964,384158.83979994,5817751.19729964]},{"type":"Feature","id":"strassenbaeume.00008100_000d2e5a","geometry":{"type":"Point","coordinates":[384173.90339994,5817754.48259964]},"geometry_name":"geom","properties":{"gisid":"00008100_000d2e5a","pitid":"00008100:000d2e5a","standortnr":"473","kennzeich":"02642","namenr":"Kurf\u00fcrstendamm","art_dtsch":"Ahornbl\u00e4ttrige Platane","art_bot":"Platanus acerifolia","gattung_deutsch":"Platane","gattung":"Platanus","art_gruppe":"Laubb\u00e4ume","strnr":"02642","strname":"Kurf\u00fcrstendamm","hausnr":" 106","zusatz":"gg\u00fc","pflanzjahr":"1980","standalter":46,"kronedurch":6,"stammumfg":85,"baumhoehe":7,"eigentuemer":"Land Berlin","bezirk":"Charlottenburg-Wilmersdorf"},"bbox":[384173.90339994,5817754.48259964,384173.90339994,5817754.48259964]},{"type":"Feature","id":"strassenbaeume.00008100_000d2e5b","geometry":{"type":"Point","coordinates":[384237.11199994,5817768.59839964]},"geometry_name":"geom","properties":{"gisid":"00008100_000d2e5b","pitid":"00008100:000d2e5b","standortnr":"472","kennzeich":"02642","namenr":"Kurf\u00fcrstendamm","art_dtsch":"Ahornbl\u00e4ttrige Platane","art_bot":"Platanus acerifolia","gattung_deutsch":"Platane","gattung":"Platanus","art_gruppe":"Laubb\u00e4ume","strnr":"02642","strname":"Kurf\u00fcrstendamm","hausnr":" 105","zusatz":"gg\u00fc","pflanzjahr":"1980","standalter":46,"kronedurch":6,"stammumfg":110,"baumhoehe":17,"eigentuemer":"Land Berlin","bezirk":"Charlottenburg-Wilmersdorf"},"bbox":[384237.11199994,5817768.59839964,384237.11199994,5817768.59839964]},{"type":"Feature","id":"strassenbaeume.00008100_000d2e5c","geometry":{"type":"Point","coordinates":[384253.37969994,5817772.57569964]},"geometry_name":"geom","properties":{"gisid":"00008100_000d2e5c","pitid":"00008100:000d2e5c","standortnr":"471","kennzeich":"02642","namenr":"Kurf\u00fcrstendamm","art_dtsch":"Ahornbl\u00e4ttrige Platane","art_bot":"Platanus acerifolia","gattung_deutsch":"Platane","gattung":"Platanus","art_gruppe":"Laubb\u00e4ume","strnr":"02642","strname":"Kurf\u00fcrstendamm","hausnr":" 105","zusatz":"gg\u00fc","pflanzjahr":"1980","standalter":46,"kronedurch":5,"stammumfg":90,"baumhoehe":12,"eigentuemer":"Land Berlin","bezirk":"Charlottenburg-Wilmersdorf"},"bbox":[384253.37969994,5817772.57569964,384253.37969994,5817772.57569964]},{"type":"Feature","id":"strassenbaeume.00008100_000d2e5d","geometry":{"type":"Point","coordinates":[384268.68109994,5817775.85539964]},"geometry_name":"geom","properties":{"gisid":"00008100_000d2e5d","pitid":"00008100:000d2e5d","standortnr":"470","kennzeich":"02642","namenr":"Kurf\u00fcrstendamm","art_dtsch":"Ahornbl\u00e4ttrige Platane","art_bot":"Platanus acerifolia","gattung_deutsch":"Platane","gattung":"Platanus","art_gruppe":"Laubb\u00e4ume","strnr":"02642","strname":"Kurf\u00fcrstendamm","hausnr":" 104","zusatz":"gg\u00fc","pflanzjahr":"1984","standalter":42,"kronedurch":6,"stammumfg":91,"baumhoehe":12,"eigentuemer":"Land Berlin","bezirk":"Charlottenburg-Wilmersdorf"},"bbox":[384268.68109994,5817775.85539964,384268.68109994,5817775.85539964]},{"type":"Feature","id":"strassenbaeume.00008100_000d2e5e","geometry":{"type":"Point","coordinates":[384410.64479994,5817811.88769964]},"geometry_name":"geom","properties":{"gisid":"00008100_000d2e5e","pitid":"00008100:000d2e5e","standortnr":"469","kennzeich":"02642","namenr":"Kurf\u00fcrstendamm","art_dtsch":"Ahornbl\u00e4ttrige Platane","art_bot":"Platanus acerifolia","gattung_deutsch":"Platane","gattung":"Platanus","art_gruppe":"Laubb\u00e4ume","strnr":"02642","strname":"Kurf\u00fcrstendamm","hausnr":" 100","zusatz":"gg\u00fc","pflanzjahr":"1984","standalter":42,"kronedurch":5,"stammumfg":85,"baumhoehe":7,"eigentuemer":"Land Berlin","bezirk":"Charlottenburg-Wilmersdorf"},"bbox":[384410.64479994,5817811.88769964,384410.64479994,5817811.88769964]},{"type":"Feature","id":"strassenbaeume.00008100_000d2e5f","geometry":{"type":"Point","coordinates":[384426.53529994,5817816.90419964]},"geometry_name":"geom","properties":{"gisid":"00008100_000d2e5f","pitid":"00008100:000d2e5f","standortnr":"468","kennzeich":"02642","namenr":"Kurf\u00fcrstendamm","art_dtsch":"Ahornbl\u00e4ttrige Platane","art_bot":"Platanus acerifolia","gattung_deutsch":"Platane","gattung":"Platanus","art_gruppe":"Laubb\u00e4ume","strnr":"02642","strname":"Kurf\u00fcrstendamm","hausnr":" 100","zusatz":"gg\u00fc","pflanzjahr":"1980","standalter":46,"kronedurch":6,"stammumfg":100,"baumhoehe":7,"eigentuemer":"Land Berlin","bezirk":"Charlottenburg-Wilmersdorf"},"bbox":[384426.53529994,5817816.90419964,384426.53529994,5817816.90419964]},{"type":"Feature","id":"strassenbaeume.00008100_000d2e60","geometry":{"type":"Point","coordinates":[384442.57159994,5817821.28179964]},"geometry_name":"geom","properties":{"gisid":"00008100_000d2e60","pitid":"00008100:000d2e60","standortnr":"467","kennzeich":"02642","namenr":"Kurf\u00fcrstendamm","art_dtsch":"Ahornbl\u00e4ttrige Platane","art_bot":"Platanus acerifolia","gattung_deutsch":"Platane","gattung":"Platanus","art_gruppe":"Laubb\u00e4ume","strnr":"02642","strname":"Kurf\u00fcrstendamm","hausnr":null,"zusatz":null,"pflanzjahr":"1984","standalter":42,"kronedurch":7,"stammumfg":110,"baumhoehe":7,"eigentuemer":"Land Berlin","bezirk":"Charlottenburg-Wilmersdorf"},"bbox":[384442.57159994,5817821.28179964,384442.57159994,5817821.28179964]},{"type":"Feature","id":"strassenbaeume.00008100_000d2e61","geometry":{"type":"Point","coordinates":[384455.81889994,5817825.07759964]},"geometry_name":"geom","properties":{"gisid":"00008100_000d2e61","pitid":"00008100:000d2e61","standortnr":"466","kennzeich":"02642","namenr":"Kurf\u00fcrstendamm","art_dtsch":"Ahornbl\u00e4ttrige Platane","art_bot":"Platanus acerifolia","gattung_deutsch":"Platane","gattung":"Platanus","art_gruppe":"Laubb\u00e4ume","strnr":"02642","strname":"Kurf\u00fcrstendamm","hausnr":" 98","zusatz":"gg\u00fc","pflanzjahr":"1980","standalter":46,"kronedurch":6,"stammumfg":85,"baumhoehe":7,"eigentuemer":"Land Berlin","bezirk":"Charlottenburg-Wilmersdorf"},"bbox":[384455.81889994,5817825.07759964,384455.81889994,5817825.07759964]},{"type":"Feature","id":"strassenbaeume.00008100_000d2e62","geometry":{"type":"Point","coordinates":[384472.50449994,5817830.15689964]},"geometry_name":"geom","properties":{"gisid":"00008100_000d2e62","pitid":"00008100:000d2e62","standortnr":"465","kennzeich":"02642","namenr":"Kurf\u00fcrstendamm","art_dtsch":"Ahornbl\u00e4ttrige Platane","art_bot":"Platanus acerifolia","gattung_deutsch":"Platane","gattung":"Platanus","art_gruppe":"Laubb\u00e4ume","strnr":"02642","strname":"Kurf\u00fcrstendamm","hausnr":" 97-98","zusatz":"gg\u00fc","pflanzjahr":"1980","standalter":46,"kronedurch":7,"stammumfg":90,"baumhoehe":7,"eigentuemer":"Land Berlin","bezirk":"Charlottenburg-Wilmersdorf"},"bbox":[384472.50449994,5817830.15689964,384472.50449994,5817830.15689964]},{"type":"Feature","id":"strassenbaeume.00008100_000d2e63","geometry":{"type":"Point","coordinates":[384485.27309994,5817833.80379964]},"geometry_name":"geom","properties":{"gisid":"00008100_000d2e63","pitid":"00008100:000d2e63","standortnr":"464","kennzeich":"02642","namenr":"Kurf\u00fcrstendamm","art_dtsch":"Ahornbl\u00e4ttrige Platane","art_bot":"Platanus acerifolia","gattung_deutsch":"Platane","gattung":"Platanus","art_gruppe":"Laubb\u00e4ume","strnr":"02642","strname":"Kurf\u00fcrstendamm","hausnr":" 97-98","zusatz":"gg\u00fc","pflanzjahr":"1984","standalter":42,"kronedurch":6,"stammumfg":85,"baumhoehe":7,"eigentuemer":"Land Berlin","bezirk":"Charlottenburg-Wilmersdorf"},"bbox":[384485.27309994,5817833.80379964,384485.27309994,5817833.80379964]},{"type":"Feature","id":"strassenbaeume.00008100_000d2e64","geometry":{"type":"Point","coordinates":[384502.57279994,5817837.83949964]},"geometry_name":"geom","properties":{"gisid":"00008100_000d2e64","pitid":"00008100:000d2e64","standortnr":"463","kennzeich":"02642","namenr":"Kurf\u00fcrstendamm","art_dtsch":"Ahornbl\u00e4ttrige Platane","art_bot":"Platanus acerifolia","gattung_deutsch":"Platane","gattung":"Platanus","art_gruppe":"Laubb\u00e4ume","strnr":"02642","strname":"Kurf\u00fcrstendamm","hausnr":" 96","zusatz":"gg\u00fc","pflanzjahr":"1984","standalter":42,"kronedurch":5,"stammumfg":85,"baumhoehe":7,"eigentuemer":"Land Berlin","bezirk":"Charlottenburg-Wilmersdorf"},"bbox":[384502.57279994,5817837.83949964,384502.57279994,5817837.83949964]},{"type":"Feature","id":"strassenbaeume.00008100_000d2e65","geometry":{"type":"Point","coordinates":[384519.09649994,5817842.76379965]},"geometry_name":"geom","properties":{"gisid":"00008100_000d2e65","pitid":"00008100:000d2e65","standortnr":"462","kennzeich":"02642","namenr":"Kurf\u00fcrstendamm","art_dtsch":"Ahornbl\u00e4ttrige Platane","art_bot":"Platanus acerifolia","gattung_deutsch":"Platane","gattung":"Platanus","art_gruppe":"Laubb\u00e4ume","strnr":"02642","strname":"Kurf\u00fcrstendamm","hausnr":" 96","zusatz":"gg\u00fc","pflanzjahr":"1980","standalter":46,"kronedurch":7,"stammumfg":110,"baumhoehe":7,"eigentuemer":"Land Berlin","bezirk":"Charlottenburg-Wilmersdorf"},"bbox":[384519.09649994,5817842.76379965,384519.09649994,5817842.76379965]},{"type":"Feature","id":"strassenbaeume.00008100_000d2e66","geometry":{"type":"Point","coordinates":[384534.34959994,5817847.71239964]},"geometry_name":"geom","properties":{"gisid":"00008100_000d2e66","pitid":"00008100:000d2e66","standortnr":"461","kennzeich":"02642","namenr":"Kurf\u00fcrstendamm","art_dtsch":"Ahornbl\u00e4ttrige Platane","art_bot":"Platanus acerifolia","gattung_deutsch":"Platane","gattung":"Platanus","art_gruppe":"Laubb\u00e4ume","strnr":"02642","strname":"Kurf\u00fcrstendamm","hausnr":" 94-95","zusatz":"gg\u00fc","pflanzjahr":"1984","standalter":42,"kronedurch":6,"stammumfg":85,"baumhoehe":7,"eigentuemer":"Land Berlin","bezirk":"Charlottenburg-Wilmersdorf"},"bbox":[384534.34959994,5817847.71239964,384534.34959994,5817847.71239964]},{"type":"Feature","id":"strassenbaeume.00008100_000d2e67","geometry":{"type":"Point","coordinates":[384678.53629994,5817887.90909964]},"geometry_name":"geom","properties":{"gisid":"00008100_000d2e67","pitid":"00008100:000d2e67","standortnr":"460","kennzeich":"02642","namenr":"Kurf\u00fcrstendamm","art_dtsch":"Ahornbl\u00e4ttrige Platane","art_bot":"Platanus acerifolia","gattung_deutsch":"Platane","gattung":"Platanus","art_gruppe":"Laubb\u00e4ume","strnr":"02642","strname":"Kurf\u00fcrstendamm","hausnr":" 92","zusatz":"gg\u00fc","pflanzjahr":"1984","standalter":42,"kronedurch":6,"stammumfg":79,"baumhoehe":7,"eigentuemer":"Land Berlin","bezirk":"Charlottenburg-Wilmersdorf"},"bbox":[384678.53629994,5817887.90909964,384678.53629994,5817887.90909964]},{"type":"Feature","id":"strassenbaeume.00008100_000d2e68","geometry":{"type":"Point","coordinates":[384694.01929994,5817892.37629964]},"geometry_name":"geom","properties":{"gisid":"00008100_000d2e68","pitid":"00008100:000d2e68","standortnr":"459","kennzeich":"02642","namenr":"Kurf\u00fcrstendamm","art_dtsch":"Ahornbl\u00e4ttrige Platane","art_bot":"Platanus acerifolia","gattung_deutsch":"Platane","gattung":"Platanus","art_gruppe":"Laubb\u00e4ume","strnr":"02642","strname":"Kurf\u00fcrstendamm","hausnr":" 91","zusatz":"gg\u00fc","pflanzjahr":"1984","standalter":42,"kronedurch":6,"stammumfg":85,"baumhoehe":7,"eigentuemer":"Land Berlin","bezirk":"Charlottenburg-Wilmersdorf"},"bbox":[384694.01929994,5817892.37629964,384694.01929994,5817892.37629964]},{"type":"Feature","id":"strassenbaeume.00008100_000d2e69","geometry":{"type":"Point","coordinates":[384685.07269994,5817872.70379965]},"geometry_name":"geom","properties":{"gisid":"00008100_000d2e69","pitid":"00008100:000d2e69","standortnr":"231","kennzeich":"02642","namenr":"Kurf\u00fcrstendamm","art_dtsch":"Ahornbl\u00e4ttrige Platane","art_bot":"Platanus acerifolia","gattung_deutsch":"Platane","gattung":"Platanus","art_gruppe":"Laubb\u00e4ume","strnr":"02642","strname":"Kurf\u00fcrstendamm","hausnr":"152","zusatz":null,"pflanzjahr":"1970","standalter":56,"kronedurch":21,"stammumfg":201,"baumhoehe":25,"eigentuemer":"Land Berlin","bezirk":"Charlottenburg-Wilmersdorf"},"bbox":[384685.07269994,5817872.70379965,384685.07269994,5817872.70379965]},{"type":"Feature","id":"strassenbaeume.00008100_000d2e6a","geometry":{"type":"Point","coordinates":[384663.21019994,5817866.61209964]},"geometry_name":"geom","properties":{"gisid":"00008100_000d2e6a","pitid":"00008100:000d2e6a","standortnr":"230","kennzeich":"02642","namenr":"Kurf\u00fcrstendamm","art_dtsch":"Ahornbl\u00e4ttrige Platane","art_bot":"Platanus acerifolia","gattung_deutsch":"Platane","gattung":"Platanus","art_gruppe":"Laubb\u00e4ume","strnr":"02642","strname":"Kurf\u00fcrstendamm","hausnr":"151","zusatz":null,"pflanzjahr":"1978","standalter":48,"kronedurch":12,"stammumfg":121,"baumhoehe":12,"eigentuemer":"Land Berlin","bezirk":"Charlottenburg-Wilmersdorf"},"bbox":[384663.21019994,5817866.61209964,384663.21019994,5817866.61209964]},{"type":"Feature","id":"strassenbaeume.00008100_000d2e6b","geometry":{"type":"Point","coordinates":[384652.43839994,5817863.64209965]},"geometry_name":"geom","properties":{"gisid":"00008100_000d2e6b","pitid":"00008100:000d2e6b","standortnr":"229","kennzeich":"02642","namenr":"Kurf\u00fcrstendamm","art_dtsch":"Ahornbl\u00e4ttrige Platane","art_bot":"Platanus acerifolia","gattung_deutsch":"Platane","gattung":"Platanus","art_gruppe":"Laubb\u00e4ume","strnr":"02642","strname":"Kurf\u00fcrstendamm","hausnr":"151","zusatz":null,"pflanzjahr":"1988","standalter":38,"kronedurch":9,"stammumfg":94,"baumhoehe":12,"eigentuemer":"Land Berlin","bezirk":"Charlottenburg-Wilmersdorf"},"bbox":[384652.43839994,5817863.64209965,384652.43839994,5817863.64209965]},{"type":"Feature","id":"strassenbaeume.00008100_000d2e6c","geometry":{"type":"Point","coordinates":[384639.99269994,5817860.30709964]},"geometry_name":"geom","properties":{"gisid":"00008100_000d2e6c","pitid":"00008100:000d2e6c","standortnr":"228","kennzeich":"02642","namenr":"Kurf\u00fcrstendamm","art_dtsch":"Ahornbl\u00e4ttrige Platane","art_bot":"Platanus acerifolia","gattung_deutsch":"Platane","gattung":"Platanus","art_gruppe":"Laubb\u00e4ume","strnr":"02642","strname":"Kurf\u00fcrstendamm","hausnr":"150","zusatz":null,"pflanzjahr":"1950","standalter":76,"kronedurch":17,"stammumfg":230,"baumhoehe":25,"eigentuemer":"Land Berlin","bezirk":"Charlottenburg-Wilmersdorf"},"bbox":[384639.99269994,5817860.30709964,384639.99269994,5817860.30709964]},{"type":"Feature","id":"strassenbaeume.00008100_000d2e6d","geometry":{"type":"Point","coordinates":[384627.45699994,5817856.33879964]},"geometry_name":"geom","properties":{"gisid":"00008100_000d2e6d","pitid":"00008100:000d2e6d","standortnr":"227","kennzeich":"02642","namenr":"Kurf\u00fcrstendamm","art_dtsch":"Ahornbl\u00e4ttrige Platane","art_bot":"Platanus acerifolia","gattung_deutsch":"Platane","gattung":"Platanus","art_gruppe":"Laubb\u00e4ume","strnr":"02642","strname":"Kurf\u00fcrstendamm","hausnr":"150","zusatz":null,"pflanzjahr":"1970","standalter":56,"kronedurch":18,"stammumfg":211,"baumhoehe":25,"eigentuemer":"Land Berlin","bezirk":"Charlottenburg-Wilmersdorf"},"bbox":[384627.45699994,5817856.33879964,384627.45699994,5817856.33879964]},{"type":"Feature","id":"strassenbaeume.00008100_000d2e6e","geometry":{"type":"Point","coordinates":[384576.87209994,5817842.45889964]},"geometry_name":"geom","properties":{"gisid":"00008100_000d2e6e","pitid":"00008100:000d2e6e","standortnr":"226","kennzeich":"02642","namenr":"Kurf\u00fcrstendamm","art_dtsch":"Ahornbl\u00e4ttrige Platane","art_bot":"Platanus acerifolia","gattung_deutsch":"Platane","gattung":"Platanus","art_gruppe":"Laubb\u00e4ume","strnr":"02642","strname":"Kurf\u00fcrstendamm","hausnr":"148","zusatz":null,"pflanzjahr":"1954","standalter":72,"kronedurch":20,"stammumfg":221,"baumhoehe":25,"eigentuemer":"Land Berlin","bezirk":"Charlottenburg-Wilmersdorf"},"bbox":[384576.87209994,5817842.45889964,384576.87209994,5817842.45889964]},{"type":"Feature","id":"strassenbaeume.00008100_000d2e6f","geometry":{"type":"Point","coordinates":[384566.25469994,5817839.24809964]},"geometry_name":"geom","properties":{"gisid":"00008100_000d2e6f","pitid":"00008100:000d2e6f","standortnr":"225","kennzeich":"02642","namenr":"Kurf\u00fcrstendamm","art_dtsch":"Ahornbl\u00e4ttrige Platane","art_bot":"Platanus acerifolia","gattung_deutsch":"Platane","gattung":"Platanus","art_gruppe":"Laubb\u00e4ume","strnr":"02642","strname":"Kurf\u00fcrstendamm","hausnr":"148","zusatz":null,"pflanzjahr":"1985","standalter":41,"kronedurch":11,"stammumfg":134,"baumhoehe":17,"eigentuemer":"Land Berlin","bezirk":"Charlottenburg-Wilmersdorf"},"bbox":[384566.25469994,5817839.24809964,384566.25469994,5817839.24809964]},{"type":"Feature","id":"strassenbaeume.00008100_000d2e70","geometry":{"type":"Point","coordinates":[384556.51139994,5817836.09959965]},"geometry_name":"geom","properties":{"gisid":"00008100_000d2e70","pitid":"00008100:000d2e70","standortnr":"224","kennzeich":"02642","namenr":"Kurf\u00fcrstendamm","art_dtsch":"Ahornbl\u00e4ttrige Platane","art_bot":"Platanus acerifolia","gattung_deutsch":"Platane","gattung":"Platanus","art_gruppe":"Laubb\u00e4ume","strnr":"02642","strname":"Kurf\u00fcrstendamm","hausnr":"148","zusatz":null,"pflanzjahr":"1982","standalter":44,"kronedurch":10,"stammumfg":105,"baumhoehe":17,"eigentuemer":"Land Berlin","bezirk":"Charlottenburg-Wilmersdorf"},"bbox":[384556.51139994,5817836.09959965,384556.51139994,5817836.09959965]},{"type":"Feature","id":"strassenbaeume.00008100_000d2e71","geometry":{"type":"Point","coordinates":[384546.06349994,5817833.44049964]},"geometry_name":"geom","properties":{"gisid":"00008100_000d2e71","pitid":"00008100:000d2e71","standortnr":"223","kennzeich":"02642","namenr":"Kurf\u00fcrstendamm","art_dtsch":"Ahornbl\u00e4ttrige Platane","art_bot":"Platanus acerifolia","gattung_deutsch":"Platane","gattung":"Platanus","art_gruppe":"Laubb\u00e4ume","strnr":"02642","strname":"Kurf\u00fcrstendamm","hausnr":"147","zusatz":null,"pflanzjahr":"1954","standalter":72,"kronedurch":17,"stammumfg":223,"baumhoehe":25,"eigentuemer":"Land Berlin","bezirk":"Charlottenburg-Wilmersdorf"},"bbox":[384546.06349994,5817833.44049964,384546.06349994,5817833.44049964]},{"type":"Feature","id":"strassenbaeume.00008100_000d2e72","geometry":{"type":"Point","coordinates":[384531.46059994,5817829.35359964]},"geometry_name":"geom","properties":{"gisid":"00008100_000d2e72","pitid":"00008100:000d2e72","standortnr":"222","kennzeich":"02642","namenr":"Kurf\u00fcrstendamm","art_dtsch":"Ahornbl\u00e4ttrige Platane","art_bot":"Platanus acerifolia","gattung_deutsch":"Platane","gattung":"Platanus","art_gruppe":"Laubb\u00e4ume","strnr":"02642","strname":"Kurf\u00fcrstendamm","hausnr":"147","zusatz":null,"pflanzjahr":"1954","standalter":72,"kronedurch":11,"stammumfg":209,"baumhoehe":23,"eigentuemer":"Land Berlin","bezirk":"Charlottenburg-Wilmersdorf"},"bbox":[384531.46059994,5817829.35359964,384531.46059994,5817829.35359964]},{"type":"Feature","id":"strassenbaeume.00008100_000d2e73","geometry":{"type":"Point","coordinates":[384517.57699994,5817825.48989964]},"geometry_name":"geom","properties":{"gisid":"00008100_000d2e73","pitid":"00008100:000d2e73","standortnr":"221","kennzeich":"02642","namenr":"Kurf\u00fcrstendamm","art_dtsch":"Ahornbl\u00e4ttrige Platane","art_bot":"Platanus acerifolia","gattung_deutsch":"Platane","gattung":"Platanus","art_gruppe":"Laubb\u00e4ume","strnr":"02642","strname":"Kurf\u00fcrstendamm","hausnr":"146","zusatz":null,"pflanzjahr":"1970","standalter":56,"kronedurch":14,"stammumfg":178,"baumhoehe":25,"eigentuemer":"Land Berlin","bezirk":"Charlottenburg-Wilmersdorf"},"bbox":[384517.57699994,5817825.48989964,384517.57699994,5817825.48989964]},{"type":"Feature","id":"strassenbaeume.00008100_000d2e74","geometry":{"type":"Point","coordinates":[384509.43759994,5817823.18489964]},"geometry_name":"geom","properties":{"gisid":"00008100_000d2e74","pitid":"00008100:000d2e74","standortnr":"220","kennzeich":"02642","namenr":"Kurf\u00fcrstendamm","art_dtsch":"Ahornbl\u00e4ttrige Platane","art_bot":"Platanus acerifolia","gattung_deutsch":"Platane","gattung":"Platanus","art_gruppe":"Laubb\u00e4ume","strnr":"02642","strname":"Kurf\u00fcrstendamm","hausnr":"146","zusatz":null,"pflanzjahr":"1988","standalter":38,"kronedurch":5,"stammumfg":69,"baumhoehe":12,"eigentuemer":"Land Berlin","bezirk":"Charlottenburg-Wilmersdorf"},"bbox":[384509.43759994,5817823.18489964,384509.43759994,5817823.18489964]},{"type":"Feature","id":"strassenbaeume.00008100_000d2e75","geometry":{"type":"Point","coordinates":[384502.09699994,5817821.18159965]},"geometry_name":"geom","properties":{"gisid":"00008100_000d2e75","pitid":"00008100:000d2e75","standortnr":"219","kennzeich":"02642","namenr":"Kurf\u00fcrstendamm","art_dtsch":"Ahornbl\u00e4ttrige Platane","art_bot":"Platanus acerifolia","gattung_deutsch":"Platane","gattung":"Platanus","art_gruppe":"Laubb\u00e4ume","strnr":"02642","strname":"Kurf\u00fcrstendamm","hausnr":"146","zusatz":null,"pflanzjahr":"1970","standalter":56,"kronedurch":14,"stammumfg":178,"baumhoehe":17,"eigentuemer":"Land Berlin","bezirk":"Charlottenburg-Wilmersdorf"},"bbox":[384502.09699994,5817821.18159965,384502.09699994,5817821.18159965]},{"type":"Feature","id":"strassenbaeume.00008100_000d2e76","geometry":{"type":"Point","coordinates":[384492.36069994,5817818.34999964]},"geometry_name":"geom","properties":{"gisid":"00008100_000d2e76","pitid":"00008100:000d2e76","standortnr":"218","kennzeich":"02642","namenr":"Kurf\u00fcrstendamm","art_dtsch":"Ahornbl\u00e4ttrige Platane","art_bot":"Platanus acerifolia","gattung_deutsch":"Platane","gattung":"Platanus","art_gruppe":"Laubb\u00e4ume","strnr":"02642","strname":"Kurf\u00fcrstendamm","hausnr":"146","zusatz":null,"pflanzjahr":"1950","standalter":76,"kronedurch":16,"stammumfg":239,"baumhoehe":25,"eigentuemer":"Land Berlin","bezirk":"Charlottenburg-Wilmersdorf"},"bbox":[384492.36069994,5817818.34999964,384492.36069994,5817818.34999964]},{"type":"Feature","id":"strassenbaeume.00008100_000d2e77","geometry":{"type":"Point","coordinates":[384482.69939994,5817815.35899964]},"geometry_name":"geom","properties":{"gisid":"00008100_000d2e77","pitid":"00008100:000d2e77","standortnr":"217","kennzeich":"02642","namenr":"Kurf\u00fcrstendamm","art_dtsch":"Ahornbl\u00e4ttrige Platane","art_bot":"Platanus acerifolia","gattung_deutsch":"Platane","gattung":"Platanus","art_gruppe":"Laubb\u00e4ume","strnr":"02642","strname":"Kurf\u00fcrstendamm","hausnr":"144","zusatz":null,"pflanzjahr":"1988","standalter":38,"kronedurch":5,"stammumfg":101,"baumhoehe":12,"eigentuemer":"Land Berlin","bezirk":"Charlottenburg-Wilmersdorf"},"bbox":[384482.69939994,5817815.35899964,384482.69939994,5817815.35899964]},{"type":"Feature","id":"strassenbaeume.00008100_000d2e78","geometry":{"type":"Point","coordinates":[384473.13169994,5817813.08109964]},"geometry_name":"geom","properties":{"gisid":"00008100_000d2e78","pitid":"00008100:000d2e78","standortnr":"216","kennzeich":"02642","namenr":"Kurf\u00fcrstendamm","art_dtsch":"Ahornbl\u00e4ttrige Platane","art_bot":"Platanus acerifolia","gattung_deutsch":"Platane","gattung":"Platanus","art_gruppe":"Laubb\u00e4ume","strnr":"02642","strname":"Kurf\u00fcrstendamm","hausnr":"143","zusatz":null,"pflanzjahr":"1954","standalter":72,"kronedurch":16,"stammumfg":200,"baumhoehe":25,"eigentuemer":"Land Berlin","bezirk":"Charlottenburg-Wilmersdorf"},"bbox":[384473.13169994,5817813.08109964,384473.13169994,5817813.08109964]},{"type":"Feature","id":"strassenbaeume.00008100_000d2e79","geometry":{"type":"Point","coordinates":[384463.15649994,5817810.25399964]},"geometry_name":"geom","properties":{"gisid":"00008100_000d2e79","pitid":"00008100:000d2e79","standortnr":"215","kennzeich":"02642","namenr":"Kurf\u00fcrstendamm","art_dtsch":"Ahornbl\u00e4ttrige Platane","art_bot":"Platanus acerifolia","gattung_deutsch":"Platane","gattung":"Platanus","art_gruppe":"Laubb\u00e4ume","strnr":"02642","strname":"Kurf\u00fcrstendamm","hausnr":"143","zusatz":null,"pflanzjahr":"1970","standalter":56,"kronedurch":13,"stammumfg":204,"baumhoehe":25,"eigentuemer":"Land Berlin","bezirk":"Charlottenburg-Wilmersdorf"},"bbox":[384463.15649994,5817810.25399964,384463.15649994,5817810.25399964]},{"type":"Feature","id":"strassenbaeume.00008100_000d2e7b","geometry":{"type":"Point","coordinates":[384442.49409994,5817804.69439964]},"geometry_name":"geom","properties":{"gisid":"00008100_000d2e7b","pitid":"00008100:000d2e7b","standortnr":"213","kennzeich":"02642","namenr":"Kurf\u00fcrstendamm","art_dtsch":"Ahornbl\u00e4ttrige Platane","art_bot":"Platanus acerifolia","gattung_deutsch":"Platane","gattung":"Platanus","art_gruppe":"Laubb\u00e4ume","strnr":"02642","strname":"Kurf\u00fcrstendamm","hausnr":"142","zusatz":null,"pflanzjahr":"1950","standalter":76,"kronedurch":19,"stammumfg":232,"baumhoehe":25,"eigentuemer":"Land Berlin","bezirk":"Charlottenburg-Wilmersdorf"},"bbox":[384442.49409994,5817804.69439964,384442.49409994,5817804.69439964]},{"type":"Feature","id":"strassenbaeume.00008100_000d2e7c","geometry":{"type":"Point","coordinates":[384423.82029994,5817799.33499964]},"geometry_name":"geom","properties":{"gisid":"00008100_000d2e7c","pitid":"00008100:000d2e7c","standortnr":"212","kennzeich":"02642","namenr":"Kurf\u00fcrstendamm","art_dtsch":"Ahornbl\u00e4ttrige Platane","art_bot":"Platanus acerifolia","gattung_deutsch":"Platane","gattung":"Platanus","art_gruppe":"Laubb\u00e4ume","strnr":"02642","strname":"Kurf\u00fcrstendamm","hausnr":"142","zusatz":null,"pflanzjahr":"1988","standalter":38,"kronedurch":9,"stammumfg":94,"baumhoehe":12,"eigentuemer":"Land Berlin","bezirk":"Charlottenburg-Wilmersdorf"},"bbox":[384423.82029994,5817799.33499964,384423.82029994,5817799.33499964]},{"type":"Feature","id":"strassenbaeume.00008100_000d2e7d","geometry":{"type":"Point","coordinates":[384412.17129994,5817796.14379964]},"geometry_name":"geom","properties":{"gisid":"00008100_000d2e7d","pitid":"00008100:000d2e7d","standortnr":"211","kennzeich":"02642","namenr":"Kurf\u00fcrstendamm","art_dtsch":"Ahornbl\u00e4ttrige Platane","art_bot":"Platanus acerifolia","gattung_deutsch":"Platane","gattung":"Platanus","art_gruppe":"Laubb\u00e4ume","strnr":"02642","strname":"Kurf\u00fcrstendamm","hausnr":"142","zusatz":null,"pflanzjahr":"1950","standalter":76,"kronedurch":23,"stammumfg":249,"baumhoehe":25,"eigentuemer":"Land Berlin","bezirk":"Charlottenburg-Wilmersdorf"},"bbox":[384412.17129994,5817796.14379964,384412.17129994,5817796.14379964]},{"type":"Feature","id":"strassenbaeume.00008100_000d2e80","geometry":{"type":"Point","coordinates":[384381.84299994,5817787.35519964]},"geometry_name":"geom","properties":{"gisid":"00008100_000d2e80","pitid":"00008100:000d2e80","standortnr":"208","kennzeich":"02642","namenr":"Kurf\u00fcrstendamm","art_dtsch":"Ahornbl\u00e4ttrige Platane","art_bot":"Platanus acerifolia","gattung_deutsch":"Platane","gattung":"Platanus","art_gruppe":"Laubb\u00e4ume","strnr":"02642","strname":"Kurf\u00fcrstendamm","hausnr":"140","zusatz":null,"pflanzjahr":"1950","standalter":76,"kronedurch":20,"stammumfg":258,"baumhoehe":25,"eigentuemer":"Land Berlin","bezirk":"Charlottenburg-Wilmersdorf"},"bbox":[384381.84299994,5817787.35519964,384381.84299994,5817787.35519964]},{"type":"Feature","id":"strassenbaeume.00008100_000d2e81","geometry":{"type":"Point","coordinates":[384364.44009994,5817782.05059964]},"geometry_name":"geom","properties":{"gisid":"00008100_000d2e81","pitid":"00008100:000d2e81","standortnr":"207","kennzeich":"02642","namenr":"Kurf\u00fcrstendamm","art_dtsch":"Ahornbl\u00e4ttrige Platane","art_bot":"Platanus acerifolia","gattung_deutsch":"Platane","gattung":"Platanus","art_gruppe":"Laubb\u00e4ume","strnr":"02642","strname":"Kurf\u00fcrstendamm","hausnr":"140","zusatz":null,"pflanzjahr":"1985","standalter":41,"kronedurch":15,"stammumfg":151,"baumhoehe":17,"eigentuemer":"Land Berlin","bezirk":"Charlottenburg-Wilmersdorf"},"bbox":[384364.44009994,5817782.05059964,384364.44009994,5817782.05059964]},{"type":"Feature","id":"strassenbaeume.00008100_000d2e82","geometry":{"type":"Point","coordinates":[384306.32489994,5817768.71089964]},"geometry_name":"geom","properties":{"gisid":"00008100_000d2e82","pitid":"00008100:000d2e82","standortnr":"206","kennzeich":"02642","namenr":"Kurf\u00fcrstendamm","art_dtsch":"Ahornbl\u00e4ttrige Platane","art_bot":"Platanus acerifolia","gattung_deutsch":"Platane","gattung":"Platanus","art_gruppe":"Laubb\u00e4ume","strnr":"02642","strname":"Kurf\u00fcrstendamm","hausnr":"139","zusatz":null,"pflanzjahr":"1950","standalter":76,"kronedurch":19,"stammumfg":267,"baumhoehe":25,"eigentuemer":"Land Berlin","bezirk":"Charlottenburg-Wilmersdorf"},"bbox":[384306.32489994,5817768.71089964,384306.32489994,5817768.71089964]},{"type":"Feature","id":"strassenbaeume.00008100_000d2e83","geometry":{"type":"Point","coordinates":[384292.99709994,5817764.83759964]},"geometry_name":"geom","properties":{"gisid":"00008100_000d2e83","pitid":"00008100:000d2e83","standortnr":"205","kennzeich":"02642","namenr":"Kurf\u00fcrstendamm","art_dtsch":"Ahornbl\u00e4ttrige Platane","art_bot":"Platanus acerifolia","gattung_deutsch":"Platane","gattung":"Platanus","art_gruppe":"Laubb\u00e4ume","strnr":"02642","strname":"Kurf\u00fcrstendamm","hausnr":"139","zusatz":null,"pflanzjahr":"1965","standalter":61,"kronedurch":16,"stammumfg":218,"baumhoehe":25,"eigentuemer":"Land Berlin","bezirk":"Charlottenburg-Wilmersdorf"},"bbox":[384292.99709994,5817764.83759964,384292.99709994,5817764.83759964]},{"type":"Feature","id":"strassenbaeume.00008100_000d2e84","geometry":{"type":"Point","coordinates":[384279.45449994,5817762.23739964]},"geometry_name":"geom","properties":{"gisid":"00008100_000d2e84","pitid":"00008100:000d2e84","standortnr":"204","kennzeich":"02642","namenr":"Kurf\u00fcrstendamm","art_dtsch":"Ahornbl\u00e4ttrige Platane","art_bot":"Platanus acerifolia","gattung_deutsch":"Platane","gattung":"Platanus","art_gruppe":"Laubb\u00e4ume","strnr":"02642","strname":"Kurf\u00fcrstendamm","hausnr":"138","zusatz":null,"pflanzjahr":"1954","standalter":72,"kronedurch":16,"stammumfg":217,"baumhoehe":25,"eigentuemer":"Land Berlin","bezirk":"Charlottenburg-Wilmersdorf"},"bbox":[384279.45449994,5817762.23739964,384279.45449994,5817762.23739964]},{"type":"Feature","id":"strassenbaeume.00008100_000d2e85","geometry":{"type":"Point","coordinates":[384264.70019994,5817758.54929964]},"geometry_name":"geom","properties":{"gisid":"00008100_000d2e85","pitid":"00008100:000d2e85","standortnr":"203","kennzeich":"02642","namenr":"Kurf\u00fcrstendamm","art_dtsch":"Ahornbl\u00e4ttrige Platane","art_bot":"Platanus acerifolia","gattung_deutsch":"Platane","gattung":"Platanus","art_gruppe":"Laubb\u00e4ume","strnr":"02642","strname":"Kurf\u00fcrstendamm","hausnr":"137","zusatz":null,"pflanzjahr":"1954","standalter":72,"kronedurch":17,"stammumfg":231,"baumhoehe":25,"eigentuemer":"Land Berlin","bezirk":"Charlottenburg-Wilmersdorf"},"bbox":[384264.70019994,5817758.54929964,384264.70019994,5817758.54929964]},{"type":"Feature","id":"strassenbaeume.00008100_000d2e86","geometry":{"type":"Point","coordinates":[384247.63989994,5817754.58799964]},"geometry_name":"geom","properties":{"gisid":"00008100_000d2e86","pitid":"00008100:000d2e86","standortnr":"202","kennzeich":"02642","namenr":"Kurf\u00fcrstendamm","art_dtsch":"Ahornbl\u00e4ttrige Platane","art_bot":"Platanus acerifolia","gattung_deutsch":"Platane","gattung":"Platanus","art_gruppe":"Laubb\u00e4ume","strnr":"02642","strname":"Kurf\u00fcrstendamm","hausnr":"136","zusatz":null,"pflanzjahr":"1970","standalter":56,"kronedurch":20,"stammumfg":208,"baumhoehe":25,"eigentuemer":"Land Berlin","bezirk":"Charlottenburg-Wilmersdorf"},"bbox":[384247.63989994,5817754.58799964,384247.63989994,5817754.58799964]},{"type":"Feature","id":"strassenbaeume.00008100_000d2e87","geometry":{"type":"Point","coordinates":[384236.16489994,5817752.18749964]},"geometry_name":"geom","properties":{"gisid":"00008100_000d2e87","pitid":"00008100:000d2e87","standortnr":"201","kennzeich":"02642","namenr":"Kurf\u00fcrstendamm","art_dtsch":"Ahornbl\u00e4ttrige Platane","art_bot":"Platanus acerifolia","gattung_deutsch":"Platane","gattung":"Platanus","art_gruppe":"Laubb\u00e4ume","strnr":"02642","strname":"Kurf\u00fcrstendamm","hausnr":"136","zusatz":null,"pflanzjahr":"1980","standalter":46,"kronedurch":13,"stammumfg":160,"baumhoehe":17,"eigentuemer":"Land Berlin","bezirk":"Charlottenburg-Wilmersdorf"},"bbox":[384236.16489994,5817752.18749964,384236.16489994,5817752.18749964]},{"type":"Feature","id":"strassenbaeume.00008100_000d2e88","geometry":{"type":"Point","coordinates":[384229.06919994,5817750.49649964]},"geometry_name":"geom","properties":{"gisid":"00008100_000d2e88","pitid":"00008100:000d2e88","standortnr":"200","kennzeich":"02642","namenr":"Kurf\u00fcrstendamm","art_dtsch":"Ahornbl\u00e4ttrige Platane","art_bot":"Platanus acerifolia","gattung_deutsch":"Platane","gattung":"Platanus","art_gruppe":"Laubb\u00e4ume","strnr":"02642","strname":"Kurf\u00fcrstendamm","hausnr":"136","zusatz":null,"pflanzjahr":"1988","standalter":38,"kronedurch":3,"stammumfg":57,"baumhoehe":12,"eigentuemer":"Land Berlin","bezirk":"Charlottenburg-Wilmersdorf"},"bbox":[384229.06919994,5817750.49649964,384229.06919994,5817750.49649964]},{"type":"Feature","id":"strassenbaeume.00008100_000d2e89","geometry":{"type":"Point","coordinates":[384191.36949994,5817742.24519964]},"geometry_name":"geom","properties":{"gisid":"00008100_000d2e89","pitid":"00008100:000d2e89","standortnr":"199","kennzeich":"02642","namenr":"Kurf\u00fcrstendamm","art_dtsch":"Ahornbl\u00e4ttrige Platane","art_bot":"Platanus acerifolia","gattung_deutsch":"Platane","gattung":"Platanus","art_gruppe":"Laubb\u00e4ume","strnr":"02642","strname":"Kurf\u00fcrstendamm","hausnr":"135","zusatz":null,"pflanzjahr":"1950","standalter":76,"kronedurch":23,"stammumfg":252,"baumhoehe":25,"eigentuemer":"Land Berlin","bezirk":"Charlottenburg-Wilmersdorf"},"bbox":[384191.36949994,5817742.24519964,384191.36949994,5817742.24519964]},{"type":"Feature","id":"strassenbaeume.00008100_000d2e8a","geometry":{"type":"Point","coordinates":[384175.02689994,5817738.42829964]},"geometry_name":"geom","properties":{"gisid":"00008100_000d2e8a","pitid":"00008100:000d2e8a","standortnr":"198","kennzeich":"02642","namenr":"Kurf\u00fcrstendamm","art_dtsch":"Ahornbl\u00e4ttrige Platane","art_bot":"Platanus acerifolia","gattung_deutsch":"Platane","gattung":"Platanus","art_gruppe":"Laubb\u00e4ume","strnr":"02642","strname":"Kurf\u00fcrstendamm","hausnr":"135","zusatz":null,"pflanzjahr":"1950","standalter":76,"kronedurch":14,"stammumfg":240,"baumhoehe":25,"eigentuemer":"Land Berlin","bezirk":"Charlottenburg-Wilmersdorf"},"bbox":[384175.02689994,5817738.42829964,384175.02689994,5817738.42829964]},{"type":"Feature","id":"strassenbaeume.00008100_000d2e8b","geometry":{"type":"Point","coordinates":[384157.09299994,5817734.48359964]},"geometry_name":"geom","properties":{"gisid":"00008100_000d2e8b","pitid":"00008100:000d2e8b","standortnr":"197","kennzeich":"02642","namenr":"Kurf\u00fcrstendamm","art_dtsch":"Ahornbl\u00e4ttrige Platane","art_bot":"Platanus acerifolia","gattung_deutsch":"Platane","gattung":"Platanus","art_gruppe":"Laubb\u00e4ume","strnr":"02642","strname":"Kurf\u00fcrstendamm","hausnr":"134","zusatz":null,"pflanzjahr":"1954","standalter":72,"kronedurch":20,"stammumfg":208,"baumhoehe":25,"eigentuemer":"Land Berlin","bezirk":"Charlottenburg-Wilmersdorf"},"bbox":[384157.09299994,5817734.48359964,384157.09299994,5817734.48359964]},{"type":"Feature","id":"strassenbaeume.00008100_000d2e8c","geometry":{"type":"Point","coordinates":[384140.18559994,5817730.20149964]},"geometry_name":"geom","properties":{"gisid":"00008100_000d2e8c","pitid":"00008100:000d2e8c","standortnr":"196","kennzeich":"02642","namenr":"Kurf\u00fcrstendamm","art_dtsch":"Ahornbl\u00e4ttrige Platane","art_bot":"Platanus acerifolia","gattung_deutsch":"Platane","gattung":"Platanus","art_gruppe":"Laubb\u00e4ume","strnr":"02642","strname":"Kurf\u00fcrstendamm","hausnr":"133","zusatz":null,"pflanzjahr":"1954","standalter":72,"kronedurch":20,"stammumfg":225,"baumhoehe":25,"eigentuemer":"Land Berlin","bezirk":"Charlottenburg-Wilmersdorf"},"bbox":[384140.18559994,5817730.20149964,384140.18559994,5817730.20149964]},{"type":"Feature","id":"strassenbaeume.00008100_000d2e8d","geometry":{"type":"Point","coordinates":[384125.20999994,5817727.39149964]},"geometry_name":"geom","properties":{"gisid":"00008100_000d2e8d","pitid":"00008100:000d2e8d","standortnr":"195","kennzeich":"02642","namenr":"Kurf\u00fcrstendamm","art_dtsch":"Ahornbl\u00e4ttrige Platane","art_bot":"Platanus acerifolia","gattung_deutsch":"Platane","gattung":"Platanus","art_gruppe":"Laubb\u00e4ume","strnr":"02642","strname":"Kurf\u00fcrstendamm","hausnr":"132a","zusatz":null,"pflanzjahr":"1954","standalter":72,"kronedurch":20,"stammumfg":218,"baumhoehe":25,"eigentuemer":"Land Berlin","bezirk":"Charlottenburg-Wilmersdorf"},"bbox":[384125.20999994,5817727.39149964,384125.20999994,5817727.39149964]},{"type":"Feature","id":"strassenbaeume.00008100_000d2e8e","geometry":{"type":"Point","coordinates":[384109.81899994,5817723.55649964]},"geometry_name":"geom","properties":{"gisid":"00008100_000d2e8e","pitid":"00008100:000d2e8e","standortnr":"194","kennzeich":"02642","namenr":"Kurf\u00fcrstendamm","art_dtsch":"Ahornbl\u00e4ttrige Platane","art_bot":"Platanus acerifolia","gattung_deutsch":"Platane","gattung":"Platanus","art_gruppe":"Laubb\u00e4ume","strnr":"02642","strname":"Kurf\u00fcrstendamm","hausnr":"132a","zusatz":null,"pflanzjahr":"1970","standalter":56,"kronedurch":20,"stammumfg":209,"baumhoehe":25,"eigentuemer":"Land Berlin","bezirk":"Charlottenburg-Wilmersdorf"},"bbox":[384109.81899994,5817723.55649964,384109.81899994,5817723.55649964]},{"type":"Feature","id":"strassenbaeume.00008100_000d2e8f","geometry":{"type":"Point","coordinates":[384092.68169994,5817719.75579964]},"geometry_name":"geom","properties":{"gisid":"00008100_000d2e8f","pitid":"00008100:000d2e8f","standortnr":"193","kennzeich":"02642","namenr":"Kurf\u00fcrstendamm","art_dtsch":"Ahornbl\u00e4ttrige Platane","art_bot":"Platanus acerifolia","gattung_deutsch":"Platane","gattung":"Platanus","art_gruppe":"Laubb\u00e4ume","strnr":"02642","strname":"Kurf\u00fcrstendamm","hausnr":"132","zusatz":null,"pflanzjahr":"1970","standalter":56,"kronedurch":16,"stammumfg":185,"baumhoehe":25,"eigentuemer":"Land Berlin","bezirk":"Charlottenburg-Wilmersdorf"},"bbox":[384092.68169994,5817719.75579964,384092.68169994,5817719.75579964]},{"type":"Feature","id":"strassenbaeume.00008100_000d2e90","geometry":{"type":"Point","coordinates":[384076.97889994,5817716.24469964]},"geometry_name":"geom","properties":{"gisid":"00008100_000d2e90","pitid":"00008100:000d2e90","standortnr":"192","kennzeich":"02642","namenr":"Kurf\u00fcrstendamm","art_dtsch":"Ahornbl\u00e4ttrige Platane","art_bot":"Platanus acerifolia","gattung_deutsch":"Platane","gattung":"Platanus","art_gruppe":"Laubb\u00e4ume","strnr":"02642","strname":"Kurf\u00fcrstendamm","hausnr":"131","zusatz":null,"pflanzjahr":"1954","standalter":72,"kronedurch":17,"stammumfg":192,"baumhoehe":17,"eigentuemer":"Land Berlin","bezirk":"Charlottenburg-Wilmersdorf"},"bbox":[384076.97889994,5817716.24469964,384076.97889994,5817716.24469964]},{"type":"Feature","id":"strassenbaeume.00008100_000d2e91","geometry":{"type":"Point","coordinates":[384059.43819994,5817712.05359964]},"geometry_name":"geom","properties":{"gisid":"00008100_000d2e91","pitid":"00008100:000d2e91","standortnr":"191","kennzeich":"02642","namenr":"Kurf\u00fcrstendamm","art_dtsch":"Ahornbl\u00e4ttrige Platane","art_bot":"Platanus acerifolia","gattung_deutsch":"Platane","gattung":"Platanus","art_gruppe":"Laubb\u00e4ume","strnr":"02642","strname":"Kurf\u00fcrstendamm","hausnr":"130","zusatz":null,"pflanzjahr":"1982","standalter":44,"kronedurch":18,"stammumfg":152,"baumhoehe":25,"eigentuemer":"Land Berlin","bezirk":"Charlottenburg-Wilmersdorf"},"bbox":[384059.43819994,5817712.05359964,384059.43819994,5817712.05359964]},{"type":"Feature","id":"strassenbaeume.00008100_000d2e92","geometry":{"type":"Point","coordinates":[384043.73839994,5817708.70139964]},"geometry_name":"geom","properties":{"gisid":"00008100_000d2e92","pitid":"00008100:000d2e92","standortnr":"190","kennzeich":"02642","namenr":"Kurf\u00fcrstendamm","art_dtsch":"Ahornbl\u00e4ttrige Platane","art_bot":"Platanus acerifolia","gattung_deutsch":"Platane","gattung":"Platanus","art_gruppe":"Laubb\u00e4ume","strnr":"02642","strname":"Kurf\u00fcrstendamm","hausnr":"130","zusatz":null,"pflanzjahr":"1970","standalter":56,"kronedurch":22,"stammumfg":187,"baumhoehe":25,"eigentuemer":"Land Berlin","bezirk":"Charlottenburg-Wilmersdorf"},"bbox":[384043.73839994,5817708.70139964,384043.73839994,5817708.70139964]},{"type":"Feature","id":"strassenbaeume.00008100_000d2e93","geometry":{"type":"Point","coordinates":[383746.52549994,5817576.64719964]},"geometry_name":"geom","properties":{"gisid":"00008100_000d2e93","pitid":"00008100:000d2e93","standortnr":"189","kennzeich":"02642","namenr":"Kurf\u00fcrstendamm","art_dtsch":"Ahornbl\u00e4ttrige Platane","art_bot":"Platanus acerifolia","gattung_deutsch":"Platane","gattung":"Platanus","art_gruppe":"Laubb\u00e4ume","strnr":"02642","strname":"Kurf\u00fcrstendamm","hausnr":"129","zusatz":null,"pflanzjahr":"1954","standalter":72,"kronedurch":20,"stammumfg":211,"baumhoehe":25,"eigentuemer":"Land Berlin","bezirk":"Charlottenburg-Wilmersdorf"},"bbox":[383746.52549994,5817576.64719964,383746.52549994,5817576.64719964]},{"type":"Feature","id":"strassenbaeume.00008100_000d2e94","geometry":{"type":"Point","coordinates":[383724.03569994,5817558.50319964]},"geometry_name":"geom","properties":{"gisid":"00008100_000d2e94","pitid":"00008100:000d2e94","standortnr":"188","kennzeich":"02642","namenr":"Kurf\u00fcrstendamm","art_dtsch":"Ahornbl\u00e4ttrige Platane","art_bot":"Platanus acerifolia","gattung_deutsch":"Platane","gattung":"Platanus","art_gruppe":"Laubb\u00e4ume","strnr":"02642","strname":"Kurf\u00fcrstendamm","hausnr":"128-129","zusatz":null,"pflanzjahr":"1970","standalter":56,"kronedurch":22,"stammumfg":192,"baumhoehe":25,"eigentuemer":"Land Berlin","bezirk":"Charlottenburg-Wilmersdorf"},"bbox":[383724.03569994,5817558.50319964,383724.03569994,5817558.50319964]},{"type":"Feature","id":"strassenbaeume.00008100_000d2e95","geometry":{"type":"Point","coordinates":[383684.78759994,5817528.40469964]},"geometry_name":"geom","properties":{"gisid":"00008100_000d2e95","pitid":"00008100:000d2e95","standortnr":"187","kennzeich":"02642","namenr":"Kurf\u00fcrstendamm","art_dtsch":"Ahornbl\u00e4ttrige Platane","art_bot":"Platanus acerifolia","gattung_deutsch":"Platane","gattung":"Platanus","art_gruppe":"Laubb\u00e4ume","strnr":"02642","strname":"Kurf\u00fcrstendamm","hausnr":"127","zusatz":null,"pflanzjahr":"1970","standalter":56,"kronedurch":18,"stammumfg":162,"baumhoehe":17,"eigentuemer":"Land Berlin","bezirk":"Charlottenburg-Wilmersdorf"},"bbox":[383684.78759994,5817528.40469964,383684.78759994,5817528.40469964]},{"type":"Feature","id":"strassenbaeume.00008100_000d2e96","geometry":{"type":"Point","coordinates":[383666.26879994,5817513.16489964]},"geometry_name":"geom","properties":{"gisid":"00008100_000d2e96","pitid":"00008100:000d2e96","standortnr":"186","kennzeich":"02642","namenr":"Kurf\u00fcrstendamm","art_dtsch":"Ahornbl\u00e4ttrige Platane","art_bot":"Platanus acerifolia","gattung_deutsch":"Platane","gattung":"Platanus","art_gruppe":"Laubb\u00e4ume","strnr":"02642","strname":"Kurf\u00fcrstendamm","hausnr":"126","zusatz":null,"pflanzjahr":"1970","standalter":56,"kronedurch":15,"stammumfg":183,"baumhoehe":22,"eigentuemer":"Land Berlin","bezirk":"Charlottenburg-Wilmersdorf"},"bbox":[383666.26879994,5817513.16489964,383666.26879994,5817513.16489964]},{"type":"Feature","id":"strassenbaeume.00008100_000d2e97","geometry":{"type":"Point","coordinates":[383658.72639994,5817504.07789964]},"geometry_name":"geom","properties":{"gisid":"00008100_000d2e97","pitid":"00008100:000d2e97","standortnr":"185","kennzeich":"02642","namenr":"Kurf\u00fcrstendamm","art_dtsch":"Ahornbl\u00e4ttrige Platane","art_bot":"Platanus acerifolia","gattung_deutsch":"Platane","gattung":"Platanus","art_gruppe":"Laubb\u00e4ume","strnr":"02642","strname":"Kurf\u00fcrstendamm","hausnr":"126","zusatz":null,"pflanzjahr":"1970","standalter":56,"kronedurch":19,"stammumfg":180,"baumhoehe":17,"eigentuemer":"Land Berlin","bezirk":"Charlottenburg-Wilmersdorf"},"bbox":[383658.72639994,5817504.07789964,383658.72639994,5817504.07789964]},{"type":"Feature","id":"strassenbaeume.00008100_000d2e9c","geometry":{"type":"Point","coordinates":[383639.80939994,5817524.99339964]},"geometry_name":"geom","properties":{"gisid":"00008100_000d2e9c","pitid":"00008100:000d2e9c","standortnr":"180","kennzeich":"02642","namenr":"Kurf\u00fcrstendamm","art_dtsch":"Ahornbl\u00e4ttrige Platane","art_bot":"Platanus acerifolia","gattung_deutsch":"Platane","gattung":"Platanus","art_gruppe":"Laubb\u00e4ume","strnr":"02642","strname":"Kurf\u00fcrstendamm","hausnr":"124","zusatz":null,"pflanzjahr":"1954","standalter":72,"kronedurch":20,"stammumfg":239,"baumhoehe":25,"eigentuemer":"Land Berlin","bezirk":"Charlottenburg-Wilmersdorf"},"bbox":[383639.80939994,5817524.99339964,383639.80939994,5817524.99339964]},{"type":"Feature","id":"strassenbaeume.00008100_000d2e9d","geometry":{"type":"Point","coordinates":[383661.53889994,5817545.91169964]},"geometry_name":"geom","properties":{"gisid":"00008100_000d2e9d","pitid":"00008100:000d2e9d","standortnr":"178","kennzeich":"02642","namenr":"Kurf\u00fcrstendamm","art_dtsch":"Ahornbl\u00e4ttrige Platane","art_bot":"Platanus acerifolia","gattung_deutsch":"Platane","gattung":"Platanus","art_gruppe":"Laubb\u00e4ume","strnr":"02642","strname":"Kurf\u00fcrstendamm","hausnr":"123","zusatz":null,"pflanzjahr":"1986","standalter":40,"kronedurch":12,"stammumfg":115,"baumhoehe":17,"eigentuemer":"Land Berlin","bezirk":"Charlottenburg-Wilmersdorf"},"bbox":[383661.53889994,5817545.91169964,383661.53889994,5817545.91169964]},{"type":"Feature","id":"strassenbaeume.00008100_000d2e9e","geometry":{"type":"Point","coordinates":[383672.48849994,5817554.70189964]},"geometry_name":"geom","properties":{"gisid":"00008100_000d2e9e","pitid":"00008100:000d2e9e","standortnr":"177","kennzeich":"02642","namenr":"Kurf\u00fcrstendamm","art_dtsch":"Ahornbl\u00e4ttrige Platane","art_bot":"Platanus acerifolia","gattung_deutsch":"Platane","gattung":"Platanus","art_gruppe":"Laubb\u00e4ume","strnr":"02642","strname":"Kurf\u00fcrstendamm","hausnr":"123","zusatz":null,"pflanzjahr":"1954","standalter":72,"kronedurch":19,"stammumfg":225,"baumhoehe":25,"eigentuemer":"Land Berlin","bezirk":"Charlottenburg-Wilmersdorf"},"bbox":[383672.48849994,5817554.70189964,383672.48849994,5817554.70189964]},{"type":"Feature","id":"strassenbaeume.00008100_000d2e9f","geometry":{"type":"Point","coordinates":[383729.68879994,5817599.11199964]},"geometry_name":"geom","properties":{"gisid":"00008100_000d2e9f","pitid":"00008100:000d2e9f","standortnr":"176","kennzeich":"02642","namenr":"Kurf\u00fcrstendamm","art_dtsch":"Ahornbl\u00e4ttrige Platane","art_bot":"Platanus acerifolia","gattung_deutsch":"Platane","gattung":"Platanus","art_gruppe":"Laubb\u00e4ume","strnr":"02642","strname":"Kurf\u00fcrstendamm","hausnr":"121a","zusatz":null,"pflanzjahr":"1954","standalter":72,"kronedurch":22,"stammumfg":232,"baumhoehe":17,"eigentuemer":"Land Berlin","bezirk":"Charlottenburg-Wilmersdorf"},"bbox":[383729.68879994,5817599.11199964,383729.68879994,5817599.11199964]},{"type":"Feature","id":"strassenbaeume.00008100_000d2ea0","geometry":{"type":"Point","coordinates":[383744.96959994,5817609.61569964]},"geometry_name":"geom","properties":{"gisid":"00008100_000d2ea0","pitid":"00008100:000d2ea0","standortnr":"175","kennzeich":"02642","namenr":"Kurf\u00fcrstendamm","art_dtsch":"Ahornbl\u00e4ttrige Platane","art_bot":"Platanus acerifolia","gattung_deutsch":"Platane","gattung":"Platanus","art_gruppe":"Laubb\u00e4ume","strnr":"02642","strname":"Kurf\u00fcrstendamm","hausnr":"120","zusatz":null,"pflanzjahr":"1950","standalter":76,"kronedurch":22,"stammumfg":262,"baumhoehe":25,"eigentuemer":"Land Berlin","bezirk":"Charlottenburg-Wilmersdorf"},"bbox":[383744.96959994,5817609.61569964,383744.96959994,5817609.61569964]},{"type":"Feature","id":"strassenbaeume.00008100_000d2ea1","geometry":{"type":"Point","coordinates":[383771.63749994,5817634.66579964]},"geometry_name":"geom","properties":{"gisid":"00008100_000d2ea1","pitid":"00008100:000d2ea1","standortnr":"174","kennzeich":"02642","namenr":"Kurf\u00fcrstendamm","art_dtsch":"Ahornbl\u00e4ttrige Platane","art_bot":"Platanus acerifolia","gattung_deutsch":"Platane","gattung":"Platanus","art_gruppe":"Laubb\u00e4ume","strnr":"02642","strname":"Kurf\u00fcrstendamm","hausnr":"119","zusatz":null,"pflanzjahr":"1950","standalter":76,"kronedurch":22,"stammumfg":275,"baumhoehe":25,"eigentuemer":"Land Berlin","bezirk":"Charlottenburg-Wilmersdorf"},"bbox":[383771.63749994,5817634.66579964,383771.63749994,5817634.66579964]},{"type":"Feature","id":"strassenbaeume.00008100_000d2ea3","geometry":{"type":"Point","coordinates":[383980.19019994,5817728.35979964]},"geometry_name":"geom","properties":{"gisid":"00008100_000d2ea3","pitid":"00008100:000d2ea3","standortnr":"172","kennzeich":"02642","namenr":"Kurf\u00fcrstendamm","art_dtsch":"Ahornbl\u00e4ttrige Platane","art_bot":"Platanus acerifolia","gattung_deutsch":"Platane","gattung":"Platanus","art_gruppe":"Laubb\u00e4ume","strnr":"02642","strname":"Kurf\u00fcrstendamm","hausnr":"115","zusatz":null,"pflanzjahr":"1988","standalter":38,"kronedurch":11,"stammumfg":110,"baumhoehe":12,"eigentuemer":"Land Berlin","bezirk":"Charlottenburg-Wilmersdorf"},"bbox":[383980.19019994,5817728.35979964,383980.19019994,5817728.35979964]},{"type":"Feature","id":"strassenbaeume.00008100_000d2ea4","geometry":{"type":"Point","coordinates":[383988.80369994,5817724.78619964]},"geometry_name":"geom","properties":{"gisid":"00008100_000d2ea4","pitid":"00008100:000d2ea4","standortnr":"171","kennzeich":"02642","namenr":"Kurf\u00fcrstendamm","art_dtsch":"Ahornbl\u00e4ttrige Platane","art_bot":"Platanus acerifolia","gattung_deutsch":"Platane","gattung":"Platanus","art_gruppe":"Laubb\u00e4ume","strnr":"02642","strname":"Kurf\u00fcrstendamm","hausnr":"115","zusatz":null,"pflanzjahr":"1950","standalter":76,"kronedurch":23,"stammumfg":266,"baumhoehe":25,"eigentuemer":"Land Berlin","bezirk":"Charlottenburg-Wilmersdorf"},"bbox":[383988.80369994,5817724.78619964,383988.80369994,5817724.78619964]},{"type":"Feature","id":"strassenbaeume.00008100_000d2ea5","geometry":{"type":"Point","coordinates":[383996.90169994,5817732.17569964]},"geometry_name":"geom","properties":{"gisid":"00008100_000d2ea5","pitid":"00008100:000d2ea5","standortnr":"170","kennzeich":"02642","namenr":"Kurf\u00fcrstendamm","art_dtsch":"Ahornbl\u00e4ttrige Platane","art_bot":"Platanus acerifolia","gattung_deutsch":"Platane","gattung":"Platanus","art_gruppe":"Laubb\u00e4ume","strnr":"02642","strname":"Kurf\u00fcrstendamm","hausnr":"140","zusatz":null,"pflanzjahr":"1984","standalter":42,"kronedurch":10,"stammumfg":101,"baumhoehe":17,"eigentuemer":"Land Berlin","bezirk":"Charlottenburg-Wilmersdorf"},"bbox":[383996.90169994,5817732.17569964,383996.90169994,5817732.17569964]},{"type":"Feature","id":"strassenbaeume.00008100_000d2ea6","geometry":{"type":"Point","coordinates":[384004.89159994,5817728.40699964]},"geometry_name":"geom","properties":{"gisid":"00008100_000d2ea6","pitid":"00008100:000d2ea6","standortnr":"169","kennzeich":"02642","namenr":"Kurf\u00fcrstendamm","art_dtsch":"Ahornbl\u00e4ttrige Platane","art_bot":"Platanus acerifolia","gattung_deutsch":"Platane","gattung":"Platanus","art_gruppe":"Laubb\u00e4ume","strnr":"02642","strname":"Kurf\u00fcrstendamm","hausnr":"114","zusatz":null,"pflanzjahr":"1988","standalter":38,"kronedurch":9,"stammumfg":79,"baumhoehe":12,"eigentuemer":"Land Berlin","bezirk":"Charlottenburg-Wilmersdorf"},"bbox":[384004.89159994,5817728.40699964,384004.89159994,5817728.40699964]},{"type":"Feature","id":"strassenbaeume.00008100_000d2ea8","geometry":{"type":"Point","coordinates":[384024.62069994,5817738.77999964]},"geometry_name":"geom","properties":{"gisid":"00008100_000d2ea8","pitid":"00008100:000d2ea8","standortnr":"167","kennzeich":"02642","namenr":"Kurf\u00fcrstendamm","art_dtsch":"Ahornbl\u00e4ttrige Platane","art_bot":"Platanus acerifolia","gattung_deutsch":"Platane","gattung":"Platanus","art_gruppe":"Laubb\u00e4ume","strnr":"02642","strname":"Kurf\u00fcrstendamm","hausnr":"112-113","zusatz":null,"pflanzjahr":"1984","standalter":42,"kronedurch":9,"stammumfg":110,"baumhoehe":12,"eigentuemer":"Land Berlin","bezirk":"Charlottenburg-Wilmersdorf"},"bbox":[384024.62069994,5817738.77999964,384024.62069994,5817738.77999964]},{"type":"Feature","id":"strassenbaeume.00008100_000d2eaa","geometry":{"type":"Point","coordinates":[384035.82499994,5817735.57019964]},"geometry_name":"geom","properties":{"gisid":"00008100_000d2eaa","pitid":"00008100:000d2eaa","standortnr":"166","kennzeich":"02642","namenr":"Kurf\u00fcrstendamm","art_dtsch":"Ahornbl\u00e4ttrige Platane","art_bot":"Platanus acerifolia","gattung_deutsch":"Platane","gattung":"Platanus","art_gruppe":"Laubb\u00e4ume","strnr":"02642","strname":"Kurf\u00fcrstendamm","hausnr":"112-113","zusatz":null,"pflanzjahr":"1965","standalter":61,"kronedurch":16,"stammumfg":190,"baumhoehe":25,"eigentuemer":"Land Berlin","bezirk":"Charlottenburg-Wilmersdorf"},"bbox":[384035.82499994,5817735.57019964,384035.82499994,5817735.57019964]},{"type":"Feature","id":"strassenbaeume.00008100_000d32e0","geometry":{"type":"Point","coordinates":[384069.36599994,5817749.40029964]},"geometry_name":"geom","properties":{"gisid":"00008100_000d32e0","pitid":"00008100:000d32e0","standortnr":"161","kennzeich":"02642","namenr":"Kurf\u00fcrstendamm","art_dtsch":"Ahornbl\u00e4ttrige Platane","art_bot":"Platanus acerifolia","gattung_deutsch":"Platane","gattung":"Platanus","art_gruppe":"Laubb\u00e4ume","strnr":"02642","strname":"Kurf\u00fcrstendamm","hausnr":"111","zusatz":null,"pflanzjahr":"1994","standalter":32,"kronedurch":9,"stammumfg":101,"baumhoehe":12,"eigentuemer":"Land Berlin","bezirk":"Charlottenburg-Wilmersdorf"},"bbox":[384069.36599994,5817749.40029964,384069.36599994,5817749.40029964]},{"type":"Feature","id":"strassenbaeume.00008100_000d32e1","geometry":{"type":"Point","coordinates":[384105.73909994,5817751.09629964]},"geometry_name":"geom","properties":{"gisid":"00008100_000d32e1","pitid":"00008100:000d32e1","standortnr":"160","kennzeich":"02642","namenr":"Kurf\u00fcrstendamm","art_dtsch":"Ahornbl\u00e4ttrige Platane","art_bot":"Platanus acerifolia","gattung_deutsch":"Platane","gattung":"Platanus","art_gruppe":"Laubb\u00e4ume","strnr":"02642","strname":"Kurf\u00fcrstendamm","hausnr":"110","zusatz":null,"pflanzjahr":"1950","standalter":76,"kronedurch":20,"stammumfg":280,"baumhoehe":25,"eigentuemer":"Land Berlin","bezirk":"Charlottenburg-Wilmersdorf"},"bbox":[384105.73909994,5817751.09629964,384105.73909994,5817751.09629964]},{"type":"Feature","id":"strassenbaeume.00008100_000d32e2","geometry":{"type":"Point","coordinates":[384120.08889994,5817754.39519964]},"geometry_name":"geom","properties":{"gisid":"00008100_000d32e2","pitid":"00008100:000d32e2","standortnr":"159","kennzeich":"02642","namenr":"Kurf\u00fcrstendamm","art_dtsch":"Ahornbl\u00e4ttrige Platane","art_bot":"Platanus acerifolia","gattung_deutsch":"Platane","gattung":"Platanus","art_gruppe":"Laubb\u00e4ume","strnr":"02642","strname":"Kurf\u00fcrstendamm","hausnr":"110","zusatz":null,"pflanzjahr":"1970","standalter":56,"kronedurch":18,"stammumfg":185,"baumhoehe":25,"eigentuemer":"Land Berlin","bezirk":"Charlottenburg-Wilmersdorf"},"bbox":[384120.08889994,5817754.39519964,384120.08889994,5817754.39519964]},{"type":"Feature","id":"strassenbaeume.00008100_000d32e3","geometry":{"type":"Point","coordinates":[384135.95729994,5817758.30009964]},"geometry_name":"geom","properties":{"gisid":"00008100_000d32e3","pitid":"00008100:000d32e3","standortnr":"158","kennzeich":"02642","namenr":"Kurf\u00fcrstendamm","art_dtsch":"Ahornbl\u00e4ttrige Platane","art_bot":"Platanus acerifolia","gattung_deutsch":"Platane","gattung":"Platanus","art_gruppe":"Laubb\u00e4ume","strnr":"02642","strname":"Kurf\u00fcrstendamm","hausnr":"108","zusatz":null,"pflanzjahr":"1954","standalter":72,"kronedurch":17,"stammumfg":206,"baumhoehe":25,"eigentuemer":"Land Berlin","bezirk":"Charlottenburg-Wilmersdorf"},"bbox":[384135.95729994,5817758.30009964,384135.95729994,5817758.30009964]},{"type":"Feature","id":"strassenbaeume.00008100_000d32e4","geometry":{"type":"Point","coordinates":[384150.53289994,5817760.95869964]},"geometry_name":"geom","properties":{"gisid":"00008100_000d32e4","pitid":"00008100:000d32e4","standortnr":"157","kennzeich":"02642","namenr":"Kurf\u00fcrstendamm","art_dtsch":"Ahornbl\u00e4ttrige Platane","art_bot":"Platanus acerifolia","gattung_deutsch":"Platane","gattung":"Platanus","art_gruppe":"Laubb\u00e4ume","strnr":"02642","strname":"Kurf\u00fcrstendamm","hausnr":"108","zusatz":null,"pflanzjahr":"1950","standalter":76,"kronedurch":10,"stammumfg":235,"baumhoehe":17,"eigentuemer":"Land Berlin","bezirk":"Charlottenburg-Wilmersdorf"},"bbox":[384150.53289994,5817760.95869964,384150.53289994,5817760.95869964]},{"type":"Feature","id":"strassenbaeume.00008100_000d32e5","geometry":{"type":"Point","coordinates":[384162.33839994,5817764.06789964]},"geometry_name":"geom","properties":{"gisid":"00008100_000d32e5","pitid":"00008100:000d32e5","standortnr":"156","kennzeich":"02642","namenr":"Kurf\u00fcrstendamm","art_dtsch":"Ahornbl\u00e4ttrige Platane","art_bot":"Platanus acerifolia","gattung_deutsch":"Platane","gattung":"Platanus","art_gruppe":"Laubb\u00e4ume","strnr":"02642","strname":"Kurf\u00fcrstendamm","hausnr":"108","zusatz":null,"pflanzjahr":"1970","standalter":56,"kronedurch":17,"stammumfg":180,"baumhoehe":25,"eigentuemer":"Land Berlin","bezirk":"Charlottenburg-Wilmersdorf"},"bbox":[384162.33839994,5817764.06789964,384162.33839994,5817764.06789964]},{"type":"Feature","id":"strassenbaeume.00008100_000d32e6","geometry":{"type":"Point","coordinates":[384180.43629994,5817768.32739964]},"geometry_name":"geom","properties":{"gisid":"00008100_000d32e6","pitid":"00008100:000d32e6","standortnr":"155","kennzeich":"02642","namenr":"Kurf\u00fcrstendamm","art_dtsch":"Ahornbl\u00e4ttrige Platane","art_bot":"Platanus acerifolia","gattung_deutsch":"Platane","gattung":"Platanus","art_gruppe":"Laubb\u00e4ume","strnr":"02642","strname":"Kurf\u00fcrstendamm","hausnr":"106","zusatz":null,"pflanzjahr":"1950","standalter":76,"kronedurch":25,"stammumfg":276,"baumhoehe":25,"eigentuemer":"Land Berlin","bezirk":"Charlottenburg-Wilmersdorf"},"bbox":[384180.43629994,5817768.32739964,384180.43629994,5817768.32739964]},{"type":"Feature","id":"strassenbaeume.00008100_000d32e7","geometry":{"type":"Point","coordinates":[384227.93859994,5817778.69419964]},"geometry_name":"geom","properties":{"gisid":"00008100_000d32e7","pitid":"00008100:000d32e7","standortnr":"154","kennzeich":"02642","namenr":"Kurf\u00fcrstendamm","art_dtsch":"Ahornbl\u00e4ttrige Platane","art_bot":"Platanus acerifolia","gattung_deutsch":"Platane","gattung":"Platanus","art_gruppe":"Laubb\u00e4ume","strnr":"02642","strname":"Kurf\u00fcrstendamm","hausnr":"105","zusatz":null,"pflanzjahr":"1950","standalter":76,"kronedurch":22,"stammumfg":280,"baumhoehe":25,"eigentuemer":"Land Berlin","bezirk":"Charlottenburg-Wilmersdorf"},"bbox":[384227.93859994,5817778.69419964,384227.93859994,5817778.69419964]},{"type":"Feature","id":"strassenbaeume.00008100_000d32e8","geometry":{"type":"Point","coordinates":[384242.76279994,5817781.90499964]},"geometry_name":"geom","properties":{"gisid":"00008100_000d32e8","pitid":"00008100:000d32e8","standortnr":"153","kennzeich":"02642","namenr":"Kurf\u00fcrstendamm","art_dtsch":"Ahornbl\u00e4ttrige Platane","art_bot":"Platanus acerifolia","gattung_deutsch":"Platane","gattung":"Platanus","art_gruppe":"Laubb\u00e4ume","strnr":"02642","strname":"Kurf\u00fcrstendamm","hausnr":"105","zusatz":null,"pflanzjahr":"1954","standalter":72,"kronedurch":19,"stammumfg":223,"baumhoehe":25,"eigentuemer":"Land Berlin","bezirk":"Charlottenburg-Wilmersdorf"},"bbox":[384242.76279994,5817781.90499964,384242.76279994,5817781.90499964]},{"type":"Feature","id":"strassenbaeume.00008100_000d32e9","geometry":{"type":"Point","coordinates":[384257.50699994,5817785.11629964]},"geometry_name":"geom","properties":{"gisid":"00008100_000d32e9","pitid":"00008100:000d32e9","standortnr":"152","kennzeich":"02642","namenr":"Kurf\u00fcrstendamm","art_dtsch":"Ahornbl\u00e4ttrige Platane","art_bot":"Platanus acerifolia","gattung_deutsch":"Platane","gattung":"Platanus","art_gruppe":"Laubb\u00e4ume","strnr":"02642","strname":"Kurf\u00fcrstendamm","hausnr":"105","zusatz":null,"pflanzjahr":"1954","standalter":72,"kronedurch":19,"stammumfg":209,"baumhoehe":25,"eigentuemer":"Land Berlin","bezirk":"Charlottenburg-Wilmersdorf"},"bbox":[384257.50699994,5817785.11629964,384257.50699994,5817785.11629964]},{"type":"Feature","id":"strassenbaeume.00008100_000d32ea","geometry":{"type":"Point","coordinates":[384270.33939994,5817787.96809964]},"geometry_name":"geom","properties":{"gisid":"00008100_000d32ea","pitid":"00008100:000d32ea","standortnr":"151","kennzeich":"02642","namenr":"Kurf\u00fcrstendamm","art_dtsch":"Ahornbl\u00e4ttrige Platane","art_bot":"Platanus acerifolia","gattung_deutsch":"Platane","gattung":"Platanus","art_gruppe":"Laubb\u00e4ume","strnr":"02642","strname":"Kurf\u00fcrstendamm","hausnr":"103-104","zusatz":null,"pflanzjahr":"1950","standalter":76,"kronedurch":20,"stammumfg":241,"baumhoehe":25,"eigentuemer":"Land Berlin","bezirk":"Charlottenburg-Wilmersdorf"},"bbox":[384270.33939994,5817787.96809964,384270.33939994,5817787.96809964]},{"type":"Feature","id":"strassenbaeume.00008100_000d32eb","geometry":{"type":"Point","coordinates":[384287.55409994,5817791.68839964]},"geometry_name":"geom","properties":{"gisid":"00008100_000d32eb","pitid":"00008100:000d32eb","standortnr":"150","kennzeich":"02642","namenr":"Kurf\u00fcrstendamm","art_dtsch":"Ahornbl\u00e4ttrige Platane","art_bot":"Platanus acerifolia","gattung_deutsch":"Platane","gattung":"Platanus","art_gruppe":"Laubb\u00e4ume","strnr":"02642","strname":"Kurf\u00fcrstendamm","hausnr":"102","zusatz":null,"pflanzjahr":"1954","standalter":72,"kronedurch":19,"stammumfg":218,"baumhoehe":25,"eigentuemer":"Land Berlin","bezirk":"Charlottenburg-Wilmersdorf"},"bbox":[384287.55409994,5817791.68839964,384287.55409994,5817791.68839964]},{"type":"Feature","id":"strassenbaeume.00008100_000d32ec","geometry":{"type":"Point","coordinates":[384311.55529994,5817797.50249964]},"geometry_name":"geom","properties":{"gisid":"00008100_000d32ec","pitid":"00008100:000d32ec","standortnr":"149","kennzeich":"02642","namenr":"Kurf\u00fcrstendamm","art_dtsch":"Ahornbl\u00e4ttrige Platane","art_bot":"Platanus acerifolia","gattung_deutsch":"Platane","gattung":"Platanus","art_gruppe":"Laubb\u00e4ume","strnr":"02642","strname":"Kurf\u00fcrstendamm","hausnr":"101","zusatz":null,"pflanzjahr":"1950","standalter":76,"kronedurch":20,"stammumfg":265,"baumhoehe":17,"eigentuemer":"Land Berlin","bezirk":"Charlottenburg-Wilmersdorf"},"bbox":[384311.55529994,5817797.50249964,384311.55529994,5817797.50249964]},{"type":"Feature","id":"strassenbaeume.00008100_000d32ed","geometry":{"type":"Point","coordinates":[384374.25589994,5817814.08869965]},"geometry_name":"geom","properties":{"gisid":"00008100_000d32ed","pitid":"00008100:000d32ed","standortnr":"148","kennzeich":"02642","namenr":"Kurf\u00fcrstendamm","art_dtsch":"Ahornbl\u00e4ttrige Platane","art_bot":"Platanus acerifolia","gattung_deutsch":"Platane","gattung":"Platanus","art_gruppe":"Laubb\u00e4ume","strnr":"02642","strname":"Kurf\u00fcrstendamm","hausnr":"100","zusatz":null,"pflanzjahr":"1978","standalter":48,"kronedurch":17,"stammumfg":155,"baumhoehe":17,"eigentuemer":"Land Berlin","bezirk":"Charlottenburg-Wilmersdorf"},"bbox":[384374.25589994,5817814.08869965,384374.25589994,5817814.08869965]},{"type":"Feature","id":"strassenbaeume.00008100_000d32ee","geometry":{"type":"Point","coordinates":[384387.65769994,5817817.64359964]},"geometry_name":"geom","properties":{"gisid":"00008100_000d32ee","pitid":"00008100:000d32ee","standortnr":"147","kennzeich":"02642","namenr":"Kurf\u00fcrstendamm","art_dtsch":"Ahornbl\u00e4ttrige Platane","art_bot":"Platanus acerifolia","gattung_deutsch":"Platane","gattung":"Platanus","art_gruppe":"Laubb\u00e4ume","strnr":"02642","strname":"Kurf\u00fcrstendamm","hausnr":"100","zusatz":null,"pflanzjahr":"1950","standalter":76,"kronedurch":20,"stammumfg":238,"baumhoehe":25,"eigentuemer":"Land Berlin","bezirk":"Charlottenburg-Wilmersdorf"},"bbox":[384387.65769994,5817817.64359964,384387.65769994,5817817.64359964]},{"type":"Feature","id":"strassenbaeume.00008100_000d32ef","geometry":{"type":"Point","coordinates":[384404.25279994,5817822.16859964]},"geometry_name":"geom","properties":{"gisid":"00008100_000d32ef","pitid":"00008100:000d32ef","standortnr":"146","kennzeich":"02642","namenr":"Kurf\u00fcrstendamm","art_dtsch":"Ahornbl\u00e4ttrige Platane","art_bot":"Platanus acerifolia","gattung_deutsch":"Platane","gattung":"Platanus","art_gruppe":"Laubb\u00e4ume","strnr":"02642","strname":"Kurf\u00fcrstendamm","hausnr":"100","zusatz":null,"pflanzjahr":"1970","standalter":56,"kronedurch":21,"stammumfg":218,"baumhoehe":25,"eigentuemer":"Land Berlin","bezirk":"Charlottenburg-Wilmersdorf"},"bbox":[384404.25279994,5817822.16859964,384404.25279994,5817822.16859964]},{"type":"Feature","id":"strassenbaeume.00008100_000d32f0","geometry":{"type":"Point","coordinates":[384418.86169994,5817826.57449964]},"geometry_name":"geom","properties":{"gisid":"00008100_000d32f0","pitid":"00008100:000d32f0","standortnr":"145","kennzeich":"02642","namenr":"Kurf\u00fcrstendamm","art_dtsch":"Ahornbl\u00e4ttrige Platane","art_bot":"Platanus acerifolia","gattung_deutsch":"Platane","gattung":"Platanus","art_gruppe":"Laubb\u00e4ume","strnr":"02642","strname":"Kurf\u00fcrstendamm","hausnr":"100","zusatz":null,"pflanzjahr":"1988","standalter":38,"kronedurch":10,"stammumfg":116,"baumhoehe":12,"eigentuemer":"Land Berlin","bezirk":"Charlottenburg-Wilmersdorf"},"bbox":[384418.86169994,5817826.57449964,384418.86169994,5817826.57449964]},{"type":"Feature","id":"strassenbaeume.00008100_000d32f1","geometry":{"type":"Point","coordinates":[384464.74639994,5817839.59079964]},"geometry_name":"geom","properties":{"gisid":"00008100_000d32f1","pitid":"00008100:000d32f1","standortnr":"144","kennzeich":"02642","namenr":"Kurf\u00fcrstendamm","art_dtsch":"Ahornbl\u00e4ttrige Platane","art_bot":"Platanus acerifolia","gattung_deutsch":"Platane","gattung":"Platanus","art_gruppe":"Laubb\u00e4ume","strnr":"02642","strname":"Kurf\u00fcrstendamm","hausnr":"97-98","zusatz":null,"pflanzjahr":"1950","standalter":76,"kronedurch":10,"stammumfg":240,"baumhoehe":12,"eigentuemer":"Land Berlin","bezirk":"Charlottenburg-Wilmersdorf"},"bbox":[384464.74639994,5817839.59079964,384464.74639994,5817839.59079964]},{"type":"Feature","id":"strassenbaeume.00008100_000d32f2","geometry":{"type":"Point","coordinates":[384476.16359994,5817843.10439964]},"geometry_name":"geom","properties":{"gisid":"00008100_000d32f2","pitid":"00008100:000d32f2","standortnr":"143","kennzeich":"02642","namenr":"Kurf\u00fcrstendamm","art_dtsch":"Ahornbl\u00e4ttrige Platane","art_bot":"Platanus acerifolia","gattung_deutsch":"Platane","gattung":"Platanus","art_gruppe":"Laubb\u00e4ume","strnr":"02642","strname":"Kurf\u00fcrstendamm","hausnr":"97-98","zusatz":null,"pflanzjahr":"1988","standalter":38,"kronedurch":7,"stammumfg":69,"baumhoehe":7,"eigentuemer":"Land Berlin","bezirk":"Charlottenburg-Wilmersdorf"},"bbox":[384476.16359994,5817843.10439964,384476.16359994,5817843.10439964]},{"type":"Feature","id":"strassenbaeume.00008100_000d32f3","geometry":{"type":"Point","coordinates":[384494.35549994,5817848.15509964]},"geometry_name":"geom","properties":{"gisid":"00008100_000d32f3","pitid":"00008100:000d32f3","standortnr":"142","kennzeich":"02642","namenr":"Kurf\u00fcrstendamm","art_dtsch":"Ahornbl\u00e4ttrige Platane","art_bot":"Platanus acerifolia","gattung_deutsch":"Platane","gattung":"Platanus","art_gruppe":"Laubb\u00e4ume","strnr":"02642","strname":"Kurf\u00fcrstendamm","hausnr":"96","zusatz":null,"pflanzjahr":"1954","standalter":72,"kronedurch":16,"stammumfg":200,"baumhoehe":25,"eigentuemer":"Land Berlin","bezirk":"Charlottenburg-Wilmersdorf"},"bbox":[384494.35549994,5817848.15509964,384494.35549994,5817848.15509964]},{"type":"Feature","id":"strassenbaeume.00008100_000d32f4","geometry":{"type":"Point","coordinates":[384502.96869994,5817850.29309964]},"geometry_name":"geom","properties":{"gisid":"00008100_000d32f4","pitid":"00008100:000d32f4","standortnr":"141","kennzeich":"02642","namenr":"Kurf\u00fcrstendamm","art_dtsch":"Ahornbl\u00e4ttrige Platane","art_bot":"Platanus acerifolia","gattung_deutsch":"Platane","gattung":"Platanus","art_gruppe":"Laubb\u00e4ume","strnr":"02642","strname":"Kurf\u00fcrstendamm","hausnr":"96","zusatz":null,"pflanzjahr":"1988","standalter":38,"kronedurch":7,"stammumfg":66,"baumhoehe":7,"eigentuemer":"Land Berlin","bezirk":"Charlottenburg-Wilmersdorf"},"bbox":[384502.96869994,5817850.29309964,384502.96869994,5817850.29309964]},{"type":"Feature","id":"strassenbaeume.00008100_000d32f5","geometry":{"type":"Point","coordinates":[384510.55629994,5817852.76859964]},"geometry_name":"geom","properties":{"gisid":"00008100_000d32f5","pitid":"00008100:000d32f5","standortnr":"140","kennzeich":"02642","namenr":"Kurf\u00fcrstendamm","art_dtsch":"Ahornbl\u00e4ttrige Platane","art_bot":"Platanus acerifolia","gattung_deutsch":"Platane","gattung":"Platanus","art_gruppe":"Laubb\u00e4ume","strnr":"02642","strname":"Kurf\u00fcrstendamm","hausnr":"96","zusatz":null,"pflanzjahr":"1988","standalter":38,"kronedurch":9,"stammumfg":85,"baumhoehe":12,"eigentuemer":"Land Berlin","bezirk":"Charlottenburg-Wilmersdorf"},"bbox":[384510.55629994,5817852.76859964,384510.55629994,5817852.76859964]},{"type":"Feature","id":"strassenbaeume.00008100_000d32f6","geometry":{"type":"Point","coordinates":[384544.22819994,5817862.12849964]},"geometry_name":"geom","properties":{"gisid":"00008100_000d32f6","pitid":"00008100:000d32f6","standortnr":"139","kennzeich":"02642","namenr":"Kurf\u00fcrstendamm","art_dtsch":"Ahornbl\u00e4ttrige Platane","art_bot":"Platanus acerifolia","gattung_deutsch":"Platane","gattung":"Platanus","art_gruppe":"Laubb\u00e4ume","strnr":"02642","strname":"Kurf\u00fcrstendamm","hausnr":"95","zusatz":null,"pflanzjahr":"1978","standalter":48,"kronedurch":9,"stammumfg":104,"baumhoehe":12,"eigentuemer":"Land Berlin","bezirk":"Charlottenburg-Wilmersdorf"},"bbox":[384544.22819994,5817862.12849964,384544.22819994,5817862.12849964]},{"type":"Feature","id":"strassenbaeume.00008100_000d32f7","geometry":{"type":"Point","coordinates":[384554.75959994,5817865.02299964]},"geometry_name":"geom","properties":{"gisid":"00008100_000d32f7","pitid":"00008100:000d32f7","standortnr":"138","kennzeich":"02642","namenr":"Kurf\u00fcrstendamm","art_dtsch":"Ahornbl\u00e4ttrige Platane","art_bot":"Platanus acerifolia","gattung_deutsch":"Platane","gattung":"Platanus","art_gruppe":"Laubb\u00e4ume","strnr":"02642","strname":"Kurf\u00fcrstendamm","hausnr":"94","zusatz":null,"pflanzjahr":"1954","standalter":72,"kronedurch":16,"stammumfg":195,"baumhoehe":25,"eigentuemer":"Land Berlin","bezirk":"Charlottenburg-Wilmersdorf"},"bbox":[384554.75959994,5817865.02299964,384554.75959994,5817865.02299964]},{"type":"Feature","id":"strassenbaeume.00008100_000d32f8","geometry":{"type":"Point","coordinates":[384569.13309994,5817868.87729964]},"geometry_name":"geom","properties":{"gisid":"00008100_000d32f8","pitid":"00008100:000d32f8","standortnr":"137","kennzeich":"02642","namenr":"Kurf\u00fcrstendamm","art_dtsch":"Ahornbl\u00e4ttrige Platane","art_bot":"Platanus acerifolia","gattung_deutsch":"Platane","gattung":"Platanus","art_gruppe":"Laubb\u00e4ume","strnr":"02642","strname":"Kurf\u00fcrstendamm","hausnr":"94","zusatz":null,"pflanzjahr":"1954","standalter":72,"kronedurch":18,"stammumfg":218,"baumhoehe":25,"eigentuemer":"Land Berlin","bezirk":"Charlottenburg-Wilmersdorf"},"bbox":[384569.13309994,5817868.87729964,384569.13309994,5817868.87729964]},{"type":"Feature","id":"strassenbaeume.00008100_000d32f9","geometry":{"type":"Point","coordinates":[384583.82039994,5817873.25469964]},"geometry_name":"geom","properties":{"gisid":"00008100_000d32f9","pitid":"00008100:000d32f9","standortnr":"136","kennzeich":"02642","namenr":"Kurf\u00fcrstendamm","art_dtsch":"Ahornbl\u00e4ttrige Platane","art_bot":"Platanus acerifolia","gattung_deutsch":"Platane","gattung":"Platanus","art_gruppe":"Laubb\u00e4ume","strnr":"02642","strname":"Kurf\u00fcrstendamm","hausnr":"93","zusatz":null,"pflanzjahr":"1950","standalter":76,"kronedurch":18,"stammumfg":232,"baumhoehe":25,"eigentuemer":"Land Berlin","bezirk":"Charlottenburg-Wilmersdorf"},"bbox":[384583.82039994,5817873.25469964,384583.82039994,5817873.25469964]},{"type":"Feature","id":"strassenbaeume.00008100_000d32fa","geometry":{"type":"Point","coordinates":[384598.98149994,5817877.51599964]},"geometry_name":"geom","properties":{"gisid":"00008100_000d32fa","pitid":"00008100:000d32fa","standortnr":"135","kennzeich":"02642","namenr":"Kurf\u00fcrstendamm","art_dtsch":"Ahornbl\u00e4ttrige Platane","art_bot":"Platanus acerifolia","gattung_deutsch":"Platane","gattung":"Platanus","art_gruppe":"Laubb\u00e4ume","strnr":"02642","strname":"Kurf\u00fcrstendamm","hausnr":"93","zusatz":null,"pflanzjahr":"1970","standalter":56,"kronedurch":20,"stammumfg":160,"baumhoehe":25,"eigentuemer":"Land Berlin","bezirk":"Charlottenburg-Wilmersdorf"},"bbox":[384598.98149994,5817877.51599964,384598.98149994,5817877.51599964]},{"type":"Feature","id":"strassenbaeume.00008100_000d32fb","geometry":{"type":"Point","coordinates":[384637.87349994,5817888.68249964]},"geometry_name":"geom","properties":{"gisid":"00008100_000d32fb","pitid":"00008100:000d32fb","standortnr":"134","kennzeich":"02642","namenr":"Kurf\u00fcrstendamm","art_dtsch":"Ahornbl\u00e4ttrige Platane","art_bot":"Platanus acerifolia","gattung_deutsch":"Platane","gattung":"Platanus","art_gruppe":"Laubb\u00e4ume","strnr":"02642","strname":"Kurf\u00fcrstendamm","hausnr":"92","zusatz":null,"pflanzjahr":"1950","standalter":76,"kronedurch":17,"stammumfg":226,"baumhoehe":25,"eigentuemer":"Land Berlin","bezirk":"Charlottenburg-Wilmersdorf"},"bbox":[384637.87349994,5817888.68249964,384637.87349994,5817888.68249964]},{"type":"Feature","id":"strassenbaeume.00008100_000d32fc","geometry":{"type":"Point","coordinates":[384654.89389994,5817893.27939965]},"geometry_name":"geom","properties":{"gisid":"00008100_000d32fc","pitid":"00008100:000d32fc","standortnr":"133","kennzeich":"02642","namenr":"Kurf\u00fcrstendamm","art_dtsch":"Ahornbl\u00e4ttrige Platane","art_bot":"Platanus acerifolia","gattung_deutsch":"Platane","gattung":"Platanus","art_gruppe":"Laubb\u00e4ume","strnr":"02642","strname":"Kurf\u00fcrstendamm","hausnr":"92","zusatz":null,"pflanzjahr":"1970","standalter":56,"kronedurch":16,"stammumfg":163,"baumhoehe":25,"eigentuemer":"Land Berlin","bezirk":"Charlottenburg-Wilmersdorf"},"bbox":[384654.89389994,5817893.27939965,384654.89389994,5817893.27939965]},{"type":"Feature","id":"strassenbaeume.00008100_000d32fd","geometry":{"type":"Point","coordinates":[384666.38449994,5817896.49969964]},"geometry_name":"geom","properties":{"gisid":"00008100_000d32fd","pitid":"00008100:000d32fd","standortnr":"132","kennzeich":"02642","namenr":"Kurf\u00fcrstendamm","art_dtsch":"Ahornbl\u00e4ttrige Platane","art_bot":"Platanus acerifolia","gattung_deutsch":"Platane","gattung":"Platanus","art_gruppe":"Laubb\u00e4ume","strnr":"02642","strname":"Kurf\u00fcrstendamm","hausnr":"91","zusatz":null,"pflanzjahr":"1986","standalter":40,"kronedurch":15,"stammumfg":148,"baumhoehe":17,"eigentuemer":"Land Berlin","bezirk":"Charlottenburg-Wilmersdorf"},"bbox":[384666.38449994,5817896.49969964,384666.38449994,5817896.49969964]},{"type":"Feature","id":"strassenbaeume.00008100_000d32fe","geometry":{"type":"Point","coordinates":[384681.17269994,5817900.61109964]},"geometry_name":"geom","properties":{"gisid":"00008100_000d32fe","pitid":"00008100:000d32fe","standortnr":"131","kennzeich":"02642","namenr":"Kurf\u00fcrstendamm","art_dtsch":"Ahornbl\u00e4ttrige Platane","art_bot":"Platanus acerifolia","gattung_deutsch":"Platane","gattung":"Platanus","art_gruppe":"Laubb\u00e4ume","strnr":"02642","strname":"Kurf\u00fcrstendamm","hausnr":"91","zusatz":null,"pflanzjahr":"1970","standalter":56,"kronedurch":17,"stammumfg":192,"baumhoehe":25,"eigentuemer":"Land Berlin","bezirk":"Charlottenburg-Wilmersdorf"},"bbox":[384681.17269994,5817900.61109964,384681.17269994,5817900.61109964]},{"type":"Feature","id":"strassenbaeume.00008100_000d32ff","geometry":{"type":"Point","coordinates":[384696.65169994,5817904.91939964]},"geometry_name":"geom","properties":{"gisid":"00008100_000d32ff","pitid":"00008100:000d32ff","standortnr":"130","kennzeich":"02642","namenr":"Kurf\u00fcrstendamm","art_dtsch":"Ahornbl\u00e4ttrige Platane","art_bot":"Platanus acerifolia","gattung_deutsch":"Platane","gattung":"Platanus","art_gruppe":"Laubb\u00e4ume","strnr":"02642","strname":"Kurf\u00fcrstendamm","hausnr":"91","zusatz":null,"pflanzjahr":"1970","standalter":56,"kronedurch":18,"stammumfg":182,"baumhoehe":25,"eigentuemer":"Land Berlin","bezirk":"Charlottenburg-Wilmersdorf"},"bbox":[384696.65169994,5817904.91939964,384696.65169994,5817904.91939964]},{"type":"Feature","id":"strassenbaeume.00008100_000d332e","geometry":{"type":"Point","coordinates":[384053.79089994,5817745.56279964]},"geometry_name":"geom","properties":{"gisid":"00008100_000d332e","pitid":"00008100:000d332e","standortnr":"163","kennzeich":"02642","namenr":"Kurf\u00fcrstendamm","art_dtsch":"Ahornbl\u00e4ttrige Platane","art_bot":"Platanus acerifolia","gattung_deutsch":"Platane","gattung":"Platanus","art_gruppe":"Laubb\u00e4ume","strnr":"02642","strname":"Kurf\u00fcrstendamm","hausnr":"111","zusatz":null,"pflanzjahr":"1984","standalter":42,"kronedurch":7,"stammumfg":91,"baumhoehe":12,"eigentuemer":"Land Berlin","bezirk":"Charlottenburg-Wilmersdorf"},"bbox":[384053.79089994,5817745.56279964,384053.79089994,5817745.56279964]},{"type":"Feature","id":"strassenbaeume.00008100_000d3343","geometry":{"type":"Point","coordinates":[384048.89649994,5817738.21429964]},"geometry_name":"geom","properties":{"gisid":"00008100_000d3343","pitid":"00008100:000d3343","standortnr":"164","kennzeich":"02642","namenr":"Kurf\u00fcrstendamm","art_dtsch":"Ahornbl\u00e4ttrige Platane","art_bot":"Platanus acerifolia","gattung_deutsch":"Platane","gattung":"Platanus","art_gruppe":"Laubb\u00e4ume","strnr":"02642","strname":"Kurf\u00fcrstendamm","hausnr":"111","zusatz":null,"pflanzjahr":"1965","standalter":61,"kronedurch":18,"stammumfg":195,"baumhoehe":25,"eigentuemer":"Land Berlin","bezirk":"Charlottenburg-Wilmersdorf"},"bbox":[384048.89649994,5817738.21429964,384048.89649994,5817738.21429964]},{"type":"Feature","id":"strassenbaeume.00008100_000d3350","geometry":{"type":"Point","coordinates":[384063.84389994,5817741.65079964]},"geometry_name":"geom","properties":{"gisid":"00008100_000d3350","pitid":"00008100:000d3350","standortnr":"162","kennzeich":"02642","namenr":"Kurf\u00fcrstendamm","art_dtsch":"Ahornbl\u00e4ttrige Platane","art_bot":"Platanus acerifolia","gattung_deutsch":"Platane","gattung":"Platanus","art_gruppe":"Laubb\u00e4ume","strnr":"02642","strname":"Kurf\u00fcrstendamm","hausnr":"111","zusatz":null,"pflanzjahr":"1954","standalter":72,"kronedurch":18,"stammumfg":206,"baumhoehe":25,"eigentuemer":"Land Berlin","bezirk":"Charlottenburg-Wilmersdorf"},"bbox":[384063.84389994,5817741.65079964,384063.84389994,5817741.65079964]},{"type":"Feature","id":"strassenbaeume.00008100_000d67ae","geometry":{"type":"Point","coordinates":[384767.57029994,5817908.43919965]},"geometry_name":"geom","properties":{"gisid":"00008100_000d67ae","pitid":"00008100:000d67ae","standortnr":"529","kennzeich":"02642","namenr":"Kurf\u00fcrstendamm","art_dtsch":"F\u00e4cherblattbaum","art_bot":"Ginkgo biloba","gattung_deutsch":"Ginkgo","gattung":"Ginkgo","art_gruppe":"Nadelb\u00e4ume","strnr":"02642","strname":"Kurf\u00fcrstendamm","hausnr":null,"zusatz":null,"pflanzjahr":"2001","standalter":25,"kronedurch":3,"stammumfg":35,"baumhoehe":3,"eigentuemer":"Land Berlin","bezirk":"Charlottenburg-Wilmersdorf"},"bbox":[384767.57029994,5817908.43919965,384767.57029994,5817908.43919965]},{"type":"Feature","id":"strassenbaeume.00008100_000d67af","geometry":{"type":"Point","coordinates":[385436.98549994,5818053.14819965]},"geometry_name":"geom","properties":{"gisid":"00008100_000d67af","pitid":"00008100:000d67af","standortnr":"430","kennzeich":"02642","namenr":"Kurf\u00fcrstendamm","art_dtsch":"Ahornbl\u00e4ttrige Platane","art_bot":"Platanus acerifolia","gattung_deutsch":"Platane","gattung":"Platanus","art_gruppe":"Laubb\u00e4ume","strnr":"02642","strname":"Kurf\u00fcrstendamm","hausnr":" 62","zusatz":"gg\u00fc","pflanzjahr":"2004","standalter":22,"kronedurch":3,"stammumfg":35,"baumhoehe":7,"eigentuemer":"Land Berlin","bezirk":"Charlottenburg-Wilmersdorf"},"bbox":[385436.98549994,5818053.14819965,385436.98549994,5818053.14819965]},{"type":"Feature","id":"strassenbaeume.00008100_000d67b3","geometry":{"type":"Point","coordinates":[384040.18989994,5817742.30769964]},"geometry_name":"geom","properties":{"gisid":"00008100_000d67b3","pitid":"00008100:000d67b3","standortnr":"165","kennzeich":"02642","namenr":"Kurf\u00fcrstendamm","art_dtsch":"Ahornbl\u00e4ttrige Platane","art_bot":"Platanus acerifolia","gattung_deutsch":"Platane","gattung":"Platanus","art_gruppe":"Laubb\u00e4ume","strnr":"02642","strname":"Kurf\u00fcrstendamm","hausnr":"112-113","zusatz":null,"pflanzjahr":"2004","standalter":22,"kronedurch":4,"stammumfg":41,"baumhoehe":7,"eigentuemer":"Land Berlin","bezirk":"Charlottenburg-Wilmersdorf"},"bbox":[384040.18989994,5817742.30769964,384040.18989994,5817742.30769964]},{"type":"Feature","id":"strassenbaeume.00008100_000d67b4","geometry":{"type":"Point","coordinates":[385148.84569994,5818023.22709965]},"geometry_name":"geom","properties":{"gisid":"00008100_000d67b4","pitid":"00008100:000d67b4","standortnr":"103","kennzeich":"02642","namenr":"Kurf\u00fcrstendamm","art_dtsch":"Ahornbl\u00e4ttrige Platane","art_bot":"Platanus acerifolia","gattung_deutsch":"Platane","gattung":"Platanus","art_gruppe":"Laubb\u00e4ume","strnr":"02642","strname":"Kurf\u00fcrstendamm","hausnr":"69","zusatz":null,"pflanzjahr":"1980","standalter":46,"kronedurch":15,"stammumfg":96,"baumhoehe":12,"eigentuemer":"Land Berlin","bezirk":"Charlottenburg-Wilmersdorf"},"bbox":[385148.84569994,5818023.22709965,385148.84569994,5818023.22709965]},{"type":"Feature","id":"strassenbaeume.00008100_000d67b5","geometry":{"type":"Point","coordinates":[385171.53889994,5818026.41219964]},"geometry_name":"geom","properties":{"gisid":"00008100_000d67b5","pitid":"00008100:000d67b5","standortnr":"102","kennzeich":"02642","namenr":"Kurf\u00fcrstendamm","art_dtsch":"Ahornbl\u00e4ttrige Platane","art_bot":"Platanus acerifolia","gattung_deutsch":"Platane","gattung":"Platanus","art_gruppe":"Laubb\u00e4ume","strnr":"02642","strname":"Kurf\u00fcrstendamm","hausnr":"68","zusatz":null,"pflanzjahr":"1984","standalter":42,"kronedurch":13,"stammumfg":65,"baumhoehe":12,"eigentuemer":"Land Berlin","bezirk":"Charlottenburg-Wilmersdorf"},"bbox":[385171.53889994,5818026.41219964,385171.53889994,5818026.41219964]},{"type":"Feature","id":"strassenbaeume.00008100_000d67b6","geometry":{"type":"Point","coordinates":[385181.18409994,5818028.19259965]},"geometry_name":"geom","properties":{"gisid":"00008100_000d67b6","pitid":"00008100:000d67b6","standortnr":"101","kennzeich":"02642","namenr":"Kurf\u00fcrstendamm","art_dtsch":"Ahornbl\u00e4ttrige Platane","art_bot":"Platanus acerifolia","gattung_deutsch":"Platane","gattung":"Platanus","art_gruppe":"Laubb\u00e4ume","strnr":"02642","strname":"Kurf\u00fcrstendamm","hausnr":"68","zusatz":null,"pflanzjahr":"1970","standalter":56,"kronedurch":12,"stammumfg":166,"baumhoehe":22,"eigentuemer":"Land Berlin","bezirk":"Charlottenburg-Wilmersdorf"},"bbox":[385181.18409994,5818028.19259965,385181.18409994,5818028.19259965]},{"type":"Feature","id":"strassenbaeume.00008100_000d67b7","geometry":{"type":"Point","coordinates":[385195.16749994,5818029.88949965]},"geometry_name":"geom","properties":{"gisid":"00008100_000d67b7","pitid":"00008100:000d67b7","standortnr":"100","kennzeich":"02642","namenr":"Kurf\u00fcrstendamm","art_dtsch":"Ahornbl\u00e4ttrige Platane","art_bot":"Platanus acerifolia","gattung_deutsch":"Platane","gattung":"Platanus","art_gruppe":"Laubb\u00e4ume","strnr":"02642","strname":"Kurf\u00fcrstendamm","hausnr":"67","zusatz":null,"pflanzjahr":"1991","standalter":35,"kronedurch":7,"stammumfg":70,"baumhoehe":7,"eigentuemer":"Land Berlin","bezirk":"Charlottenburg-Wilmersdorf"},"bbox":[385195.16749994,5818029.88949965,385195.16749994,5818029.88949965]},{"type":"Feature","id":"strassenbaeume.00008100_000d67b8","geometry":{"type":"Point","coordinates":[385205.53839994,5818031.75909965]},"geometry_name":"geom","properties":{"gisid":"00008100_000d67b8","pitid":"00008100:000d67b8","standortnr":"99","kennzeich":"02642","namenr":"Kurf\u00fcrstendamm","art_dtsch":"Ahornbl\u00e4ttrige Platane","art_bot":"Platanus acerifolia","gattung_deutsch":"Platane","gattung":"Platanus","art_gruppe":"Laubb\u00e4ume","strnr":"02642","strname":"Kurf\u00fcrstendamm","hausnr":"67","zusatz":null,"pflanzjahr":"1950","standalter":76,"kronedurch":21,"stammumfg":258,"baumhoehe":17,"eigentuemer":"Land Berlin","bezirk":"Charlottenburg-Wilmersdorf"},"bbox":[385205.53839994,5818031.75909965,385205.53839994,5818031.75909965]},{"type":"Feature","id":"strassenbaeume.00008100_000d67b9","geometry":{"type":"Point","coordinates":[385249.57049994,5818037.53619965]},"geometry_name":"geom","properties":{"gisid":"00008100_000d67b9","pitid":"00008100:000d67b9","standortnr":"98","kennzeich":"02642","namenr":"Kurf\u00fcrstendamm","art_dtsch":"Ahornbl\u00e4ttrige Platane","art_bot":"Platanus acerifolia","gattung_deutsch":"Platane","gattung":"Platanus","art_gruppe":"Laubb\u00e4ume","strnr":"02642","strname":"Kurf\u00fcrstendamm","hausnr":"66","zusatz":null,"pflanzjahr":"1950","standalter":76,"kronedurch":21,"stammumfg":236,"baumhoehe":17,"eigentuemer":"Land Berlin","bezirk":"Charlottenburg-Wilmersdorf"},"bbox":[385249.57049994,5818037.53619965,385249.57049994,5818037.53619965]},{"type":"Feature","id":"strassenbaeume.00008100_000d67bc","geometry":{"type":"Point","coordinates":[385280.87139994,5818042.31449965]},"geometry_name":"geom","properties":{"gisid":"00008100_000d67bc","pitid":"00008100:000d67bc","standortnr":"95","kennzeich":"02642","namenr":"Kurf\u00fcrstendamm","art_dtsch":"Ahornbl\u00e4ttrige Platane","art_bot":"Platanus acerifolia","gattung_deutsch":"Platane","gattung":"Platanus","art_gruppe":"Laubb\u00e4ume","strnr":"02642","strname":"Kurf\u00fcrstendamm","hausnr":"66","zusatz":null,"pflanzjahr":"1950","standalter":76,"kronedurch":20,"stammumfg":238,"baumhoehe":17,"eigentuemer":"Land Berlin","bezirk":"Charlottenburg-Wilmersdorf"},"bbox":[385280.87139994,5818042.31449965,385280.87139994,5818042.31449965]},{"type":"Feature","id":"strassenbaeume.00008100_000d67bd","geometry":{"type":"Point","coordinates":[385295.68049994,5818043.89369965]},"geometry_name":"geom","properties":{"gisid":"00008100_000d67bd","pitid":"00008100:000d67bd","standortnr":"94","kennzeich":"02642","namenr":"Kurf\u00fcrstendamm","art_dtsch":"Ahornbl\u00e4ttrige Platane","art_bot":"Platanus acerifolia","gattung_deutsch":"Platane","gattung":"Platanus","art_gruppe":"Laubb\u00e4ume","strnr":"02642","strname":"Kurf\u00fcrstendamm","hausnr":"65","zusatz":null,"pflanzjahr":"1954","standalter":72,"kronedurch":18,"stammumfg":207,"baumhoehe":24,"eigentuemer":"Land Berlin","bezirk":"Charlottenburg-Wilmersdorf"},"bbox":[385295.68049994,5818043.89369965,385295.68049994,5818043.89369965]},{"type":"Feature","id":"strassenbaeume.00008100_000d67bf","geometry":{"type":"Point","coordinates":[385325.63899994,5818048.69749965]},"geometry_name":"geom","properties":{"gisid":"00008100_000d67bf","pitid":"00008100:000d67bf","standortnr":"92","kennzeich":"02642","namenr":"Kurf\u00fcrstendamm","art_dtsch":"Ahornbl\u00e4ttrige Platane","art_bot":"Platanus acerifolia","gattung_deutsch":"Platane","gattung":"Platanus","art_gruppe":"Laubb\u00e4ume","strnr":"02642","strname":"Kurf\u00fcrstendamm","hausnr":"64","zusatz":null,"pflanzjahr":"1970","standalter":56,"kronedurch":17,"stammumfg":178,"baumhoehe":22,"eigentuemer":"Land Berlin","bezirk":"Charlottenburg-Wilmersdorf"},"bbox":[385325.63899994,5818048.69749965,385325.63899994,5818048.69749965]},{"type":"Feature","id":"strassenbaeume.00008100_000d67c0","geometry":{"type":"Point","coordinates":[385340.65989994,5818050.58259965]},"geometry_name":"geom","properties":{"gisid":"00008100_000d67c0","pitid":"00008100:000d67c0","standortnr":"91","kennzeich":"02642","namenr":"Kurf\u00fcrstendamm","art_dtsch":"Ahornbl\u00e4ttrige Platane","art_bot":"Platanus acerifolia","gattung_deutsch":"Platane","gattung":"Platanus","art_gruppe":"Laubb\u00e4ume","strnr":"02642","strname":"Kurf\u00fcrstendamm","hausnr":"63","zusatz":null,"pflanzjahr":"1950","standalter":76,"kronedurch":19,"stammumfg":210,"baumhoehe":26,"eigentuemer":"Land Berlin","bezirk":"Charlottenburg-Wilmersdorf"},"bbox":[385340.65989994,5818050.58259965,385340.65989994,5818050.58259965]},{"type":"Feature","id":"strassenbaeume.00008100_000d67c1","geometry":{"type":"Point","coordinates":[385355.68269994,5818052.56969965]},"geometry_name":"geom","properties":{"gisid":"00008100_000d67c1","pitid":"00008100:000d67c1","standortnr":"90","kennzeich":"02642","namenr":"Kurf\u00fcrstendamm","art_dtsch":"Ahornbl\u00e4ttrige Platane","art_bot":"Platanus acerifolia","gattung_deutsch":"Platane","gattung":"Platanus","art_gruppe":"Laubb\u00e4ume","strnr":"02642","strname":"Kurf\u00fcrstendamm","hausnr":"63","zusatz":null,"pflanzjahr":"1950","standalter":76,"kronedurch":17,"stammumfg":212,"baumhoehe":17,"eigentuemer":"Land Berlin","bezirk":"Charlottenburg-Wilmersdorf"},"bbox":[385355.68269994,5818052.56969965,385355.68269994,5818052.56969965]},{"type":"Feature","id":"strassenbaeume.00008100_000d67c2","geometry":{"type":"Point","coordinates":[385370.71149994,5818054.86769965]},"geometry_name":"geom","properties":{"gisid":"00008100_000d67c2","pitid":"00008100:000d67c2","standortnr":"89","kennzeich":"02642","namenr":"Kurf\u00fcrstendamm","art_dtsch":"Ahornbl\u00e4ttrige Platane","art_bot":"Platanus acerifolia","gattung_deutsch":"Platane","gattung":"Platanus","art_gruppe":"Laubb\u00e4ume","strnr":"02642","strname":"Kurf\u00fcrstendamm","hausnr":"63","zusatz":null,"pflanzjahr":"1950","standalter":76,"kronedurch":21,"stammumfg":238,"baumhoehe":25,"eigentuemer":"Land Berlin","bezirk":"Charlottenburg-Wilmersdorf"},"bbox":[385370.71149994,5818054.86769965,385370.71149994,5818054.86769965]},{"type":"Feature","id":"strassenbaeume.00008100_000d67c3","geometry":{"type":"Point","coordinates":[385385.73429994,5818056.85579965]},"geometry_name":"geom","properties":{"gisid":"00008100_000d67c3","pitid":"00008100:000d67c3","standortnr":"88","kennzeich":"02642","namenr":"Kurf\u00fcrstendamm","art_dtsch":"Ahornbl\u00e4ttrige Platane","art_bot":"Platanus acerifolia","gattung_deutsch":"Platane","gattung":"Platanus","art_gruppe":"Laubb\u00e4ume","strnr":"02642","strname":"Kurf\u00fcrstendamm","hausnr":"63","zusatz":null,"pflanzjahr":"1950","standalter":76,"kronedurch":22,"stammumfg":292,"baumhoehe":17,"eigentuemer":"Land Berlin","bezirk":"Charlottenburg-Wilmersdorf"},"bbox":[385385.73429994,5818056.85579965,385385.73429994,5818056.85579965]},{"type":"Feature","id":"strassenbaeume.00008100_000d67c4","geometry":{"type":"Point","coordinates":[385432.04729994,5818063.00249965]},"geometry_name":"geom","properties":{"gisid":"00008100_000d67c4","pitid":"00008100:000d67c4","standortnr":"87","kennzeich":"02642","namenr":"Kurf\u00fcrstendamm","art_dtsch":"Ahornbl\u00e4ttrige Platane","art_bot":"Platanus acerifolia","gattung_deutsch":"Platane","gattung":"Platanus","art_gruppe":"Laubb\u00e4ume","strnr":"02642","strname":"Kurf\u00fcrstendamm","hausnr":"62","zusatz":null,"pflanzjahr":"1954","standalter":72,"kronedurch":21,"stammumfg":234,"baumhoehe":17,"eigentuemer":"Land Berlin","bezirk":"Charlottenburg-Wilmersdorf"},"bbox":[385432.04729994,5818063.00249965,385432.04729994,5818063.00249965]},{"type":"Feature","id":"strassenbaeume.00008100_000d67c6","geometry":{"type":"Point","coordinates":[385536.48179994,5818082.20159965]},"geometry_name":"geom","properties":{"gisid":"00008100_000d67c6","pitid":"00008100:000d67c6","standortnr":"85","kennzeich":"02642","namenr":"Kurf\u00fcrstendamm","art_dtsch":"Ahornbl\u00e4ttrige Platane","art_bot":"Platanus acerifolia","gattung_deutsch":"Platane","gattung":"Platanus","art_gruppe":"Laubb\u00e4ume","strnr":"02642","strname":"Kurf\u00fcrstendamm","hausnr":"59-60","zusatz":null,"pflanzjahr":"1950","standalter":76,"kronedurch":22,"stammumfg":234,"baumhoehe":17,"eigentuemer":"Land Berlin","bezirk":"Charlottenburg-Wilmersdorf"},"bbox":[385536.48179994,5818082.20159965,385536.48179994,5818082.20159965]},{"type":"Feature","id":"strassenbaeume.00008100_000d67c7","geometry":{"type":"Point","coordinates":[385550.18579994,5818085.45469965]},"geometry_name":"geom","properties":{"gisid":"00008100_000d67c7","pitid":"00008100:000d67c7","standortnr":"84","kennzeich":"02642","namenr":"Kurf\u00fcrstendamm","art_dtsch":"Ahornbl\u00e4ttrige Platane","art_bot":"Platanus acerifolia","gattung_deutsch":"Platane","gattung":"Platanus","art_gruppe":"Laubb\u00e4ume","strnr":"02642","strname":"Kurf\u00fcrstendamm","hausnr":"58","zusatz":null,"pflanzjahr":"1950","standalter":76,"kronedurch":17,"stammumfg":191,"baumhoehe":17,"eigentuemer":"Land Berlin","bezirk":"Charlottenburg-Wilmersdorf"},"bbox":[385550.18579994,5818085.45469965,385550.18579994,5818085.45469965]},{"type":"Feature","id":"strassenbaeume.00008100_000d67c8","geometry":{"type":"Point","coordinates":[385564.40949994,5818088.90499965]},"geometry_name":"geom","properties":{"gisid":"00008100_000d67c8","pitid":"00008100:000d67c8","standortnr":"83","kennzeich":"02642","namenr":"Kurf\u00fcrstendamm","art_dtsch":"Ahornbl\u00e4ttrige Platane","art_bot":"Platanus acerifolia","gattung_deutsch":"Platane","gattung":"Platanus","art_gruppe":"Laubb\u00e4ume","strnr":"02642","strname":"Kurf\u00fcrstendamm","hausnr":"58","zusatz":null,"pflanzjahr":"1950","standalter":76,"kronedurch":20,"stammumfg":215,"baumhoehe":23,"eigentuemer":"Land Berlin","bezirk":"Charlottenburg-Wilmersdorf"},"bbox":[385564.40949994,5818088.90499965,385564.40949994,5818088.90499965]},{"type":"Feature","id":"strassenbaeume.00008100_000d67c9","geometry":{"type":"Point","coordinates":[385579.14599994,5818092.13839965]},"geometry_name":"geom","properties":{"gisid":"00008100_000d67c9","pitid":"00008100:000d67c9","standortnr":"82","kennzeich":"02642","namenr":"Kurf\u00fcrstendamm","art_dtsch":"Ahornbl\u00e4ttrige Platane","art_bot":"Platanus acerifolia","gattung_deutsch":"Platane","gattung":"Platanus","art_gruppe":"Laubb\u00e4ume","strnr":"02642","strname":"Kurf\u00fcrstendamm","hausnr":"57","zusatz":null,"pflanzjahr":"1970","standalter":56,"kronedurch":16,"stammumfg":174,"baumhoehe":24,"eigentuemer":"Land Berlin","bezirk":"Charlottenburg-Wilmersdorf"},"bbox":[385579.14599994,5818092.13839965,385579.14599994,5818092.13839965]},{"type":"Feature","id":"strassenbaeume.00008100_000d67ca","geometry":{"type":"Point","coordinates":[385593.88549994,5818095.47479965]},"geometry_name":"geom","properties":{"gisid":"00008100_000d67ca","pitid":"00008100:000d67ca","standortnr":"81","kennzeich":"02642","namenr":"Kurf\u00fcrstendamm","art_dtsch":"Ahornbl\u00e4ttrige Platane","art_bot":"Platanus acerifolia","gattung_deutsch":"Platane","gattung":"Platanus","art_gruppe":"Laubb\u00e4ume","strnr":"02642","strname":"Kurf\u00fcrstendamm","hausnr":"57","zusatz":null,"pflanzjahr":"1970","standalter":56,"kronedurch":16,"stammumfg":188,"baumhoehe":12,"eigentuemer":"Land Berlin","bezirk":"Charlottenburg-Wilmersdorf"},"bbox":[385593.88549994,5818095.47479965,385593.88549994,5818095.47479965]},{"type":"Feature","id":"strassenbaeume.00008100_000d67cb","geometry":{"type":"Point","coordinates":[385607.90039994,5818098.82599965]},"geometry_name":"geom","properties":{"gisid":"00008100_000d67cb","pitid":"00008100:000d67cb","standortnr":"80","kennzeich":"02642","namenr":"Kurf\u00fcrstendamm","art_dtsch":"Ahornbl\u00e4ttrige Platane","art_bot":"Platanus acerifolia","gattung_deutsch":"Platane","gattung":"Platanus","art_gruppe":"Laubb\u00e4ume","strnr":"02642","strname":"Kurf\u00fcrstendamm","hausnr":"56","zusatz":null,"pflanzjahr":"1950","standalter":76,"kronedurch":17,"stammumfg":237,"baumhoehe":17,"eigentuemer":"Land Berlin","bezirk":"Charlottenburg-Wilmersdorf"},"bbox":[385607.90039994,5818098.82599965,385607.90039994,5818098.82599965]},{"type":"Feature","id":"strassenbaeume.00008100_000d67f6","geometry":{"type":"Point","coordinates":[386370.97749994,5818279.00329965]},"geometry_name":"geom","properties":{"gisid":"00008100_000d67f6","pitid":"00008100:000d67f6","standortnr":"37","kennzeich":"02642","namenr":"Kurf\u00fcrstendamm","art_dtsch":"Ahornbl\u00e4ttrige Platane","art_bot":"Platanus acerifolia","gattung_deutsch":"Platane","gattung":"Platanus","art_gruppe":"Laubb\u00e4ume","strnr":"02642","strname":"Kurf\u00fcrstendamm","hausnr":"31","zusatz":null,"pflanzjahr":"1991","standalter":35,"kronedurch":6,"stammumfg":69,"baumhoehe":7,"eigentuemer":"Land Berlin","bezirk":"Charlottenburg-Wilmersdorf"},"bbox":[386370.97749994,5818279.00329965,386370.97749994,5818279.00329965]},{"type":"Feature","id":"strassenbaeume.00008100_000d67f7","geometry":{"type":"Point","coordinates":[386375.96659994,5818280.28729965]},"geometry_name":"geom","properties":{"gisid":"00008100_000d67f7","pitid":"00008100:000d67f7","standortnr":"36","kennzeich":"02642","namenr":"Kurf\u00fcrstendamm","art_dtsch":"Ahornbl\u00e4ttrige Platane","art_bot":"Platanus acerifolia","gattung_deutsch":"Platane","gattung":"Platanus","art_gruppe":"Laubb\u00e4ume","strnr":"02642","strname":"Kurf\u00fcrstendamm","hausnr":"31","zusatz":null,"pflanzjahr":"1976","standalter":50,"kronedurch":12,"stammumfg":166,"baumhoehe":17,"eigentuemer":"Land Berlin","bezirk":"Charlottenburg-Wilmersdorf"},"bbox":[386375.96659994,5818280.28729965,386375.96659994,5818280.28729965]},{"type":"Feature","id":"strassenbaeume.00008100_000d67f8","geometry":{"type":"Point","coordinates":[386387.55109994,5818283.92769965]},"geometry_name":"geom","properties":{"gisid":"00008100_000d67f8","pitid":"00008100:000d67f8","standortnr":"35","kennzeich":"02642","namenr":"Kurf\u00fcrstendamm","art_dtsch":"Ahornbl\u00e4ttrige Platane","art_bot":"Platanus acerifolia","gattung_deutsch":"Platane","gattung":"Platanus","art_gruppe":"Laubb\u00e4ume","strnr":"02642","strname":"Kurf\u00fcrstendamm","hausnr":"30","zusatz":null,"pflanzjahr":"1950","standalter":76,"kronedurch":19,"stammumfg":225,"baumhoehe":25,"eigentuemer":"Land Berlin","bezirk":"Charlottenburg-Wilmersdorf"},"bbox":[386387.55109994,5818283.92769965,386387.55109994,5818283.92769965]},{"type":"Feature","id":"strassenbaeume.00008100_000d67f9","geometry":{"type":"Point","coordinates":[386408.36659994,5818290.70319965]},"geometry_name":"geom","properties":{"gisid":"00008100_000d67f9","pitid":"00008100:000d67f9","standortnr":"34","kennzeich":"02642","namenr":"Kurf\u00fcrstendamm","art_dtsch":"Ahornbl\u00e4ttrige Platane","art_bot":"Platanus acerifolia","gattung_deutsch":"Platane","gattung":"Platanus","art_gruppe":"Laubb\u00e4ume","strnr":"02642","strname":"Kurf\u00fcrstendamm","hausnr":"29","zusatz":null,"pflanzjahr":"1950","standalter":76,"kronedurch":18,"stammumfg":252,"baumhoehe":25,"eigentuemer":"Land Berlin","bezirk":"Charlottenburg-Wilmersdorf"},"bbox":[386408.36659994,5818290.70319965,386408.36659994,5818290.70319965]},{"type":"Feature","id":"strassenbaeume.00008100_000d67fa","geometry":{"type":"Point","coordinates":[386426.47489994,5818296.56429965]},"geometry_name":"geom","properties":{"gisid":"00008100_000d67fa","pitid":"00008100:000d67fa","standortnr":"33","kennzeich":"02642","namenr":"Kurf\u00fcrstendamm","art_dtsch":"Ahornbl\u00e4ttrige Platane","art_bot":"Platanus acerifolia","gattung_deutsch":"Platane","gattung":"Platanus","art_gruppe":"Laubb\u00e4ume","strnr":"02642","strname":"Kurf\u00fcrstendamm","hausnr":"28","zusatz":null,"pflanzjahr":"1964","standalter":62,"kronedurch":15,"stammumfg":234,"baumhoehe":22,"eigentuemer":"Land Berlin","bezirk":"Charlottenburg-Wilmersdorf"},"bbox":[386426.47489994,5818296.56429965,386426.47489994,5818296.56429965]},{"type":"Feature","id":"strassenbaeume.00008100_000d67fb","geometry":{"type":"Point","coordinates":[386436.18479994,5818299.48339965]},"geometry_name":"geom","properties":{"gisid":"00008100_000d67fb","pitid":"00008100:000d67fb","standortnr":"32","kennzeich":"02642","namenr":"Kurf\u00fcrstendamm","art_dtsch":"Ahornbl\u00e4ttrige Platane","art_bot":"Platanus acerifolia","gattung_deutsch":"Platane","gattung":"Platanus","art_gruppe":"Laubb\u00e4ume","strnr":"02642","strname":"Kurf\u00fcrstendamm","hausnr":"28","zusatz":null,"pflanzjahr":"1950","standalter":76,"kronedurch":17,"stammumfg":213,"baumhoehe":22,"eigentuemer":"Land Berlin","bezirk":"Charlottenburg-Wilmersdorf"},"bbox":[386436.18479994,5818299.48339965,386436.18479994,5818299.48339965]},{"type":"Feature","id":"strassenbaeume.00008100_000d67fd","geometry":{"type":"Point","coordinates":[386454.08349994,5818305.21059965]},"geometry_name":"geom","properties":{"gisid":"00008100_000d67fd","pitid":"00008100:000d67fd","standortnr":"31","kennzeich":"02642","namenr":"Kurf\u00fcrstendamm","art_dtsch":"Ahornbl\u00e4ttrige Platane","art_bot":"Platanus acerifolia","gattung_deutsch":"Platane","gattung":"Platanus","art_gruppe":"Laubb\u00e4ume","strnr":"02642","strname":"Kurf\u00fcrstendamm","hausnr":"27","zusatz":null,"pflanzjahr":"1980","standalter":46,"kronedurch":18,"stammumfg":152,"baumhoehe":17,"eigentuemer":"Land Berlin","bezirk":"Charlottenburg-Wilmersdorf"},"bbox":[386454.08349994,5818305.21059965,386454.08349994,5818305.21059965]},{"type":"Feature","id":"strassenbaeume.00008100_000d67ff","geometry":{"type":"Point","coordinates":[386519.40349994,5818326.52049965]},"geometry_name":"geom","properties":{"gisid":"00008100_000d67ff","pitid":"00008100:000d67ff","standortnr":"29","kennzeich":"02642","namenr":"Kurf\u00fcrstendamm","art_dtsch":"Ahornbl\u00e4ttrige Platane","art_bot":"Platanus acerifolia","gattung_deutsch":"Platane","gattung":"Platanus","art_gruppe":"Laubb\u00e4ume","strnr":"02642","strname":"Kurf\u00fcrstendamm","hausnr":"26a","zusatz":null,"pflanzjahr":"1984","standalter":42,"kronedurch":12,"stammumfg":105,"baumhoehe":21,"eigentuemer":"Land Berlin","bezirk":"Charlottenburg-Wilmersdorf"},"bbox":[386519.40349994,5818326.52049965,386519.40349994,5818326.52049965]},{"type":"Feature","id":"strassenbaeume.00008100_000d6800","geometry":{"type":"Point","coordinates":[386533.55559994,5818331.62589965]},"geometry_name":"geom","properties":{"gisid":"00008100_000d6800","pitid":"00008100:000d6800","standortnr":"28","kennzeich":"02642","namenr":"Kurf\u00fcrstendamm","art_dtsch":"Ahornbl\u00e4ttrige Platane","art_bot":"Platanus acerifolia","gattung_deutsch":"Platane","gattung":"Platanus","art_gruppe":"Laubb\u00e4ume","strnr":"02642","strname":"Kurf\u00fcrstendamm","hausnr":"26a","zusatz":null,"pflanzjahr":"1950","standalter":76,"kronedurch":12,"stammumfg":183,"baumhoehe":12,"eigentuemer":"Land Berlin","bezirk":"Charlottenburg-Wilmersdorf"},"bbox":[386533.55559994,5818331.62589965,386533.55559994,5818331.62589965]},{"type":"Feature","id":"strassenbaeume.00008100_000d6801","geometry":{"type":"Point","coordinates":[386543.00379995,5818333.92609965]},"geometry_name":"geom","properties":{"gisid":"00008100_000d6801","pitid":"00008100:000d6801","standortnr":"27","kennzeich":"02642","namenr":"Kurf\u00fcrstendamm","art_dtsch":"Ahornbl\u00e4ttrige Platane","art_bot":"Platanus acerifolia","gattung_deutsch":"Platane","gattung":"Platanus","art_gruppe":"Laubb\u00e4ume","strnr":"02642","strname":"Kurf\u00fcrstendamm","hausnr":"26a","zusatz":null,"pflanzjahr":"1994","standalter":32,"kronedurch":4,"stammumfg":85,"baumhoehe":7,"eigentuemer":"Land Berlin","bezirk":"Charlottenburg-Wilmersdorf"},"bbox":[386543.00379995,5818333.92609965,386543.00379995,5818333.92609965]},{"type":"Feature","id":"strassenbaeume.00008100_000d6807","geometry":{"type":"Point","coordinates":[386623.60779995,5818360.81289965]},"geometry_name":"geom","properties":{"gisid":"00008100_000d6807","pitid":"00008100:000d6807","standortnr":"21","kennzeich":"02642","namenr":"Kurf\u00fcrstendamm","art_dtsch":"Ahornbl\u00e4ttrige Platane","art_bot":"Platanus acerifolia","gattung_deutsch":"Platane","gattung":"Platanus","art_gruppe":"Laubb\u00e4ume","strnr":"02642","strname":"Kurf\u00fcrstendamm","hausnr":"24","zusatz":null,"pflanzjahr":"1986","standalter":40,"kronedurch":9,"stammumfg":95,"baumhoehe":12,"eigentuemer":"Land Berlin","bezirk":"Charlottenburg-Wilmersdorf"},"bbox":[386623.60779995,5818360.81289965,386623.60779995,5818360.81289965]},{"type":"Feature","id":"strassenbaeume.00008100_000d6808","geometry":{"type":"Point","coordinates":[386638.05799995,5818365.29169965]},"geometry_name":"geom","properties":{"gisid":"00008100_000d6808","pitid":"00008100:000d6808","standortnr":"20","kennzeich":"02642","namenr":"Kurf\u00fcrstendamm","art_dtsch":"Ahornbl\u00e4ttrige Platane","art_bot":"Platanus acerifolia","gattung_deutsch":"Platane","gattung":"Platanus","art_gruppe":"Laubb\u00e4ume","strnr":"02642","strname":"Kurf\u00fcrstendamm","hausnr":"23","zusatz":null,"pflanzjahr":"1964","standalter":62,"kronedurch":20,"stammumfg":222,"baumhoehe":17,"eigentuemer":"Land Berlin","bezirk":"Charlottenburg-Wilmersdorf"},"bbox":[386638.05799995,5818365.29169965,386638.05799995,5818365.29169965]},{"type":"Feature","id":"strassenbaeume.00008100_000d6809","geometry":{"type":"Point","coordinates":[386658.44389995,5818372.13839965]},"geometry_name":"geom","properties":{"gisid":"00008100_000d6809","pitid":"00008100:000d6809","standortnr":"19","kennzeich":"02642","namenr":"Kurf\u00fcrstendamm","art_dtsch":"Ahornbl\u00e4ttrige Platane","art_bot":"Platanus acerifolia","gattung_deutsch":"Platane","gattung":"Platanus","art_gruppe":"Laubb\u00e4ume","strnr":"02642","strname":"Kurf\u00fcrstendamm","hausnr":"23","zusatz":null,"pflanzjahr":"1971","standalter":55,"kronedurch":19,"stammumfg":190,"baumhoehe":22,"eigentuemer":"Land Berlin","bezirk":"Charlottenburg-Wilmersdorf"},"bbox":[386658.44389995,5818372.13839965,386658.44389995,5818372.13839965]},{"type":"Feature","id":"strassenbaeume.00008100_000d680b","geometry":{"type":"Point","coordinates":[386697.54949995,5818385.13959965]},"geometry_name":"geom","properties":{"gisid":"00008100_000d680b","pitid":"00008100:000d680b","standortnr":"17","kennzeich":"02642","namenr":"Kurf\u00fcrstendamm","art_dtsch":"Ahornbl\u00e4ttrige Platane","art_bot":"Platanus acerifolia","gattung_deutsch":"Platane","gattung":"Platanus","art_gruppe":"Laubb\u00e4ume","strnr":"02642","strname":"Kurf\u00fcrstendamm","hausnr":"20-21","zusatz":null,"pflanzjahr":"1987","standalter":39,"kronedurch":9,"stammumfg":115,"baumhoehe":15,"eigentuemer":"Land Berlin","bezirk":"Charlottenburg-Wilmersdorf"},"bbox":[386697.54949995,5818385.13959965,386697.54949995,5818385.13959965]},{"type":"Feature","id":"strassenbaeume.00008100_000d7ebb","geometry":{"type":"Point","coordinates":[384006.65979994,5817734.47099964]},"geometry_name":"geom","properties":{"gisid":"00008100_000d7ebb","pitid":"00008100:000d7ebb","standortnr":"168","kennzeich":"02642","namenr":"Kurf\u00fcrstendamm","art_dtsch":"Ahornbl\u00e4ttrige Platane","art_bot":"Platanus acerifolia","gattung_deutsch":"Platane","gattung":"Platanus","art_gruppe":"Laubb\u00e4ume","strnr":"02642","strname":"Kurf\u00fcrstendamm","hausnr":"114","zusatz":null,"pflanzjahr":"2005","standalter":21,"kronedurch":6,"stammumfg":57,"baumhoehe":7,"eigentuemer":"Land Berlin","bezirk":"Charlottenburg-Wilmersdorf"},"bbox":[384006.65979994,5817734.47099964,384006.65979994,5817734.47099964]},{"type":"Feature","id":"strassenbaeume.00008100_000d7ed0","geometry":{"type":"Point","coordinates":[386574.42049994,5818344.79969965]},"geometry_name":"geom","properties":{"gisid":"00008100_000d7ed0","pitid":"00008100:000d7ed0","standortnr":"24","kennzeich":"02642","namenr":"Kurf\u00fcrstendamm","art_dtsch":"Ahornbl\u00e4ttrige Platane","art_bot":"Platanus acerifolia","gattung_deutsch":"Platane","gattung":"Platanus","art_gruppe":"Laubb\u00e4ume","strnr":"02642","strname":"Kurf\u00fcrstendamm","hausnr":"26","zusatz":null,"pflanzjahr":"2005","standalter":21,"kronedurch":3,"stammumfg":85,"baumhoehe":15,"eigentuemer":"Land Berlin","bezirk":"Charlottenburg-Wilmersdorf"},"bbox":[386574.42049994,5818344.79969965,386574.42049994,5818344.79969965]},{"type":"Feature","id":"strassenbaeume.00008100_000d7f19","geometry":{"type":"Point","coordinates":[384706.91879994,5817907.79289964]},"geometry_name":"geom","properties":{"gisid":"00008100_000d7f19","pitid":"00008100:000d7f19","standortnr":"129","kennzeich":"02642","namenr":"Kurf\u00fcrstendamm","art_dtsch":"Ahornbl\u00e4ttrige Platane","art_bot":"Platanus acerifolia","gattung_deutsch":"Platane","gattung":"Platanus","art_gruppe":"Laubb\u00e4ume","strnr":"02642","strname":"Kurf\u00fcrstendamm","hausnr":"90","zusatz":null,"pflanzjahr":"2006","standalter":20,"kronedurch":2,"stammumfg":20,"baumhoehe":7,"eigentuemer":"Land Berlin","bezirk":"Charlottenburg-Wilmersdorf"},"bbox":[384706.91879994,5817907.79289964,384706.91879994,5817907.79289964]},{"type":"Feature","id":"strassenbaeume.00008100_000d90c4","geometry":{"type":"Point","coordinates":[385265.21709994,5818039.71939965]},"geometry_name":"geom","properties":{"gisid":"00008100_000d90c4","pitid":"00008100:000d90c4","standortnr":"96","kennzeich":"02642","namenr":"Kurf\u00fcrstendamm","art_dtsch":"Ahornbl\u00e4ttrige Platane","art_bot":"Platanus acerifolia","gattung_deutsch":"Platane","gattung":"Platanus","art_gruppe":"Laubb\u00e4ume","strnr":"02642","strname":"Kurf\u00fcrstendamm","hausnr":"66","zusatz":null,"pflanzjahr":"2007","standalter":19,"kronedurch":3,"stammumfg":44,"baumhoehe":5,"eigentuemer":"Land Berlin","bezirk":"Charlottenburg-Wilmersdorf"},"bbox":[385265.21709994,5818039.71939965,385265.21709994,5818039.71939965]},{"type":"Feature","id":"strassenbaeume.00008100_000e007b","geometry":{"type":"Point","coordinates":[386552.58429995,5818337.77449965]},"geometry_name":"geom","properties":{"gisid":"00008100_000e007b","pitid":"00008100:000e007b","standortnr":"26","kennzeich":"02642","namenr":"Kurf\u00fcrstendamm","art_dtsch":"Ahornbl\u00e4ttrige Platane","art_bot":"Platanus acerifolia","gattung_deutsch":"Platane","gattung":"Platanus","art_gruppe":"Laubb\u00e4ume","strnr":"02642","strname":"Kurf\u00fcrstendamm","hausnr":"26a","zusatz":null,"pflanzjahr":"2012","standalter":14,"kronedurch":2,"stammumfg":60,"baumhoehe":7,"eigentuemer":"Land Berlin","bezirk":"Charlottenburg-Wilmersdorf"},"bbox":[386552.58429995,5818337.77449965,386552.58429995,5818337.77449965]},{"type":"Feature","id":"strassenbaeume.00008100_000e007c","geometry":{"type":"Point","coordinates":[386564.96649995,5818342.18969965]},"geometry_name":"geom","properties":{"gisid":"00008100_000e007c","pitid":"00008100:000e007c","standortnr":"25","kennzeich":"02642","namenr":"Kurf\u00fcrstendamm","art_dtsch":"Ahornbl\u00e4ttrige Platane","art_bot":"Platanus acerifolia","gattung_deutsch":"Platane","gattung":"Platanus","art_gruppe":"Laubb\u00e4ume","strnr":"02642","strname":"Kurf\u00fcrstendamm","hausnr":"26","zusatz":null,"pflanzjahr":"2012","standalter":14,"kronedurch":2,"stammumfg":79,"baumhoehe":15,"eigentuemer":"Land Berlin","bezirk":"Charlottenburg-Wilmersdorf"},"bbox":[386564.96649995,5818342.18969965,386564.96649995,5818342.18969965]},{"type":"Feature","id":"strassenbaeume.00008100_000e007d","geometry":{"type":"Point","coordinates":[386245.73749994,5818244.70899965]},"geometry_name":"geom","properties":{"gisid":"00008100_000e007d","pitid":"00008100:000e007d","standortnr":"42","kennzeich":"02642","namenr":"Kurf\u00fcrstendamm","art_dtsch":"Ahornbl\u00e4ttrige Platane","art_bot":"Platanus acerifolia","gattung_deutsch":"Platane","gattung":"Platanus","art_gruppe":"Laubb\u00e4ume","strnr":"02642","strname":"Kurf\u00fcrstendamm","hausnr":"34","zusatz":null,"pflanzjahr":"2017","standalter":9,"kronedurch":4,"stammumfg":31,"baumhoehe":5,"eigentuemer":"Land Berlin","bezirk":"Charlottenburg-Wilmersdorf"},"bbox":[386245.73749994,5818244.70899965,386245.73749994,5818244.70899965]},{"type":"Feature","id":"strassenbaeume.00008100_000e0198","geometry":{"type":"Point","coordinates":[383620.94829994,5817508.05419964]},"geometry_name":"geom","properties":{"gisid":"00008100_000e0198","pitid":"00008100:000e0198","standortnr":"181","kennzeich":"02642","namenr":"Kurf\u00fcrstendamm","art_dtsch":"S\u00e4ulenf\u00f6rmiger Spitz-Ahorn","art_bot":"Acer platanoides 'Columnare'","gattung_deutsch":"Ahorn","gattung":"Acer","art_gruppe":"Laubb\u00e4ume","strnr":"02642","strname":"Kurf\u00fcrstendamm","hausnr":"124","zusatz":null,"pflanzjahr":"2011","standalter":15,"kronedurch":2,"stammumfg":50,"baumhoehe":7,"eigentuemer":"Land Berlin","bezirk":"Charlottenburg-Wilmersdorf"},"bbox":[383620.94829994,5817508.05419964,383620.94829994,5817508.05419964]},{"type":"Feature","id":"strassenbaeume.00008100_000e0199","geometry":{"type":"Point","coordinates":[384954.88709994,5817948.37249965]},"geometry_name":"geom","properties":{"gisid":"00008100_000e0199","pitid":"00008100:000e0199","standortnr":"247","kennzeich":"02642","namenr":"Kurf\u00fcrstendamm","art_dtsch":"Ahornbl\u00e4ttrige Platane","art_bot":"Platanus acerifolia","gattung_deutsch":"Platane","gattung":"Platanus","art_gruppe":"Laubb\u00e4ume","strnr":"02642","strname":"Kurf\u00fcrstendamm","hausnr":"160","zusatz":null,"pflanzjahr":"2011","standalter":15,"kronedurch":4,"stammumfg":57,"baumhoehe":7,"eigentuemer":"Land Berlin","bezirk":"Charlottenburg-Wilmersdorf"},"bbox":[384954.88709994,5817948.37249965,384954.88709994,5817948.37249965]},{"type":"Feature","id":"strassenbaeume.00008100_000e028e","geometry":{"type":"Point","coordinates":[383649.64269994,5817479.19629964]},"geometry_name":"geom","properties":{"gisid":"00008100_000e028e","pitid":"00008100:000e028e","standortnr":"184","kennzeich":"02642","namenr":"Kurf\u00fcrstendamm","art_dtsch":"S\u00e4ulenf\u00f6rmiger Spitz-Ahorn","art_bot":"Acer platanoides 'Columnare'","gattung_deutsch":"Ahorn","gattung":"Acer","art_gruppe":"Laubb\u00e4ume","strnr":"02642","strname":"Kurf\u00fcrstendamm","hausnr":"125a","zusatz":null,"pflanzjahr":"2011","standalter":15,"kronedurch":4,"stammumfg":44,"baumhoehe":7,"eigentuemer":"Land Berlin","bezirk":"Charlottenburg-Wilmersdorf"},"bbox":[383649.64269994,5817479.19629964,383649.64269994,5817479.19629964]},{"type":"Feature","id":"strassenbaeume.00008100_000e02ab","geometry":{"type":"Point","coordinates":[386608.84769994,5818356.33989965]},"geometry_name":"geom","properties":{"gisid":"00008100_000e02ab","pitid":"00008100:000e02ab","standortnr":"22","kennzeich":"02642","namenr":"Kurf\u00fcrstendamm","art_dtsch":"Ahornbl\u00e4ttrige Platane","art_bot":"Platanus acerifolia","gattung_deutsch":"Platane","gattung":"Platanus","art_gruppe":"Laubb\u00e4ume","strnr":"02642","strname":"Kurf\u00fcrstendamm","hausnr":"25","zusatz":null,"pflanzjahr":"2012","standalter":14,"kronedurch":2,"stammumfg":60,"baumhoehe":5,"eigentuemer":"Land Berlin","bezirk":"Charlottenburg-Wilmersdorf"},"bbox":[386608.84769994,5818356.33989965,386608.84769994,5818356.33989965]},{"type":"Feature","id":"strassenbaeume.00008100_000e02ad","geometry":{"type":"Point","coordinates":[386583.68229995,5818348.13719965]},"geometry_name":"geom","properties":{"gisid":"00008100_000e02ad","pitid":"00008100:000e02ad","standortnr":"23","kennzeich":"02642","namenr":"Kurf\u00fcrstendamm","art_dtsch":"Ahornbl\u00e4ttrige Platane","art_bot":"Platanus acerifolia","gattung_deutsch":"Platane","gattung":"Platanus","art_gruppe":"Laubb\u00e4ume","strnr":"02642","strname":"Kurf\u00fcrstendamm","hausnr":"25","zusatz":null,"pflanzjahr":"2012","standalter":14,"kronedurch":2,"stammumfg":66,"baumhoehe":7,"eigentuemer":"Land Berlin","bezirk":"Charlottenburg-Wilmersdorf"},"bbox":[386583.68229995,5818348.13719965,386583.68229995,5818348.13719965]},{"type":"Feature","id":"strassenbaeume.00008100_000e142d","geometry":{"type":"Point","coordinates":[386431.36529994,5818267.42839965]},"geometry_name":"geom","properties":{"gisid":"00008100_000e142d","pitid":"00008100:000e142d","standortnr":"325","kennzeich":"02642","namenr":"Kurf\u00fcrstendamm","art_dtsch":"Ahornbl\u00e4ttrige Platane","art_bot":"Platanus acerifolia","gattung_deutsch":"Platane","gattung":"Platanus","art_gruppe":"Laubb\u00e4ume","strnr":"02642","strname":"Kurf\u00fcrstendamm","hausnr":"216","zusatz":null,"pflanzjahr":"2013","standalter":13,"kronedurch":2,"stammumfg":41,"baumhoehe":7,"eigentuemer":"Land Berlin","bezirk":"Charlottenburg-Wilmersdorf"},"bbox":[386431.36529994,5818267.42839965,386431.36529994,5818267.42839965]},{"type":"Feature","id":"strassenbaeume.00008100_0023c96a","geometry":{"type":"Point","coordinates":[383787.58729994,5817638.64809964]},"geometry_name":"geom","properties":{"gisid":"00008100_0023c96a","pitid":"00008100:0023c96a","standortnr":"173","kennzeich":"02642","namenr":"Kurf\u00fcrstendamm","art_dtsch":"Ahornbl\u00e4ttrige Platane","art_bot":"Platanus acerifolia","gattung_deutsch":"Platane","gattung":"Platanus","art_gruppe":"Laubb\u00e4ume","strnr":"02642","strname":"Kurf\u00fcrstendamm","hausnr":"119","zusatz":null,"pflanzjahr":"2017","standalter":9,"kronedurch":1.5,"stammumfg":35,"baumhoehe":5,"eigentuemer":"Land Berlin","bezirk":"Charlottenburg-Wilmersdorf"},"bbox":[383787.58729994,5817638.64809964,383787.58729994,5817638.64809964]},{"type":"Feature","id":"strassenbaeume.00008100_0028895a","geometry":{"type":"Point","coordinates":[385310.81019994,5818046.08569965]},"geometry_name":"geom","properties":{"gisid":"00008100_0028895a","pitid":"00008100:0028895a","standortnr":"93","kennzeich":"02642","namenr":"Kurf\u00fcrstendamm","art_dtsch":"Platane 'Pyramidalis'","art_bot":"Platanus acerifolia 'Pyramidalis'","gattung_deutsch":"Platane","gattung":"Platanus","art_gruppe":"Laubb\u00e4ume","strnr":"02642","strname":"Kurf\u00fcrstendamm","hausnr":"64","zusatz":null,"pflanzjahr":"2020","standalter":6,"kronedurch":2,"stammumfg":31,"baumhoehe":5,"eigentuemer":"Land Berlin","bezirk":"Charlottenburg-Wilmersdorf"},"bbox":[385310.81019994,5818046.08569965,385310.81019994,5818046.08569965]},{"type":"Feature","id":"strassenbaeume.00008100_00288cab","geometry":{"type":"Point","coordinates":[383615.21079994,5817502.65549964]},"geometry_name":"geom","properties":{"gisid":"00008100_00288cab","pitid":"00008100:00288cab","standortnr":"182","kennzeich":"02642","namenr":"Kurf\u00fcrstendamm","art_dtsch":"Spitz-Ahorn 'Olmstedt'","art_bot":"Acer platanoides 'Olmstedt'","gattung_deutsch":"Ahorn","gattung":"Acer","art_gruppe":"Laubb\u00e4ume","strnr":"02642","strname":"Kurf\u00fcrstendamm","hausnr":"125","zusatz":null,"pflanzjahr":"2020","standalter":6,"kronedurch":1,"stammumfg":31,"baumhoehe":5,"eigentuemer":"Land Berlin","bezirk":"Charlottenburg-Wilmersdorf"},"bbox":[383615.21079994,5817502.65549964,383615.21079994,5817502.65549964]},{"type":"Feature","id":"strassenbaeume.00008100_0029ce93","geometry":{"type":"Point","coordinates":[385515.48199994,5818048.49739965]},"geometry_name":"geom","properties":{"gisid":"00008100_0029ce93","pitid":"00008100:0029ce93","standortnr":"270","kennzeich":"02642","namenr":"Kurf\u00fcrstendamm","art_dtsch":"Platane 'Pyramidalis'","art_bot":"Platanus acerifolia 'Pyramidalis'","gattung_deutsch":"Platane","gattung":"Platanus","art_gruppe":"Laubb\u00e4ume","strnr":"02642","strname":"Kurf\u00fcrstendamm","hausnr":"182","zusatz":null,"pflanzjahr":"2020","standalter":6,"kronedurch":2,"stammumfg":18,"baumhoehe":5,"eigentuemer":"Land Berlin","bezirk":"Charlottenburg-Wilmersdorf"},"bbox":[385515.48199994,5818048.49739965,385515.48199994,5818048.49739965]}]}
