{"type":"FeatureCollection","name":"West lakes and named houses v194; complete retained OSM owners","source":"https://download.geofabrik.de/europe/germany/berlin-260929.osm.pbf","sha256":"9d193d9003e35f9a00c2a52553452946aab4d46467f1465364455e36e6a568a9","features":[{"type":"Feature","properties":{"key":"tegel-water","id":"relation/451908","tags":{"intermittent":"no","name:de":"Tegeler See","name:en":"Lake Tegel","salt":"no","tidal":"no","water":"lake","wikidata":"Q697916","wikimedia_commons":"Category:Tegeler See","wikipedia":"de:Tegeler See","osm_id":"451908","name":"Tegeler See","type":"multipolygon","natural":"water"}},"geometry":{"type":"MultiPolygon","coordinates":[[[[13.2720605,52.5889248],[13.2724258,52.5887369],[13.27283,52.5885045],[13.2730362,52.5883114],[13.2731315,52.5882221],[13.2733082,52.5880413],[13.2735114,52.5878095],[13.2737899,52.5874559],[13.2738821,52.5873193],[13.2740951,52.5870147],[13.2742124,52.586848],[13.274357,52.5866496],[13.2746473,52.5862511],[13.2753249,52.5852528],[13.2754563,52.5850674],[13.2754403,52.5850497],[13.2754039,52.5850053],[13.2753746,52.5849576],[13.2753636,52.5849304],[13.2753557,52.5849051],[13.2747107,52.5843986],[13.2746662,52.5843774],[13.274623,52.5843427],[13.2745941,52.5843012],[13.2745871,52.5842838],[13.2745929,52.5842415],[13.2745957,52.5842303],[13.2746048,52.5842016],[13.2746293,52.5841728],[13.2746579,52.5841478],[13.2746954,52.5841256],[13.2747479,52.5841047],[13.2748556,52.584088],[13.2748912,52.5840674],[13.2749002,52.584057],[13.2748986,52.5840244],[13.2748911,52.5840079],[13.2748792,52.5839525],[13.2748712,52.5838705],[13.2742241,52.5827714],[13.2740888,52.582518],[13.2740761,52.5823996],[13.2741059,52.5822022],[13.274151,52.5820875],[13.2742665,52.5819281],[13.2743361,52.581862],[13.2745107,52.5817948],[13.2746753,52.5817849],[13.2747747,52.5817776],[13.2747333,52.5815263],[13.2746597,52.5815193],[13.2744252,52.5814672],[13.2741991,52.5814083],[13.2741238,52.5813623],[13.273924,52.5811205],[13.2738044,52.5809004],[13.2737957,52.5807463],[13.2737199,52.5805181],[13.2736734,52.5802847],[13.2736424,52.5800503],[13.2736245,52.5799041],[13.2736545,52.5796515],[13.2737878,52.5793169],[13.2738748,52.5791799],[13.2739116,52.5791295],[13.2739834,52.5790629],[13.2740977,52.5789544],[13.2742287,52.5788222],[13.2745104,52.5785874],[13.2746574,52.5784909],[13.2747967,52.5784014],[13.2748645,52.5783093],[13.2748789,52.578259],[13.2748748,52.5782226],[13.274844,52.5777284],[13.2747099,52.5776794],[13.2745424,52.5776858],[13.2744402,52.5778121],[13.2743226,52.5779027],[13.274037,52.5779766],[13.2739012,52.5780087],[13.2737296,52.5780279],[13.2735625,52.578022],[13.2730449,52.5780049],[13.2727191,52.5779871],[13.272377,52.5779668],[13.272049,52.5779579],[13.2716457,52.5779538],[13.2712542,52.5779383],[13.2708292,52.577945],[13.270238,52.5785447],[13.2702113,52.5785532],[13.2697726,52.5787029],[13.2696606,52.578776],[13.2696113,52.5788081],[13.2694292,52.5788512],[13.2689873,52.5787742],[13.2689361,52.5787252],[13.2688223,52.5787574],[13.2685001,52.5786883],[13.2684305,52.5786206],[13.2680737,52.5785887],[13.2678891,52.5785178],[13.2675665,52.5784471],[13.2674474,52.5783582],[13.2672637,52.5783687],[13.2670639,52.5783165],[13.2667929,52.5781097],[13.266619,52.5779278],[13.2666706,52.5777796],[13.2663618,52.5776133],[13.266203,52.5775277],[13.2636856,52.5761717],[13.2635971,52.576107],[13.26358,52.5759611],[13.2635596,52.5758738],[13.263153,52.5757817],[13.2631824,52.5756309],[13.2630506,52.5755503],[13.2629096,52.5755983],[13.2619578,52.5752113],[13.2606816,52.5744319],[13.260509,52.5742514],[13.2603816,52.5742346],[13.2603296,52.5742277],[13.260083,52.5741774],[13.2598048,52.5740981],[13.2596002,52.5740376],[13.2592737,52.5739118],[13.2589657,52.5737499],[13.2588335,52.5736547],[13.2587212,52.5735527],[13.2584782,52.5732544],[13.258419,52.5730526],[13.2584118,52.5730316],[13.2583927,52.573012],[13.2582912,52.5730323],[13.2582506,52.5729996],[13.2581763,52.572927],[13.258118,52.5728421],[13.2580846,52.5728342],[13.2579711,52.5727623],[13.2579711,52.5727253],[13.2580153,52.5726737],[13.2580754,52.5726364],[13.2581099,52.5725663],[13.2580883,52.5725013],[13.2579559,52.5723699],[13.2578711,52.5722538],[13.25784,52.5721812],[13.2578353,52.5721311],[13.2578532,52.572089],[13.257893,52.5720524],[13.2578173,52.5718008],[13.2577313,52.5717631],[13.257637,52.5716593],[13.2576203,52.5714909],[13.2576466,52.5714031],[13.2577182,52.5713184],[13.2575965,52.5711238],[13.2574913,52.5709432],[13.2573874,52.5709628],[13.2573205,52.5709671],[13.2572572,52.570957],[13.257176,52.5709105],[13.2571091,52.5708031],[13.2571545,52.5707936],[13.2570482,52.5705839],[13.2570912,52.5705755],[13.2569897,52.5703539],[13.2570279,52.5703473],[13.2570064,52.5703125],[13.257004,52.5702769],[13.2570339,52.5702326],[13.2571076,52.5702033],[13.2572154,52.5701891],[13.2573371,52.57018],[13.2573109,52.5701273],[13.2571181,52.5697394],[13.2570474,52.5695973],[13.2570055,52.5695465],[13.2568718,52.5693842],[13.2568277,52.5693307],[13.2566349,52.5690966],[13.2562146,52.5686878],[13.2559329,52.5683802],[13.2559866,52.5683068],[13.2558578,52.5681666],[13.2557839,52.5680363],[13.2555963,52.5678907],[13.2556408,52.5676929],[13.2557079,52.5674481],[13.2557766,52.5669264],[13.2555791,52.5667333],[13.2549354,52.566556],[13.2544891,52.5664386],[13.2543504,52.5661972],[13.2545087,52.5660684],[13.2544075,52.5659547],[13.2542726,52.5656461],[13.254198,52.5654588],[13.2537139,52.5649979],[13.2526867,52.5649804],[13.2523882,52.5649214],[13.2520299,52.5648651],[13.2511321,52.5642746],[13.2506065,52.5641273],[13.2501818,52.5640083],[13.249997,52.5639565],[13.2493532,52.5642433],[13.2492179,52.5641719],[13.2492328,52.5640851],[13.2490145,52.5640646],[13.2487445,52.5641066],[13.2485935,52.5642697],[13.2483003,52.5641549],[13.248129,52.563956],[13.248014,52.5639218],[13.2479787,52.5638268],[13.2481654,52.5636949],[13.2480587,52.5636197],[13.2478621,52.5637371],[13.2478043,52.5637027],[13.2478829,52.5636399],[13.2478029,52.5634673],[13.2478688,52.5631841],[13.2479162,52.563034],[13.2479238,52.5628948],[13.2476967,52.5626937],[13.247319,52.5625581],[13.2472997,52.562491],[13.2472172,52.5624329],[13.2470811,52.5623674],[13.2469184,52.5623361],[13.2467022,52.5623374],[13.2464781,52.5623458],[13.2463658,52.5623398],[13.2463346,52.5623082],[13.246137,52.5623181],[13.246012,52.562322],[13.2460119,52.5623003],[13.2459068,52.5623058],[13.2459048,52.562354],[13.2455805,52.5623582],[13.2455513,52.5623206],[13.245123,52.5623103],[13.2445447,52.562308],[13.2440373,52.5623016],[13.2438235,52.5622886],[13.2435863,52.5622524],[13.2434726,52.5622112],[13.243358,52.5621697],[13.2432149,52.5621189],[13.2432402,52.5620866],[13.2431811,52.5620716],[13.2431664,52.5620971],[13.2431582,52.5620943],[13.2429486,52.562023],[13.2427278,52.5619748],[13.2426428,52.5619548],[13.2426562,52.5619345],[13.2425766,52.5619149],[13.2424907,52.5620167],[13.242431,52.5620316],[13.24224,52.5619936],[13.2418587,52.5619228],[13.2417318,52.5618946],[13.2416543,52.5618783],[13.2416254,52.5618578],[13.2415488,52.5618034],[13.241465,52.5617488],[13.2413939,52.5617024],[13.2413625,52.5616819],[13.2413174,52.5616525],[13.2412687,52.5616208],[13.2412024,52.5615539],[13.2412348,52.5615417],[13.2411947,52.5615103],[13.2411699,52.5615242],[13.2411655,52.5615204],[13.2411493,52.5615065],[13.2411999,52.5614807],[13.2411813,52.5614489],[13.2411437,52.5614511],[13.2411466,52.5614762],[13.2411284,52.5614916],[13.2411234,52.561488],[13.2410874,52.5614623],[13.2410424,52.5614301],[13.2410278,52.5614197],[13.2409395,52.5613644],[13.2408936,52.5613358],[13.2408543,52.5613078],[13.2408163,52.5612826],[13.2407708,52.5612505],[13.2407119,52.561209],[13.2406916,52.5611913],[13.2406564,52.5611606],[13.2406229,52.5611314],[13.2405951,52.5611061],[13.2405762,52.5610748],[13.2405144,52.5609725],[13.2404538,52.5608927],[13.2404066,52.5607845],[13.2403717,52.5607047],[13.2403143,52.5606021],[13.2402978,52.5605025],[13.240206,52.5604164],[13.2402383,52.5603987],[13.2400694,52.5602092],[13.2401001,52.5601849],[13.2398964,52.5600592],[13.239793,52.5600069],[13.2395399,52.5598654],[13.239397,52.5598096],[13.2393074,52.5597755],[13.2392138,52.5596789],[13.2390996,52.5593772],[13.2390581,52.5592406],[13.2388641,52.559181],[13.2386594,52.5591499],[13.2385627,52.5591378],[13.2385367,52.5591422],[13.2385064,52.5591474],[13.2384224,52.5592218],[13.2383952,52.5593096],[13.2383377,52.5594235],[13.2382342,52.5594754],[13.2376565,52.5597295],[13.2363856,52.5601454],[13.2363862,52.5601187],[13.2362237,52.5601755],[13.2362482,52.5602039],[13.2351856,52.5605776],[13.234878,52.560699],[13.234854,52.560707],[13.234547,52.56081],[13.23452,52.560822],[13.234044,52.560993],[13.234032,52.560997],[13.233785,52.561089],[13.233612,52.561157],[13.233538,52.561188],[13.23349,52.561207],[13.233441,52.561226],[13.233431,52.56123],[13.23338,52.561245],[13.233335,52.561264],[13.233259,52.561295],[13.233249,52.561302],[13.233242,52.561306],[13.233207,52.561321],[13.233179,52.561333],[13.233173,52.561337],[13.233165,52.56134],[13.233111,52.561359],[13.233106,52.561363],[13.233077,52.561371],[13.233033,52.56139],[13.233027,52.56139],[13.232978,52.561409],[13.232965,52.561413],[13.232958,52.561417],[13.232895,52.561436],[13.232891,52.561436],[13.232884,52.561436],[13.232807,52.561462],[13.2328,52.561462],[13.232738,52.561485],[13.232732,52.561485],[13.232715,52.561493],[13.232667,52.561504],[13.23266,52.561508],[13.232593,52.561523],[13.232586,52.561527],[13.232519,52.561543],[13.232512,52.561546],[13.232453,52.561562],[13.232438,52.561565],[13.232431,52.561565],[13.232409,52.561573],[13.232357,52.561584],[13.232349,52.561584],[13.232279,52.5616],[13.232272,52.561604],[13.232268,52.561604],[13.232209,52.561615],[13.232194,52.561619],[13.232186,52.561619],[13.232109,52.56163],[13.232089,52.561634],[13.232086,52.561626],[13.232079,52.561623],[13.232044,52.561634],[13.232038,52.561642],[13.23204,52.561646],[13.232043,52.561653],[13.232021,52.561661],[13.231997,52.561665],[13.231984,52.561668],[13.231972,52.561668],[13.231946,52.561672],[13.23193,52.561676],[13.231923,52.561676],[13.231907,52.561676],[13.231845,52.561687],[13.23175,52.561707],[13.231711,52.561707],[13.23166,52.561707],[13.231606,52.561707],[13.231547,52.561703],[13.231487,52.561699],[13.231399,52.561691],[13.231343,52.561684],[13.231329,52.561684],[13.231312,52.56168],[13.231237,52.561672],[13.23123,52.561672],[13.231139,52.561665],[13.231054,52.561661],[13.231046,52.561661],[13.230953,52.561661],[13.23093,52.561657],[13.23091,52.561657],[13.230859,52.561646],[13.230846,52.561646],[13.230815,52.561638],[13.230803,52.561634],[13.230791,52.56163],[13.230773,52.561623],[13.23075,52.561611],[13.23074,52.561604],[13.23073,52.561596],[13.230718,52.561581],[13.230709,52.561565],[13.230705,52.561554],[13.230701,52.561539],[13.2307,52.561535],[13.230696,52.561523],[13.230697,52.561512],[13.2307,52.561497],[13.2307,52.561485],[13.230702,52.561474],[13.2306956,52.5613627],[13.2308871,52.5610669],[13.2311772,52.560799],[13.22611,52.5634],[13.226128,52.563438],[13.226134,52.563457],[13.226135,52.563465],[13.226133,52.563473],[13.226124,52.563488],[13.22611,52.563499],[13.226075,52.563522],[13.226051,52.563541],[13.226042,52.563553],[13.226027,52.563572],[13.226007,52.563602],[13.2258822,52.5636737],[13.2256943,52.5637383],[13.2255292,52.5638256],[13.2253593,52.5638657],[13.2251861,52.563968],[13.2251604,52.5640208],[13.2251522,52.5640941],[13.2251493,52.5641196],[13.2250182,52.5641592],[13.2250111,52.5642104],[13.2251763,52.5644863],[13.2252618,52.5646134],[13.2253164,52.5646951],[13.2253363,52.5647225],[13.2254294,52.5647655],[13.2255358,52.5647939],[13.2257365,52.5648657],[13.2258613,52.5649656],[13.2259402,52.5652541],[13.2259707,52.565326],[13.2259398,52.5655409],[13.2260709,52.5658126],[13.2261984,52.5658748],[13.2263823,52.5659675],[13.2266666,52.5660488],[13.2268554,52.5661096],[13.22698,52.566153],[13.227049,52.5661873],[13.2270929,52.5662305],[13.2270992,52.5662584],[13.227095,52.5662927],[13.2270734,52.5664042],[13.226981,52.5665363],[13.2267479,52.5666862],[13.2262559,52.5670525],[13.2261924,52.5671325],[13.2260534,52.5673075],[13.2259695,52.5674132],[13.225992,52.5674774],[13.2260156,52.5675465],[13.2261815,52.5676754],[13.2261687,52.5677311],[13.2278052,52.5681508],[13.2278117,52.5681044],[13.2278597,52.5680057],[13.2279335,52.5679969],[13.2280255,52.5679876],[13.2287528,52.5680022],[13.2290946,52.5680437],[13.2292349,52.5680607],[13.2298797,52.5682079],[13.2305522,52.5683836],[13.2308407,52.5683919],[13.2310946,52.5684001],[13.2317197,52.5683435],[13.2321296,52.5683072],[13.2324234,52.5682811],[13.2325754,52.5682917],[13.2328373,52.5682759],[13.2330159,52.5682651],[13.2331394,52.5682576],[13.2332921,52.5682484],[13.2333378,52.5682408],[13.2334754,52.5682178],[13.2336462,52.5681893],[13.2337686,52.5681688],[13.2337837,52.5681663],[13.2338982,52.5681296],[13.2339972,52.5680979],[13.234113,52.5680609],[13.2343989,52.5679693],[13.2345829,52.5679104],[13.2346814,52.5678789],[13.2351133,52.5677406],[13.2355715,52.5677321],[13.2355033,52.5678784],[13.2354989,52.5679959],[13.2355988,52.5680589],[13.2357458,52.5681517],[13.2357541,52.5682175],[13.2359939,52.5682404],[13.236159,52.5682561],[13.2363268,52.5682553],[13.2366367,52.5682574],[13.2366542,52.5682598],[13.2369253,52.5682976],[13.2371281,52.5683979],[13.237531,52.5689199],[13.2378156,52.5692888],[13.2378802,52.5693725],[13.2380103,52.5695411],[13.2381506,52.5695025],[13.2383361,52.5697595],[13.2382062,52.5697949],[13.2383934,52.5700375],[13.2389648,52.5710276],[13.2392926,52.5713994],[13.2394233,52.571873],[13.2394367,52.5719214],[13.2395435,52.5723084],[13.239927,52.5728408],[13.2403258,52.573097],[13.2404786,52.5732227],[13.2405,52.5734167],[13.2404105,52.5735921],[13.2404123,52.5738937],[13.240521,52.5741542],[13.2406597,52.5742425],[13.2410698,52.5745924],[13.2415633,52.5748386],[13.241967,52.5749353],[13.2426825,52.5751627],[13.2433103,52.575406],[13.2435015,52.5755389],[13.2436028,52.5755966],[13.2437456,52.5756225],[13.2439251,52.5756337],[13.2440503,52.5756301],[13.244376,52.5756166],[13.2446228,52.575591],[13.2449306,52.575564],[13.2449508,52.5755979],[13.2449671,52.575599],[13.2451497,52.5755699],[13.2451458,52.5755548],[13.2452826,52.5755305],[13.245346,52.5755356],[13.2453749,52.5755451],[13.2453891,52.5755526],[13.2453973,52.5755617],[13.245402,52.5755692],[13.2453956,52.5755929],[13.245363,52.5756054],[13.2452475,52.5756496],[13.2452791,52.5756875],[13.2452978,52.5757113],[13.2455275,52.5756501],[13.2456038,52.5756656],[13.2456344,52.5757049],[13.2456354,52.5757495],[13.245534,52.5758493],[13.2454518,52.5759905],[13.2454158,52.5760949],[13.245408,52.5761945],[13.2453769,52.5763777],[13.2453425,52.5765498],[13.2452395,52.5769045],[13.2452726,52.5770795],[13.2452608,52.5772435],[13.2452754,52.5773821],[13.2452916,52.5774525],[13.2453132,52.5775182],[13.2453579,52.5776224],[13.2454168,52.5776775],[13.2455111,52.5777039],[13.2455556,52.577757],[13.2455747,52.5778567],[13.2455936,52.5779358],[13.2456146,52.5779732],[13.2456354,52.5780101],[13.245683,52.5780484],[13.2457374,52.5780887],[13.2458563,52.5782818],[13.2460239,52.5785539],[13.2462041,52.5787957],[13.2462438,52.5788604],[13.2465785,52.5790481],[13.246746,52.5792246],[13.2466842,52.5793933],[13.2467625,52.5793973],[13.2468418,52.5794376],[13.2468747,52.5796262],[13.2471107,52.5799296],[13.2473681,52.5799713],[13.2475398,52.5800808],[13.2474797,52.5801643],[13.2474371,52.5802359],[13.2474846,52.580329],[13.2475611,52.5803949],[13.2480816,52.5805247],[13.2486786,52.5806641],[13.2493881,52.5809755],[13.2496787,52.5810821],[13.25,52.5814845],[13.2504057,52.5817625],[13.2508442,52.581974],[13.2511157,52.5820519],[13.2513897,52.5821608],[13.251715,52.5823547],[13.2522187,52.5824962],[13.2526576,52.582613],[13.2529255,52.5826437],[13.2531593,52.5826078],[13.2535067,52.5826237],[13.2538104,52.5827788],[13.2540494,52.5828453],[13.2547108,52.5829097],[13.2550455,52.5830818],[13.2554887,52.5834053],[13.2557836,52.583706],[13.2558423,52.5837822],[13.2558762,52.5838729],[13.2558963,52.5840147],[13.255774,52.5843284],[13.2555476,52.5849868],[13.255548,52.5849961],[13.2555519,52.58509],[13.2555468,52.585108],[13.2555146,52.5852207],[13.2554935,52.5852375],[13.2554547,52.5852683],[13.255306,52.5853273],[13.2553126,52.5854033],[13.2553342,52.5854827],[13.2553742,52.5855422],[13.2554587,52.5856175],[13.255513,52.5857707],[13.2555037,52.5858607],[13.2554222,52.5860461],[13.2553998,52.5862218],[13.2554615,52.5863174],[13.2555421,52.5863643],[13.2556544,52.5865268],[13.2558982,52.5866042],[13.2560832,52.586698],[13.2562145,52.5867522],[13.2569168,52.5869273],[13.2571359,52.5869831],[13.2572675,52.5870007],[13.2573828,52.5869979],[13.2576268,52.5869319],[13.2576327,52.5868342],[13.2576706,52.5867661],[13.2578225,52.5866951],[13.25815,52.5865773],[13.2584962,52.5865957],[13.2586107,52.5865815],[13.2587813,52.5865387],[13.2588754,52.5864608],[13.2588805,52.5863915],[13.2588285,52.5863351],[13.2587039,52.5862587],[13.2585674,52.5861383],[13.2585156,52.5860802],[13.2584775,52.5859336],[13.2584437,52.5858891],[13.2583442,52.5858286],[13.2582377,52.5857827],[13.2581945,52.5857752],[13.2581581,52.5857447],[13.2581577,52.5857035],[13.2581814,52.5856262],[13.2581299,52.5855828],[13.2580749,52.5855702],[13.2580207,52.5855177],[13.2579228,52.5853282],[13.2579057,52.5851935],[13.257963,52.5850767],[13.2580761,52.5849598],[13.2582276,52.5848915],[13.2589375,52.5847282],[13.2594947,52.5846221],[13.2596819,52.5846177],[13.2598843,52.5847107],[13.2600359,52.5848402],[13.2602047,52.5848892],[13.2603438,52.5849694],[13.260376,52.5850337],[13.2603391,52.5851023],[13.2602147,52.5852219],[13.2600414,52.5854402],[13.2599893,52.585699],[13.2600502,52.58591],[13.2601873,52.5862016],[13.2603659,52.5865101],[13.2605419,52.5868096],[13.2609395,52.5872014],[13.2612951,52.5875229],[13.2617073,52.5878062],[13.2621685,52.5883139],[13.2621638,52.5884809],[13.2619803,52.5885379],[13.2661147,52.5894156],[13.2663485,52.5893854],[13.266949,52.5892375],[13.2670791,52.589237],[13.2677159,52.5894236],[13.2679193,52.5894631],[13.2679601,52.5894693],[13.268168,52.5894625],[13.2685378,52.5895229],[13.2686953,52.5895088],[13.2688959,52.5894698],[13.2689736,52.5894676],[13.2691052,52.5894641],[13.2691207,52.5894637],[13.2693093,52.5894589],[13.269514,52.5894563],[13.2696649,52.5894555],[13.2701248,52.5896355],[13.2701524,52.5896504],[13.2701657,52.589662],[13.2701697,52.5896729],[13.2701709,52.5896872],[13.2701777,52.589699],[13.2701912,52.5897122],[13.2702488,52.5897469],[13.2706263,52.5899248],[13.2707186,52.5899371],[13.2708055,52.5899145],[13.270905,52.5899068],[13.2709473,52.5898868],[13.2709998,52.589862],[13.2711589,52.5897574],[13.2713976,52.5896238],[13.2709955,52.5895087],[13.2709115,52.5894841],[13.2708741,52.5894588],[13.2708684,52.5894288],[13.2708791,52.5894067],[13.2709038,52.5893891],[13.2711762,52.5892589],[13.2716368,52.5890388],[13.2717894,52.5889787],[13.2721928,52.589276],[13.272299,52.5892869],[13.2724398,52.5892306],[13.2720605,52.5889248]],[[13.2531514,52.5670824],[13.2531098,52.5672859],[13.2531488,52.5673584],[13.253281,52.5674361],[13.2533851,52.5675073],[13.2533764,52.5675521],[13.2532919,52.5675797],[13.2532832,52.5676034],[13.2533721,52.5676417],[13.2535043,52.5677194],[13.2535192,52.5677603],[13.2535319,52.567795],[13.2536268,52.5680544],[13.2536158,52.5683457],[13.2534541,52.5683979],[13.2532344,52.5684687],[13.2531885,52.5684755],[13.2528646,52.5685237],[13.2527503,52.5685407],[13.2524598,52.5685511],[13.2523234,52.5685559],[13.2520174,52.5684846],[13.2518232,52.5684394],[13.2516553,52.5682934],[13.2513561,52.5683519],[13.2510641,52.5682447],[13.2510005,52.5681038],[13.2509913,52.5679908],[13.2510049,52.5678343],[13.2511384,52.5677288],[13.2511677,52.5675267],[13.2511102,52.5671023],[13.2509658,52.5667053],[13.2512564,52.5661672],[13.2515787,52.565857],[13.2518929,52.5656786],[13.2521673,52.5657068],[13.2524737,52.5658418],[13.2527003,52.5658575],[13.2529896,52.5660179],[13.2527587,52.5660752],[13.2525155,52.5660958],[13.2524206,52.5661649],[13.2525288,52.5663701],[13.2527153,52.5664322],[13.2526784,52.566515],[13.252609,52.5665598],[13.2526263,52.5665862],[13.2528707,52.5666748],[13.2530047,52.5666376],[13.2531656,52.5667346],[13.2532793,52.56669],[13.2533265,52.566602],[13.2534463,52.5665934],[13.2535688,52.5667145],[13.2535434,52.5667469],[13.2534393,52.5667799],[13.2532008,52.566967],[13.2531514,52.5670824]],[[13.2647836,52.5850963],[13.2649809,52.5850344],[13.2647271,52.5849598],[13.2647745,52.5848781],[13.2648936,52.5848565],[13.2651438,52.5849492],[13.2655222,52.5848278],[13.2654175,52.5848063],[13.2654669,52.5847362],[13.2655631,52.5847162],[13.2657433,52.5847381],[13.2657802,52.5846745],[13.2658406,52.5846377],[13.2659291,52.58464],[13.2659176,52.5845758],[13.2658403,52.5845278],[13.2658772,52.5844597],[13.2660454,52.5844381],[13.2660389,52.584497],[13.2661519,52.5845614],[13.2662381,52.5845409],[13.2663346,52.5844975],[13.26621,52.5844328],[13.2662763,52.5843261],[13.2663861,52.5843071],[13.266497,52.5842974],[13.2665754,52.5842998],[13.26664,52.5843765],[13.2667029,52.584398],[13.2667465,52.5842779],[13.2668542,52.584271],[13.2669743,52.5843523],[13.267205,52.5843767],[13.2673524,52.5844214],[13.2675056,52.5843606],[13.2675566,52.5844935],[13.267723,52.5845461],[13.2677917,52.5846296],[13.2675771,52.5848016],[13.267401,52.5848243],[13.2672338,52.5848016],[13.2670621,52.5847495],[13.266954,52.5848323],[13.2667122,52.5848759],[13.2665737,52.5850686],[13.2662038,52.5851928],[13.2660879,52.5852454],[13.2660192,52.585222],[13.2658378,52.5852788],[13.2657918,52.5853649],[13.2655,52.5854327],[13.2652425,52.5855265],[13.2651566,52.5856256],[13.2650622,52.5856621],[13.2649249,52.585636],[13.2647618,52.5856204],[13.2644013,52.5856986],[13.2642125,52.5858342],[13.2638174,52.58595],[13.2637002,52.5859298],[13.26363,52.5858652],[13.2636718,52.5857508],[13.2638349,52.5856517],[13.2639636,52.5855109],[13.2640237,52.5854066],[13.2642039,52.5853753],[13.2643327,52.5852866],[13.2644013,52.5851458],[13.2645644,52.5850937],[13.2647053,52.5850365],[13.2647836,52.5850963]],[[13.2518654,52.5774722],[13.2518332,52.5774363],[13.2518265,52.5774127],[13.2518251,52.5773874],[13.2518345,52.5773621],[13.2518533,52.5773393],[13.2518788,52.5773198],[13.251923,52.5772782],[13.2519566,52.5772334],[13.2519847,52.5772146],[13.2520062,52.5771934],[13.2520182,52.577169],[13.252041,52.5771494],[13.2520826,52.5771062],[13.2521403,52.5770712],[13.2521497,52.5770602],[13.2521644,52.5770516],[13.2522503,52.5770117],[13.2523468,52.5769848],[13.2524052,52.5769722],[13.2524179,52.576962],[13.252438,52.5769392],[13.2524702,52.5769229],[13.2525131,52.5769188],[13.2525909,52.5769009],[13.25267,52.5768878],[13.2527545,52.5768813],[13.2527894,52.5768675],[13.2528135,52.5768471],[13.2528886,52.5768243],[13.2529275,52.5768186],[13.252961,52.5768055],[13.2530174,52.5767705],[13.2530428,52.5767509],[13.2530643,52.5767297],[13.2530898,52.5767102],[13.2531233,52.5766955],[13.2531635,52.5766882],[13.253248,52.5766947],[13.2532896,52.576702],[13.2534036,52.5767322],[13.2534371,52.576746],[13.2534666,52.5767623],[13.2535243,52.57683],[13.2535565,52.5768756],[13.2535659,52.576927],[13.2535847,52.576949],[13.2535954,52.5769718],[13.25359,52.576997],[13.2535793,52.5770337],[13.2535565,52.577081],[13.2535337,52.5771274],[13.2535136,52.5772],[13.2534881,52.5772472],[13.2534693,52.5772692],[13.253421,52.5773067],[13.2533017,52.5773711],[13.2532668,52.5773833],[13.2531582,52.5774168],[13.2530335,52.5774322],[13.2529476,52.5774412],[13.2529101,52.5774502],[13.2527961,52.577473],[13.252615,52.5775235],[13.2525775,52.5775292],[13.2523361,52.5775276],[13.2521322,52.5775154],[13.2520933,52.5775113],[13.2520129,52.577508],[13.2519767,52.5774999],[13.2518654,52.5774722]],[[13.2399669,52.5645022],[13.240675,52.5648413],[13.2401814,52.5654413],[13.2396665,52.565337],[13.2384648,52.5648674],[13.2379292,52.5648909],[13.2373919,52.5648544],[13.2364214,52.564722],[13.2363553,52.5646587],[13.236202,52.564617],[13.2361298,52.5646053],[13.2360605,52.5646088],[13.2360146,52.5646501],[13.2356794,52.5647194],[13.2353448,52.5647343],[13.2351926,52.5647591],[13.2346025,52.5648674],[13.2336369,52.5654022],[13.2329931,52.5658196],[13.2321562,52.5662027],[13.2316842,52.5660837],[13.2310079,52.5658891],[13.2310565,52.5658311],[13.2306908,52.5655911],[13.2302012,52.5654275],[13.2301475,52.5654185],[13.2297397,52.5653439],[13.2293668,52.5652457],[13.2292717,52.5651416],[13.2292685,52.5650057],[13.2293259,52.564784],[13.229331,52.5647689],[13.2293362,52.5647612],[13.2295384,52.5644631],[13.2296457,52.5639544],[13.2293489,52.5637329],[13.2291093,52.5635109],[13.2291302,52.5634054],[13.2292202,52.5633086],[13.2294389,52.5632568],[13.2295049,52.5632089],[13.2296274,52.5631619],[13.2301822,52.5631973],[13.2303757,52.5632383],[13.2304599,52.5632248],[13.2306154,52.5632],[13.230783,52.5631717],[13.2316517,52.5629961],[13.2320588,52.563057],[13.2323815,52.5632602],[13.2324834,52.5632551],[13.2327163,52.5633075],[13.2333364,52.56325],[13.2345595,52.5630413],[13.2355055,52.5633247],[13.2363031,52.5634943],[13.2365532,52.5638283],[13.2374563,52.56385],[13.238143,52.5639283],[13.2393017,52.5639152],[13.2398381,52.5641239],[13.2399669,52.5645022]],[[13.2391562,52.5630469],[13.2375675,52.5629918],[13.2372566,52.5628692],[13.23718,52.5628671],[13.2369507,52.5628607],[13.2366354,52.5628176],[13.2364397,52.5627909],[13.2363862,52.5627836],[13.2363462,52.5627781],[13.2362882,52.5627693],[13.2362163,52.5627583],[13.2355306,52.5626536],[13.2353749,52.5625813],[13.2352357,52.5625165],[13.2351121,52.5623575],[13.2348529,52.5622449],[13.2346373,52.5621876],[13.2344973,52.5620771],[13.2344166,52.5618867],[13.2343841,52.5618101],[13.2343756,52.56179],[13.2343468,52.5617221],[13.234311,52.5616374],[13.2342984,52.5616078],[13.2341181,52.5615955],[13.2341321,52.5613952],[13.2345677,52.5612839],[13.2350528,52.5613359],[13.2352473,52.5613391],[13.2355554,52.5613731],[13.2357107,52.5613743],[13.2359297,52.561376],[13.2361002,52.5613547],[13.2361417,52.5613531],[13.2362026,52.5613507],[13.236329,52.5613498],[13.2366471,52.561338],[13.2367508,52.5613387],[13.236874,52.5613395],[13.2369045,52.561298],[13.2369453,52.5612991],[13.2370176,52.5612966],[13.237135,52.5612883],[13.2374584,52.5612225],[13.2375254,52.5612154],[13.2376896,52.5611979],[13.2378859,52.561177],[13.2379968,52.5612516],[13.2382106,52.5613953],[13.2384229,52.5615379],[13.2385169,52.5616011],[13.2386855,52.5617145],[13.2387293,52.5617439],[13.2387502,52.561758],[13.238771,52.5617778],[13.2387878,52.5617939],[13.2388087,52.5618138],[13.2388479,52.5618512],[13.2389293,52.5619288],[13.2389834,52.5619804],[13.2390249,52.56202],[13.239055,52.5620534],[13.2390839,52.5620853],[13.2391062,52.56211],[13.2391569,52.5621661],[13.2391837,52.5621958],[13.2391917,52.5622001],[13.2392302,52.5622207],[13.2393056,52.5622611],[13.2393306,52.5622745],[13.2394785,52.5623135],[13.2395199,52.5623244],[13.239617,52.56235],[13.2396533,52.5623595],[13.2400775,52.5625976],[13.2402995,52.5627331],[13.240015,52.5628119],[13.2398906,52.562847],[13.2397792,52.5628807],[13.2394078,52.5629691],[13.2392608,52.5630146],[13.2391562,52.5630469]],[[13.2430519,52.566591],[13.2427778,52.5665239],[13.242558,52.5663792],[13.2421634,52.5662419],[13.2419985,52.5660015],[13.2418917,52.5658125],[13.2415977,52.5652457],[13.2416191,52.5646196],[13.2423916,52.5642935],[13.2429491,52.5641076],[13.2435889,52.5640855],[13.2437984,52.564252],[13.2441511,52.5644631],[13.2449021,52.56475],[13.2454992,52.5648811],[13.2458837,52.5649656],[13.2460912,52.5648458],[13.2464906,52.5649271],[13.2461252,52.5655196],[13.2457272,52.5660264],[13.2448807,52.5664587],[13.243722,52.566563],[13.2436412,52.566574],[13.2434967,52.5665938],[13.2430519,52.566591]],[[13.2465891,52.5750913],[13.2466056,52.5750081],[13.2465711,52.574951],[13.2464652,52.5749061],[13.2461349,52.5747963],[13.246041,52.5747037],[13.2459408,52.5747037],[13.2456591,52.5746225],[13.2455132,52.5745235],[13.2454707,52.5744435],[13.2455456,52.5743379],[13.2455309,52.5743119],[13.2455068,52.5742892],[13.2454481,52.57429],[13.2453853,52.5742965],[13.2453426,52.5742575],[13.2453065,52.5742299],[13.2452745,52.5741625],[13.245221,52.5740741],[13.2451035,52.5739734],[13.2450585,52.5739416],[13.2450065,52.573911],[13.2449413,52.5738714],[13.2448708,52.5738254],[13.2447587,52.5737715],[13.24473,52.5737334],[13.24467,52.5737334],[13.2446152,52.5738143],[13.2445682,52.5738587],[13.2445082,52.5738587],[13.2443416,52.5737779],[13.2441456,52.5736986],[13.2440283,52.5735765],[13.2439994,52.573461],[13.2440438,52.5731491],[13.2429953,52.5714795],[13.2429866,52.5713712],[13.2430657,52.5713448],[13.2431492,52.571313],[13.2432039,52.5712623],[13.2431674,52.5712243],[13.2431153,52.5711926],[13.2431674,52.5711371],[13.2433396,52.5709135],[13.2433786,52.5707104],[13.2427814,52.5698275],[13.242382,52.5694647],[13.2420692,52.5693903],[13.2413649,52.5691299],[13.2412423,52.5689824],[13.2411801,52.5688198],[13.2410983,52.5686565],[13.2412475,52.5685892],[13.2412632,52.5685163],[13.2412786,52.5684426],[13.2411241,52.5683278],[13.2410726,52.5681296],[13.2411584,52.5679365],[13.2412032,52.5678266],[13.2412804,52.5677703],[13.2413888,52.5677792],[13.2414249,52.5678202],[13.2414953,52.5678456],[13.2415605,52.5678202],[13.2416075,52.5677647],[13.2416734,52.5677487],[13.2417562,52.5677219],[13.2417797,52.5676728],[13.2418737,52.5675994],[13.2420536,52.5675507],[13.2422538,52.5675293],[13.2425293,52.567569],[13.2426822,52.5676426],[13.2428738,52.5677458],[13.2431243,52.5678038],[13.2434234,52.5677641],[13.2434937,52.5677685],[13.2435167,52.5678426],[13.243498,52.5678958],[13.2434048,52.5679717],[13.243333,52.5680938],[13.2433202,52.5682055],[13.2433928,52.5683032],[13.2435526,52.5683376],[13.2436704,52.5683287],[13.2437349,52.5682881],[13.2437213,52.5680423],[13.2436372,52.5678705],[13.2436315,52.5678165],[13.2436286,52.5677606],[13.2438137,52.5677118],[13.2440562,52.5677083],[13.2443203,52.5677083],[13.2444789,52.5676627],[13.2446667,52.5675285],[13.2446962,52.5674126],[13.2448282,52.5672678],[13.2449875,52.567178],[13.2451023,52.5671309],[13.2451897,52.5671052],[13.2453075,52.5670568],[13.2454171,52.5670717],[13.2455845,52.5671387],[13.2457509,52.5672207],[13.2458356,52.5673568],[13.2460365,52.5674187],[13.2462646,52.5674501],[13.2464957,52.5674527],[13.2466552,52.5674059],[13.2466679,52.5674022],[13.2467569,52.5674182],[13.2467984,52.5674257],[13.2469161,52.5674859],[13.2470797,52.5675614],[13.2471285,52.5676071],[13.2468645,52.5677694],[13.2467733,52.567818],[13.2467741,52.5678592],[13.2467337,52.5679395],[13.246787,52.5680249],[13.2468616,52.5681775],[13.2468071,52.5684218],[13.2468274,52.5686064],[13.2469419,52.568748],[13.2470754,52.5689459],[13.2471328,52.569171],[13.2472002,52.5693594],[13.2470984,52.569471],[13.2469922,52.5696507],[13.2469348,52.5698844],[13.2469549,52.5700344],[13.2471199,52.570112],[13.2471248,52.5703145],[13.2468762,52.5711017],[13.2466657,52.5715931],[13.2462381,52.573177],[13.246769,52.5736838],[13.2477108,52.573991],[13.2487095,52.5740989],[13.2490028,52.5742232],[13.2491196,52.574405],[13.2491078,52.5750531],[13.2484212,52.5758746],[13.2482573,52.5759833],[13.2480319,52.5760683],[13.2477775,52.5760963],[13.2475373,52.5760746],[13.2472955,52.5760263],[13.2471324,52.5759516],[13.2470114,52.5758489],[13.2468977,52.5756659],[13.2468382,52.5755179],[13.2468465,52.5754672],[13.246905,52.5754164],[13.2468778,52.575334],[13.2467347,52.5752244],[13.2465891,52.5750913]]]]}},{"type":"Feature","properties":{"key":"kleiner-wannsee","id":"way/4423275","tags":{"water":"lake","wikidata":"Q453692","wikimedia_commons":"Category:Kleiner Wannsee","wikipedia":"de:Kleiner Wannsee","osm_way_id":"4423275","name":"Kleiner Wannsee","natural":"water"}},"geometry":{"type":"MultiPolygon","coordinates":[[[[13.1540179,52.4122683],[13.1540626,52.4123879],[13.1543291,52.4126335],[13.154383,52.4129165],[13.1544542,52.4130071],[13.1544865,52.4132987],[13.1544871,52.4134013],[13.1544558,52.4136406],[13.1544287,52.4138502],[13.1543796,52.4140703],[13.1543767,52.4140832],[13.1544123,52.4142536],[13.1545062,52.4147033],[13.1547882,52.4149511],[13.1549419,52.4150274],[13.1551926,52.4151567],[13.15562,52.4152678],[13.155709,52.415291],[13.1557794,52.4153093],[13.1561458,52.4154046],[13.1565834,52.4155398],[13.1568842,52.4157418],[13.1573923,52.4158434],[13.1575543,52.4158758],[13.1575245,52.4159223],[13.1575968,52.4159325],[13.1576262,52.4158871],[13.1576365,52.4158519],[13.1577256,52.4158736],[13.1577723,52.4159379],[13.1577753,52.4160036],[13.1577949,52.4160653],[13.1578279,52.4161025],[13.1580531,52.4161473],[13.1582732,52.4162045],[13.1588098,52.4163607],[13.1593775,52.4164772],[13.1594665,52.4164541],[13.1600624,52.4164918],[13.1600763,52.4164442],[13.160101,52.4164456],[13.160125,52.416447],[13.1601089,52.4165396],[13.1606699,52.4165762],[13.1614114,52.4166245],[13.1616659,52.4166475],[13.1620463,52.4166819],[13.1623388,52.4167135],[13.1624593,52.4167962],[13.1625709,52.4169068],[13.1628439,52.4169947],[13.1630157,52.4170377],[13.1632073,52.4170999],[13.1634826,52.4171384],[13.1635363,52.4171762],[13.1635263,52.417189],[13.1634629,52.4172695],[13.1634972,52.417291],[13.1635882,52.417287],[13.1636762,52.4173379],[13.1637559,52.41734],[13.1637925,52.4173585],[13.1638709,52.4174156],[13.1638467,52.4174385],[13.1639501,52.4175352],[13.1642212,52.4175806],[13.1643729,52.4176219],[13.1646061,52.4177274],[13.164848,52.4178113],[13.1650704,52.417878],[13.1655149,52.4180113],[13.1655688,52.4180297],[13.1656089,52.4181443],[13.1656889,52.4182535],[13.1658086,52.4184131],[13.1659785,52.4185465],[13.1662453,52.4186673],[13.1662945,52.4186896],[13.1666475,52.4187998],[13.1670509,52.418933],[13.1671391,52.4189659],[13.167411,52.4190673],[13.1674252,52.4190721],[13.1675468,52.4191127],[13.16789,52.4192275],[13.1680026,52.4192651],[13.1681825,52.4193176],[13.1689193,52.4197656],[13.1691062,52.4198407],[13.1694873,52.4199933],[13.1696013,52.4200396],[13.169703,52.4201016],[13.1697446,52.4201266],[13.1698754,52.4201871],[13.1699366,52.420235],[13.1701518,52.420317],[13.17031,52.420382],[13.1705075,52.4204387],[13.1706615,52.4204738],[13.1708371,52.4205136],[13.1709946,52.4205526],[13.1711755,52.4206282],[13.1712563,52.4206812],[13.1716126,52.4206622],[13.1716396,52.4205305],[13.1717975,52.420427],[13.172518,52.4203476],[13.1726549,52.4203501],[13.1728092,52.4203668],[13.1728926,52.4203728],[13.1738099,52.4201214],[13.173722,52.4198742],[13.1736496,52.41988],[13.173385,52.4198877],[13.1733812,52.4198578],[13.1731859,52.4198666],[13.1728234,52.419878],[13.1727818,52.4198772],[13.1727237,52.4198762],[13.1727245,52.419803],[13.1724201,52.4198274],[13.1723581,52.4198133],[13.1722433,52.4197806],[13.1721052,52.41975],[13.1715054,52.4193216],[13.1714365,52.4193156],[13.1713696,52.4192892],[13.1712339,52.419231],[13.1711656,52.4192121],[13.1711302,52.4191953],[13.1711014,52.4191766],[13.1710601,52.4191612],[13.1707239,52.4189913],[13.1706936,52.4189664],[13.1706619,52.41893],[13.1706061,52.4188968],[13.170473,52.4188292],[13.1704788,52.4188236],[13.1702847,52.4187232],[13.170042,52.418588],[13.1698456,52.4185238],[13.169852,52.4185111],[13.169637,52.4184061],[13.1693488,52.418306],[13.1692424,52.4182691],[13.1691814,52.4182347],[13.1690696,52.4181715],[13.1687634,52.4180184],[13.168739,52.4179812],[13.1686903,52.4179528],[13.1685641,52.4178791],[13.1685224,52.4178524],[13.1682642,52.417687],[13.1681154,52.4176277],[13.1678314,52.4175145],[13.1677818,52.4175014],[13.1674618,52.4174166],[13.1669711,52.4173741],[13.1668626,52.4172948],[13.1667977,52.4172547],[13.1667199,52.4172066],[13.1666446,52.4172131],[13.1664333,52.4172966],[13.1663504,52.4173342],[13.1661559,52.4173408],[13.1657716,52.4171759],[13.1653864,52.4171354],[13.1652382,52.417115],[13.1649811,52.4170637],[13.1647542,52.4170129],[13.164579,52.4168996],[13.1643577,52.4168065],[13.1642608,52.4167689],[13.1641915,52.4168055],[13.1640755,52.4167766],[13.1640893,52.4167489],[13.1641293,52.4167561],[13.1641578,52.4167092],[13.1637786,52.4166139],[13.1637641,52.4166213],[13.1637236,52.4166089],[13.1635348,52.4165514],[13.1631892,52.4163073],[13.163113,52.416203],[13.1629384,52.416014],[13.1627031,52.4158371],[13.1627166,52.4157501],[13.1626213,52.4157037],[13.162352,52.4156494],[13.1623542,52.4156308],[13.161972,52.415588],[13.161776,52.4155765],[13.161742,52.4156026],[13.161683,52.4156727],[13.161667,52.4156764],[13.1616006,52.4156616],[13.1616178,52.415626],[13.1615442,52.4156103],[13.1614778,52.415681],[13.1613926,52.4156934],[13.161246,52.4157583],[13.1610509,52.4157403],[13.160911,52.415876],[13.1608228,52.4159216],[13.1607281,52.4159382],[13.1606203,52.4159416],[13.160533,52.4159174],[13.1604545,52.4158699],[13.1603728,52.4157832],[13.1603027,52.4156852],[13.1602122,52.4156347],[13.1601371,52.4155928],[13.1600859,52.4155805],[13.1597453,52.4154006],[13.1597009,52.4153772],[13.1596618,52.4153596],[13.1596016,52.4153325],[13.1593457,52.4152801],[13.1592047,52.4152512],[13.1589878,52.4152067],[13.1589137,52.4151916],[13.1587977,52.4151678],[13.1587749,52.4151584],[13.1581732,52.4148548],[13.158116,52.4147941],[13.1578648,52.4146841],[13.1576397,52.4145729],[13.1573501,52.4144292],[13.1569662,52.4142487],[13.1565602,52.4140715],[13.1564855,52.413988],[13.1564421,52.4139253],[13.1560401,52.4135435],[13.1558923,52.4134721],[13.1557252,52.4132468],[13.1554687,52.4126245],[13.1551902,52.4121859],[13.1550162,52.4120438],[13.1545979,52.4118182],[13.1545497,52.4116145],[13.1544912,52.411526],[13.1543638,52.4114804],[13.1539744,52.4121522],[13.1540179,52.4122683]]]]}},{"type":"Feature","properties":{"key":"grosser-wannsee","id":"way/4436463","tags":{"TMC:cid_58:tabcd_1:Class":"Area","TMC:cid_58:tabcd_1:LCLversion":"9.00","TMC:cid_58:tabcd_1:LocationCode":"32652","boat":"yes","water":"lake","wikidata":"Q3908364","wikimedia_commons":"Category:Gro\u00dfer Wannsee","wikipedia":"de:Gro\u00dfer Wannsee","osm_way_id":"4436463","name":"Gro\u00dfer Wannsee","natural":"water"}},"geometry":{"type":"MultiPolygon","coordinates":[[[[13.1675252,52.4327213],[13.1771996,52.4350086],[13.1772775,52.434949],[13.1774136,52.4348326],[13.1775055,52.4347014],[13.1775842,52.4346112],[13.177576,52.4345338],[13.17809,52.4345136],[13.1785317,52.4344962],[13.1787614,52.4344567],[13.1789803,52.4343815],[13.1791638,52.4342933],[13.1792456,52.4342334],[13.1792096,52.4342038],[13.1792103,52.4341799],[13.1792481,52.4341679],[13.1793068,52.4341756],[13.1793347,52.4341072],[13.1793168,52.4340577],[13.1793249,52.4340473],[13.1793649,52.4339957],[13.1794411,52.4339812],[13.1795014,52.4340245],[13.1795537,52.4340168],[13.179766,52.4339129],[13.1799948,52.4337788],[13.1801074,52.4336798],[13.1800781,52.4336465],[13.1801017,52.4336162],[13.1801546,52.4336098],[13.1801882,52.4336173],[13.1802103,52.4336091],[13.1803075,52.4335083],[13.1802646,52.4334838],[13.1802418,52.4334445],[13.1802592,52.4334093],[13.1802981,52.4333905],[13.1803491,52.4333922],[13.1804014,52.4333578],[13.1804429,52.4333497],[13.1804926,52.4333546],[13.1806632,52.4331871],[13.1807682,52.4330609],[13.1808569,52.4329006],[13.1808577,52.432871],[13.1808588,52.4328289],[13.1808605,52.4327625],[13.1810012,52.4327723],[13.1810448,52.4327538],[13.1810767,52.4327402],[13.1810924,52.4327335],[13.1811178,52.4327267],[13.1812607,52.4326884],[13.1816383,52.4326895],[13.1816871,52.4326759],[13.1817135,52.4326678],[13.1818299,52.4326297],[13.1819438,52.4325819],[13.1819803,52.4325653],[13.1821084,52.4325068],[13.1822328,52.4324304],[13.1822613,52.4324069],[13.1823811,52.4322751],[13.1824553,52.4322829],[13.1824925,52.4322076],[13.1825113,52.4321696],[13.1824343,52.4321633],[13.1824175,52.4320948],[13.1824214,52.4320213],[13.1825123,52.432025],[13.1825606,52.4319445],[13.1825174,52.4319379],[13.1825294,52.4319213],[13.182862,52.4319607],[13.1828553,52.4319813],[13.183029,52.43203],[13.1830745,52.4320629],[13.1831842,52.431842],[13.1832058,52.4317984],[13.1833462,52.4315155],[13.1833623,52.4309691],[13.1832496,52.4304292],[13.1831483,52.4301739],[13.1830834,52.4300813],[13.1830603,52.4300483],[13.182928,52.4298557],[13.1828667,52.429799],[13.1826768,52.429574],[13.1826522,52.4295448],[13.182583,52.4294682],[13.182525,52.4294044],[13.1825004,52.4293773],[13.1824794,52.4293541],[13.1823925,52.4292604],[13.1823047,52.4291584],[13.1820639,52.4288834],[13.1819907,52.4288233],[13.1804794,52.4271194],[13.1795569,52.4261043],[13.1789937,52.4255104],[13.1788837,52.4253817],[13.1783697,52.4248363],[13.1779842,52.4244262],[13.1779161,52.4243458],[13.1776824,52.4240703],[13.1773607,52.4236372],[13.1773034,52.4235631],[13.1770084,52.4231822],[13.1766592,52.4227597],[13.1766483,52.4227689],[13.1765855,52.4227634],[13.1764752,52.4226355],[13.1764643,52.4226228],[13.1764551,52.4226122],[13.1764011,52.4225495],[13.1763034,52.4224343],[13.1762938,52.4224235],[13.1762846,52.422413],[13.1762204,52.4223417],[13.1762479,52.4222959],[13.1761358,52.4221851],[13.1761133,52.4221629],[13.1759558,52.4220104],[13.1759062,52.4220079],[13.1758338,52.4219418],[13.1758154,52.421924],[13.1757932,52.4219024],[13.1757205,52.421831],[13.1757436,52.4218009],[13.175524,52.4215897],[13.1755146,52.4215814],[13.1755045,52.421572],[13.1754246,52.4214912],[13.175372,52.4214923],[13.1752423,52.4213667],[13.175261,52.4213362],[13.1752528,52.4213251],[13.1751963,52.4212716],[13.1751852,52.4212634],[13.1751737,52.4212527],[13.1751615,52.4212414],[13.1751492,52.4212324],[13.1751304,52.421221],[13.1748523,52.4210649],[13.1746555,52.4209551],[13.1745964,52.4209078],[13.1744685,52.4208392],[13.1742231,52.4208128],[13.1740461,52.4208423],[13.1739352,52.4208564],[13.1738078,52.4208752],[13.173736,52.420918],[13.1735566,52.4209601],[13.1733904,52.4209992],[13.1731339,52.4210667],[13.1730398,52.4210915],[13.172907,52.4211509],[13.1727625,52.4211887],[13.172673,52.4212021],[13.1726221,52.4212274],[13.1726146,52.4212614],[13.1724727,52.4213371],[13.1723604,52.4213909],[13.1722598,52.4214042],[13.1721599,52.4214042],[13.1720776,52.421412],[13.1719618,52.4213804],[13.1718697,52.4213182],[13.1718006,52.4212262],[13.1716675,52.4210776],[13.1716585,52.4209335],[13.1716126,52.4206622],[13.1712563,52.4206812],[13.1712996,52.4209527],[13.1713169,52.4210228],[13.1713109,52.4211058],[13.1712432,52.4212724],[13.1711961,52.4213446],[13.1711483,52.4213929],[13.1711356,52.4214057],[13.1709898,52.4214459],[13.170972,52.4214587],[13.1709456,52.4214778],[13.1707526,52.4215184],[13.1706998,52.4215087],[13.1706471,52.4215176],[13.1703061,52.4215766],[13.1702121,52.4215929],[13.169938,52.4216402],[13.1697442,52.4216732],[13.1695306,52.4217096],[13.1691605,52.4217713],[13.1688319,52.4218347],[13.1685293,52.4218853],[13.167964,52.4219808],[13.1679133,52.4219915],[13.1675922,52.4220464],[13.1673972,52.4220895],[13.1672492,52.4221365],[13.1669477,52.4222012],[13.1664448,52.4222936],[13.1662506,52.4223309],[13.1661986,52.4223428],[13.165889,52.4224068],[13.1658577,52.4224143],[13.1657729,52.4224364],[13.1654537,52.4224552],[13.1657192,52.4223867],[13.1656421,52.4223723],[13.1656028,52.4223831],[13.1654977,52.4224089],[13.1653457,52.4224529],[13.1650899,52.4225137],[13.1649516,52.4225474],[13.164568,52.4226981],[13.1644889,52.4227342],[13.1641474,52.4228566],[13.1639076,52.4229449],[13.1637845,52.4229916],[13.1637474,52.423004],[13.1636063,52.4230718],[13.1634346,52.4231543],[13.1632517,52.4232555],[13.1631315,52.4233247],[13.1630408,52.4233834],[13.1628944,52.4234781],[13.1628135,52.4235304],[13.1627997,52.4236023],[13.1627182,52.4236787],[13.1626242,52.4237652],[13.1625957,52.4237937],[13.1624765,52.4239057],[13.1624053,52.4239851],[13.1623429,52.4240327],[13.1622615,52.4240623],[13.1622558,52.4240644],[13.1621029,52.4242836],[13.1620401,52.4243752],[13.1620611,52.4244],[13.1620057,52.4245121],[13.1619975,52.4245332],[13.1619693,52.4245897],[13.1619377,52.4246528],[13.1619005,52.4248263],[13.1618946,52.424842],[13.1618611,52.4249317],[13.1618514,52.424952],[13.161826,52.4250074],[13.1617901,52.4250795],[13.1617227,52.4250739],[13.1616964,52.4251479],[13.1616543,52.4252606],[13.1618674,52.4253007],[13.1618971,52.4257102],[13.1619401,52.4257826],[13.1621007,52.4260475],[13.1621527,52.4261244],[13.1622489,52.4262672],[13.1622903,52.4263274],[13.1623375,52.4263746],[13.1624953,52.4265434],[13.1625942,52.426647],[13.1626745,52.426709],[13.1628041,52.4268075],[13.1630028,52.4269458],[13.1631457,52.4270415],[13.1633068,52.4271494],[13.1633834,52.4271917],[13.1634871,52.4272043],[13.163628,52.4272402],[13.1636933,52.4273001],[13.1636969,52.4273823],[13.1638665,52.4274582],[13.1641096,52.4275364],[13.164344,52.4276116],[13.16455,52.427679],[13.1646252,52.4277027],[13.1647871,52.4277554],[13.1648639,52.4277729],[13.1649135,52.4277882],[13.1651309,52.4278573],[13.1653856,52.4279358],[13.1654811,52.4279649],[13.165549,52.4279909],[13.1659008,52.4280307],[13.1659896,52.4280527],[13.1661505,52.4280947],[13.1663128,52.4281362],[13.1663558,52.4281633],[13.1666343,52.4283282],[13.1666719,52.4283538],[13.1667229,52.4284104],[13.1668493,52.4285335],[13.1668463,52.4285565],[13.1668212,52.4287477],[13.1666216,52.429196],[13.1665951,52.4293345],[13.1664791,52.4295255],[13.1665312,52.4296087],[13.1665489,52.4296838],[13.1665705,52.4297754],[13.1666163,52.4299698],[13.1666539,52.4300498],[13.1666623,52.4300867],[13.1666615,52.4302023],[13.166668,52.4303306],[13.1667434,52.4304813],[13.1667461,52.4305099],[13.1668008,52.4306326],[13.1668286,52.4307019],[13.1668471,52.4307453],[13.1669272,52.4309185],[13.1669639,52.4309956],[13.1669853,52.4310372],[13.1670538,52.4310672],[13.1671107,52.4312068],[13.1671168,52.4312992],[13.1671252,52.4313308],[13.1671781,52.4315302],[13.1671955,52.4315956],[13.1672389,52.431759],[13.167324,52.4320795],[13.1673352,52.4321214],[13.1673406,52.4321419],[13.1673301,52.4322452],[13.1673848,52.4323309],[13.1674332,52.4323937],[13.1674822,52.4324583],[13.1675427,52.4325351],[13.1675695,52.4326056],[13.1675599,52.4326625],[13.1675252,52.4327213]]]]}},{"type":"Feature","properties":{"key":"villa-borsig","id":"way/22529932","tags":{"addr:city":"Berlin","addr:country":"DE","addr:housenumber":"45","addr:postcode":"13505","addr:street":"Schwarzer Weg","addr:suburb":"Tegel","heritage":"yes","wikidata":"Q894191","wikimedia_commons":"Category:Borsig-Villa Reiherwerder","wikipedia":"de:Borsig-Villa Reiherwerder","osm_way_id":"22529932","name":"Villa Borsig","building":"yes"}},"geometry":{"type":"MultiPolygon","coordinates":[[[[13.2599379,52.5874635],[13.2598244,52.5872944],[13.2599143,52.5872721],[13.2599018,52.5872525],[13.2598896,52.5872358],[13.2600581,52.5871947],[13.2600577,52.5871867],[13.26006,52.5871787],[13.2600648,52.5871713],[13.2600721,52.5871646],[13.2600814,52.5871589],[13.2600924,52.5871544],[13.2601046,52.5871515],[13.2601176,52.5871501],[13.2601308,52.5871503],[13.2601437,52.5871521],[13.2601557,52.5871555],[13.2601663,52.5871602],[13.2601752,52.587166],[13.2603466,52.5871243],[13.2603589,52.5871405],[13.2603715,52.5871585],[13.2604588,52.5871368],[13.2605746,52.5873092],[13.2604191,52.5873469],[13.2603685,52.5872731],[13.2600481,52.5873518],[13.2600963,52.5874251],[13.2599379,52.5874635]]]]}},{"type":"Feature","properties":{"key":"pfaueninsel","id":"way/25179280","tags":{"heritage":"1","heritage:operator":"whc","heritage:website":"http://whc.unesco.org/en/list/532","ref:whc":"532","whc:criteria":"(i),(ii),(iv)","whc:inscription_date":"1990","wikidata":"Q677973","wikipedia":"de:Pfaueninsel","osm_way_id":"25179280","name":"Pfaueninsel","boundary":"protected_area","place":"island"}},"geometry":{"type":"MultiPolygon","coordinates":[[[[13.1277113,52.4311153],[13.1278642,52.4311136],[13.1280009,52.4311259],[13.1281163,52.431148],[13.1281753,52.4311668],[13.1282973,52.4312338],[13.1283456,52.4312682],[13.1284127,52.4313393],[13.1284394,52.4313613],[13.1284477,52.4313681],[13.1284623,52.4313802],[13.1285562,52.4315045],[13.1286165,52.4315625],[13.1286809,52.4316116],[13.1287748,52.4316656],[13.128925,52.43174],[13.129157,52.4318365],[13.12922,52.4318528],[13.1293166,52.4318929],[13.1293689,52.4319052],[13.129444,52.4319289],[13.1296143,52.4319967],[13.1297994,52.4320303],[13.1298973,52.4320695],[13.1301655,52.4321374],[13.1303371,52.432157],[13.1304954,52.4321897],[13.130651,52.432233],[13.1307824,52.4322797],[13.1310305,52.4323532],[13.1311123,52.43239],[13.13117,52.432408],[13.1312357,52.4324546],[13.131288,52.4324808],[13.1314301,52.432538],[13.1314784,52.4325454],[13.1315267,52.4325601],[13.1316179,52.4325994],[13.1316622,52.4326214],[13.1317359,52.432677],[13.1318285,52.4326983],[13.13187,52.4327204],[13.1319559,52.4327498],[13.1321409,52.4327981],[13.1322013,52.4328308],[13.1322549,52.4328471],[13.1323032,52.4328577],[13.1324051,52.4328684],[13.1325513,52.432897],[13.1326586,52.4329256],[13.1328785,52.4329289],[13.1329443,52.432942],[13.1329952,52.432946],[13.1331427,52.4329477],[13.1332822,52.4329599],[13.1335893,52.4329673],[13.1337355,52.4329853],[13.1337744,52.4329935],[13.1340199,52.4330005],[13.1340614,52.4330016],[13.1340796,52.4330032],[13.1342116,52.4330147],[13.1343068,52.4330368],[13.1343712,52.4330605],[13.1344248,52.4330859],[13.1344476,52.4331022],[13.1344984,52.43311],[13.1345201,52.4331133],[13.1345657,52.4331202],[13.1346488,52.4331603],[13.1346729,52.433175],[13.1346984,52.4332216],[13.1347293,52.4332576],[13.1348057,52.4333205],[13.1348285,52.4333467],[13.1349304,52.4334137],[13.1349814,52.4334898],[13.1350082,52.4336214],[13.1350216,52.4336599],[13.1350243,52.4337563],[13.1350136,52.4338078],[13.1349801,52.4338553],[13.1349698,52.4338734],[13.134968,52.4338921],[13.1349519,52.4339199],[13.1349532,52.4340548],[13.1349827,52.4341439],[13.1349948,52.4341742],[13.1349988,52.4341831],[13.1350163,52.4342011],[13.135027,52.4342093],[13.1350525,52.4342224],[13.1350967,52.4342371],[13.1351021,52.4342461],[13.1350954,52.434305],[13.1351142,52.4343532],[13.1351088,52.434363],[13.1350793,52.4343835],[13.1350619,52.4344252],[13.1350632,52.4344677],[13.1351034,52.4344963],[13.1351276,52.4345225],[13.1351571,52.4345715],[13.1351705,52.4346459],[13.1351893,52.4346868],[13.1351919,52.4347293],[13.1352282,52.434798],[13.1352536,52.43487],[13.1353046,52.4349656],[13.1353126,52.4350384],[13.1353515,52.4351038],[13.1353569,52.4351365],[13.1353918,52.4351872],[13.1353971,52.4352281],[13.1354105,52.4352575],[13.1354213,52.4353164],[13.1354414,52.4353548],[13.13544,52.4353654],[13.1354628,52.4354529],[13.1354749,52.4354783],[13.1354749,52.4355396],[13.1354883,52.4356254],[13.1355017,52.4356549],[13.1355299,52.4356802],[13.1355353,52.4356892],[13.1355366,52.435699],[13.1355366,52.4357088],[13.1355299,52.4357162],[13.1354856,52.4357423],[13.1354789,52.435753],[13.1354749,52.435762],[13.1354736,52.4357922],[13.135483,52.4358658],[13.1354535,52.4359418],[13.1354521,52.4359778],[13.1354535,52.4360089],[13.1354749,52.436089],[13.1354722,52.4361193],[13.1354575,52.4361487],[13.1354588,52.4362787],[13.1354615,52.4362877],[13.1354977,52.4363245],[13.1354977,52.4363572],[13.1354628,52.4363866],[13.1354669,52.4364062],[13.1354521,52.436434],[13.1353945,52.4364627],[13.1353784,52.4365019],[13.1353515,52.4365223],[13.1352979,52.4365861],[13.1352496,52.436663],[13.1352228,52.4366932],[13.1351785,52.4367872],[13.1351195,52.4369524],[13.1350498,52.437044],[13.1350136,52.4371208],[13.1349908,52.4371494],[13.1349814,52.4372124],[13.1349492,52.4372884],[13.1349318,52.4373685],[13.1349345,52.4373906],[13.1349613,52.437429],[13.1349693,52.4374519],[13.1349546,52.4374879],[13.1349438,52.4375067],[13.1349049,52.4375509],[13.1348728,52.4376056],[13.1348459,52.4376302],[13.1348178,52.4376939],[13.1347574,52.4377904],[13.1346998,52.437864],[13.1346703,52.4378812],[13.1346287,52.4378877],[13.1345925,52.4379008],[13.1345339,52.4379334],[13.1345149,52.437944],[13.1344838,52.4379613],[13.1344624,52.4379858],[13.1343578,52.4382335],[13.1343417,52.4383079],[13.1342331,52.4384167],[13.134115,52.4385908],[13.1339434,52.4388091],[13.1338964,52.4388818],[13.1338723,52.4389374],[13.1338347,52.4389677],[13.1337838,52.4390519],[13.133769,52.4390854],[13.1337623,52.439132],[13.1337208,52.4392064],[13.1337181,52.439217],[13.1337261,52.4392571],[13.1337047,52.4393233],[13.1337114,52.4393715],[13.133702,52.4394018],[13.1337006,52.4394239],[13.133702,52.4394337],[13.1337342,52.4394893],[13.1337368,52.4394991],[13.1337368,52.4395089],[13.1337342,52.4395187],[13.1337181,52.4395375],[13.133714,52.4395579],[13.133714,52.4395678],[13.1337355,52.4396552],[13.1337529,52.4396977],[13.1338173,52.4397779],[13.1338562,52.439813],[13.1339018,52.4398678],[13.1339957,52.439934],[13.1340413,52.4399463],[13.1340882,52.4399765],[13.1341271,52.4400264],[13.1341888,52.4400689],[13.1342491,52.4400983],[13.1343015,52.4400967],[13.1343672,52.4400893],[13.1343712,52.440131],[13.1343779,52.44014],[13.1344584,52.4401825],[13.134516,52.4402013],[13.1345496,52.4402365],[13.1345442,52.4403101],[13.1345536,52.4403403],[13.1345831,52.4403902],[13.134563,52.4404948],[13.1345657,52.4405153],[13.1345871,52.4405439],[13.1345911,52.4406428],[13.1345482,52.4407393],[13.1345321,52.4407556],[13.1345201,52.4407613],[13.1344892,52.4407646],[13.1344382,52.440763],[13.1344087,52.4407581],[13.1342679,52.4407017],[13.1342505,52.4406968],[13.1341673,52.4406968],[13.1341365,52.4406861],[13.1340466,52.4406403],[13.1338669,52.4406068],[13.1337503,52.4405194],[13.1337368,52.4404891],[13.133643,52.4404466],[13.1335478,52.440364],[13.1335343,52.4403567],[13.1334713,52.440346],[13.1334284,52.4403305],[13.1333707,52.4402667],[13.1333117,52.4402169],[13.1332755,52.4401948],[13.1332178,52.4401768],[13.1331977,52.4401637],[13.1331334,52.4401122],[13.1331173,52.4400844],[13.1330636,52.4400329],[13.1329536,52.4399577],[13.1329469,52.4399487],[13.1328504,52.4398694],[13.1328048,52.4398212],[13.1327686,52.4397934],[13.1326801,52.4397656],[13.1326331,52.4397313],[13.1325728,52.4396986],[13.1325285,52.4396822],[13.1324668,52.4396667],[13.1324011,52.4396405],[13.1323059,52.4396274],[13.1321731,52.4396258],[13.1320752,52.4396348],[13.1319585,52.4396397],[13.1319103,52.4396462],[13.1318593,52.439665],[13.1317547,52.4397321],[13.1316139,52.4397779],[13.1315643,52.4397991],[13.1313846,52.4398465],[13.1312719,52.4398825],[13.1312084,52.4398955],[13.1310855,52.4399103],[13.130998,52.4399338],[13.1309836,52.4399373],[13.1308615,52.4399806],[13.1307864,52.4399978],[13.1306684,52.4400313],[13.1305557,52.4400444],[13.1304941,52.4400476],[13.130372,52.4400689],[13.1300461,52.4401613],[13.1299724,52.4401785],[13.1298946,52.4401866],[13.1297873,52.4401866],[13.1297538,52.4401858],[13.1295674,52.4401613],[13.1293032,52.4401163],[13.1292535,52.4400975],[13.1291905,52.4400869],[13.1289209,52.4399888],[13.1288686,52.4399667],[13.1288257,52.4399487],[13.1287909,52.4399291],[13.128743,52.4398939],[13.1287265,52.4398817],[13.1285991,52.4397345],[13.1285629,52.4397174],[13.1285092,52.4396994],[13.1283523,52.4396193],[13.1283255,52.4396086],[13.1282558,52.4395915],[13.1281471,52.4395792],[13.1280304,52.4395612],[13.1279553,52.4395612],[13.1278172,52.439571],[13.1277622,52.4395849],[13.1277139,52.439607],[13.1276858,52.4396152],[13.1275745,52.439625],[13.1274994,52.4396446],[13.1274256,52.4396708],[13.1273559,52.4397076],[13.1272942,52.4397509],[13.1272097,52.4397901],[13.1271802,52.4398228],[13.127156,52.4398351],[13.1270903,52.4398482],[13.1270018,52.4398792],[13.1269254,52.4398964],[13.1268382,52.4399087],[13.1267551,52.4399332],[13.1266035,52.4399822],[13.1265526,52.4400076],[13.126511,52.4400215],[13.1264614,52.4400288],[13.1263755,52.4400337],[13.1263313,52.4400444],[13.1262782,52.4400674],[13.1262535,52.4400714],[13.1262039,52.4400738],[13.126173,52.4400722],[13.1260899,52.4400591],[13.1260496,52.4400272],[13.1259048,52.4399299],[13.1258471,52.4398555],[13.1258243,52.43984],[13.1257814,52.439831],[13.1257567,52.4398198],[13.1257479,52.4397713],[13.125744,52.4397605],[13.1257251,52.4397215],[13.1257184,52.4397125],[13.1257086,52.439705],[13.1256513,52.4396626],[13.1256433,52.4396544],[13.1256326,52.4396364],[13.1256071,52.4395767],[13.1255373,52.4395171],[13.1255133,52.4394895],[13.1255051,52.4394762],[13.1254984,52.4394656],[13.1254891,52.4394476],[13.1254663,52.439383],[13.1254636,52.4393119],[13.1254448,52.4392833],[13.1253952,52.4392424],[13.1253952,52.4392211],[13.1254032,52.4391639],[13.1254274,52.4391034],[13.1254341,52.439065],[13.1254207,52.4390053],[13.125422,52.4389742],[13.1254287,52.4389644],[13.1254891,52.4389284],[13.1255387,52.4388835],[13.1256205,52.4388508],[13.1257184,52.438796],[13.1257291,52.4387878],[13.1258042,52.4387028],[13.1258284,52.4385982],[13.1258471,52.4385573],[13.1259128,52.4385074],[13.1259544,52.4384911],[13.1260188,52.4384772],[13.1260282,52.438469],[13.1260322,52.4384077],[13.1260684,52.4383725],[13.1260751,52.4383521],[13.1260698,52.4383112],[13.1260885,52.4382809],[13.1261221,52.4382556],[13.1261503,52.4382467],[13.1261958,52.4382425],[13.1262253,52.4382302],[13.126236,52.4382213],[13.1262374,52.4381599],[13.1262401,52.4381403],[13.1262535,52.4380643],[13.1262656,52.4380299],[13.1263232,52.4379915],[13.1263541,52.4379629],[13.1263648,52.4379179],[13.1263635,52.437846],[13.1263728,52.4378362],[13.1264144,52.4378043],[13.1264412,52.4377879],[13.1264533,52.4377814],[13.1264681,52.4377757],[13.1264828,52.4377724],[13.126515,52.43777],[13.1265271,52.4377757],[13.1265365,52.4377929],[13.1265445,52.4378615],[13.1266075,52.4378762],[13.1266236,52.4378779],[13.1267805,52.4378812],[13.1268141,52.4378844],[13.1268449,52.437891],[13.1268583,52.4378967],[13.1268677,52.4379057],[13.1269442,52.437985],[13.1271064,52.4380896],[13.1271346,52.4381346],[13.1271681,52.438155],[13.1271856,52.438182],[13.1271815,52.4382613],[13.1271909,52.4382809],[13.1272218,52.4383055],[13.1272392,52.4383136],[13.1272767,52.4383537],[13.1273063,52.4383782],[13.1273586,52.4384142],[13.1274042,52.438442],[13.1275906,52.4385082],[13.1276295,52.4385262],[13.1276952,52.4385728],[13.1278199,52.4386227],[13.1278682,52.4386603],[13.1279553,52.4387102],[13.1280398,52.4387429],[13.1280707,52.4387494],[13.1281042,52.4387527],[13.128123,52.4387527],[13.1281605,52.4387502],[13.1282826,52.4387216],[13.1283604,52.4386864],[13.1284556,52.4386546],[13.1284703,52.438648],[13.1284985,52.4386325],[13.1285548,52.4385973],[13.1285669,52.4385883],[13.1285843,52.4385679],[13.1285845,52.438558],[13.1285937,52.438554],[13.1286098,52.4385254],[13.128646,52.4385041],[13.1286822,52.4384673],[13.128697,52.4384085],[13.128705,52.4384003],[13.1287546,52.4383725],[13.1288056,52.4383725],[13.1288338,52.4383611],[13.1288499,52.4383341],[13.1288995,52.4382932],[13.1289048,52.4382842],[13.1288968,52.4382646],[13.1288686,52.4382556],[13.1288566,52.4382392],[13.128858,52.4382052],[13.1288566,52.4381608],[13.1288646,52.4381379],[13.1289437,52.4380504],[13.1289692,52.4379809],[13.1290671,52.4378623],[13.1290832,52.4378329],[13.1291141,52.4377978],[13.1291409,52.4377561],[13.1292012,52.4376956],[13.1292482,52.4376114],[13.1292495,52.4375443],[13.1292388,52.4374601],[13.1292173,52.4374102],[13.1292106,52.4374012],[13.1291972,52.43738],[13.1290738,52.4372516],[13.1289692,52.4372083],[13.1288847,52.4371805],[13.1288137,52.4371347],[13.1286983,52.437075],[13.1286098,52.4370211],[13.1284422,52.4369483],[13.1284073,52.436927],[13.1283416,52.4368755],[13.1282665,52.4368363],[13.1281511,52.4367603],[13.1281123,52.4367423],[13.1280841,52.4367357],[13.1278749,52.436739],[13.127718,52.4367578],[13.127604,52.4367668],[13.1275383,52.436766],[13.1274377,52.4367562],[13.1274109,52.4367464],[13.1274055,52.4367365],[13.1274082,52.436676],[13.127427,52.4365926],[13.1274591,52.4365354],[13.1274699,52.4364839],[13.127443,52.4363686],[13.1274404,52.4363482],[13.1274377,52.4362411],[13.1274363,52.4362313],[13.1274109,52.436116],[13.1274055,52.4360956],[13.1273787,52.4360195],[13.1273505,52.4359721],[13.1272674,52.4359189],[13.1272499,52.435901],[13.1272325,52.4358634],[13.1272016,52.4358421],[13.1271614,52.4358233],[13.1270877,52.4357979],[13.1269804,52.4357513],[13.1268919,52.4357293],[13.1266464,52.4356418],[13.1266317,52.4356369],[13.1264842,52.435596],[13.1263782,52.4355551],[13.1263635,52.4355518],[13.1263138,52.4355429],[13.12622,52.4355134],[13.1260362,52.4354774],[13.125937,52.4354684],[13.1258619,52.4354431],[13.1256849,52.43543],[13.1256111,52.4354202],[13.1255132,52.4353957],[13.1254663,52.4353793],[13.1254046,52.4353556],[13.1253187,52.4353082],[13.1252986,52.4352902],[13.1252825,52.435251],[13.1252275,52.4351839],[13.1252168,52.4351651],[13.1251927,52.4351406],[13.1251632,52.4351251],[13.1251189,52.4351136],[13.1249996,52.4351103],[13.1248882,52.4350915],[13.1247769,52.435058],[13.12451,52.434995],[13.1244269,52.4349673],[13.1242338,52.4348937],[13.1241265,52.4348381],[13.1239937,52.4348005],[13.1237711,52.4347113],[13.1236812,52.4346876],[13.1236356,52.4346582],[13.1235793,52.4346451],[13.1235525,52.4346304],[13.1234747,52.4345674],[13.1234385,52.4345478],[13.1233299,52.4345241],[13.1232159,52.4344808],[13.1231059,52.4344464],[13.1230281,52.4344121],[13.1229369,52.4343467],[13.1227344,52.4342469],[13.1226164,52.4342085],[13.1224099,52.434157],[13.1223133,52.4341226],[13.1222503,52.4340908],[13.1221752,52.4340327],[13.1221269,52.4340123],[13.1219874,52.4339845],[13.1218788,52.4339591],[13.1218198,52.4339395],[13.121797,52.4339272],[13.1217514,52.4338872],[13.1216736,52.4338348],[13.1216575,52.4338185],[13.1216334,52.4337792],[13.1216025,52.4336967],[13.1215544,52.4336538],[13.1215033,52.4335879],[13.1213893,52.4334865],[13.1213598,52.4334407],[13.1212592,52.4333361],[13.1212512,52.4333279],[13.1211747,52.4332666],[13.1211399,52.4332085],[13.1210808,52.4331774],[13.1210648,52.4331595],[13.1210567,52.433148],[13.1210487,52.4331284],[13.1210433,52.4330883],[13.1210393,52.4330793],[13.1210245,52.4330622],[13.1209105,52.4329951],[13.1208757,52.4329616],[13.1208529,52.4329313],[13.1208475,52.4329215],[13.1208126,52.4328267],[13.1208032,52.4327866],[13.1207576,52.4327097],[13.1207,52.4326394],[13.1206691,52.4326165],[13.1206302,52.4325781],[13.1205873,52.4324775],[13.1205779,52.4324366],[13.1204532,52.4322608],[13.1204465,52.4322519],[13.1203996,52.4322151],[13.1202681,52.4321227],[13.1202266,52.4321014],[13.1201689,52.432085],[13.120079,52.4320507],[13.1199959,52.4319959],[13.1199288,52.4319648],[13.1198658,52.4319428],[13.1198309,52.4319215],[13.1197344,52.4318814],[13.119662,52.4318446],[13.1196351,52.4318218],[13.1196257,52.4318128],[13.1195533,52.4317187],[13.1195252,52.4316942],[13.1194997,52.4316582],[13.1193605,52.4315789],[13.1193305,52.4315075],[13.1193234,52.431424],[13.119302,52.431397],[13.1191721,52.4313196],[13.1191636,52.4313109],[13.119155,52.4313013],[13.1191493,52.4312917],[13.1191493,52.4312709],[13.1191579,52.4312091],[13.119135,52.4311926],[13.1190423,52.4311464],[13.119008,52.4310638],[13.1189609,52.4310377],[13.1189581,52.4309837],[13.1189424,52.4309507],[13.1189067,52.4309159],[13.118901,52.4308959],[13.1188896,52.430808],[13.1189096,52.4307436],[13.1189467,52.4306722],[13.1189495,52.4306496],[13.1189424,52.430607],[13.118901,52.4305252],[13.1188896,52.4304373],[13.118901,52.4304147],[13.1189024,52.4303712],[13.118921,52.4303373],[13.1189267,52.4301954],[13.1189467,52.4301302],[13.1189995,52.4300345],[13.1189923,52.429964],[13.1189681,52.4299257],[13.1189695,52.4299022],[13.1189781,52.4298813],[13.1190266,52.4298213],[13.1190337,52.4298109],[13.119038,52.4297891],[13.1190537,52.4297674],[13.1191265,52.4297195],[13.1191878,52.4296951],[13.1193106,52.4296177],[13.119409,52.4295742],[13.1195788,52.4295307],[13.119683,52.4295133],[13.1197843,52.4295098],[13.1199315,52.4295207],[13.1200267,52.4295379],[13.1200723,52.4295551],[13.1201488,52.4296074],[13.1203137,52.4296802],[13.1204143,52.4297366],[13.1204814,52.4298008],[13.1205048,52.4298507],[13.1205317,52.429885],[13.1206155,52.4299206],[13.1206604,52.4299529],[13.1207033,52.4299746],[13.1207315,52.4300183],[13.120757,52.4300445],[13.1208488,52.4300686],[13.1209038,52.4301026],[13.1209461,52.4301414],[13.120991,52.4301696],[13.121088,52.4302056],[13.1211365,52.4302236],[13.1212632,52.4302485],[13.1214054,52.4302608],[13.1214926,52.4302861],[13.1215435,52.4302951],[13.1216776,52.4303074],[13.1219351,52.4303499],[13.1220467,52.4303536],[13.1221564,52.4303573],[13.1222999,52.4303704],[13.1224354,52.4303695],[13.1224875,52.4303669],[13.1226372,52.4303596],[13.1227002,52.4303565],[13.1229597,52.4303528],[13.1230697,52.4303376],[13.1232072,52.4303274],[13.123458,52.4302976],[13.1237537,52.4302947],[13.1239153,52.4302902],[13.1239421,52.4302845],[13.1239521,52.4302703],[13.1239656,52.4302596],[13.1239727,52.4302629],[13.1239649,52.4302691],[13.1242026,52.4303808],[13.1242661,52.4303321],[13.1240274,52.4302199],[13.1240202,52.4302256],[13.1240123,52.4302219],[13.1240257,52.4302114],[13.1241144,52.4301586],[13.1241895,52.4301381],[13.1243961,52.4301046],[13.1244483,52.4301005],[13.1245624,52.4301026],[13.1246576,52.4300981],[13.1247548,52.4300809],[13.125194,52.430067],[13.1253496,52.4300719],[13.1254542,52.4300817],[13.1255092,52.4301038],[13.1255789,52.4301659],[13.1256044,52.4302273],[13.1256232,52.4303107],[13.1256594,52.4303507],[13.1258042,52.4304758],[13.1258163,52.4305012],[13.1258914,52.430587],[13.1259236,52.4306091],[13.1259504,52.4306198],[13.1261864,52.43078],[13.1262763,52.4308185],[13.1263353,52.4308659],[13.126393,52.4308986],[13.1265137,52.4309403],[13.12657,52.4309526],[13.1266317,52.4309918],[13.1266907,52.4310139],[13.1267577,52.431049],[13.126853,52.4310875],[13.1268905,52.4310981],[13.1270555,52.4311284],[13.1271386,52.4311365],[13.1274793,52.4311341],[13.1277113,52.4311153]]]]}},{"type":"Feature","properties":{"key":"havel-pfaueninsel","id":"relation/173239","tags":{"boat":"yes","water":"lake","osm_id":"173239","name":"Havel","type":"multipolygon","natural":"water"}},"geometry":{"type":"MultiPolygon","coordinates":[[[[13.1061647,52.4310563],[13.1056167,52.4320128],[13.1056666,52.4320036],[13.1058714,52.4322102],[13.1060699,52.4323246],[13.1061944,52.43238],[13.1064417,52.4326188],[13.1063913,52.4327687],[13.1062795,52.4328861],[13.1063444,52.4329475],[13.1064932,52.4330747],[13.1066458,52.4330564],[13.1066847,52.4331875],[13.1067007,52.4338482],[13.106689,52.4340242],[13.1066855,52.4343885],[13.106738,52.4345636],[13.1067597,52.4346356],[13.1071962,52.4350199],[13.1074279,52.4351145],[13.1086407,52.4355022],[13.1092314,52.4356212],[13.1101995,52.4356638],[13.1101556,52.4360638],[13.1101458,52.4361694],[13.1100225,52.4366316],[13.1100049,52.4371387],[13.110514,52.4375458],[13.1113028,52.4379296],[13.1122586,52.4382057],[13.1129784,52.4385091],[13.1135796,52.4387844],[13.1142782,52.4390507],[13.1147871,52.4391891],[13.1154178,52.4393361],[13.116087,52.4394634],[13.1166581,52.4396819],[13.1167926,52.4399341],[13.1168171,52.4402819],[13.1171609,52.4405092],[13.1180867,52.4408934],[13.1190107,52.4411271],[13.1193262,52.4411306],[13.1203458,52.4414538],[13.1210316,52.4416712],[13.1215529,52.441862],[13.122169,52.4419763],[13.1224603,52.4418667],[13.1240552,52.442043],[13.1240123,52.4422495],[13.1242647,52.4422904],[13.1247456,52.4420113],[13.1253257,52.4420377],[13.1263559,52.4420871],[13.126623,52.4423494],[13.126641,52.4423486],[13.1272125,52.4423247],[13.1273454,52.4422677],[13.1276709,52.4422752],[13.1279755,52.4423301],[13.1289797,52.442376],[13.129807,52.4425785],[13.1300503,52.4426381],[13.1308702,52.4427495],[13.1310458,52.4427733],[13.1314786,52.4430996],[13.1316225,52.4433817],[13.132475,52.4444821],[13.1325389,52.4445163],[13.1326313,52.4445319],[13.1326935,52.4445986],[13.132731,52.4446632],[13.1327001,52.4447337],[13.1327022,52.4447754],[13.1327905,52.4448905],[13.1328458,52.4449625],[13.1328643,52.4449885],[13.1330439,52.4452277],[13.1330961,52.4452871],[13.1331235,52.4453152],[13.133144,52.4453362],[13.1331632,52.4453559],[13.1331832,52.4453765],[13.1332766,52.4454723],[13.1334514,52.4456364],[13.1334672,52.4456518],[13.1335743,52.4457607],[13.1337267,52.4459099],[13.133766,52.4459484],[13.1338325,52.4460092],[13.1338553,52.4460307],[13.133889,52.4460626],[13.1339273,52.4460985],[13.1341534,52.4463366],[13.1342865,52.4464736],[13.1343424,52.44653],[13.1347059,52.4465873],[13.1350287,52.4466423],[13.1351383,52.446661],[13.1353348,52.446696],[13.1355035,52.4467245],[13.1356031,52.4467078],[13.1360613,52.4466287],[13.1361395,52.4466103],[13.1363236,52.4465588],[13.1363877,52.4465373],[13.1364573,52.4465127],[13.1365232,52.4464888],[13.1365897,52.4464694],[13.1368751,52.4463721],[13.1370602,52.4463331],[13.137109,52.4463227],[13.1372508,52.4462866],[13.1374313,52.4462559],[13.1377043,52.4462136],[13.1380208,52.4461878],[13.1383626,52.4461756],[13.1384745,52.4461726],[13.1385926,52.4461733],[13.1387701,52.4461629],[13.1389305,52.4461596],[13.1393833,52.4461785],[13.1396996,52.4461945],[13.1411137,52.4462032],[13.1418716,52.4461795],[13.142172,52.4461962],[13.1425495,52.4462172],[13.1430873,52.4462589],[13.1433086,52.4463111],[13.1436413,52.4464481],[13.1517421,52.4401729],[13.1515883,52.4401262],[13.1512754,52.4399614],[13.1510265,52.4398162],[13.1506595,52.439524],[13.1503093,52.4391943],[13.149724,52.4388673],[13.1492857,52.4386714],[13.1491808,52.4386151],[13.1490587,52.4385669],[13.1488631,52.4384552],[13.1486458,52.4383498],[13.1484556,52.4383146],[13.1483554,52.4382587],[13.1481958,52.4381501],[13.147819,52.4379389],[13.1475103,52.4377155],[13.1472415,52.4375636],[13.1468988,52.4374526],[13.1464632,52.4372849],[13.1461237,52.437036],[13.1457396,52.4366886],[13.1451907,52.436097],[13.1451119,52.4360399],[13.1450008,52.4359788],[13.1447952,52.4356954],[13.1443404,52.4352424],[13.1439663,52.4348611],[13.1432398,52.4343279],[13.1430035,52.4340612],[13.1427598,52.4337416],[13.1426737,52.4335212],[13.1426988,52.4332549],[13.1426749,52.4332167],[13.1426537,52.433186],[13.1426173,52.4331455],[13.1425727,52.4331],[13.1425408,52.4330603],[13.1424962,52.4330263],[13.1424589,52.4330015],[13.1424243,52.4329722],[13.1423612,52.4329108],[13.1422737,52.4328426],[13.1422094,52.4328087],[13.1421295,52.4327775],[13.1420608,52.4327612],[13.1419738,52.4327419],[13.141786,52.4327241],[13.1416157,52.4326792],[13.1414827,52.4325755],[13.1411019,52.4324297],[13.140897,52.4323956],[13.1407427,52.4323626],[13.1404487,52.4323559],[13.1402858,52.4323809],[13.140161,52.4324002],[13.1400809,52.4324222],[13.1400373,52.4324512],[13.1399831,52.4324718],[13.1399106,52.4324747],[13.1397725,52.4324756],[13.1395238,52.432556],[13.1392327,52.4325404],[13.1390781,52.4325319],[13.138856,52.4325766],[13.1386942,52.4326191],[13.1386104,52.4326375],[13.1384926,52.4326774],[13.138456,52.4327494],[13.1383557,52.4327833],[13.1382753,52.4327889],[13.1382302,52.4327568],[13.1382068,52.4326638],[13.1380878,52.4323678],[13.1379548,52.4320853],[13.1377751,52.4317752],[13.1376057,52.4315224],[13.1372493,52.4311778],[13.1370452,52.4309556],[13.1368307,52.4308294],[13.1365592,52.4307318],[13.13602,52.4305623],[13.1356751,52.4304538],[13.1351266,52.4302866],[13.1346806,52.4301801],[13.1343815,52.4301014],[13.1341068,52.4299684],[13.1339684,52.4299191],[13.1336843,52.4298209],[13.1334457,52.4297494],[13.1330936,52.4296866],[13.1324586,52.4296414],[13.1322095,52.4296355],[13.1318351,52.4296077],[13.1316041,52.4295399],[13.1313324,52.429473],[13.1311318,52.4294688],[13.1308812,52.4294737],[13.130614,52.4295642],[13.1304135,52.4296497],[13.1303263,52.4296876],[13.1301441,52.4297551],[13.1298084,52.4298787],[13.1296729,52.4299351],[13.1295869,52.4300123],[13.1294136,52.4299133],[13.1294504,52.4297949],[13.129422,52.4297349],[13.1293667,52.4296724],[13.1293311,52.4295616],[13.1293119,52.4295179],[13.1288365,52.4292167],[13.1285586,52.4290731],[13.1282325,52.4289458],[13.1280418,52.4289297],[13.1278358,52.4289043],[13.1274968,52.4288032],[13.1269065,52.4287315],[13.1266893,52.4286946],[13.1263169,52.428675],[13.1252902,52.4287239],[13.12479,52.4287466],[13.1244959,52.4287379],[13.1243443,52.4286979],[13.1241673,52.428629],[13.1240823,52.4286069],[13.123971,52.4285794],[13.1238604,52.4285779],[13.1235504,52.4285975],[13.1231442,52.4287268],[13.1230201,52.428775],[13.122892,52.4288395],[13.1227732,52.4289649],[13.1226323,52.4291615],[13.1225981,52.4292159],[13.1225088,52.4293996],[13.1224846,52.4294661],[13.1224797,52.4294796],[13.1224744,52.429494],[13.1225555,52.429529],[13.1225653,52.4295389],[13.1225563,52.4295483],[13.1225379,52.4295542],[13.1225078,52.4295582],[13.1224863,52.4295723],[13.1224626,52.4295797],[13.1224443,52.4295799],[13.1224184,52.4295727],[13.1223948,52.4295635],[13.1223793,52.4295589],[13.1223602,52.4295637],[13.1223343,52.4295749],[13.1223128,52.4295813],[13.1222977,52.4295806],[13.1222837,52.4295624],[13.1222489,52.4295116],[13.1222489,52.4294998],[13.12226,52.4294957],[13.1222592,52.4294874],[13.12224,52.4294801],[13.1222222,52.4294684],[13.122216,52.429461],[13.1222037,52.4294464],[13.1221917,52.4294321],[13.1221759,52.4294099],[13.1221798,52.4293968],[13.1221488,52.4293895],[13.1221101,52.4293715],[13.1220657,52.4293484],[13.122057,52.4293391],[13.1220303,52.4293146],[13.1220111,52.4292928],[13.1219282,52.4291975],[13.1218753,52.4291609],[13.1218043,52.429106],[13.121704,52.429024],[13.1216457,52.42903],[13.1215982,52.4290079],[13.1216529,52.4289312],[13.1215779,52.428952],[13.1214804,52.4289012],[13.1216513,52.4288051],[13.121735,52.4286661],[13.121705,52.4285268],[13.1215985,52.42839],[13.1214572,52.4282998],[13.121189,52.4282025],[13.1210118,52.4281383],[13.1208155,52.4280671],[13.1205737,52.427942],[13.1198776,52.4276035],[13.1195781,52.4273064],[13.1191409,52.4268729],[13.1184821,52.4262095],[13.1177365,52.4258118],[13.1174724,52.4256918],[13.1170486,52.4254992],[13.1167774,52.4253991],[13.1163361,52.4252363],[13.1160185,52.4252139],[13.1151646,52.4252622],[13.1146813,52.4253512],[13.1143156,52.4254535],[13.114144,52.4254826],[13.1138627,52.4254622],[13.1122987,52.425522],[13.111202,52.425564],[13.1102627,52.4257239],[13.1102996,52.4257873],[13.1099471,52.4258629],[13.1097353,52.4259359],[13.1096329,52.4259495],[13.1095753,52.4259561],[13.1079568,52.4281242],[13.107859,52.4283769],[13.1079302,52.4283899],[13.1080003,52.4284227],[13.1079992,52.4288211],[13.1077761,52.4289822],[13.1078057,52.4291351],[13.107201,52.42922],[13.1067937,52.4292592],[13.1064694,52.4291832],[13.1064895,52.4303979],[13.1061647,52.4310563]],[[13.1404381,52.4409631],[13.1405411,52.4409711],[13.1405941,52.4409757],[13.1406243,52.4409788],[13.140682,52.4410083],[13.140705,52.4410344],[13.1407938,52.4410595],[13.140888,52.4410686],[13.141095,52.4411159],[13.1411049,52.4411174],[13.1411638,52.441119],[13.1411949,52.4411198],[13.1412642,52.4411344],[13.1413565,52.4411636],[13.1414213,52.4411823],[13.1414878,52.4411997],[13.1415676,52.4412102],[13.1415986,52.4412081],[13.1416592,52.4412043],[13.1417123,52.4411982],[13.1418563,52.4411818],[13.141948,52.441179],[13.1420127,52.4411969],[13.1421168,52.4412407],[13.1421942,52.4412655],[13.142309,52.4413052],[13.1423798,52.4413475],[13.1424457,52.4414043],[13.142484,52.4414584],[13.1424959,52.4415295],[13.1424696,52.4415967],[13.142435,52.4416202],[13.142309,52.4416694],[13.142105,52.4417036],[13.1418321,52.4416913],[13.1417036,52.4416576],[13.1413901,52.4415776],[13.140827,52.4414166],[13.1404399,52.4413059],[13.1402687,52.4411963],[13.140205,52.4411397],[13.140164,52.441056],[13.1401698,52.4410008],[13.1402188,52.4409616],[13.1403108,52.4409538],[13.1404381,52.4409631]],[[13.1277113,52.4311153],[13.1278642,52.4311136],[13.1280009,52.4311259],[13.1281163,52.431148],[13.1281753,52.4311668],[13.1282973,52.4312338],[13.1283456,52.4312682],[13.1284127,52.4313393],[13.1284394,52.4313613],[13.1284477,52.4313681],[13.1284623,52.4313802],[13.1285562,52.4315045],[13.1286165,52.4315625],[13.1286809,52.4316116],[13.1287748,52.4316656],[13.128925,52.43174],[13.129157,52.4318365],[13.12922,52.4318528],[13.1293166,52.4318929],[13.1293689,52.4319052],[13.129444,52.4319289],[13.1296143,52.4319967],[13.1297994,52.4320303],[13.1298973,52.4320695],[13.1301655,52.4321374],[13.1303371,52.432157],[13.1304954,52.4321897],[13.130651,52.432233],[13.1307824,52.4322797],[13.1310305,52.4323532],[13.1311123,52.43239],[13.13117,52.432408],[13.1312357,52.4324546],[13.131288,52.4324808],[13.1314301,52.432538],[13.1314784,52.4325454],[13.1315267,52.4325601],[13.1316179,52.4325994],[13.1316622,52.4326214],[13.1317359,52.432677],[13.1318285,52.4326983],[13.13187,52.4327204],[13.1319559,52.4327498],[13.1321409,52.4327981],[13.1322013,52.4328308],[13.1322549,52.4328471],[13.1323032,52.4328577],[13.1324051,52.4328684],[13.1325513,52.432897],[13.1326586,52.4329256],[13.1328785,52.4329289],[13.1329443,52.432942],[13.1329952,52.432946],[13.1331427,52.4329477],[13.1332822,52.4329599],[13.1335893,52.4329673],[13.1337355,52.4329853],[13.1337744,52.4329935],[13.1340199,52.4330005],[13.1340614,52.4330016],[13.1340796,52.4330032],[13.1342116,52.4330147],[13.1343068,52.4330368],[13.1343712,52.4330605],[13.1344248,52.4330859],[13.1344476,52.4331022],[13.1344984,52.43311],[13.1345201,52.4331133],[13.1345657,52.4331202],[13.1346488,52.4331603],[13.1346729,52.433175],[13.1346984,52.4332216],[13.1347293,52.4332576],[13.1348057,52.4333205],[13.1348285,52.4333467],[13.1349304,52.4334137],[13.1349814,52.4334898],[13.1350082,52.4336214],[13.1350216,52.4336599],[13.1350243,52.4337563],[13.1350136,52.4338078],[13.1349801,52.4338553],[13.1349698,52.4338734],[13.134968,52.4338921],[13.1349519,52.4339199],[13.1349532,52.4340548],[13.1349827,52.4341439],[13.1349948,52.4341742],[13.1349988,52.4341831],[13.1350163,52.4342011],[13.135027,52.4342093],[13.1350525,52.4342224],[13.1350967,52.4342371],[13.1351021,52.4342461],[13.1350954,52.434305],[13.1351142,52.4343532],[13.1351088,52.434363],[13.1350793,52.4343835],[13.1350619,52.4344252],[13.1350632,52.4344677],[13.1351034,52.4344963],[13.1351276,52.4345225],[13.1351571,52.4345715],[13.1351705,52.4346459],[13.1351893,52.4346868],[13.1351919,52.4347293],[13.1352282,52.434798],[13.1352536,52.43487],[13.1353046,52.4349656],[13.1353126,52.4350384],[13.1353515,52.4351038],[13.1353569,52.4351365],[13.1353918,52.4351872],[13.1353971,52.4352281],[13.1354105,52.4352575],[13.1354213,52.4353164],[13.1354414,52.4353548],[13.13544,52.4353654],[13.1354628,52.4354529],[13.1354749,52.4354783],[13.1354749,52.4355396],[13.1354883,52.4356254],[13.1355017,52.4356549],[13.1355299,52.4356802],[13.1355353,52.4356892],[13.1355366,52.435699],[13.1355366,52.4357088],[13.1355299,52.4357162],[13.1354856,52.4357423],[13.1354789,52.435753],[13.1354749,52.435762],[13.1354736,52.4357922],[13.135483,52.4358658],[13.1354535,52.4359418],[13.1354521,52.4359778],[13.1354535,52.4360089],[13.1354749,52.436089],[13.1354722,52.4361193],[13.1354575,52.4361487],[13.1354588,52.4362787],[13.1354615,52.4362877],[13.1354977,52.4363245],[13.1354977,52.4363572],[13.1354628,52.4363866],[13.1354669,52.4364062],[13.1354521,52.436434],[13.1353945,52.4364627],[13.1353784,52.4365019],[13.1353515,52.4365223],[13.1352979,52.4365861],[13.1352496,52.436663],[13.1352228,52.4366932],[13.1351785,52.4367872],[13.1351195,52.4369524],[13.1350498,52.437044],[13.1350136,52.4371208],[13.1349908,52.4371494],[13.1349814,52.4372124],[13.1349492,52.4372884],[13.1349318,52.4373685],[13.1349345,52.4373906],[13.1349613,52.437429],[13.1349693,52.4374519],[13.1349546,52.4374879],[13.1349438,52.4375067],[13.1349049,52.4375509],[13.1348728,52.4376056],[13.1348459,52.4376302],[13.1348178,52.4376939],[13.1347574,52.4377904],[13.1346998,52.437864],[13.1346703,52.4378812],[13.1346287,52.4378877],[13.1345925,52.4379008],[13.1345339,52.4379334],[13.1345149,52.437944],[13.1344838,52.4379613],[13.1344624,52.4379858],[13.1343578,52.4382335],[13.1343417,52.4383079],[13.1342331,52.4384167],[13.134115,52.4385908],[13.1339434,52.4388091],[13.1338964,52.4388818],[13.1338723,52.4389374],[13.1338347,52.4389677],[13.1337838,52.4390519],[13.133769,52.4390854],[13.1337623,52.439132],[13.1337208,52.4392064],[13.1337181,52.439217],[13.1337261,52.4392571],[13.1337047,52.4393233],[13.1337114,52.4393715],[13.133702,52.4394018],[13.1337006,52.4394239],[13.133702,52.4394337],[13.1337342,52.4394893],[13.1337368,52.4394991],[13.1337368,52.4395089],[13.1337342,52.4395187],[13.1337181,52.4395375],[13.133714,52.4395579],[13.133714,52.4395678],[13.1337355,52.4396552],[13.1337529,52.4396977],[13.1338173,52.4397779],[13.1338562,52.439813],[13.1339018,52.4398678],[13.1339957,52.439934],[13.1340413,52.4399463],[13.1340882,52.4399765],[13.1341271,52.4400264],[13.1341888,52.4400689],[13.1342491,52.4400983],[13.1343015,52.4400967],[13.1343672,52.4400893],[13.1343712,52.440131],[13.1343779,52.44014],[13.1344584,52.4401825],[13.134516,52.4402013],[13.1345496,52.4402365],[13.1345442,52.4403101],[13.1345536,52.4403403],[13.1345831,52.4403902],[13.134563,52.4404948],[13.1345657,52.4405153],[13.1345871,52.4405439],[13.1345911,52.4406428],[13.1345482,52.4407393],[13.1345321,52.4407556],[13.1345201,52.4407613],[13.1344892,52.4407646],[13.1344382,52.440763],[13.1344087,52.4407581],[13.1342679,52.4407017],[13.1342505,52.4406968],[13.1341673,52.4406968],[13.1341365,52.4406861],[13.1340466,52.4406403],[13.1338669,52.4406068],[13.1337503,52.4405194],[13.1337368,52.4404891],[13.133643,52.4404466],[13.1335478,52.440364],[13.1335343,52.4403567],[13.1334713,52.440346],[13.1334284,52.4403305],[13.1333707,52.4402667],[13.1333117,52.4402169],[13.1332755,52.4401948],[13.1332178,52.4401768],[13.1331977,52.4401637],[13.1331334,52.4401122],[13.1331173,52.4400844],[13.1330636,52.4400329],[13.1329536,52.4399577],[13.1329469,52.4399487],[13.1328504,52.4398694],[13.1328048,52.4398212],[13.1327686,52.4397934],[13.1326801,52.4397656],[13.1326331,52.4397313],[13.1325728,52.4396986],[13.1325285,52.4396822],[13.1324668,52.4396667],[13.1324011,52.4396405],[13.1323059,52.4396274],[13.1321731,52.4396258],[13.1320752,52.4396348],[13.1319585,52.4396397],[13.1319103,52.4396462],[13.1318593,52.439665],[13.1317547,52.4397321],[13.1316139,52.4397779],[13.1315643,52.4397991],[13.1313846,52.4398465],[13.1312719,52.4398825],[13.1312084,52.4398955],[13.1310855,52.4399103],[13.130998,52.4399338],[13.1309836,52.4399373],[13.1308615,52.4399806],[13.1307864,52.4399978],[13.1306684,52.4400313],[13.1305557,52.4400444],[13.1304941,52.4400476],[13.130372,52.4400689],[13.1300461,52.4401613],[13.1299724,52.4401785],[13.1298946,52.4401866],[13.1297873,52.4401866],[13.1297538,52.4401858],[13.1295674,52.4401613],[13.1293032,52.4401163],[13.1292535,52.4400975],[13.1291905,52.4400869],[13.1289209,52.4399888],[13.1288686,52.4399667],[13.1288257,52.4399487],[13.1287909,52.4399291],[13.128743,52.4398939],[13.1287265,52.4398817],[13.1285991,52.4397345],[13.1285629,52.4397174],[13.1285092,52.4396994],[13.1283523,52.4396193],[13.1283255,52.4396086],[13.1282558,52.4395915],[13.1281471,52.4395792],[13.1280304,52.4395612],[13.1279553,52.4395612],[13.1278172,52.439571],[13.1277622,52.4395849],[13.1277139,52.439607],[13.1276858,52.4396152],[13.1275745,52.439625],[13.1274994,52.4396446],[13.1274256,52.4396708],[13.1273559,52.4397076],[13.1272942,52.4397509],[13.1272097,52.4397901],[13.1271802,52.4398228],[13.127156,52.4398351],[13.1270903,52.4398482],[13.1270018,52.4398792],[13.1269254,52.4398964],[13.1268382,52.4399087],[13.1267551,52.4399332],[13.1266035,52.4399822],[13.1265526,52.4400076],[13.126511,52.4400215],[13.1264614,52.4400288],[13.1263755,52.4400337],[13.1263313,52.4400444],[13.1262782,52.4400674],[13.1262535,52.4400714],[13.1262039,52.4400738],[13.126173,52.4400722],[13.1260899,52.4400591],[13.1260496,52.4400272],[13.1259048,52.4399299],[13.1258471,52.4398555],[13.1258243,52.43984],[13.1257814,52.439831],[13.1257567,52.4398198],[13.1257479,52.4397713],[13.125744,52.4397605],[13.1257251,52.4397215],[13.1257184,52.4397125],[13.1257086,52.439705],[13.1256513,52.4396626],[13.1256433,52.4396544],[13.1256326,52.4396364],[13.1256071,52.4395767],[13.1255373,52.4395171],[13.1255133,52.4394895],[13.1255051,52.4394762],[13.1254984,52.4394656],[13.1254891,52.4394476],[13.1254663,52.439383],[13.1254636,52.4393119],[13.1254448,52.4392833],[13.1253952,52.4392424],[13.1253952,52.4392211],[13.1254032,52.4391639],[13.1254274,52.4391034],[13.1254341,52.439065],[13.1254207,52.4390053],[13.125422,52.4389742],[13.1254287,52.4389644],[13.1254891,52.4389284],[13.1255387,52.4388835],[13.1256205,52.4388508],[13.1257184,52.438796],[13.1257291,52.4387878],[13.1258042,52.4387028],[13.1258284,52.4385982],[13.1258471,52.4385573],[13.1259128,52.4385074],[13.1259544,52.4384911],[13.1260188,52.4384772],[13.1260282,52.438469],[13.1260322,52.4384077],[13.1260684,52.4383725],[13.1260751,52.4383521],[13.1260698,52.4383112],[13.1260885,52.4382809],[13.1261221,52.4382556],[13.1261503,52.4382467],[13.1261958,52.4382425],[13.1262253,52.4382302],[13.126236,52.4382213],[13.1262374,52.4381599],[13.1262401,52.4381403],[13.1262535,52.4380643],[13.1262656,52.4380299],[13.1263232,52.4379915],[13.1263541,52.4379629],[13.1263648,52.4379179],[13.1263635,52.437846],[13.1263728,52.4378362],[13.1264144,52.4378043],[13.1264412,52.4377879],[13.1264533,52.4377814],[13.1264681,52.4377757],[13.1264828,52.4377724],[13.126515,52.43777],[13.1265271,52.4377757],[13.1265365,52.4377929],[13.1265445,52.4378615],[13.1266075,52.4378762],[13.1266236,52.4378779],[13.1267805,52.4378812],[13.1268141,52.4378844],[13.1268449,52.437891],[13.1268583,52.4378967],[13.1268677,52.4379057],[13.1269442,52.437985],[13.1271064,52.4380896],[13.1271346,52.4381346],[13.1271681,52.438155],[13.1271856,52.438182],[13.1271815,52.4382613],[13.1271909,52.4382809],[13.1272218,52.4383055],[13.1272392,52.4383136],[13.1272767,52.4383537],[13.1273063,52.4383782],[13.1273586,52.4384142],[13.1274042,52.438442],[13.1275906,52.4385082],[13.1276295,52.4385262],[13.1276952,52.4385728],[13.1278199,52.4386227],[13.1278682,52.4386603],[13.1279553,52.4387102],[13.1280398,52.4387429],[13.1280707,52.4387494],[13.1281042,52.4387527],[13.128123,52.4387527],[13.1281605,52.4387502],[13.1282826,52.4387216],[13.1283604,52.4386864],[13.1284556,52.4386546],[13.1284703,52.438648],[13.1284985,52.4386325],[13.1285548,52.4385973],[13.1285669,52.4385883],[13.1285843,52.4385679],[13.1285845,52.438558],[13.1285937,52.438554],[13.1286098,52.4385254],[13.128646,52.4385041],[13.1286822,52.4384673],[13.128697,52.4384085],[13.128705,52.4384003],[13.1287546,52.4383725],[13.1288056,52.4383725],[13.1288338,52.4383611],[13.1288499,52.4383341],[13.1288995,52.4382932],[13.1289048,52.4382842],[13.1288968,52.4382646],[13.1288686,52.4382556],[13.1288566,52.4382392],[13.128858,52.4382052],[13.1288566,52.4381608],[13.1288646,52.4381379],[13.1289437,52.4380504],[13.1289692,52.4379809],[13.1290671,52.4378623],[13.1290832,52.4378329],[13.1291141,52.4377978],[13.1291409,52.4377561],[13.1292012,52.4376956],[13.1292482,52.4376114],[13.1292495,52.4375443],[13.1292388,52.4374601],[13.1292173,52.4374102],[13.1292106,52.4374012],[13.1291972,52.43738],[13.1290738,52.4372516],[13.1289692,52.4372083],[13.1288847,52.4371805],[13.1288137,52.4371347],[13.1286983,52.437075],[13.1286098,52.4370211],[13.1284422,52.4369483],[13.1284073,52.436927],[13.1283416,52.4368755],[13.1282665,52.4368363],[13.1281511,52.4367603],[13.1281123,52.4367423],[13.1280841,52.4367357],[13.1278749,52.436739],[13.127718,52.4367578],[13.127604,52.4367668],[13.1275383,52.436766],[13.1274377,52.4367562],[13.1274109,52.4367464],[13.1274055,52.4367365],[13.1274082,52.436676],[13.127427,52.4365926],[13.1274591,52.4365354],[13.1274699,52.4364839],[13.127443,52.4363686],[13.1274404,52.4363482],[13.1274377,52.4362411],[13.1274363,52.4362313],[13.1274109,52.436116],[13.1274055,52.4360956],[13.1273787,52.4360195],[13.1273505,52.4359721],[13.1272674,52.4359189],[13.1272499,52.435901],[13.1272325,52.4358634],[13.1272016,52.4358421],[13.1271614,52.4358233],[13.1270877,52.4357979],[13.1269804,52.4357513],[13.1268919,52.4357293],[13.1266464,52.4356418],[13.1266317,52.4356369],[13.1264842,52.435596],[13.1263782,52.4355551],[13.1263635,52.4355518],[13.1263138,52.4355429],[13.12622,52.4355134],[13.1260362,52.4354774],[13.125937,52.4354684],[13.1258619,52.4354431],[13.1256849,52.43543],[13.1256111,52.4354202],[13.1255132,52.4353957],[13.1254663,52.4353793],[13.1254046,52.4353556],[13.1253187,52.4353082],[13.1252986,52.4352902],[13.1252825,52.435251],[13.1252275,52.4351839],[13.1252168,52.4351651],[13.1251927,52.4351406],[13.1251632,52.4351251],[13.1251189,52.4351136],[13.1249996,52.4351103],[13.1248882,52.4350915],[13.1247769,52.435058],[13.12451,52.434995],[13.1244269,52.4349673],[13.1242338,52.4348937],[13.1241265,52.4348381],[13.1239937,52.4348005],[13.1237711,52.4347113],[13.1236812,52.4346876],[13.1236356,52.4346582],[13.1235793,52.4346451],[13.1235525,52.4346304],[13.1234747,52.4345674],[13.1234385,52.4345478],[13.1233299,52.4345241],[13.1232159,52.4344808],[13.1231059,52.4344464],[13.1230281,52.4344121],[13.1229369,52.4343467],[13.1227344,52.4342469],[13.1226164,52.4342085],[13.1224099,52.434157],[13.1223133,52.4341226],[13.1222503,52.4340908],[13.1221752,52.4340327],[13.1221269,52.4340123],[13.1219874,52.4339845],[13.1218788,52.4339591],[13.1218198,52.4339395],[13.121797,52.4339272],[13.1217514,52.4338872],[13.1216736,52.4338348],[13.1216575,52.4338185],[13.1216334,52.4337792],[13.1216025,52.4336967],[13.1215544,52.4336538],[13.1215033,52.4335879],[13.1213893,52.4334865],[13.1213598,52.4334407],[13.1212592,52.4333361],[13.1212512,52.4333279],[13.1211747,52.4332666],[13.1211399,52.4332085],[13.1210808,52.4331774],[13.1210648,52.4331595],[13.1210567,52.433148],[13.1210487,52.4331284],[13.1210433,52.4330883],[13.1210393,52.4330793],[13.1210245,52.4330622],[13.1209105,52.4329951],[13.1208757,52.4329616],[13.1208529,52.4329313],[13.1208475,52.4329215],[13.1208126,52.4328267],[13.1208032,52.4327866],[13.1207576,52.4327097],[13.1207,52.4326394],[13.1206691,52.4326165],[13.1206302,52.4325781],[13.1205873,52.4324775],[13.1205779,52.4324366],[13.1204532,52.4322608],[13.1204465,52.4322519],[13.1203996,52.4322151],[13.1202681,52.4321227],[13.1202266,52.4321014],[13.1201689,52.432085],[13.120079,52.4320507],[13.1199959,52.4319959],[13.1199288,52.4319648],[13.1198658,52.4319428],[13.1198309,52.4319215],[13.1197344,52.4318814],[13.119662,52.4318446],[13.1196351,52.4318218],[13.1196257,52.4318128],[13.1195533,52.4317187],[13.1195252,52.4316942],[13.1194997,52.4316582],[13.1193605,52.4315789],[13.1193305,52.4315075],[13.1193234,52.431424],[13.119302,52.431397],[13.1191721,52.4313196],[13.1191636,52.4313109],[13.119155,52.4313013],[13.1191493,52.4312917],[13.1191493,52.4312709],[13.1191579,52.4312091],[13.119135,52.4311926],[13.1190423,52.4311464],[13.119008,52.4310638],[13.1189609,52.4310377],[13.1189581,52.4309837],[13.1189424,52.4309507],[13.1189067,52.4309159],[13.118901,52.4308959],[13.1188896,52.430808],[13.1189096,52.4307436],[13.1189467,52.4306722],[13.1189495,52.4306496],[13.1189424,52.430607],[13.118901,52.4305252],[13.1188896,52.4304373],[13.118901,52.4304147],[13.1189024,52.4303712],[13.118921,52.4303373],[13.1189267,52.4301954],[13.1189467,52.4301302],[13.1189995,52.4300345],[13.1189923,52.429964],[13.1189681,52.4299257],[13.1189695,52.4299022],[13.1189781,52.4298813],[13.1190266,52.4298213],[13.1190337,52.4298109],[13.119038,52.4297891],[13.1190537,52.4297674],[13.1191265,52.4297195],[13.1191878,52.4296951],[13.1193106,52.4296177],[13.119409,52.4295742],[13.1195788,52.4295307],[13.119683,52.4295133],[13.1197843,52.4295098],[13.1199315,52.4295207],[13.1200267,52.4295379],[13.1200723,52.4295551],[13.1201488,52.4296074],[13.1203137,52.4296802],[13.1204143,52.4297366],[13.1204814,52.4298008],[13.1205048,52.4298507],[13.1205317,52.429885],[13.1206155,52.4299206],[13.1206604,52.4299529],[13.1207033,52.4299746],[13.1207315,52.4300183],[13.120757,52.4300445],[13.1208488,52.4300686],[13.1209038,52.4301026],[13.1209461,52.4301414],[13.120991,52.4301696],[13.121088,52.4302056],[13.1211365,52.4302236],[13.1212632,52.4302485],[13.1214054,52.4302608],[13.1214926,52.4302861],[13.1215435,52.4302951],[13.1216776,52.4303074],[13.1219351,52.4303499],[13.1220467,52.4303536],[13.1221564,52.4303573],[13.1222999,52.4303704],[13.1224354,52.4303695],[13.1224875,52.4303669],[13.1226372,52.4303596],[13.1227002,52.4303565],[13.1229597,52.4303528],[13.1230697,52.4303376],[13.1232072,52.4303274],[13.123458,52.4302976],[13.1237537,52.4302947],[13.1239153,52.4302902],[13.1239421,52.4302845],[13.1239521,52.4302703],[13.1239656,52.4302596],[13.1239727,52.4302629],[13.1239649,52.4302691],[13.1242026,52.4303808],[13.1242661,52.4303321],[13.1240274,52.4302199],[13.1240202,52.4302256],[13.1240123,52.4302219],[13.1240257,52.4302114],[13.1241144,52.4301586],[13.1241895,52.4301381],[13.1243961,52.4301046],[13.1244483,52.4301005],[13.1245624,52.4301026],[13.1246576,52.4300981],[13.1247548,52.4300809],[13.125194,52.430067],[13.1253496,52.4300719],[13.1254542,52.4300817],[13.1255092,52.4301038],[13.1255789,52.4301659],[13.1256044,52.4302273],[13.1256232,52.4303107],[13.1256594,52.4303507],[13.1258042,52.4304758],[13.1258163,52.4305012],[13.1258914,52.430587],[13.1259236,52.4306091],[13.1259504,52.4306198],[13.1261864,52.43078],[13.1262763,52.4308185],[13.1263353,52.4308659],[13.126393,52.4308986],[13.1265137,52.4309403],[13.12657,52.4309526],[13.1266317,52.4309918],[13.1266907,52.4310139],[13.1267577,52.431049],[13.126853,52.4310875],[13.1268905,52.4310981],[13.1270555,52.4311284],[13.1271386,52.4311365],[13.1274793,52.4311341],[13.1277113,52.4311153]]]]}},{"type":"Feature","properties":{"key":"schloss-tegel","id":"way/24448740","tags":{"addr:city":"Berlin","addr:country":"DE","addr:housenumber":"19","addr:postcode":"13507","addr:street":"Adelheidallee","addr:suburb":"Tegel","alt_name":"Schloss Tegel","architect":"Karl Friedrich Schinkel","architect:wikidata":"Q151759","building:levels":"3","castle_type":"stately","check_date":"2026-07-29","image":"http://commons.wikimedia.org/wiki/File:Berlin_tegel_humboldtschloss.jpg","phone":"+49 30 434 31 56","ref:lda":"09011641","start_date":"1824","wheelchair":"no","wikidata":"Q651833","wikimedia_commons":"Category:Schloss Tegel","wikipedia":"de:Schloss Tegel","osm_way_id":"24448740","name":"Humboldt-Schloss","building":"yes","historic":"castle"}},"geometry":{"type":"MultiPolygon","coordinates":[[[[13.2762601,52.595222],[13.2762608,52.5952269],[13.2761779,52.5952308],[13.2761725,52.5951872],[13.2762436,52.5951839],[13.2762208,52.5950006],[13.276149,52.5950039],[13.2761431,52.5949567],[13.2762294,52.5949527],[13.2762299,52.5949566],[13.2763142,52.5949527],[13.2763135,52.5949478],[13.2763967,52.594944],[13.2764022,52.5949879],[13.2764375,52.5949863],[13.2764609,52.5951748],[13.2764247,52.5951764],[13.2764299,52.5952185],[13.2763455,52.5952224],[13.2763448,52.5952181],[13.2762601,52.595222]]]]}},{"type":"Feature","properties":{"key":"schloss-pfaueninsel","id":"way/25014562","tags":{"height":"13","wheelchair":"no","osm_way_id":"25014562","building":"castle"}},"geometry":{"type":"MultiPolygon","coordinates":[[[[13.1198119,52.4308608],[13.1197483,52.4309263],[13.119745,52.4309253],[13.1197374,52.4309244],[13.1197324,52.4309242],[13.1197277,52.4309244],[13.1197142,52.4309269],[13.1197085,52.4309289],[13.1197035,52.4309314],[13.1196988,52.4309346],[13.1196972,52.430936],[13.1196953,52.4309378],[13.1196908,52.4309456],[13.1196901,52.4309489],[13.1196903,52.4309528],[13.1196912,52.4309564],[13.1196927,52.4309592],[13.1196987,52.4309661],[13.1197023,52.4309687],[13.1197064,52.4309709],[13.1197108,52.4309728],[13.1197171,52.4309747],[13.1197273,52.4309763],[13.1197386,52.4309763],[13.1197457,52.4309754],[13.1197505,52.4309743],[13.1197568,52.4309721],[13.1197624,52.4309694],[13.1197695,52.430964],[13.1197711,52.4309624],[13.119772,52.4309612],[13.1197735,52.430959],[13.1197748,52.4309565],[13.1197953,52.4309642],[13.1198284,52.4309761],[13.1198443,52.4309819],[13.1198612,52.430988],[13.1198776,52.4309939],[13.1198939,52.4309997],[13.1199037,52.4310032],[13.1199065,52.4310089],[13.1199206,52.4310065],[13.1199183,52.4310008],[13.1199316,52.430987],[13.119942,52.4309764],[13.1199541,52.4309639],[13.1199611,52.4309567],[13.1199645,52.4309532],[13.1199668,52.4309508],[13.1199762,52.4309412],[13.1199869,52.4309301],[13.120002,52.4309146],[13.1200099,52.4309135],[13.1200068,52.4309052],[13.1199988,52.4309063],[13.1199869,52.430902],[13.1199706,52.4308961],[13.1199544,52.4308902],[13.1199217,52.4308785],[13.1199144,52.4308758],[13.1199067,52.430873],[13.1198735,52.4308611],[13.1198705,52.43086],[13.1198735,52.430858],[13.1198763,52.430856],[13.1198817,52.4308492],[13.1198825,52.4308459],[13.1198838,52.4308409],[13.119882,52.4308342],[13.1198765,52.4308267],[13.119872,52.430824],[13.1198642,52.4308193],[13.119857,52.4308171],[13.1198457,52.4308152],[13.1198372,52.4308151],[13.1198279,52.4308162],[13.1198206,52.4308185],[13.1198148,52.4308203],[13.1198086,52.4308239],[13.1198045,52.4308274],[13.1198032,52.4308285],[13.1197997,52.4308342],[13.119799,52.4308364],[13.1197987,52.4308373],[13.1197978,52.4308401],[13.1197979,52.4308417],[13.1197982,52.4308449],[13.1197989,52.4308469],[13.1197994,52.4308485],[13.1198,52.4308496],[13.1198022,52.4308534],[13.1198065,52.4308572],[13.1198081,52.4308583],[13.1198119,52.4308608]]]]}},{"type":"Feature","properties":{"key":"havel-wannsee","id":"relation/4578498","tags":{"boat":"yes","water":"lake","osm_id":"4578498","name":"Havel","type":"multipolygon","natural":"water"}},"geometry":{"type":"MultiPolygon","coordinates":[[[[13.1871989,52.4491644],[13.187595,52.4491614],[13.1878217,52.4489879],[13.1884189,52.4491171],[13.1892562,52.4495423],[13.189417,52.4497342],[13.189832,52.4504491],[13.1897976,52.4506432],[13.1900618,52.4507814],[13.189919,52.4509391],[13.1897918,52.4510071],[13.1900487,52.4516832],[13.1901403,52.4518785],[13.1899708,52.452148],[13.1895707,52.4522689],[13.1897997,52.4523068],[13.1897524,52.4523933],[13.1894271,52.4524077],[13.1890309,52.4524984],[13.1878219,52.4528209],[13.1878461,52.4529827],[13.1876707,52.4531536],[13.1874202,52.4532854],[13.1876862,52.4540177],[13.1882806,52.4544996],[13.1884741,52.4546618],[13.1885656,52.4548101],[13.1884388,52.4550417],[13.1884522,52.4552766],[13.1885304,52.4556474],[13.188519,52.4561866],[13.1884888,52.4564901],[13.188619,52.4568024],[13.1890587,52.4578064],[13.1891716,52.4584164],[13.1895662,52.4587768],[13.1896791,52.4603609],[13.1897419,52.4607231],[13.1899721,52.4611475],[13.1899542,52.4611853],[13.1899325,52.4612431],[13.1899642,52.4613479],[13.1901972,52.46224],[13.1901862,52.4633007],[13.1905913,52.4634919],[13.1908431,52.4635964],[13.1908912,52.4637474],[13.1910586,52.4637831],[13.1919564,52.4640057],[13.1921477,52.4640605],[13.1922104,52.4640715],[13.1928978,52.4643792],[13.1946532,52.4647616],[13.195365,52.4651395],[13.1959489,52.4656176],[13.1960016,52.4660722],[13.1958066,52.4665181],[13.1953139,52.4670161],[13.195291,52.4672004],[13.1952644,52.4675847],[13.1954462,52.4678186],[13.1953738,52.4681092],[13.1954088,52.4684129],[13.1940704,52.4709372],[13.1936147,52.4711309],[13.1931672,52.4715538],[13.1929789,52.471821],[13.1925017,52.4724876],[13.192136,52.4732177],[13.1920315,52.4737845],[13.1918667,52.4745707],[13.1917172,52.475154],[13.19152,52.4757355],[13.1910857,52.4762668],[13.1909762,52.476518],[13.1909105,52.4768981],[13.1909324,52.4769784],[13.1909391,52.4770029],[13.1910017,52.4771895],[13.1911183,52.4776028],[13.1912033,52.4778327],[13.1913419,52.4780847],[13.1921085,52.478729],[13.19383,52.4810696],[13.194067,52.4814891],[13.1942695,52.4817325],[13.1945101,52.482139],[13.1944678,52.4827838],[13.1945228,52.4831073],[13.1944563,52.4835604],[13.1942847,52.4838205],[13.1940438,52.484105],[13.1938263,52.4844479],[13.1931458,52.4850928],[13.1928796,52.4854346],[13.1923632,52.4859823],[13.1920323,52.4862723],[13.1915041,52.4866895],[13.1910308,52.4871759],[13.19096,52.487514],[13.1909554,52.4877367],[13.1909541,52.4882445],[13.1908353,52.4884981],[13.1908255,52.4887976],[13.1910279,52.4891105],[13.191168,52.4894227],[13.1912258,52.490815],[13.1851101,52.4938108],[13.1850363,52.4936342],[13.1848824,52.4933798],[13.1848594,52.4931029],[13.184711,52.4929126],[13.184512,52.4927592],[13.1844172,52.4926465],[13.1843436,52.4925514],[13.1842347,52.4923816],[13.1840834,52.4920381],[13.1840301,52.4917293],[13.1839467,52.4914643],[13.1839288,52.4914126],[13.1838781,52.4913296],[13.1837419,52.491163],[13.1835471,52.4909875],[13.1834341,52.4908975],[13.1833617,52.4908491],[13.1832658,52.4907791],[13.1831538,52.4906942],[13.1830393,52.4906062],[13.1829622,52.4906082],[13.1827701,52.4903254],[13.1825931,52.489909],[13.1825499,52.4898858],[13.1824035,52.4898874],[13.182325,52.4898907],[13.1822666,52.4897736],[13.1822097,52.4897139],[13.1822204,52.4896789],[13.1822474,52.4896151],[13.1821663,52.4895986],[13.1822237,52.4894854],[13.1823621,52.4892351],[13.1824156,52.4891241],[13.1824859,52.4889895],[13.1825009,52.4889538],[13.1824313,52.488943],[13.1823693,52.4888249],[13.1823985,52.4887932],[13.1824726,52.488709],[13.1825279,52.4885336],[13.1825303,52.4884757],[13.1825771,52.488312],[13.1826931,52.4882296],[13.1828059,52.4879861],[13.1829593,52.4877239],[13.1829922,52.4876309],[13.1830345,52.4876231],[13.183094,52.4875682],[13.1838826,52.4868419],[13.1840723,52.4865092],[13.1842029,52.4863573],[13.1842765,52.4862634],[13.1843171,52.4861949],[13.184406,52.4860284],[13.1844745,52.4859242],[13.1844171,52.4859144],[13.1844831,52.485749],[13.1845554,52.4856143],[13.1846069,52.4854917],[13.1845558,52.4854808],[13.184571,52.4854487],[13.184753,52.4854768],[13.1848243,52.4853413],[13.1848794,52.4852686],[13.1849246,52.485209],[13.185298,52.4849674],[13.1849977,52.4848814],[13.1850913,52.484782],[13.18545,52.484876],[13.1855122,52.4848371],[13.1860504,52.4845007],[13.1863266,52.4841768],[13.1862851,52.4839425],[13.1862458,52.483914],[13.1861923,52.4838116],[13.1863577,52.4834217],[13.1861441,52.4831793],[13.1860783,52.4830191],[13.1860331,52.4828001],[13.1859981,52.4826587],[13.1859792,52.4826314],[13.1855101,52.4819543],[13.1853298,52.481694],[13.1850829,52.4813376],[13.1850034,52.4812906],[13.184802,52.4812631],[13.1845503,52.4809902],[13.1844325,52.4808626],[13.1843922,52.4807294],[13.1842888,52.4803879],[13.1841603,52.4801977],[13.1840331,52.4800256],[13.1840083,52.4799905],[13.1839417,52.4797946],[13.1838847,52.4796269],[13.183788,52.4794469],[13.1836586,52.4791416],[13.183648,52.4790439],[13.1836342,52.4788817],[13.1836071,52.4787547],[13.1835642,52.4784881],[13.1834042,52.4781002],[13.1834336,52.4775863],[13.1834435,52.4766224],[13.1840878,52.475754],[13.184165,52.4755135],[13.1839333,52.4751998],[13.1838053,52.4750849],[13.1837734,52.4748517],[13.1838303,52.4746823],[13.1843367,52.474034],[13.1848088,52.473668],[13.184783,52.4733386],[13.1846457,52.4728629],[13.1846543,52.4723505],[13.1844225,52.471927],[13.1841307,52.471629],[13.1835213,52.4713153],[13.18359,52.4711218],[13.1830149,52.4706879],[13.181262,52.4692843],[13.1809708,52.4681757],[13.1807699,52.4677533],[13.1803456,52.4672735],[13.180194,52.4669769],[13.1799231,52.4667432],[13.1799773,52.4665531],[13.1797971,52.4666059],[13.1798048,52.4663898],[13.1799433,52.4663314],[13.1797917,52.4662432],[13.1799014,52.4661027],[13.1799003,52.466025],[13.17979,52.4659266],[13.1797968,52.4658012],[13.1799573,52.4654159],[13.1800311,52.4653371],[13.1801364,52.465346],[13.1803811,52.4652693],[13.1804552,52.4650861],[13.1803236,52.4647423],[13.1804737,52.4646896],[13.1804106,52.4645936],[13.1802678,52.4646177],[13.1802511,52.4644289],[13.1802551,52.4641764],[13.1800572,52.4641477],[13.1799698,52.4638503],[13.1799797,52.4635093],[13.1799989,52.4632437],[13.1800583,52.4632013],[13.1799835,52.463153],[13.1799506,52.4630068],[13.1798809,52.4630055],[13.1797864,52.4629635],[13.1798019,52.4628578],[13.1794834,52.4626653],[13.179407,52.4627273],[13.1793095,52.4627228],[13.1792568,52.4627033],[13.1792057,52.4626843],[13.1791587,52.46256],[13.1791295,52.4623599],[13.1787491,52.4622273],[13.1784659,52.4622587],[13.1781786,52.4621744],[13.1782255,52.4620338],[13.178071,52.4619188],[13.177328,52.4620924],[13.1771568,52.4620155],[13.1766973,52.4618047],[13.1765578,52.461762],[13.1760706,52.4616647],[13.1758899,52.4616286],[13.1758051,52.4614742],[13.1753781,52.4613047],[13.1752467,52.4613652],[13.174669,52.4611785],[13.1744662,52.4611239],[13.172595,52.4605224],[13.1723499,52.4603503],[13.1718518,52.4604102],[13.171033,52.4602931],[13.1703436,52.4600954],[13.169708,52.4600937],[13.1694372,52.4602432],[13.16926,52.4600561],[13.1671861,52.4598215],[13.1666767,52.4599685],[13.1665134,52.4598404],[13.1662238,52.4599532],[13.1660897,52.4598747],[13.1656364,52.4599058],[13.1654915,52.4598984],[13.1649707,52.4597084],[13.1646211,52.4595765],[13.1639989,52.4593575],[13.1637119,52.4592553],[13.1635912,52.4592104],[13.1635101,52.4591608],[13.1633276,52.4590493],[13.1624855,52.4579191],[13.1625353,52.4577697],[13.1623026,52.4575223],[13.1619063,52.4569082],[13.1613595,52.4567737],[13.1613189,52.4565926],[13.1610967,52.4565067],[13.1595182,52.4552562],[13.1587345,52.4551449],[13.1584212,52.454978],[13.1580916,52.4547959],[13.1577608,52.4546894],[13.1573849,52.4545616],[13.1568012,52.4542678],[13.1565303,52.4542605],[13.1563445,52.4541992],[13.1562176,52.4541573],[13.1561434,52.4541244],[13.1531129,52.4527802],[13.1512647,52.452128],[13.1511015,52.4521151],[13.1508239,52.4520906],[13.1504347,52.4521023],[13.1502438,52.4521288],[13.1498954,52.4521664],[13.1496573,52.4521808],[13.1496557,52.4521708],[13.1496366,52.4521713],[13.1494563,52.4521749],[13.1493478,52.4521682],[13.1492916,52.4521656],[13.1492431,52.4521618],[13.1491949,52.4521587],[13.1490084,52.4521512],[13.1489294,52.4521497],[13.148826,52.4521488],[13.1486597,52.4521459],[13.1486406,52.4521273],[13.1483336,52.451814],[13.1480797,52.4515556],[13.1478791,52.451352],[13.1478499,52.4513223],[13.147826,52.4512977],[13.1475856,52.4510494],[13.1473977,52.4508619],[13.1473684,52.4508322],[13.1471946,52.4506149],[13.1470329,52.4504582],[13.1466365,52.4500764],[13.1466882,52.4499374],[13.1465843,52.4498344],[13.1465116,52.4498125],[13.1464614,52.4497906],[13.1461785,52.4492849],[13.1461698,52.449025],[13.1460482,52.4489765],[13.145917,52.4486919],[13.1457782,52.4483512],[13.1456526,52.4482234],[13.1456649,52.4480868],[13.1456216,52.4480151],[13.1455264,52.4478211],[13.1453754,52.4474884],[13.1444618,52.4467496],[13.1436413,52.4464481],[13.1517421,52.4401729],[13.1517753,52.4401854],[13.1520161,52.4401951],[13.1522233,52.4401506],[13.1525389,52.4401632],[13.1528671,52.4402319],[13.1533153,52.440334],[13.153727,52.4403622],[13.1537525,52.4403626],[13.1537656,52.4404125],[13.1539066,52.4404006],[13.1539528,52.4403967],[13.1540237,52.4403626],[13.1542813,52.4401955],[13.1544018,52.4401838],[13.1546086,52.4401745],[13.1546498,52.4401726],[13.1549099,52.4401208],[13.1552107,52.4399767],[13.1559264,52.4396854],[13.1562921,52.4396285],[13.156477,52.4395756],[13.156663,52.4395542],[13.1568466,52.4395672],[13.1570531,52.43954],[13.1572957,52.4395175],[13.1576431,52.4394456],[13.1577965,52.4393681],[13.1579046,52.4391786],[13.1581923,52.4387718],[13.1584223,52.4385786],[13.158621,52.4384724],[13.1598207,52.4378039],[13.1599858,52.4377586],[13.1605022,52.4374191],[13.1604863,52.4372668],[13.1605328,52.4371787],[13.1606975,52.4370845],[13.1609368,52.437005],[13.1612135,52.4368788],[13.1615015,52.4366916],[13.161757,52.4366012],[13.1620858,52.4364973],[13.162473,52.43634],[13.1633566,52.4360366],[13.1638616,52.4358171],[13.1640999,52.4357908],[13.164261,52.4358045],[13.1644129,52.4358078],[13.164656,52.4356605],[13.1647025,52.4356245],[13.1650825,52.4354387],[13.1652113,52.435396],[13.1652546,52.4353835],[13.1653818,52.4353668],[13.1654115,52.4353656],[13.1654417,52.4353424],[13.1654235,52.4352912],[13.1654677,52.4352596],[13.1655491,52.4352523],[13.1655867,52.4352061],[13.1654455,52.4349965],[13.1652832,52.4346497],[13.1652843,52.434606],[13.1653009,52.434539],[13.1652955,52.4344287],[13.1653173,52.4342627],[13.1653629,52.4341965],[13.165412,52.4341377],[13.165538,52.434003],[13.1657121,52.4338528],[13.1660537,52.4335647],[13.166215,52.433408],[13.1664076,52.433266],[13.1666917,52.4331029],[13.1674327,52.4327823],[13.1675252,52.4327213],[13.1771996,52.4350086],[13.1770797,52.4350553],[13.1769609,52.4350729],[13.1768481,52.4350857],[13.1767061,52.4352857],[13.1766746,52.4353463],[13.1766658,52.4353802],[13.1766503,52.4354467],[13.1766233,52.435593],[13.1765811,52.4357436],[13.1765191,52.4358599],[13.1764843,52.4359783],[13.1764718,52.4360062],[13.1764735,52.4360735],[13.1764705,52.4361435],[13.1764533,52.436182],[13.176408,52.4362999],[13.1764104,52.4363947],[13.1764457,52.4367045],[13.1764406,52.437011],[13.1765189,52.4373221],[13.176502,52.4374331],[13.1765564,52.4377469],[13.1765503,52.4379188],[13.1765062,52.4380872],[13.176502,52.4381845],[13.1765134,52.4383507],[13.1765261,52.4384583],[13.17652,52.438589],[13.1764939,52.4386813],[13.1763376,52.4386709],[13.1762614,52.4386925],[13.1762824,52.4386975],[13.1763156,52.4386968],[13.176345,52.4387144],[13.1764605,52.4390589],[13.1765587,52.4393751],[13.1766239,52.4396089],[13.1766565,52.4397561],[13.1766667,52.4398041],[13.1766801,52.4398672],[13.1767011,52.4399775],[13.1767193,52.4400137],[13.1767214,52.4401672],[13.17674,52.4402554],[13.1767403,52.4403291],[13.1767838,52.4406588],[13.1767901,52.4408226],[13.1768089,52.4409881],[13.1768197,52.4414406],[13.1767771,52.4417379],[13.1767743,52.4418403],[13.1766547,52.4419825],[13.1765841,52.4420638],[13.1765855,52.4422119],[13.1766823,52.4422469],[13.1767698,52.4422963],[13.1767479,52.4425414],[13.1767336,52.4427019],[13.1767206,52.4428472],[13.1766794,52.4428776],[13.1766194,52.4430392],[13.1765901,52.4431598],[13.1765436,52.4432452],[13.1765366,52.4432913],[13.1765273,52.4433777],[13.1765251,52.4433978],[13.1764797,52.44345],[13.1764567,52.4434772],[13.1764212,52.4435051],[13.1763175,52.4434948],[13.1762751,52.4434973],[13.1762735,52.4435699],[13.1762726,52.443619],[13.1764245,52.4436343],[13.1762658,52.4440863],[13.1762786,52.4441247],[13.1762829,52.4441489],[13.176279,52.4441646],[13.1763285,52.4441685],[13.1762616,52.4443354],[13.1762123,52.4444409],[13.1761419,52.444567],[13.1760861,52.4446554],[13.1760331,52.4447389],[13.1759651,52.4448352],[13.1758231,52.4449342],[13.1757242,52.444977],[13.1756501,52.4450069],[13.175592,52.445233],[13.1755645,52.4452404],[13.1755515,52.4452498],[13.1755464,52.4452729],[13.1755754,52.4453096],[13.1756256,52.4454023],[13.1756362,52.4454099],[13.1756919,52.4454343],[13.1758156,52.4454712],[13.1759465,52.4455157],[13.1761026,52.4455689],[13.1761904,52.4455812],[13.176308,52.4455987],[13.1766874,52.4457168],[13.1769949,52.4458775],[13.177142,52.4459642],[13.1771574,52.4459733],[13.17724,52.4460686],[13.1776635,52.4465573],[13.1776575,52.4465852],[13.1776627,52.4467385],[13.1777366,52.4468941],[13.1777587,52.4469298],[13.1778594,52.4471164],[13.1782666,52.4478847],[13.1784515,52.4481885],[13.1790002,52.4486038],[13.1804507,52.4492786],[13.1827351,52.449193],[13.1829588,52.4490412],[13.1832378,52.4490367],[13.1836039,52.4490569],[13.1837715,52.4491846],[13.1846759,52.4491902],[13.1871989,52.4491644]],[[13.1932486,52.4667239],[13.1933685,52.4667662],[13.1935432,52.46687],[13.1935265,52.4669078],[13.1933126,52.4670346],[13.1933372,52.4671051],[13.1934135,52.4671486],[13.193412,52.467171],[13.1934096,52.4672052],[13.1933791,52.467252],[13.1933919,52.4673148],[13.1933346,52.4673418],[13.1932811,52.4673671],[13.1931327,52.4674139],[13.1930549,52.4674334],[13.1929898,52.4674498],[13.19285,52.4674838],[13.1926233,52.4675446],[13.1923912,52.4675871],[13.1923285,52.4676474],[13.1923103,52.4676649],[13.1922444,52.4677406],[13.1922305,52.4677638],[13.1921908,52.4678298],[13.1921657,52.4678839],[13.1921514,52.4679148],[13.1921111,52.4679922],[13.1920889,52.46804],[13.1920765,52.4680629],[13.1920243,52.4681085],[13.1919603,52.4681688],[13.1916169,52.4684041],[13.191059,52.4684878],[13.1908144,52.4685035],[13.1905698,52.4685192],[13.1903509,52.4684904],[13.190175,52.4684094],[13.1900462,52.4682421],[13.1899297,52.4680352],[13.1900061,52.4678375],[13.1903542,52.4676119],[13.1907662,52.4674355],[13.1913594,52.467259],[13.1917371,52.4671388],[13.1922864,52.466893],[13.1927585,52.4667414],[13.1930093,52.4666812],[13.1930826,52.4667359],[13.1931104,52.4667325],[13.1931362,52.4667285],[13.1932486,52.4667239]],[[13.1509368,52.4515982],[13.1509458,52.4514774],[13.1509154,52.4514254],[13.1508331,52.4512738],[13.1507003,52.4511345],[13.1505315,52.4509126],[13.1503207,52.4506879],[13.1502268,52.4505207],[13.1500499,52.4504769],[13.1499291,52.4503623],[13.1500234,52.4502455],[13.1501031,52.4501812],[13.1503648,52.4501512],[13.1505548,52.4500619],[13.1509466,52.4500454],[13.1513118,52.4500473],[13.1516824,52.4501678],[13.1518408,52.4501819],[13.1520262,52.4503005],[13.1521617,52.4503886],[13.1521756,52.4504632],[13.1522291,52.4505487],[13.1523711,52.4506721],[13.1524163,52.4506898],[13.1524471,52.4508095],[13.1524752,52.4509142],[13.1523356,52.4511612],[13.1521722,52.4511898],[13.1515428,52.451632],[13.151354,52.4516195],[13.1512441,52.451666],[13.151094,52.4516927],[13.1509368,52.4515982]],[[13.1755232,52.4454677],[13.1754625,52.4455077],[13.1754031,52.4455267],[13.1753282,52.4455341],[13.1751853,52.4455421],[13.1750144,52.4455517],[13.1749921,52.4455535],[13.1749429,52.4455573],[13.174883,52.4455809],[13.1746523,52.4456914],[13.1746058,52.4457116],[13.1742673,52.4458231],[13.1740894,52.4458758],[13.1739407,52.4459232],[13.1736027,52.4460313],[13.1732327,52.4461501],[13.17297,52.4462265],[13.1727691,52.4462855],[13.1727109,52.4463057],[13.1725644,52.4463971],[13.1725149,52.446428],[13.1721346,52.4466653],[13.1716502,52.4469572],[13.1715569,52.4470368],[13.1715436,52.4470661],[13.1715548,52.4473008],[13.1715894,52.4474941],[13.1716784,52.447757],[13.1717978,52.4479966],[13.1719052,52.4481465],[13.1719639,52.4482774],[13.1720374,52.4484828],[13.1720442,52.4485789],[13.1720683,52.4487856],[13.172082,52.4488884],[13.172098,52.4489761],[13.1720774,52.4491256],[13.1718933,52.4491067],[13.1718758,52.4491871],[13.1720597,52.4492047],[13.1720329,52.4493013],[13.1719823,52.44946],[13.1719047,52.4497241],[13.1718738,52.449849],[13.1718384,52.4500169],[13.1717583,52.4500884],[13.1716439,52.4501575],[13.1715128,52.4502352],[13.1715091,52.4502797],[13.1714635,52.4503187],[13.1714681,52.4503802],[13.1714714,52.4504177],[13.1713996,52.4505032],[13.1713153,52.4505878],[13.1712732,52.4506581],[13.1712823,52.4507074],[13.1712799,52.4507395],[13.1712736,52.4508254],[13.1712679,52.45095],[13.1711695,52.4510564],[13.1710126,52.451142],[13.1709464,52.4511699],[13.1708446,52.4511913],[13.1707004,52.4511684],[13.1706967,52.451063],[13.1706514,52.4509522],[13.1705968,52.4508959],[13.1702291,52.4508662],[13.1701656,52.4508611],[13.1701764,52.4507316],[13.1700355,52.4507311],[13.170016,52.4508617],[13.1695305,52.4508515],[13.1689452,52.4509906],[13.1685492,52.451059],[13.1683377,52.4510326],[13.1680928,52.4509671],[13.1678299,52.4508372],[13.1673741,52.4506178],[13.1673367,52.4505998],[13.1669454,52.450301],[13.1666336,52.4496932],[13.1665631,52.4495791],[13.1665232,52.4494417],[13.166483,52.4492193],[13.1664782,52.4491915],[13.1664721,52.4491558],[13.1664061,52.4489055],[13.1663897,52.4488433],[13.1663877,52.4487689],[13.1663716,52.4484438],[13.1663465,52.4483687],[13.1662971,52.4482284],[13.1662954,52.4481229],[13.1663142,52.4479905],[13.1663337,52.4479159],[13.1663503,52.4478527],[13.1663771,52.4477505],[13.166446,52.4475362],[13.1664707,52.4474338],[13.1664841,52.4473785],[13.1665084,52.447272],[13.1665343,52.4471887],[13.1665395,52.4471166],[13.1665183,52.447014],[13.1664041,52.4467523],[13.1663641,52.4466493],[13.1663654,52.4464838],[13.1664855,52.4465125],[13.1665312,52.446444],[13.1663865,52.4464084],[13.1663897,52.4463518],[13.1664362,52.446306],[13.1664873,52.4462556],[13.1665332,52.4462219],[13.1665434,52.4462146],[13.1666549,52.4461348],[13.166781,52.4460588],[13.1667836,52.4460555],[13.1668093,52.4460218],[13.1668943,52.4459253],[13.1671306,52.4457143],[13.1672875,52.4455976],[13.1674203,52.4454996],[13.1676305,52.4453444],[13.1678484,52.4452981],[13.1679115,52.4451836],[13.168363,52.4448027],[13.1683933,52.4447882],[13.1684864,52.4447437],[13.1685651,52.4447061],[13.1686693,52.4446661],[13.1687303,52.4446427],[13.168835,52.4446025],[13.169014,52.444541],[13.1699969,52.4442035],[13.1702008,52.4442072],[13.1704523,52.4442979],[13.1705483,52.444375],[13.1710193,52.4443856],[13.1719269,52.4443841],[13.17245,52.4444609],[13.1726057,52.4444898],[13.1726994,52.4444926],[13.1728527,52.4445068],[13.1729534,52.4445309],[13.1731438,52.4446274],[13.1733863,52.4447373],[13.1732663,52.4448605],[13.173375,52.4449015],[13.1734911,52.4447775],[13.1735811,52.4448108],[13.1735783,52.4448553],[13.1736323,52.4448824],[13.1736994,52.4449207],[13.1736554,52.4449775],[13.1736416,52.4450051],[13.1736545,52.4450531],[13.1736929,52.4450779],[13.1737656,52.4451277],[13.1739037,52.4451824],[13.1740108,52.445212],[13.1741097,52.4452357],[13.174237,52.4452698],[13.1742798,52.4452892],[13.1745637,52.4453053],[13.1747666,52.4452958],[13.1750122,52.4452574],[13.1750433,52.4452504],[13.1752108,52.4452268],[13.1753118,52.4452265],[13.1754072,52.4453032],[13.1754599,52.4453035],[13.1754918,52.445332],[13.1755403,52.445421],[13.1755477,52.4454516],[13.1755232,52.4454677]]]]}},{"type":"Feature","properties":{"key":"pfaueninsel-part-1540816649","id":"way/1540816649","tags":{"building:colour":"white","building:material":"wood","building:part":"yes","height":"12","min_height":"9","roof:colour":"white","roof:direction":"140","roof:height":".4","roof:orientation":"across","roof:shape":"skillion","osm_way_id":"1540816649"}},"geometry":{"type":"MultiPolygon","coordinates":[[[[13.119755,52.4309233],[13.1197607,52.4309253],[13.1197437,52.4309429],[13.119738,52.4309409],[13.1197514,52.430927],[13.119755,52.4309233]]]]}},{"type":"Feature","properties":{"key":"pfaueninsel-part-1543022894","id":"way/1543022894","tags":{"building:colour":"white","building:material":"wood","building:part":"yes","height":"12","min_height":"9","roof:colour":"white","roof:direction":"140","roof:height":"0.6","roof:orientation":"across","roof:shape":"skillion","osm_way_id":"1543022894"}},"geometry":{"type":"MultiPolygon","coordinates":[[[[13.1199316,52.430987],[13.119926,52.430985],[13.1199113,52.4310002],[13.1199071,52.4310045],[13.1199127,52.4310065],[13.1199183,52.4310008],[13.1199316,52.430987]]]]}},{"type":"Feature","properties":{"key":"pfaueninsel-part-1543260963","id":"way/1543260963","tags":{"building:colour":"white","building:material":"wood","building:part":"yes","height":"12","min_height":"9","roof:colour":"white","roof:height":"0.3","roof:orientation":"across","roof:shape":"skillion","osm_way_id":"1543260963"}},"geometry":{"type":"MultiPolygon","coordinates":[[[[13.119997,52.4309119],[13.1200015,52.4309073],[13.1199988,52.4309063],[13.1199869,52.430902],[13.1199825,52.4309066],[13.119997,52.4309119]]]]}}]}
