{"type":"FeatureCollection","features":[{"type":"Feature","geometry":{"type":"MultiPolygon","coordinates":[[[[13.2427998,52.5150144],[13.2427943,52.5150408],[13.2427678,52.5150388],[13.2427265,52.5150356],[13.2427115,52.5150345],[13.242717,52.5150081],[13.2427998,52.5150144]]]]},"properties":{"osmId":"way/48983461","name":"Preussenturm","parentIds":["DEBE04YY500008Cu"],"policy":"Exact matching generic building owner only; all complete source sheets retained in west-landmarks-v187-source.json"}},{"type":"Feature","geometry":{"type":"MultiPolygon","coordinates":[[[[13.2428385,52.5148541],[13.2428362,52.5148653],[13.2428339,52.5148762],[13.2427503,52.5148699],[13.2427548,52.5148477],[13.242774,52.5148492],[13.2428118,52.5148521],[13.2428385,52.5148541]]]]},"properties":{"osmId":"way/48983460","name":"Bayernturm","parentIds":["DEBE04YY500006Fm"],"policy":"Exact matching generic building owner only; all complete source sheets retained in west-landmarks-v187-source.json"}},{"type":"Feature","geometry":{"type":"MultiPolygon","coordinates":[[[[13.23836,52.5142933],[13.2382575,52.5143656],[13.2382164,52.51441],[13.2381916,52.5144082],[13.2381794,52.5144181],[13.2376868,52.5143724],[13.2376789,52.514372],[13.2376825,52.5143669],[13.2374881,52.5143485],[13.2374969,52.5143121],[13.2373514,52.5142991],[13.2373796,52.5142608],[13.2374063,52.5142245],[13.2374682,52.51415],[13.2375629,52.5140547],[13.2376704,52.5139725],[13.2377357,52.5139302],[13.2378089,52.5138874],[13.2378984,52.5138428],[13.2380388,52.5137878],[13.238187,52.5137371],[13.2383506,52.5136936],[13.2385519,52.5136532],[13.2386528,52.5136379],[13.2387623,52.5136248],[13.2388859,52.5136156],[13.239019,52.5136083],[13.2392898,52.5136066],[13.2393929,52.5136099],[13.2396896,52.5136292],[13.2400321,52.5136629],[13.2402758,52.5137021],[13.2403429,52.513713],[13.2406134,52.5137699],[13.2408575,52.5138434],[13.2410113,52.513904],[13.2412336,52.5140138],[13.2414049,52.5141287],[13.2415479,52.5142571],[13.2416612,52.5144004],[13.2417049,52.5144828],[13.2417383,52.5145766],[13.241764,52.5147073],[13.2417549,52.5147842],[13.2417435,52.5148642],[13.241703,52.5149675],[13.2416661,52.5150354],[13.2416247,52.5151039],[13.241545,52.5151878],[13.2415245,52.515206],[13.2414479,52.5152739],[13.2413611,52.5153397],[13.2412695,52.5153933],[13.2411625,52.5154499],[13.2410483,52.5155014],[13.2409399,52.5155429],[13.2408277,52.5155782],[13.2405706,52.5156431],[13.2403939,52.515673],[13.2402038,52.5156912],[13.2400527,52.5156997],[13.2398747,52.5157035],[13.2396065,52.5157001],[13.2392825,52.5156762],[13.2389992,52.5156496],[13.2387511,52.5156108],[13.238523,52.5155662],[13.2383248,52.5155169],[13.2381893,52.5154739],[13.2380656,52.5154295],[13.2379434,52.515374],[13.2378307,52.5153174],[13.2376546,52.5152034],[13.2375786,52.5151442],[13.2375107,52.5150853],[13.2374391,52.5150045],[13.2373814,52.5149258],[13.2373118,52.5147871],[13.2372912,52.5147053],[13.2372895,52.514658],[13.237288,52.514615],[13.2374174,52.5146235],[13.2374224,52.5145958],[13.2376237,52.5146161],[13.2376278,52.5146103],[13.2381268,52.5146539],[13.2381238,52.5146619],[13.238155,52.5146633],[13.2381587,52.5146831],[13.2381911,52.5147468],[13.2382358,52.5148018],[13.2382838,52.5148412],[13.2383637,52.5148985],[13.2384241,52.5149333],[13.2385294,52.5149862],[13.238616,52.515018],[13.2387297,52.5150523],[13.238935,52.5150967],[13.2390832,52.5151207],[13.2392646,52.5151427],[13.2394882,52.5151616],[13.2397355,52.5151764],[13.2399346,52.5151767],[13.2401053,52.5151685],[13.2402519,52.5151522],[13.2403857,52.5151246],[13.2405049,52.5150885],[13.2406059,52.5150493],[13.2407129,52.5149938],[13.240784,52.5149384],[13.2408353,52.5148801],[13.2408764,52.5147996],[13.2408881,52.5147133],[13.2408743,52.5146438],[13.2408461,52.5145809],[13.2407762,52.5144972],[13.2406872,52.5144323],[13.2405778,52.514365],[13.2404582,52.5143117],[13.2403794,52.5142844],[13.2402684,52.5142542],[13.2401536,52.5142286],[13.2400597,52.5142119],[13.239966,52.5141954],[13.239866,52.51418],[13.2398124,52.5141743],[13.2396791,52.5141596],[13.239549,52.5141483],[13.2394756,52.5141442],[13.2393755,52.5141369],[13.239255,52.5141343],[13.2391274,52.5141345],[13.2389937,52.5141399],[13.2388783,52.5141471],[13.2387245,52.5141683],[13.2385858,52.5142033],[13.2384712,52.5142438],[13.23836,52.5142933]]]]},"properties":{"osmId":"way/24296022","name":"Olympiastadion","parentIds":["DEBE04AL5LX00002","DEBE04AL5LX00003","DEBE04AL5LX00004"],"policy":"Exact matching generic building owner only; all complete source sheets retained in west-landmarks-v187-source.json"}},{"type":"Feature","geometry":{"type":"MultiPolygon","coordinates":[[[[13.2318042,52.5139419],[13.2319684,52.5139558],[13.2319545,52.5140144],[13.2317908,52.5140006],[13.2318042,52.5139419]]]]},"properties":{"osmId":"way/48983459","name":"Glockenturm","parentIds":["DEBE04YY500001If"],"policy":"Exact matching generic building owner only; all complete source sheets retained in west-landmarks-v187-source.json"}},{"type":"Feature","geometry":{"type":"MultiPolygon","coordinates":[[[[13.2118804,52.5402482],[13.2119032,52.5402582],[13.2118532,52.5402975],[13.2118488,52.5402953],[13.2118342,52.5403016],[13.2118178,52.5403058],[13.2118003,52.5403079],[13.2117824,52.5403078],[13.2117648,52.5403055],[13.2117481,52.5403012],[13.2117331,52.5402949],[13.2117202,52.5402869],[13.2117101,52.5402775],[13.2117031,52.5402671],[13.2116994,52.5402562],[13.2116993,52.540245],[13.2117027,52.5402341],[13.2117095,52.5402239],[13.2117194,52.5402147],[13.2117321,52.5402071],[13.211747,52.5402011],[13.2117521,52.5401999],[13.2117635,52.5401971],[13.2117811,52.5401952],[13.211799,52.5401955],[13.2118166,52.540198],[13.2118331,52.5402026],[13.2118479,52.5402091],[13.2118605,52.5402173],[13.2118703,52.5402268],[13.2118731,52.5402311],[13.211877,52.5402372],[13.2118804,52.5402482]]]]},"properties":{"osmId":"way/25867264","name":"Juliusturm","parentIds":["DEBE05YYY0000FBI"],"policy":"Exact matching generic building owner only; all complete source sheets retained in west-landmarks-v187-source.json"}},{"type":"Feature","geometry":{"type":"MultiPolygon","coordinates":[[[[13.2118302,52.5403184],[13.2118532,52.5402975],[13.2119032,52.5402582],[13.2119547,52.5402131],[13.2120053,52.5402368],[13.2120815,52.5402716],[13.2122919,52.5403616],[13.2121593,52.5404672],[13.2120358,52.5404117],[13.2119822,52.5403875],[13.2119548,52.5403752],[13.2118302,52.5403184]]]]},"properties":{"osmId":"way/25867257","name":"Palas","parentIds":["DEBE05YYY000031N"],"policy":"Exact matching generic building owner only; all complete source sheets retained in west-landmarks-v187-source.json"}},{"type":"Feature","geometry":{"type":"MultiPolygon","coordinates":[[[[13.2124664,52.540283],[13.2126567,52.5403131],[13.2126608,52.5403083],[13.2126937,52.5403061],[13.2128329,52.5403278],[13.2128566,52.5402706],[13.2128263,52.5402661],[13.2128609,52.5401827],[13.2127519,52.540166],[13.2127547,52.5401591],[13.2125479,52.5401319],[13.2125527,52.5401185],[13.2124267,52.540101],[13.2123028,52.5400857],[13.2122976,52.5400976],[13.2118495,52.5400355],[13.2118253,52.5401044],[13.2118488,52.5401077],[13.2118642,52.5401562],[13.2119192,52.5401896],[13.2119085,52.540197],[13.2119217,52.5402031],[13.2119455,52.5402141],[13.2119497,52.5402108],[13.2119547,52.5402131],[13.2120053,52.5402368],[13.2120965,52.5401622],[13.2121852,52.5401928],[13.2121688,52.5402104],[13.2121994,52.5402209],[13.2122158,52.5402033],[13.2123101,52.5402357],[13.2123682,52.5402437],[13.2124781,52.5402588],[13.2124664,52.540283]]]]},"properties":{"osmId":"way/84502073","name":"Torhaus","parentIds":["DEBE05YYY00006av","DEBE05YYY0000Ppa"],"policy":"Exact matching generic building owner only; all complete source sheets retained in west-landmarks-v187-source.json"}},{"type":"Feature","geometry":{"type":"MultiPolygon","coordinates":[[[[13.2369579,52.5133615],[13.2369525,52.5133853],[13.2370332,52.5133921],[13.2370386,52.5133682],[13.2369579,52.5133615]]]]},"properties":{"osmId":"way/48983479","name":"Frankenturm","parentIds":[],"policy":"Exact OSM pylon owner retained in dedicated 36m outline"}},{"type":"Feature","geometry":{"type":"MultiPolygon","coordinates":[[[[13.2369919,52.5132111],[13.2369866,52.5132345],[13.2370673,52.5132413],[13.2370726,52.5132178],[13.2369919,52.5132111]]]]},"properties":{"osmId":"way/48983480","name":"Schwabenturm","parentIds":[],"policy":"Exact OSM pylon owner retained in dedicated 36m outline"}},{"type":"Feature","geometry":{"type":"MultiPolygon","coordinates":[[[[13.2364326,52.5155783],[13.2364272,52.5156022],[13.2365079,52.515609],[13.2365134,52.5155851],[13.2364326,52.5155783]]]]},"properties":{"osmId":"way/48983481","name":"Friesenturm","parentIds":[],"policy":"Exact OSM pylon owner retained in dedicated 36m outline"}},{"type":"Feature","geometry":{"type":"MultiPolygon","coordinates":[[[[13.2364661,52.5154314],[13.2364607,52.5154553],[13.2365414,52.5154621],[13.2365468,52.5154383],[13.2364661,52.5154314]]]]},"properties":{"osmId":"way/48983482","name":"Sachsenturm","parentIds":[],"policy":"Exact OSM pylon owner retained in dedicated 36m outline"}},{"type":"Feature","geometry":{"type":"Polygon","coordinates":[[[13.242757906082453,52.51506647402062],[13.242755411120044,52.515076552137025],[13.242751687527171,52.51509156619194],[13.242749210159747,52.515101572639395],[13.242745867980553,52.51511515375672],[13.242743370860891,52.51512528578835],[13.24273994714244,52.51513906350223],[13.242737222680256,52.51515009128356],[13.24273390024285,52.515163546816],[13.242731598488579,52.515172845561445],[13.24272820708979,52.51518655182483],[13.242726027443519,52.51519537584678],[13.24272252830128,52.51520956603797],[13.242720227617738,52.51521883782527],[13.242716587328438,52.51523361035204],[13.242714144781875,52.51524348244686],[13.24271057631503,52.51525793235467],[13.242708133765646,52.515267804449294],[13.242704777906374,52.51528135838827],[13.242702650327454,52.51528998537523],[13.242698605985991,52.51530638831014],[13.242696497078455,52.51531491667037],[13.24269275441094,52.515330038335],[13.242690487476196,52.515339202727716],[13.24268665573772,52.51535470969351],[13.242683438857087,52.515367735211434],[13.242729387349652,52.51537192424232],[13.242782002568697,52.51537672476907],[13.242795556586655,52.51537796006245],[13.242847158359215,52.51538267357883],[13.242863458536071,52.51538415644678],[13.242910625662644,52.51538846240875],[13.242928511602193,52.51539009469476],[13.242922772381734,52.515415733467556],[13.242904900444355,52.5154141193712],[13.242857481814967,52.51540983664587],[13.242840476409024,52.51540829834742],[13.242789518040649,52.51540371127029],[13.24277546429016,52.51540244158062],[13.242723214766755,52.51539770942135],[13.242639995626087,52.51539088084745],[13.24265033097752,52.515350897357735],[13.242653735324017,52.51533686760353],[13.24265615416858,52.515326851297736],[13.242659653315581,52.515312292466845],[13.242661768684892,52.51530360236043],[13.242665690184282,52.515287323479875],[13.24266782673524,52.51527847184522],[13.24267105616424,52.51526513181971],[13.24267336977024,52.51525553653981],[13.24267693786351,52.515240726976984],[13.24267937070919,52.515230728861106],[13.24268279657892,52.51521652859159],[13.242685215051038,52.51520652127083],[13.242688481458154,52.51519299297745],[13.242690740468973,52.51518365763291],[13.242694008306898,52.515170093395554],[13.24269628455474,52.51516069536807],[13.242699624215694,52.51514680851179],[13.242702059560669,52.51513674749364],[13.242705550786997,52.5151223863513],[13.242708039640409,52.51511209235489],[13.242711111020267,52.51509938836041],[13.242713655175097,52.51508881645604],[13.242717450579676,52.51507311114151],[13.242719711011954,52.51506373985239],[13.2427232772797,52.51504897521712],[13.2427267365228,52.51503467653787],[13.242710838474313,52.51503309172753],[13.242716988390157,52.5150075040191],[13.242799359003863,52.51501452674076],[13.242792931871742,52.5150411533226],[13.2427648159688,52.51503846096458],[13.242761493907606,52.51505190751224],[13.242757906082453,52.51506647402062]]]},"properties":{"name":"Preussenturm","osmId":"way/48983461","sourceParentId":"DEBE04YY500008Cu","parentIds":["DEBE04YY500008Cu"],"kind":"official-complete-footprint","areaM2":167.613,"policy":"Exact union of complete official source parts and holes; corresponding displayed hero retains real solids/explicit open-space interpretation. Archive full original profiles."}},{"type":"Feature","geometry":{"type":"Polygon","coordinates":[[[13.242838329212947,52.514852678327266],[13.242832642310487,52.51487626786662],[13.242751425436659,52.51486840813168],[13.242756032926998,52.51484601638523],[13.242773767734448,52.51484736772239],[13.24277782777887,52.514830569401795],[13.24278102230158,52.51481736372332],[13.242783706486838,52.51480623643853],[13.24278686509319,52.51479319206918],[13.242789565080281,52.51478203804512],[13.242792956039322,52.514767972122335],[13.242795321666224,52.51475817980443],[13.242798673840321,52.5147443470783],[13.242801039464561,52.51473455476022],[13.242804339917472,52.51472091008229],[13.242806688658503,52.51471117146091],[13.24280982893577,52.51469821673127],[13.24281238812926,52.5146876360565],[13.242815775128886,52.514673668978055],[13.242818370231813,52.51466292699368],[13.24282162039045,52.514649434419724],[13.242824142589942,52.51463904201178],[13.24282752922319,52.51462508391876],[13.242830071168711,52.51461456592622],[13.242833390634605,52.51460081363456],[13.242835914979596,52.51459036731058],[13.242839127063391,52.514577089960945],[13.24284200479125,52.51456517431772],[13.242845233751654,52.51455184327094],[13.242847336825085,52.5145430900392],[13.24285023071163,52.51453113867065],[13.242859446511757,52.51449002361641],[13.242938524806508,52.51449753682876],[13.242985533275357,52.51450173251591],[13.243001320122064,52.514503144805225],[13.243052323096135,52.514507696495265],[13.243070166289604,52.514509283171165],[13.243119862329182,52.51451371652104],[13.243143990597034,52.51451587304882],[13.243135919855535,52.51454270002581],[13.243113424357235,52.51454062168893],[13.243064849853768,52.51453615104304],[13.243046862226342,52.51453449029154],[13.242996540705986,52.51452984981497],[13.24297933121853,52.51452826354733],[13.242930947863798,52.51452380467609],[13.242891448395687,52.51452016105423],[13.242887895138773,52.514534602202886],[13.242885097496178,52.51454598855195],[13.242882950242652,52.51455474112821],[13.24287957474778,52.514568420659074],[13.242876795056757,52.51457972635314],[13.242873367840916,52.51459359393223],[13.242870957336455,52.51460340356782],[13.242867668745914,52.51461675171216],[13.242864993558237,52.51462765435099],[13.242861421609938,52.51464219412503],[13.242858941785217,52.514652263477544],[13.242855724653086,52.51466529798846],[13.24285307100091,52.51467603011282],[13.242849641259532,52.514689960592435],[13.242846999823563,52.51470075583689],[13.242843762217948,52.51471393390362],[13.24284135313391,52.51472370759457],[13.242838100078444,52.514736903414175],[13.24283567375267,52.51474673978776],[13.242832171816273,52.51476100187137],[13.242829887344872,52.51477023793688],[13.242826351643401,52.51478460741399],[13.24282353672838,52.514796056443686],[13.242820264988332,52.51480935088913],[13.24281752225371,52.51482046831389],[13.242814181194598,52.5148340224763],[13.242810206614338,52.51485015671381],[13.242838329212947,52.514852678327266]]]},"properties":{"name":"Bayernturm","osmId":"way/48983460","sourceParentId":"DEBE04YY500006Fm","parentIds":["DEBE04YY500006Fm"],"kind":"official-complete-footprint","areaM2":167.229,"policy":"Exact union of complete official source parts and holes; corresponding displayed hero retains real solids/explicit open-space interpretation. Archive full original profiles."}},{"type":"Feature","geometry":{"type":"MultiPolygon","coordinates":[[[[13.239858924145926,52.514161812984185],[13.239863460185703,52.514148618343874],[13.23986799622267,52.514135423703365],[13.239872532256832,52.51412222906261],[13.239877068647337,52.51410902543572],[13.239881604675883,52.51409583079452],[13.239886140701621,52.5140826361531],[13.239890676724553,52.51406944151144],[13.239895212744676,52.514056246869565],[13.23989974876199,52.51404305222746],[13.2399042847765,52.51402985758514],[13.239908821147347,52.51401665395666],[13.23991335715624,52.514003459313855],[13.239917893162326,52.513990264670866],[13.239922429165604,52.51397707002764],[13.239926965166077,52.51396387538418],[13.239931501163742,52.51395068074051],[13.239936037158598,52.51393748609659],[13.239940558421738,52.51392429123335],[13.239945094770121,52.513911087603056],[13.239949630756561,52.51389789295848],[13.239954166740192,52.51388469831366],[13.239957084396224,52.51387622698466],[13.240002017295668,52.51388218225065],[13.24004673682595,52.51388868279302],[13.240091243347733,52.513895719626056],[13.240135522492722,52.51390328354505],[13.240154266333732,52.51390666433065],[13.240207681061673,52.51391685468636],[13.240248802502427,52.51392377817255],[13.240289667827021,52.51393121033745],[13.240330291765654,52.51393915140037],[13.240348636887246,52.51394292184077],[13.240378826993393,52.51394937700281],[13.240408843960079,52.513956108311454],[13.240438687428746,52.51396312475279],[13.240437620158067,52.51396475428273],[13.24042935392387,52.513977255089976],[13.240421087325872,52.5139897648825],[13.240412821082147,52.51400226568844],[13.240404554474615,52.51401477547969],[13.240396302950312,52.51402727650339],[13.240388036333254,52.51403978629334],[13.240379770070478,52.51405228709672],[13.240430300724348,52.5140649520129],[13.240438727557711,52.514052489559106],[13.24044714001632,52.51404001789967],[13.24045556684001,52.51402755544454],[13.24046399365886,52.51401509298875],[13.240472420472875,52.51400263053229],[13.240480832912139,52.513990158870186],[13.240489259716478,52.51397769641238],[13.240490387337415,52.513976031814394],[13.240518066765695,52.513983357721834],[13.240545559762667,52.51399092361458],[13.240572881057616,52.513998729711815],[13.240591685384489,52.51400428721377],[13.240655040836842,52.51402388619273],[13.240680272476697,52.51403235351972],[13.24070511867129,52.514041246690745],[13.24072955068113,52.51405054729621],[13.240742780312434,52.51405583306611],[13.240770984826787,52.514067725293685],[13.24079873169296,52.51408000632563],[13.240826020911285,52.51409267616222],[13.240824119125463,52.51409416740996],[13.240810562342357,52.51410481830164],[13.240797005552668,52.51411546919168],[13.240783463126414,52.514126129285046],[13.240769906323562,52.51413678017183],[13.240756349514129,52.514147431057],[13.240742792698112,52.51415808194053],[13.240729235875515,52.51416873282244],[13.240771819778741,52.51418812178369],[13.24078528965909,52.514177433639176],[13.240798774261876,52.514166745712046],[13.240812244129094,52.51415605756432],[13.240825728718741,52.514145369633965],[13.24083919857283,52.51413468148302],[13.240852668420356,52.51412399333046],[13.240866152990298,52.51411330539528],[13.240868040405521,52.51411180494194],[13.240891749765636,52.514123333594476],[13.240915018357766,52.51413519735718],[13.240937817083031,52.51414738680637],[13.240948444069128,52.514153263247],[13.240982509321675,52.51417302899339],[13.24101149947796,52.51419034558524],[13.241039749630616,52.51420810972314],[13.241067245409468,52.514226312202716],[13.241078620809638,52.51423411489726],[13.241096838213878,52.514246991474636],[13.241114693877227,52.514260069470645],[13.24114832157878,52.51428525938834],[13.241163958541398,52.51429743224153],[13.241179085034934,52.514309840268474],[13.24119370105919,52.51432248346939],[13.241180250063039,52.51432790305851],[13.241161810665401,52.5143353434564],[13.241143371620467,52.51434277486544],[13.241124932569349,52.51435020627153],[13.241106493512044,52.51435763767468],[13.241088054089646,52.514365078060834],[13.241069615019967,52.51437250945811],[13.241051175944103,52.51437994085245],[13.241032736862055,52.51438737224385],[13.24101429777382,52.514394803632335],[13.240995858320472,52.5144022440038],[13.240977419219861,52.51440967538638],[13.240958980113067,52.51441710676605],[13.240940541000088,52.51442453814276],[13.240922101880921,52.514431969516544],[13.240903662396622,52.514439409873326],[13.240885223265085,52.51444684124124],[13.240866784127359,52.51445427260621],[13.240848344983448,52.514461703968244],[13.240829905474389,52.514469144313274],[13.240811466318103,52.514476575669434],[13.240793027155632,52.51448400702265],[13.240805373001196,52.51449518690587],[13.24082389766928,52.51448782875217],[13.240842422331214,52.514480470595515],[13.240860946986997,52.51447311243589],[13.240879471277673,52.514465763259224],[13.240897995921156,52.514458405093684],[13.240916520558487,52.51445104692517],[13.240935030460575,52.51444368853472],[13.240953555085605,52.51443633036027],[13.240972079704486,52.51442897218286],[13.240990604317215,52.5144216140025],[13.241009128564864,52.51441426480511],[13.241027653165293,52.51440690661883],[13.241046177759571,52.514399548429566],[13.241064702347696,52.51439219023735],[13.241083226929673,52.51438483204217],[13.241101751505495,52.51437747384402],[13.241120276075167,52.51437011564291],[13.24113880027979,52.51436276642477],[13.241157324837161,52.51435540821773],[13.241175849388382,52.51434805000773],[13.241194359204393,52.514340691575825],[13.241207806972836,52.514335352858524],[13.241222677071342,52.514349753129466],[13.241231627319275,52.51435886844895],[13.241246845623705,52.51437525197127],[13.241254148348157,52.51438355156754],[13.241267335040977,52.514397666062564],[13.241279715246637,52.51441204729731],[13.24129130441139,52.51442667751907],[13.241302059065085,52.51444153809944],[13.241308278005144,52.514450774656694],[13.241318176276328,52.51446678237932],[13.24132276132172,52.51447486174982],[13.241307818612908,52.51447814623307],[13.241286972821303,52.51448273661517],[13.24126614211341,52.51448731822656],[13.241245296672147,52.5144918996153],[13.241224450867739,52.51449648998627],[13.24120362014706,52.514501071586544],[13.241182774693007,52.51450565296414],[13.241161943604913,52.51451024354292],[13.241141098142332,52.51451482491309],[13.24112025267549,52.51451940627955],[13.241099421574596,52.51452399684718],[13.241078576099227,52.514528578206246],[13.241057730619595,52.514533159561566],[13.241036899864824,52.51453774113213],[13.241016054017743,52.51454233146596],[13.24099522325445,52.51454691302913],[13.240974377757766,52.5145514943696],[13.240953531897883,52.51455608469228],[13.240932701121801,52.51456066624432],[13.24091185561233,52.51456524757364],[13.240891024468779,52.51456983810418],[13.240870178950779,52.51457441942609],[13.240876219393412,52.51458738472797],[13.240897077851367,52.51458284855369],[13.240917936664042,52.514578303389776],[13.240938795113548,52.51457376720805],[13.240959653917768,52.5145692220367],[13.24098052708796,52.514564686066514],[13.24100138588372,52.5145601408877],[13.24102224431633,52.51455560469112],[13.241043103103637,52.51455105950489],[13.241063961527795,52.514546523300865],[13.241084820306645,52.514541978107175],[13.241105678722356,52.51453744189572],[13.241126537492748,52.514532896694604],[13.241147395900015,52.51452836047571],[13.241168269391071,52.514523815486115],[13.241189127789887,52.51451927925978],[13.24120998618448,52.51451474302972],[13.241230844933732,52.51451019781001],[13.241251703319875,52.514505661572514],[13.241272562060672,52.514501116345365],[13.24129342043837,52.51449658010044],[13.241314279170709,52.51449203486586],[13.241329993539322,52.51448861799149],[13.241341515625114,52.51451304769067],[13.241347631343984,52.51452745268924],[13.24135196969025,52.51453765033028],[13.24136132663363,52.51456241648681],[13.241369601900347,52.51458732840754],[13.241372657027199,52.51459755193066],[13.24138038572804,52.514626924385496],[13.241383761866693,52.51464165730369],[13.241366785666537,52.51464271770092],[13.241344800489655,52.51464409925877],[13.241322800582324,52.514645480593565],[13.241300801032576,52.51464685293834],[13.241278815851842,52.51464823448389],[13.241256815940663,52.51464961580638],[13.24123481638708,52.514650988138854],[13.241212831202496,52.5146523696721],[13.241190831287465,52.51465375098228],[13.241168846459209,52.51465512352141],[13.241146846541612,52.51465650482339],[13.241124846622732,52.51465788612128],[13.241102861790642,52.514659258648095],[13.241080861869193,52.51466063993777],[13.241058862305382,52.51466201223744],[13.241036877110535,52.51466339373788],[13.24101487718524,52.514664775015255],[13.240992892346757,52.51466614752158],[13.240970892418897,52.514667528790746],[13.24094889248975,52.514668910055825],[13.240926907647431,52.514670282549844],[13.240904907715722,52.51467166380671],[13.240908007779952,52.51468592508895],[13.240930019935272,52.51468460695205],[13.2409520173602,52.51468328859207],[13.240974029154142,52.514681979432915],[13.2409960413058,52.514680661283705],[13.241018053456239,52.514679343130396],[13.241040050876283,52.514678024754],[13.241062063024275,52.51467670659247],[13.241084075171045,52.51467538842684],[13.241106072228513,52.51467407902408],[13.241128084372843,52.51467276085022],[13.241150096515952,52.51467144267228],[13.241172093928668,52.514670124271255],[13.241194106069331,52.5146688060851],[13.241216117849886,52.51466749688076],[13.24123812998811,52.51466617868638],[13.24126012739594,52.51466486026895],[13.24128213953172,52.514663542066366],[13.241304151666274,52.51466222385967],[13.241326149070439,52.51466090542994],[13.24134816084369,52.51465959620097],[13.241370172974586,52.51465827798195],[13.241386763351512,52.51465728377964],[13.241388650673771,52.51466980969103],[13.241390095045189,52.51468235599237],[13.241391067007031,52.51469492224581],[13.241391571517635,52.51470590807982],[13.241391640889068,52.51472299251539],[13.241390870696272,52.51474006447211],[13.241389260938268,52.51475712394993],[13.241386972998862,52.51477603453948],[13.241383920214757,52.51479490678689],[13.241380103302696,52.514813722720206],[13.241363330979716,52.51481225960206],[13.24134400295113,52.51481057866864],[13.24134146233246,52.51481035208868],[13.241319578957977,52.51480844435231],[13.241297695585484,52.51480653661193],[13.241275826944195,52.51480462908645],[13.241253943575678,52.51480272133801],[13.24123206020915,52.51480081358553],[13.241210191932716,52.51479889706204],[13.24118830857017,52.514796989301495],[13.241166439938826,52.51479508175589],[13.24114455658026,52.514793173987286],[13.241122673223682,52.51479126621466],[13.241100804598306,52.51478935865694],[13.241078921604622,52.51478744189034],[13.241057038254015,52.51478553410562],[13.241035169634607,52.51478362653584],[13.241013286287979,52.514781718743045],[13.240991417672547,52.51477981116521],[13.240969534329897,52.51477790336436],[13.24094765134818,52.51477598657356],[13.240925782738717,52.51477407898364],[13.24090389940204,52.514772171170705],[13.240900489880733,52.51478631768843],[13.240922356341368,52.51478827919865],[13.24094422316299,52.514790231718884],[13.240966089627703,52.514792193221055],[13.240987956453392,52.51479414573327],[13.241009822922184,52.51479610722738],[13.241031689393015,52.51479806871747],[13.241053556224811,52.5148000212176],[13.241075422699721,52.514801982699645],[13.241097289176674,52.51480394417764],[13.241119156014573,52.514805896665706],[13.241141022495603,52.51480785813567],[13.24116288933757,52.51480981061568],[13.241184755822678,52.514811772077586],[13.241206622309825,52.51481373353548],[13.24122847442868,52.51481568578447],[13.241250340919905,52.5148176472343],[13.241272207772047,52.51481959969419],[13.24129407426735,52.514821561135975],[13.241315940764691,52.51482352257374],[13.241337807622939,52.51482547502157],[13.241359674124359,52.51482743645126],[13.241376430288327,52.51482893529478],[13.241371334781434,52.51484729165125],[13.241365506037996,52.51486555618752],[13.241358943698279,52.514883737889406],[13.24135281949846,52.514898698239065],[13.241346138453657,52.51491357838143],[13.24133891601034,52.51492836056349],[13.241334239319041,52.514937336262534],[13.241326582135642,52.51495119487283],[13.241318427740849,52.51496495617942],[13.24130982068095,52.514978611853046],[13.241294436704651,52.514974858606905],[13.241273915399384,52.51496984214843],[13.241253393739981,52.51496483467237],[13.241232872085316,52.51495982719277],[13.241212350794278,52.51495481072373],[13.241191829149091,52.514949803237094],[13.241171322237905,52.514944795965896],[13.241150800602194,52.514939788472205],[13.241130279330125,52.514934771989076],[13.24110975770389,52.51492976448838],[13.241089236082395,52.51492475698411],[13.241068714465637,52.51491974947634],[13.241048207941791,52.5149147331981],[13.24102768633451,52.51490972568329],[13.241007164731966,52.51490471816495],[13.240986643134162,52.51489971064309],[13.240966121900035,52.51489469413177],[13.24094560031171,52.51488968660288],[13.24092509345736,52.51488467928944],[13.240904571878508,52.5148796717535],[13.240884050663349,52.514874655228105],[13.240863529093977,52.51486964768511],[13.240855131317819,52.514882119591114],[13.240875590026477,52.51488722510484],[13.240896048739947,52.51489233061506],[13.240916492728987,52.51489743590282],[13.24093695145208,52.514902541406045],[13.24095741017999,52.51490764690579],[13.24097786927165,52.51491274341609],[13.240998313279928,52.514917848689855],[13.24101877202227,52.514922954179085],[13.241039230769426,52.51492805966481],[13.241059689521395,52.514933165147056],[13.241080133548918,52.51493827040683],[13.241100592310513,52.51494337588206],[13.24112105107692,52.51494848135379],[13.241141509848141,52.51495358682203],[13.241161968624175,52.51495869228677],[13.24118241303465,52.51496378854311],[13.241202871820306,52.51496889400086],[13.241223330610772,52.514973999455094],[13.241243789406056,52.51497910490583],[13.241264233476874,52.514984210134116],[13.241284692281779,52.51498931557785],[13.2413000583031,52.51499314947972],[13.241280833748467,52.51501950483962],[13.24127505443072,52.51502693563141],[13.241268091071081,52.515035598608634],[13.241250200518131,52.51505659701621],[13.241231175776445,52.51507720991979],[13.241211017203847,52.5150974283329],[13.241176164237107,52.515129098970334],[13.241166951433128,52.51512507779304],[13.241163156594364,52.515123411945076],[13.241145195511855,52.5151155473271],[13.24112723407688,52.51510769169237],[13.241109287736572,52.51509982728801],[13.241091326673395,52.51509196266196],[13.241073380345973,52.51508409825225],[13.241055418936762,52.5150762426068],[13.241037457892919,52.51506837797274],[13.241019511584822,52.515060513554985],[13.24100155055387,52.51505264891557],[13.24098360389972,52.51504479347838],[13.240965642881655,52.5150369288336],[13.240947681870036,52.51502906418615],[13.24092973559415,52.515021199755004],[13.240911774595423,52.51501333510219],[13.240893827973467,52.51500547965162],[13.24089164082474,52.51500452103351],[13.240875866987626,52.51499761499345],[13.240857906008232,52.51498975033258],[13.240839959764559,52.51498188588806],[13.240821998439085,52.51497403020778],[13.240804052208292,52.514966165757876],[13.240786091254677,52.51495830108632],[13.240773316637569,52.51496891864732],[13.24079121688118,52.514976827374475],[13.240809117490224,52.514984727113024],[13.240827017746751,52.51499263583485],[13.240844932739016,52.51500054477301],[13.240862833008467,52.51500845348951],[13.240878575593975,52.515015404022975],[13.240880733643337,52.5150163532174],[13.240898633925704,52.51502426192859],[13.240916534573483,52.51503216165117],[13.24093444959806,52.51504007057599],[13.240952349899805,52.51504797927918],[13.240970250566955,52.51505587899377],[13.240988150881618,52.51506378769163],[13.241006066290979,52.51507168761987],[13.241023966618561,52.51507959631241],[13.241041867311532,52.51508749601636],[13.241059782381344,52.51509540492253],[13.241077682728305,52.51510331360708],[13.241095583440645,52.51511121330303],[13.241113483800525,52.51511912198225],[13.241131399255096,52.51512702189184],[13.241149299627896,52.515134930565736],[13.2411530941082,52.51513660540007],[13.241162276019008,52.51514066208427],[13.241142551544725,52.51515628341111],[13.241131063360955,52.51516495104664],[13.241113124965786,52.515177919522735],[13.241094667071192,52.515190610535356],[13.241075690036006,52.515203015098336],[13.241033671029921,52.51522886071873],[13.2410221575887,52.515235576863795],[13.241010365362932,52.51524226188936],[13.240986066340628,52.515255441488364],[13.240976123060413,52.51524830744994],[13.240961794999889,52.515238042200636],[13.24094746694603,52.51522777694965],[13.24093315398714,52.51521750293003],[13.240918825946608,52.51520723767565],[13.240904497912744,52.51519697241958],[13.240890184973845,52.51518669839488],[13.24087585695331,52.51517643313542],[13.24086154366877,52.51516616809328],[13.240847216020528,52.5151558938445],[13.240832888019984,52.51514562857997],[13.240818575114401,52.515135354546814],[13.240804247127187,52.5151250892789],[13.240789919146637,52.51511482400929],[13.240775606261048,52.51510454997106],[13.240761278293826,52.515094284698066],[13.240746950333271,52.51508401942336],[13.240732637467673,52.51507374538007],[13.240718309520444,52.515063480102],[13.24070398157988,52.51505321482223],[13.240689668734273,52.515042940773846],[13.240675340807039,52.51503267549069],[13.240657868534417,52.51504172164624],[13.240672106289647,52.51505203054703],[13.240686343692529,52.51506234843207],[13.240700581461063,52.515072657329505],[13.240714833965551,52.51508296644428],[13.240729071747388,52.515093275338366],[13.240743309176885,52.515103593216715],[13.240757546972024,52.51511390210749],[13.240771784773814,52.51512421099655],[13.240786022582252,52.51513451988396],[13.240800260038364,52.51514483775561],[13.240814512589436,52.51515514685868],[13.240828750417831,52.51516545574105],[13.240842988252876,52.51517576462177],[13.240857225735605,52.515186082486736],[13.240871463583954,52.51519639136409],[13.24088570143895,52.51520670023981],[13.240899938941638,52.515217018099754],[13.24091417680994,52.51522732697211],[13.240928429414247,52.515237636061784],[13.240942667295851,52.51524794493079],[13.240956904825158,52.51525826278405],[13.240966745357804,52.515265386305266],[13.240941853867065,52.51527753208282],[13.240916419876244,52.515289238208894],[13.240866981251541,52.51531044186245],[13.240843262952206,52.51532015044683],[13.240819274476454,52.515329612245296],[13.240803499493403,52.51533564461044],[13.240769918664018,52.5153480028239],[13.240735870772454,52.51535987754613],[13.24071512623683,52.515366717151664],[13.240701370907873,52.51537126000984],[13.240659087119091,52.51538417212192],[13.240642998070605,52.515388842114746],[13.240614902843376,52.51539669630828],[13.240586555042695,52.515404232045086],[13.240557999216328,52.51541144099616],[13.24055693075408,52.51540977970608],[13.240548899324505,52.51539721636347],[13.240540867540409,52.515384662006255],[13.240532836119852,52.51537209866259],[13.24052480470381,52.51535953531838],[13.24051677329228,52.515346971973656],[13.240508741526218,52.515334417614326],[13.24050071012371,52.515321854268535],[13.240451375592123,52.515333438643204],[13.240459362435294,52.51534601032102],[13.240467334553557,52.51535858177925],[13.2404753214057,52.51537115345601],[13.240483307903288,52.51538373411817],[13.240491280035004,52.51539630557483],[13.24049926690061,52.515408877250024],[13.240507253770705,52.51542144892468],[13.240508307501925,52.51542310999614],[13.240476899529337,52.515430141644984],[13.240445201617943,52.515436683445394],[13.240413244304705,52.51544270887747],[13.2403981503001,52.51544534362657],[13.240370840253318,52.51544977477604],[13.240343354158849,52.515453816676576],[13.240315736923817,52.515457452013415],[13.240252980018255,52.515464871533695],[13.240235425092,52.51546675935085],[13.240216795993243,52.51546860421514],[13.240209120536562,52.51546926330449],[13.240175550424906,52.51547212673311],[13.2401341844898,52.51547497310146],[13.24009268346038,52.515477143100966],[13.240051120985704,52.515478637826995],[13.240050952472947,52.51547695395365],[13.240049648200438,52.51546349261012],[13.240048343928631,52.51545003126653],[13.240047039657526,52.51543656992291],[13.240045735387119,52.51542310857927],[13.240044416028873,52.5154096560024],[13.240043111759872,52.515396194658656],[13.240041807491574,52.5153827333149],[13.239988958442966,52.515384896320505],[13.239990233236334,52.51539835722651],[13.239991508030386,52.51541181813247],[13.23999278282512,52.51542527903838],[13.239994057620537,52.51543873994429],[13.239995332416635,52.515452200850135],[13.239996621942845,52.51546566197504],[13.239997896740315,52.51547912288082],[13.239998050880763,52.515480797549195],[13.239952543785659,52.51548216163366],[13.239907010458047,52.5154830757471],[13.239861465269579,52.515483549094526],[13.239815908580805,52.51548357269],[13.239795634418066,52.515483432918906],[13.239753491001926,52.51548286888911],[13.239711347944352,52.51548192721641],[13.23966924979392,52.51548059957236],[13.239627181463089,52.51547889472378],[13.23960969044488,52.515478077027815],[13.239528582308443,52.51547301298561],[13.23944758627949,52.51546735713217],[13.239366702361227,52.51546110946775],[13.239367124129325,52.51545940740314],[13.239370442587918,52.515446077778],[13.239373775773815,52.515432748371914],[13.239377094228198,52.5154194187465],[13.239380413039749,52.51540608013503],[13.239383731489927,52.51539275050933],[13.239387064667397,52.51537942110268],[13.239390383113367,52.5153660914767],[13.239316968625662,52.515359918959014],[13.239313885109707,52.51537327006157],[13.239310786862395,52.51538662094483],[13.239307703342512,52.51539997204715],[13.239304619820661,52.51541332314935],[13.239301536296852,52.515426674251415],[13.239298438041663,52.51544002513416],[13.239295354513922,52.51545337623598],[13.239294962201951,52.515455078738704],[13.239194389789384,52.51544584058817],[13.23914419808589,52.515440885714646],[13.239080369498568,52.51543308443149],[13.239048555088951,52.51542889754296],[13.239029938937064,52.51542636366596],[13.23897415085376,52.51541835830881],[13.238918607450389,52.51540976314342],[13.238863308010266,52.51540059614198],[13.238845100002484,52.51539743892211],[13.238794909536375,52.51538840188256],[13.238744927105751,52.51537895432],[13.238695153430683,52.5153690782629],[13.23869608859569,52.51536743779062],[13.238703304418614,52.51535468769309],[13.238710519877877,52.515341946580996],[13.238717750421664,52.51532919670174],[13.238724965872414,52.51531645558863],[13.238732181678317,52.51530370548909],[13.238739411849924,52.515290964594236],[13.238746627647314,52.51527821449369],[13.238697817955941,52.51526855958565],[13.238690441560873,52.51528127132754],[13.238683064802059,52.515293992054815],[13.23867568839832,52.51530670379567],[13.238668311990246,52.51531941553598],[13.238660920489052,52.515332136042424],[13.238653544072301,52.51534484778169],[13.238646167651218,52.515357559520446],[13.238645249370478,52.5153591462961],[13.238601799309087,52.51534961609182],[13.238558806611376,52.51533933741384],[13.238516315107853,52.515328319906445],[13.238474338810713,52.515316581761326],[13.238458286419867,52.515311856128605],[13.238422210148183,52.515300736290115],[13.238386597343863,52.515289083864836],[13.23835146309664,52.515276890086625],[13.238316836147112,52.515264173366305],[13.238299416169053,52.515257530191555],[13.238267246892693,52.51524490399772],[13.238235597485872,52.51523180899863],[13.238204467949116,52.515218245194745],[13.238173902111383,52.51520422223034],[13.238175863311588,52.515202722918076],[13.2381896380543,52.51519217447372],[13.238203412430881,52.515181635013576],[13.238217187160352,52.515171086565864],[13.238230961523701,52.515160547102376],[13.238244736239935,52.51514999865128],[13.238258510590049,52.51513945918446],[13.238272285293041,52.51512891073001],[13.238231389389314,52.515108961572516],[13.238217513734934,52.51511945457143],[13.238203638073921,52.51512994756865],[13.238189762406273,52.51514044056418],[13.238175886372481,52.51515094254391],[13.238162010691566,52.51516143553603],[13.238148135004014,52.51517192852644],[13.238134259309831,52.51518242151515],[13.238132268290988,52.51518392937396],[13.238104312835704,52.515169495698856],[13.238076904192388,52.51515465656141],[13.238050085470514,52.51513943957781],[13.238038033171783,52.51513235480382],[13.238013759037395,52.51511763425986],[13.237990028117466,52.515102598114744],[13.237952478248548,52.51507748375327],[13.237924461677938,52.51505758243268],[13.23791273855129,52.515048902101874],[13.237894393194471,52.515034818296286],[13.23787652817501,52.51502051685974],[13.23785914385227,52.51500598880655],[13.237872160771174,52.515000383301754],[13.237890201878672,52.51499260480368],[13.237908258068646,52.514984817536245],[13.237926299163458,52.51497703903252],[13.237944354981172,52.51496926074535],[13.23796241079254,52.51496148245536],[13.237980452227873,52.51495369495728],[13.237998508026548,52.514945916661645],[13.238016549089641,52.51493813814384],[13.238034604875626,52.514930359842566],[13.23805264628557,52.51492257233322],[13.238070702058861,52.5149147940263],[13.238088757825805,52.51490701571656],[13.238106798857183,52.51489923718468],[13.238124854611437,52.5148914588693],[13.238142895989643,52.514883671345856],[13.238160951731206,52.51487589302484],[13.238179007466421,52.51486811470102],[13.238197048466082,52.51486033615502],[13.238215104548107,52.51485254883963],[13.238233145535078,52.51484477028801],[13.23825120124491,52.51483699195288],[13.238238014968118,52.514825466609196],[13.238219959260778,52.51483324494234],[13.238201903547091,52.51484102327265],[13.23818384782706,52.51484880160015],[13.238165807189402,52.514856571158234],[13.238147751456683,52.514864349480106],[13.238129695717618,52.51487212779913],[13.238111639972207,52.51487990611535],[13.23809358422045,52.51488768442874],[13.238075528462346,52.51489546273931],[13.238057472697898,52.514903241047065],[13.238039417286641,52.51491101036608],[13.23802137623873,52.51491878888754],[13.238003320455249,52.51492656718684],[13.237985264665424,52.5149343454833],[13.237967208869248,52.514942123776954],[13.23794915306673,52.51494990206777],[13.237931097257865,52.51495768035577],[13.237913041802216,52.514965449655044],[13.237895000709907,52.51497322815678],[13.237876944882009,52.514981006436315],[13.237858889047764,52.51498878471304],[13.237845812134928,52.51499441629666],[13.237829028536188,52.51497887218095],[13.237812874005318,52.514963076685056],[13.237797362192376,52.51494705698637],[13.237782478727244,52.51493080387986],[13.237774864756954,52.514922193727614],[13.237757655685536,52.514901814952395],[13.237741356978644,52.51488115302186],[13.237726012103709,52.51486022656635],[13.237741607254236,52.51485648470504],[13.237762187028608,52.51485155830567],[13.237782752069243,52.51484663168329],[13.23780333183455,52.51484170527667],[13.237823896866123,52.51483677864705],[13.237844462252744,52.514831843027906],[13.237865042004449,52.514826916610424],[13.237885607022426,52.51482198996994],[13.237906186765066,52.51481706354521],[13.237926751773982,52.51481213689749],[13.23794733186711,52.51480720147959],[13.23796789686696,52.51480227482463],[13.237988461862278,52.51479734816608],[13.238009041582252,52.51479242172323],[13.238029606928045,52.51478748607149],[13.238050186638949,52.514782559621395],[13.238070751616139,52.51477763294835],[13.238091316588799,52.514772706271664],[13.238111896286105,52.51476777981071],[13.238132461609219,52.514762844140876],[13.238153041297455,52.51475791767267],[13.238173606251987,52.51475299098151],[13.238162208893081,52.51473543215145],[13.238141643945571,52.5147403588407],[13.238121064264357,52.514745285306994],[13.238100499307782,52.51475021198901],[13.238079919617501,52.51475513844806],[13.238059354651867,52.51476006512283],[13.238038774952521,52.51476499157464],[13.238018209977822,52.51476991824215],[13.237997630269414,52.51477484468671],[13.237977065285653,52.514779771347],[13.237956485568178,52.51478469778432],[13.237935920575355,52.51478962443738],[13.237915340848815,52.514794550867435],[13.23789477584693,52.51479947751325],[13.237874196111324,52.51480440393607],[13.237853631100377,52.51480933057464],[13.237833051355707,52.51481425699021],[13.237812486335699,52.51481918362153],[13.237791906581961,52.514824110029885],[13.23777134155289,52.51482903665396],[13.23775076179009,52.51483396305505],[13.237730196392356,52.514838898657814],[13.23771504815761,52.514842521296416],[13.237712916869558,52.51483906387801],[13.237707848921747,52.51483054559059],[13.237695548405874,52.51480830679346],[13.237684406847356,52.51478583350179],[13.237674452264494,52.5147631620983],[13.237665684295962,52.514740301569205],[13.237658131319488,52.51471727931128],[13.237651777165635,52.51469413104899],[13.237655680765057,52.514693811560036],[13.23767758058313,52.514691988843445],[13.237699465670334,52.51469016590342],[13.237721365125369,52.514688352164626],[13.23774326493829,52.51468652943585],[13.23776516474949,52.51468470670298],[13.237787064199386,52.51468289295198],[13.237808964007154,52.514681070210976],[13.237805536979701,52.51466616559147],[13.237783624607609,52.51466793419705],[13.237761711874262,52.51466971178444],[13.237739814227979,52.51467148060123],[13.237717901850885,52.514673249194594],[13.237695989112522,52.51467502676979],[13.237674076732091,52.51467679535497],[13.237652178719527,52.5146785731414],[13.23764827548105,52.514678883644336],[13.237644825283933,52.514660876686484],[13.237642098974675,52.51464282656327],[13.237640110921907,52.51462474248006],[13.237628784927358,52.51462492443613],[13.237624950679319,52.51462498421033],[13.237624817449353,52.51461505586336],[13.237624736480091,52.514609713842695],[13.237630875272188,52.5146102548454],[13.237636294135532,52.51461074016791],[13.237658527858393,52.51461272573601],[13.237680761583352,52.51461471129997],[13.237702995310414,52.51461669685977],[13.237725229039576,52.51461868241539],[13.237747462770841,52.51462066796686],[13.237769696504207,52.51462265351416],[13.237791930239675,52.514624639057295],[13.237814163977244,52.51462662459628],[13.237836397716913,52.5146286101311],[13.237858631458685,52.514630595661764],[13.237883640738406,52.51463282932393],[13.237894713423866,52.51463382142729],[13.23791674168241,52.514635785904176],[13.237938857958259,52.51463776067903],[13.237961018423592,52.51463973610783],[13.237983164161873,52.51464171131315],[13.238005309902238,52.51464368651433],[13.23802747037382,52.51464566193074],[13.23804961611835,52.51464763712367],[13.238071761505434,52.514649621298396],[13.238093921983273,52.51465159670239],[13.238116067734053,52.51465357188293],[13.238125363597181,52.5146544026366],[13.238125380295735,52.514660615852605],[13.238131240326506,52.514661125704365],[13.23815545893858,52.5146632306485],[13.238160744758108,52.514680671500265],[13.238167438120156,52.514697926511865],[13.238175511006006,52.51471495930074],[13.23818493539684,52.51473173348433],[13.238195713091566,52.51474820413273],[13.238209265960185,52.51476566917801],[13.238223833006415,52.514782834628534],[13.238239386210761,52.514799664101666],[13.238255896115625,52.51481615715835],[13.238275537950548,52.514833200357536],[13.23829616990251,52.514849808732336],[13.238317763951542,52.51486594589994],[13.238340305728284,52.51488160265462],[13.23834126778211,52.51488223737643],[13.238366184197684,52.514898585845195],[13.238393043811701,52.514914990214265],[13.238420826012922,52.514930805898025],[13.238449516790922,52.51494601470472],[13.238479073036098,52.51496058901806],[13.238509450919752,52.51497451919366],[13.238540636430974,52.51498778703972],[13.238572557001108,52.51500036450148],[13.23860715112726,52.51501316158103],[13.238609303023452,52.51501389493515],[13.238642467740256,52.515025214139165],[13.238678448281243,52.51503651231228],[13.238715049279882,52.51504703747012],[13.238752212176992,52.515056779749166],[13.238789922601091,52.51506572994372],[13.238828122352114,52.5150738692044],[13.238866767240372,52.51508119687301],[13.238917894644135,52.51509148862523],[13.238969404323404,52.515101066743505],[13.239021252088053,52.515109930569615],[13.23907340847717,52.51511807966471],[13.239125859118422,52.515125504823196],[13.23917857491008,52.51513219662036],[13.239231526031725,52.515138163603346],[13.239314284983402,52.51514615659866],[13.23939718802724,52.51515349531749],[13.239480264618273,52.515160180197825],[13.239563455835599,52.51516621036266],[13.239646776764111,52.51517157704491],[13.23970203940771,52.51517391876202],[13.239757363125207,52.51517547013037],[13.239812748272815,52.51517622216397],[13.239868135571037,52.515176182972134],[13.239923510646715,52.515175343349796],[13.239978828949699,52.51517371162557],[13.24003407610681,52.51517127859449],[13.2400656909722,52.51517013042944],[13.240097242957763,52.51516834294073],[13.240128658774601,52.51516590604705],[13.240159938421348,52.5151628197485],[13.240217882383352,52.51515596707531],[13.240244532328143,52.51515219149795],[13.240270912818016,52.51514778251838],[13.240296979304855,52.51514274846553],[13.240322717058334,52.515137089120536],[13.240359188826849,52.51512873018548],[13.240395174139572,52.51511963571219],[13.240430658265659,52.515109805482055],[13.240465566479974,52.51509926535809],[13.240499767644879,52.51508760878368],[13.24053361527958,52.515075578300326],[13.240567109383491,52.515063173908345],[13.24060022049746,52.51505039516995],[13.240614885312867,52.51504411255102],[13.240629236491076,52.515037564519844],[13.240643273672948,52.515030760062466],[13.240661710517506,52.51502117978462],[13.240679487039175,52.51501115810453],[13.240713106194367,52.514990456592564],[13.240728917933778,52.51497981226693],[13.24074405139047,52.51496880719453],[13.240758476747063,52.51495744992351],[13.240772163827264,52.51494575798801],[13.24078531523996,52.51493345567153],[13.240797697123178,52.51492086318266],[13.240799547556414,52.51491881371327],[13.240809323488623,52.51490799871248],[13.240820164160304,52.5148948797951],[13.240830203332587,52.514881533169515],[13.240839379587978,52.51486838950355],[13.240845549744387,52.51485855488426],[13.240847738180245,52.514855053854504],[13.240855293839237,52.51484152644156],[13.240862015671306,52.5148278427706],[13.240867902959234,52.514814020813645],[13.24087324377898,52.514798752129025],[13.240877733890542,52.51478338088335],[13.240881372576867,52.51476792504856],[13.240884144391716,52.514752402377624],[13.240886063347272,52.51473683106145],[13.240887193483067,52.51472403530977],[13.240887322033773,52.51471122466678],[13.240886463011527,52.51469841732331],[13.240884600252205,52.51468564900411],[13.240877635229236,52.514654876240606],[13.240872043316868,52.51463695442871],[13.240864984966963,52.514619217612704],[13.240856457668501,52.51460172869388],[13.24085585122537,52.51460067669039],[13.240846504533637,52.514584515286685],[13.240841215715257,52.51457376401874],[13.24083488688612,52.514563222069135],[13.24082756079842,52.514552926038384],[13.240819250746009,52.51454291208904],[13.240809999480897,52.5145332168216],[13.240798904117366,52.51452061692915],[13.240786912449337,52.51450831840314],[13.240774067587736,52.51449634885809],[13.240762566378818,52.51448653022031],[13.240750509428862,52.51447697305608],[13.2407172536416,52.51445206728487],[13.240695888126988,52.5144368330833],[13.24067378510633,52.51442198352709],[13.240650988049051,52.51440753724477],[13.24060530170473,52.51438058540873],[13.240592578487394,52.51437368872666],[13.240582365715483,52.5143681420994],[13.240558716650446,52.51435620967518],[13.24053438360849,52.514344797559644],[13.240509410417427,52.51433391539538],[13.240488136401769,52.51432377157315],[13.240466101170284,52.51431423682414],[13.240443392737792,52.51430532144813],[13.240420024396622,52.514297061607486],[13.240396054703217,52.514289467163955],[13.240349543003283,52.51427543239484],[13.240302316455088,52.51426232206731],[13.240254433613346,52.514250146042684],[13.24020592357454,52.51423891374421],[13.240156844533937,52.514228644019255],[13.240107240316666,52.5142193465103],[13.240057184205735,52.514211031298025],[13.24001693655878,52.514203257583084],[13.239976415907911,52.51419604624314],[13.239935651709722,52.51418939771617],[13.239894629592921,52.51418330279682],[13.239853407753746,52.51417778033318],[13.239812395369984,52.5141729173337],[13.23981663753449,52.51415638256265],[13.239858924145926,52.514161812984185]],[[13.24005033352246,52.51419253326105],[13.240056422522457,52.514179568513015],[13.240062511518785,52.51416660376457],[13.240068600511448,52.514153639015774],[13.240074704229425,52.5141406744857],[13.240080793214744,52.514127709736144],[13.2400868821964,52.51411474498623],[13.240092971174386,52.51410178023594],[13.240099060148703,52.51408881548528],[13.240105149119353,52.51407585073425],[13.240111238086335,52.51406288598284],[13.240117327049651,52.514049921231056],[13.240123430738247,52.51403695669799],[13.240129519694221,52.51402399194547],[13.240135608646527,52.51401102719258],[13.240135657142531,52.5140109200187],[13.240112619219802,52.5140065672407],[13.240112586889103,52.514006638689935],[13.240106542117516,52.514019604098856],[13.24010049698318,52.51403257849333],[13.240094466574151,52.514045553106534],[13.240088421432533,52.51405852750028],[13.240082376287267,52.51407150189366],[13.240076331138358,52.514084476286655],[13.240070300714773,52.5140974508984],[13.240064255558577,52.51411042529066],[13.240058210398736,52.514123399682575],[13.24005216523525,52.51413637407411],[13.24004612006812,52.51414934846529],[13.240040089626337,52.51416232307519],[13.24003404445192,52.51417529746563],[13.240027999273861,52.514188271855694],[13.24005033352246,52.51419253326105]],[[13.240681385131186,52.51440291816383],[13.240696918638024,52.51439333067505],[13.240712452497082,52.51438373419823],[13.240727985990386,52.51437414670522],[13.240743534564967,52.51436455044319],[13.240759068044735,52.514354962945944],[13.240774601876709,52.514345366460674],[13.240790135342943,52.514335778959214],[13.240805668802412,52.51432619145563],[13.240821202614079,52.51431659496401],[13.240836736060015,52.514307007456196],[13.240852284587183,52.51429741117936],[13.240867818019584,52.51428782366732],[13.240883351804166,52.51427822716724],[13.240898885223032,52.51426863965098],[13.24089961052288,52.514268191879914],[13.240882693356252,52.51425781619326],[13.240882073672262,52.51425820259564],[13.240866640844088,52.51426785454415],[13.240851207650191,52.514277515476515],[13.24083577480848,52.514287167420854],[13.24082034196,52.51429681936309],[13.240804909104751,52.51430647130325],[13.240789475883766,52.51431613222727],[13.24077404301498,52.51432578416325],[13.240758595410371,52.514335435878145],[13.240743162169068,52.5143450967959],[13.240727729279973,52.514354748725616],[13.240712296384109,52.51436440065325],[13.240696863481478,52.514374052578795],[13.240681430213087,52.51438371348819],[13.240665997296919,52.51439336540957],[13.240681385131186,52.51440291816383]],[[13.240493537627534,52.515107791442325],[13.240504028409449,52.51511966306994],[13.240514519555996,52.51513152571074],[13.24052501034911,52.515143397336566],[13.24053550114783,52.51515526896146],[13.24054599231118,52.51516713159955],[13.24055649785044,52.51517900344168],[13.240566989024995,52.515190866077965],[13.240577479846126,52.51520273769926],[13.240587970672859,52.51521460931964],[13.240598461864217,52.515226471953206],[13.240608952702155,52.51523834357181],[13.240619443545695,52.515250215189475],[13.240629934753855,52.515262077820324],[13.2406404256086,52.5152739494362],[13.240640623203474,52.515274168164765],[13.240662630103635,52.51526671795459],[13.240662390115622,52.515266453639384],[13.24065174980898,52.51525463375075],[13.240641109507996,52.51524281386122],[13.24063046885366,52.51523100295666],[13.240619813834645,52.51521918284623],[13.240609173550645,52.5152073629539],[13.240598532913285,52.515195552046556],[13.240587892640601,52.51518373215236],[13.240577252373576,52.51517191225724],[13.240566612112215,52.515160092361185],[13.240555971497484,52.51514828145013],[13.24054531651812,52.515136461333164],[13.240534676273738,52.51512464143434],[13.240524035675984,52.51511283052049],[13.240513395442921,52.51510101061979],[13.240493537627534,52.515107791442325]],[[13.240310959762992,52.51517055957864],[13.240317875612083,52.51518337608507],[13.240324777094857,52.51519618338612],[13.24033169331091,52.51520899090582],[13.240338609530909,52.515221798425124],[13.240345525395782,52.51523461492996],[13.24035244162367,52.51524742244848],[13.240359357855505,52.51526022996661],[13.24036625936192,52.51527303726528],[13.240373175242572,52.515285853768546],[13.24038009148624,52.515298661285485],[13.240387007733853,52.51531146880203],[13.24039392398541,52.515324276318175],[13.240400825152465,52.515337092600795],[13.240400866827198,52.51533715615943],[13.24042450090951,52.5153321398515],[13.240424418278101,52.515331994762384],[13.240417338916108,52.51531921179618],[13.240410273928465,52.515306438034536],[13.240403194215471,52.51529366405343],[13.240396129235876,52.51528089029097],[13.24038904953094,52.51526811630903],[13.240381984918455,52.515255333559814],[13.240374905221575,52.515242559577054],[13.240367840258077,52.51522978581294],[13.240360760569253,52.51521701182935],[13.2403536956138,52.515204238064406],[13.240346615933033,52.51519146407998],[13.240339551344702,52.51517868132829],[13.24033248640132,52.5151659075621],[13.240325406732635,52.51515313357645],[13.24030404355877,52.515157752057746],[13.240310959762992,52.51517055957864]],[[13.240102424870958,52.51519725500976],[13.240105561338021,52.515210599745515],[13.240108697447774,52.515223953467114],[13.240111833918453,52.51523729820267],[13.240114955302467,52.515250651704996],[13.240118091776758,52.51526399644037],[13.240121227893738,52.515277350161575],[13.240124364371646,52.51529069489676],[13.240127500492244,52.515304048617786],[13.240130636614651,52.5153174023387],[13.24013377309798,52.51533074707362],[13.240136909224006,52.51534410079434],[13.24014003098156,52.51535744530997],[13.240143167111198,52.515370799030514],[13.24015451950811,52.51536996086285],[13.240168209563329,52.51536889671706],[13.240164967806697,52.51535560436501],[13.240161728206592,52.51534225809731],[13.240158473519863,52.51532892059637],[13.240155233923502,52.515315574328476],[13.24015197924053,52.51530223682733],[13.240148739647912,52.51528889055923],[13.240145484968693,52.51527555305788],[13.24014223029135,52.51526221555644],[13.240138990704352,52.515248869288044],[13.240135736030764,52.51523553178638],[13.240132496447515,52.51522218551778],[13.240129241777678,52.51520884801593],[13.240126002198172,52.51519550174714],[13.24012274753209,52.51518216424507],[13.240099288764824,52.515183901287976],[13.240102424870958,52.51519725500976]],[[13.239851767118845,52.51519189896792],[13.239852068293008,52.5152053813572],[13.239852369467256,52.51521886374645],[13.239852685370941,52.515232346354786],[13.239852986545369,52.51524582874398],[13.239853287719884,52.51525931113314],[13.239853589253661,52.515272784536364],[13.239853905157716,52.51528626714459],[13.239854206332499,52.51529974953365],[13.239854507507367,52.51531323192271],[13.239854808682324,52.515326714311726],[13.23985510985737,52.51534019670071],[13.239855425761887,52.51535367930881],[13.23985572693711,52.51536716169773],[13.239856028830767,52.5153806261148],[13.239879690345369,52.515380456615965],[13.239879329167735,52.51536700030836],[13.23987896906773,52.51535351704296],[13.239878608608683,52.515340042763434],[13.239878248508925,52.51532655949798],[13.23987788840929,52.51531307623248],[13.23987752830978,52.515299592966976],[13.239877168210391,52.51528610970142],[13.239876807751962,52.515272635421766],[13.23987644765282,52.51525915215616],[13.239876087553801,52.515245668890536],[13.239875727454908,52.51523218562487],[13.239875366996971,52.515218711345085],[13.239875006898323,52.51520522807938],[13.2398746467998,52.51519174481362],[13.239851767118845,52.51519189896792]],[[13.239658527309187,52.51520133313921],[13.23965717873806,52.51521479098434],[13.239655844895358,52.51522824904856],[13.239654511051745,52.515241707112715],[13.239653162477863,52.51525516495768],[13.239651828632422,52.51526862302174],[13.239650494426854,52.51528209007166],[13.23964914585022,52.51529554791648],[13.239647812002039,52.515309005980384],[13.239646463423568,52.515322463825086],[13.239645129573558,52.515335921888884],[13.239643795722635,52.51534937995263],[13.239642447141412,52.51536283779718],[13.23964111328866,52.51537629586085],[13.23966408108747,52.515377257974805],[13.239665472413956,52.515363836731105],[13.239666850446959,52.51535037932451],[13.239668243208403,52.51533692213702],[13.239669635968902,52.515323464949475],[13.239671013999077,52.51531000754272],[13.239672406757682,52.51529655035507],[13.23967379951534,52.515283093167355],[13.239675177901901,52.51526962677453],[13.239676570657668,52.51525616958671],[13.239677149744692,52.51525053168669],[13.239677948683136,52.515242712179706],[13.239679341437014,52.51522925499178],[13.239680734189943,52.51521579780381],[13.239682112212584,52.51520234039665],[13.239683504963624,52.51518888320856],[13.239682695927993,52.51518884419806],[13.239659861150061,52.5151878750749],[13.239658527309187,52.51520133313921]],[[13.239116784934525,52.515153035906664],[13.239112189643858,52.51516622963646],[13.239107579980349,52.51517941416092],[13.239102984683994,52.51519260789025],[13.239098375014791,52.515205792414235],[13.23909376498341,52.5152189859239],[13.239089170037847,52.515232170666636],[13.23908456000077,52.51524536417584],[13.23907995032017,52.51525854869889],[13.239075355366078,52.51527173344091],[13.239070745320452,52.515284926949434],[13.23906615036067,52.515298111691],[13.239061540309349,52.51531130519905],[13.239056930614511,52.51532448972093],[13.23905692989584,52.51532450769277],[13.239066178853715,52.51532577824544],[13.239079722317978,52.51532764319707],[13.239084287099601,52.51531447598843],[13.239088852956389,52.51530128182181],[13.239093418810354,52.51528808765495],[13.239097999390847,52.51527489370709],[13.239102565239156,52.51526169953978],[13.239107131084639,52.515248505372234],[13.239111711656639,52.51523531142369],[13.23911627749647,52.51522211725568],[13.23912084297415,52.51520893207338],[13.23912542353766,52.51519573812414],[13.23912998936901,52.51518254395544],[13.239134555197536,52.51516934978654],[13.239139135752552,52.51515615583661],[13.239143701575424,52.51514296166724],[13.23912139459234,52.51513985138177],[13.239116784934525,52.515153035906664]],[[13.238940059499672,52.51511031357044],[13.238933765264374,52.51512323924212],[13.238927456295992,52.5151361646942],[13.238921162412495,52.51514908137917],[13.238914868165864,52.51516200704968],[13.238908559186134,52.51517493250055],[13.238902264931946,52.515187858170265],[13.238895956304018,52.51520077463443],[13.238889662042274,52.515213700303356],[13.23888336777675,52.5152266259719],[13.23887705877811,52.515239551420784],[13.238870764505032,52.51525247708853],[13.23886447058755,52.51526539376995],[13.238858161577564,52.51527831921766],[13.238851867293151,52.515291244884224],[13.238851835318794,52.515291307347155],[13.238874866238342,52.51529548043694],[13.238874897853298,52.515295426959916],[13.238881148302905,52.515282491648435],[13.238887413118743,52.51526956554175],[13.238893663560841,52.515256630229494],[13.238899913639816,52.515243703902776],[13.238906178803747,52.51523076880898],[13.238912428875217,52.51521784248148],[13.238918694031627,52.51520490738692],[13.238924944454947,52.51519197207272],[13.23893120924448,52.51517904596327],[13.23893745966029,52.51516611064831],[13.238943724442306,52.515153184538086],[13.238949974850607,52.51514024922233],[13.238956239625105,52.51512732311133],[13.238962490025896,52.515114387794796],[13.238940059499672,52.51511031357044]],[[13.238697753431564,52.51507266586377],[13.238689048565735,52.51508506111803],[13.238680344054346,52.51509744738566],[13.238671639178582,52.5151098426385],[13.238662934297851,52.51512223789063],[13.238654229412154,52.51513463314206],[13.238645524880905,52.51514701940686],[13.23863681998527,52.51515941465686],[13.238628100355353,52.51517180968689],[13.238619395449781,52.51518420493548],[13.238610690898666,52.515196591197444],[13.238601985983161,52.515208986444605],[13.238593281062688,52.5152213816911],[13.238584576137246,52.51523377693684],[13.238584388602275,52.51523404388303],[13.238605899798921,52.51523973190811],[13.238606056437401,52.51523950046702],[13.238614673700837,52.51522708593217],[13.238623305688673,52.5152146716159],[13.23863192294225,52.515202257079665],[13.238640554920224,52.515189842762005],[13.238649172163944,52.51517742822436],[13.238657789402733,52.51516501368605],[13.238666421365911,52.515152599366296],[13.238675038594847,52.51514018482658],[13.238683655818857,52.51512777028618],[13.238692288126645,52.515115346978405],[13.238700905340794,52.515102932436605],[13.238709522550018,52.51509051789411],[13.2387181544836,52.51507810357017],[13.238726771682966,52.51506568902629],[13.238706458292427,52.515060270608814],[13.238697753431564,52.51507266586377]],[[13.238514382300691,52.515010404834264],[13.2385021865839,52.515021642178134],[13.238489975772131,52.51503288828728],[13.238477780042807,52.51504412562847],[13.238465583947772,52.51505537195424],[13.238453387846466,52.515066618278674],[13.238441177369065,52.51507785539658],[13.238428981255225,52.51508910171835],[13.238416785494579,52.51510033905288],[13.238404589368203,52.51511158537199],[13.238392378506262,52.51512283147046],[13.23838018272682,52.515134068801],[13.238367986581641,52.515145315116094],[13.238355790789672,52.515156552443955],[13.238355469611438,52.51515684437378],[13.238374138656376,52.515164315352],[13.238374429297501,52.51516404994126],[13.238386625446351,52.515152803625575],[13.238398821588932,52.515141557308525],[13.23841101772525,52.515130310990145],[13.238423213495834,52.51511907365635],[13.238435409619616,52.51510782733532],[13.23844760573713,52.51509658101295],[13.238459801848377,52.515085334689246],[13.238471997593903,52.51507409735013],[13.238484193692617,52.515062851023764],[13.238496389785062,52.515051604696055],[13.238508585871243,52.515040358367024],[13.238520781591712,52.51502912102258],[13.238532977665356,52.5150178746909],[13.238545173732733,52.51500662835785],[13.238526578370658,52.51499915850318],[13.238514382300691,52.515010404834264]],[[13.238331658205592,52.514896983838455],[13.238315606340539,52.5149062486076],[13.238299539739508,52.51491551315517],[13.238283487860953,52.51492477791981],[13.238267435975649,52.51493404268219],[13.238251369354359,52.51494330722301],[13.238235317455555,52.514952571980885],[13.23821926555,52.514961836736525],[13.238203198908451,52.514971101270575],[13.238187146989395,52.5149803660217],[13.238171095063592,52.51498963077058],[13.238155028401781,52.514998895297865],[13.238138976462476,52.51500816004225],[13.238122924516423,52.51501742478436],[13.238106857834355,52.515026689304904],[13.238106118483623,52.515027118867266],[13.238123286372291,52.5150382179871],[13.238123995545465,52.51503780595776],[13.238140018399813,52.51502853179102],[13.238156041606933,52.515019248636115],[13.238172079536563,52.51500996569829],[13.238188102730177,52.5150006825389],[13.238204140646298,52.51499139959656],[13.238220163826409,52.51498211643267],[13.23823618699977,52.51497283326655],[13.238252224895625,52.51496355031749],[13.238268248055482,52.514954267146884],[13.238284271208586,52.51494498397402],[13.238300309084178,52.514935701018224],[13.238316332223778,52.51492641784087],[13.238332370085859,52.514917134880584],[13.238348393211954,52.51490785169875],[13.238331658205592,52.514896983838455]],[[13.239367829563177,52.515357349036385],[13.239367830281722,52.51535733106454],[13.239370957608996,52.51534398960384],[13.23937408529355,52.515330639157085],[13.239377212976114,52.51531728871022],[13.239380340297421,52.51530394724913],[13.239383453246646,52.515290596582815],[13.239386580923247,52.51527724613554],[13.239389708238592,52.515263904674086],[13.239392835911215,52.51525055422657],[13.239395963581847,52.515237203778916],[13.239399090891224,52.51522386231707],[13.239402203828543,52.51521051164998],[13.23940533149321,52.515197161201954],[13.239408458796627,52.51518381973972],[13.239411586457315,52.51517046929143],[13.239386997471344,52.51516840405179],[13.239385550395594,52.51517437070288],[13.239383752328028,52.51518174376003],[13.239380521911983,52.5151950836873],[13.23937727712382,52.515208414409344],[13.23937403197433,52.515221754117185],[13.239370786822784,52.51523509382487],[13.239367541669177,52.515248433532435],[13.23936429687278,52.515261764253935],[13.239361051715054,52.51527510396123],[13.23935780655527,52.51528844366838],[13.239354576122793,52.51530178359458],[13.239351330958895,52.51531512330147],[13.239348086152212,52.5153284540223],[13.239344840984197,52.515341793728915],[13.239341595814123,52.51535513343539],[13.239367829563177,52.515357349036385]],[[13.240734566294284,52.514179547653946],[13.240734306926784,52.51417976857906],[13.24072114095788,52.51419059610577],[13.240707974623493,52.514201432616865],[13.240694808641583,52.51421226014049],[13.24068164265317,52.514223087662586],[13.240668476299263,52.514233924169055],[13.240655310297843,52.51424475168806],[13.24064214428992,52.51425557920553],[13.240628977916494,52.514266415707375],[13.24061581189556,52.51427724322176],[13.240602660238158,52.514288079939554],[13.240589494204222,52.51429890745086],[13.240576328163785,52.51430973496061],[13.240563161757828,52.51432057145476],[13.24054999570438,52.514331398961446],[13.240569877280217,52.51434061394826],[13.240582971122423,52.51432974940051],[13.24059605022909,52.514318884632225],[13.240609144058318,52.51430802008144],[13.24062223824006,52.5142971465432],[13.240635317327268,52.51428628177035],[13.240648411137027,52.51427541721499],[13.240661504940297,52.51426455265811],[13.240674584008048,52.514253687880675],[13.240687677798343,52.51424282332074],[13.24070075721211,52.51423194955434],[13.240713850989424,52.51422108499136],[13.24072694476025,52.51421022042686],[13.24074002379557,52.51419935564183],[13.24075311755342,52.514188491074265],[13.240753498701643,52.51418817305592],[13.240734566294284,52.514179547653946]],[[13.240378713285484,52.5140739403352],[13.24037054868001,52.514086478614864],[13.240362369340845,52.514099016674834],[13.240354190356006,52.514111545748236],[13.240346011007388,52.51412408380694],[13.24033783165404,52.514136621865006],[13.240329667024954,52.514149160141514],[13.240321488021214,52.514161689212386],[13.240313308653688,52.51417422726856],[13.240305129281431,52.51418676532411],[13.240296949904447,52.51419930337904],[13.240288785610813,52.514211832666454],[13.24028060622438,52.5142243707201],[13.240272426833215,52.51423690877312],[13.240294079675232,52.5142427334694],[13.240302404556214,52.514230242535085],[13.240310744520478,52.51421774283327],[13.24031906939187,52.51420525189765],[13.240327394617529,52.51419275197546],[13.240335734208331,52.51418026125761],[13.240344059065338,52.514167770320036],[13.2403523990056,52.51415527061493],[13.240360723853017,52.51414277967607],[13.240369049054692,52.514130279750596],[13.240377388621502,52.514117789029456],[13.240385713454536,52.51410529808864],[13.240394038641824,52.514092798161215],[13.240402378194238,52.514080307438135],[13.24041070337193,52.51406780750941],[13.240410969562177,52.51406741585236],[13.240387198691936,52.51406148774738],[13.240386892256147,52.5140614112599],[13.240378713285484,52.5140739403352]]],[[[13.239388061449699,52.514137274284145],[13.239345957412475,52.51413538897056],[13.239303783684147,52.514134140984964],[13.239261584809098,52.51413352199892],[13.23921936078552,52.51413353201239],[13.239155912662008,52.51413432308095],[13.239092483572062,52.514135743787634],[13.239029103330232,52.51413778558492],[13.238939684027219,52.514141606674514],[13.238913676223842,52.51414334150392],[13.238887778699358,52.514145635427795],[13.238862020910751,52.51414848888467],[13.238817802631987,52.51415451120362],[13.238780698444673,52.51416027076189],[13.23873912235842,52.5141676630901],[13.23870125077489,52.51417529037548],[13.238666742412804,52.514183210480006],[13.238634980093257,52.51419137825367],[13.238613300341202,52.514197286458476],[13.238581347941212,52.51420652134921],[13.238565533571863,52.51421133001727],[13.238539321530265,52.51421964333357],[13.238515892548929,52.5142276474184],[13.238492830338615,52.51423606156628],[13.238470179804779,52.514244868463436],[13.2384397835087,52.51425757014022],[13.23840337910871,52.51427383281157],[13.23838254592315,52.51428399745817],[13.238362384862084,52.51429467561961],[13.238342985018372,52.51430585064023],[13.238324332381831,52.51431750432924],[13.238303548632368,52.51433158989187],[13.238284006403308,52.51434632332574],[13.238265751320071,52.5143616693458],[13.238248859185386,52.5143775751337],[13.238233361255622,52.51439399619909],[13.238219288427866,52.514410897037486],[13.238191297524724,52.51440841224831],[13.238181081406209,52.514417323324174],[13.23817328400161,52.514416613791646],[13.23815116890357,52.51441461210368],[13.23812905380764,52.5144126104116],[13.238106938354298,52.514410617701294],[13.238084823262573,52.51440861600096],[13.238062708172954,52.51440661429653],[13.238040593085442,52.51440461258797],[13.238018478000035,52.514402610875294],[13.237996362557194,52.51440061814443],[13.237974247475993,52.514398616423506],[13.237952235140723,52.51439662521988],[13.237941295074833,52.51439563509657],[13.237914759857835,52.51439323485975],[13.23789255676966,52.51439122282156],[13.237870353324045,52.51438921976516],[13.237848150240113,52.51438720771866],[13.237825946798734,52.514385204653955],[13.23780374371905,52.514383192599176],[13.237781555010955,52.514381189745514],[13.237759351935514,52.51437917768244],[13.237737148502609,52.51437717460114],[13.237714945431414,52.51437516252976],[13.237692742002743,52.51437315944015],[13.237687426271192,52.51437267565616],[13.237680216246893,52.51437201979631],[13.237683803910047,52.51436596816137],[13.237689099178965,52.51435701979785],[13.237692362537947,52.51435759888992],[13.237694118515295,52.51435791276549],[13.237703235012711,52.51435954110427],[13.23771301968509,52.514343367687474],[13.237723403205996,52.514327329067235],[13.237734413954144,52.5143114526399],[13.237748284251639,52.51431508490358],[13.237768601493833,52.51432039565119],[13.237788903652387,52.514325715161895],[13.23780922090452,52.51433102590261],[13.237829537802046,52.5143363456258],[13.237849855064118,52.51434165635962],[13.237870157242556,52.51434697585653],[13.237890474514565,52.51435228658346],[13.237899656536099,52.51433975463206],[13.237879541532983,52.514334177181006],[13.237859411805998,52.514328599507195],[13.237839296813203,52.514323022049375],[13.23781918218514,52.51431743560226],[13.237799052473644,52.51431185791831],[13.237778937496333,52.514306280450334],[13.237758822524182,52.514300702978986],[13.237745106352673,52.51429690217799],[13.237751200520968,52.5142889817244],[13.23776809657625,52.51426819380489],[13.237786040518232,52.514247736184736],[13.237805031267143,52.51422763582116],[13.237825039004493,52.51420790126086],[13.237846047921744,52.514188559241695],[13.237868027841088,52.51416962729622],[13.237873393300404,52.51416518459653],[13.237885701136072,52.514171032400576],[13.237903128470537,52.51417932115246],[13.237920555811586,52.51418760990183],[13.237937997888205,52.51419589886804],[13.237955425242424,52.514204187612386],[13.237972852603228,52.51421247635419],[13.23799029469961,52.514220765312835],[13.238007722073588,52.514229054049586],[13.238025149454145,52.51423734278383],[13.238042591570293,52.51424563173491],[13.238060018964026,52.51425392046411],[13.23807746109335,52.51426220941012],[13.238094888500255,52.51427049813429],[13.238112315913742,52.514278786855925],[13.238129758062831,52.51428707579438],[13.23814718548949,52.51429536451097],[13.238164612922736,52.514303653225035],[13.238182055091588,52.51431194215593],[13.238199482538004,52.51432023086495],[13.238216909991003,52.51432851957146],[13.238234352179623,52.514336808494775],[13.238251779645793,52.51434509719624],[13.238270903380325,52.514329773103725],[13.238253506453004,52.51432145788595],[13.238236109891767,52.51431313367975],[13.238218727706661,52.51430481867629],[13.238201331158617,52.51429649446507],[13.238183934257673,52.514288179237255],[13.238166537722826,52.514279855021016],[13.238149140835072,52.514271539788176],[13.23813627072789,52.514265377936034],[13.238131744313423,52.51426321556691],[13.238114362167867,52.51425490054839],[13.23810569983654,52.51425076144867],[13.238096965659413,52.5142465763221],[13.238079568798035,52.514238261079214],[13.238062172302776,52.51422993684791],[13.23804477545459,52.51422162160001],[13.23802739370152,52.51421329758303],[13.238009996866522,52.51420498233009],[13.237992600397652,52.51419665808874],[13.237975203575845,52.514188342830806],[13.237957807120171,52.51418001858442],[13.237940410311555,52.51417170332144],[13.237923028598054,52.5141633792894],[13.237905631802622,52.514155064021416],[13.237893875040157,52.514149440217125],[13.23791449647885,52.514134624015625],[13.237935680467999,52.51412011290045],[13.23795744137691,52.514105916076566],[13.237979749388069,52.51409204209087],[13.237992267452166,52.514084531986576],[13.238018304416704,52.51406954466115],[13.238044987627651,52.51405498055231],[13.238072301277667,52.51404086639806],[13.23808083344212,52.51404752111797],[13.238094438712722,52.514058144603354],[13.238108058718806,52.514068768306544],[13.238112831865168,52.514072498832],[13.238121664002492,52.51407939178888],[13.238135284021672,52.51409001548902],[13.23814888931844,52.514100638968294],[13.23816250935071,52.51411126266537],[13.238176114660568,52.514121886141595],[13.238189735065427,52.5141325008497],[13.238203340388367,52.51414312432288],[13.23821696044682,52.51415374801383],[13.238230565782844,52.514164371483965],[13.238244185854391,52.51417499517187],[13.2382577912035,52.51418561863894],[13.238271411288139,52.51419624232382],[13.238285016650334,52.514206865787834],[13.238298636748066,52.51421748946964],[13.238312242482818,52.51422810394468],[13.238325862593642,52.51423872762342],[13.238339467982005,52.51424935108133],[13.23835308810592,52.51425997475702],[13.238366693507368,52.51427059821188],[13.238385256598752,52.51426155065131],[13.238371605930114,52.51425095349841],[13.23835794089848,52.51424034713875],[13.23834429024294,52.51422974998278],[13.23833062522442,52.51421914362004],[13.238316974581979,52.514208546460985],[13.238303324305562,52.51419794031449],[13.238289658947233,52.514187342933056],[13.238276008683918,52.51417673678348],[13.238262358067676,52.514166139618276],[13.23824869308849,52.514155533246324],[13.23823504248535,52.51414493607805],[13.238221377159784,52.51413433868893],[13.238207726929232,52.514123732531665],[13.238194076345737,52.5141131353588],[13.23818041139933,52.51410252897914],[13.238166760828936,52.51409193180319],[13.23815309589564,52.51408132542046],[13.238139445338346,52.51407072824144],[13.238125795147106,52.51406012207498],[13.238113702242213,52.5140507439271],[13.238112129873969,52.51404952467355],[13.238098479695836,52.514038918504],[13.238089817486538,52.51403219890989],[13.238114918467337,52.514020344569964],[13.238131847638,52.51401235167046],[13.23815407352703,52.514002369649575],[13.238176627026759,52.513992671232316],[13.23819146389865,52.51398650836146],[13.238224783960185,52.51397329282582],[13.238258728707642,52.51396067101508],[13.238293253236227,52.51394866024261],[13.238328342458551,52.51393726927455],[13.238344696699857,52.51393222591247],[13.23837394132889,52.513923625115254],[13.238403507817072,52.51391545169269],[13.238433381436199,52.51390770542525],[13.238434481397222,52.51390931325696],[13.238443062679126,52.51392174107753],[13.23845162887746,52.51393417766413],[13.238460195440004,52.51394660526421],[13.238468776376788,52.5139590420689],[13.238477342589436,52.51397147865367],[13.238485923895208,52.513983906471225],[13.2384944901174,52.513996343054814],[13.23854068708228,52.51398543209061],[13.23853261193519,52.51397287694365],[13.238524536433209,52.513960330782055],[13.238516476024092,52.5139477758533],[13.238508400531169,52.51393522969064],[13.238500325402205,52.51392267454152],[13.238492250277774,52.513910119391866],[13.238484189527336,52.51389757344688],[13.238483120819717,52.513895921124586],[13.238531145501021,52.51388500141084],[13.23856745524073,52.51387735992032],[13.238604079651973,52.51387032551838],[13.238641004007244,52.51386389798549],[13.238657261148907,52.51386128077796],[13.238703572103159,52.51385451642344],[13.238731247021763,52.5138501540333],[13.238759123821184,52.513846271179204],[13.238787172685166,52.51384287640841],[13.238815363797498,52.51383997826827],[13.238831174008325,52.51383858618819],[13.238864401307007,52.51383615861699],[13.238897722356878,52.513834334847],[13.238931122430428,52.513833114658944],[13.238931305983732,52.5138347897672],[13.238932801712322,52.51384824498728],[13.238934283072188,52.51386169100216],[13.238935764073524,52.513875146002924],[13.238937259804556,52.513888601222874],[13.238938740807512,52.51390205622357],[13.238940236899518,52.513915502457515],[13.238941717904096,52.51392895745811],[13.238994886409001,52.51392650297318],[13.2389933166555,52.51391305564368],[13.238991732173965,52.513899608094924],[13.238990162422192,52.51388616076534],[13.238988593030612,52.513872704449795],[13.238987008551684,52.51385925690089],[13.238985438802503,52.513845809571194],[13.238983869054186,52.51383236224144],[13.238983670770015,52.513830686914005],[13.239045733596209,52.51382840974554],[13.239076792487257,52.51382750533108],[13.239096899918065,52.51382700436849],[13.239136074415738,52.51382622072268],[13.239246848839429,52.51382532475951],[13.23926304305579,52.513825385930836],[13.239282578570739,52.51382555077088],[13.239333577832324,52.513826480535435],[13.239384533627785,52.51382812893271],[13.239435402132218,52.513830486319385],[13.239486183348061,52.51383355269557],[13.23948463646825,52.51384201743651],[13.23948218502526,52.51385541391577],[13.239479718492564,52.51386881916168],[13.239477267046395,52.51388221564075],[13.23947481523941,52.51389562110566],[13.23947236379007,52.513909017584524],[13.239469897251002,52.51392242283006],[13.239467445798482,52.51393581930877],[13.239464993985143,52.51394922477329],[13.23946254252945,52.51396262125181],[13.239460075984011,52.51397602649697],[13.23945762452514,52.5139894229753],[13.23945517270545,52.514002828439445],[13.239452721243405,52.51401622491758],[13.239450269420537,52.51402963038156],[13.239447803226374,52.51404302664033],[13.239445351400327,52.51405643210412],[13.239442899931932,52.51406982858188],[13.23944044810271,52.51408323404548],[13.239437981902178,52.514096630303875],[13.239435530069777,52.514110035767295],[13.239433078595033,52.51412343224468],[13.239475863391972,52.514125984019465],[13.239475729410788,52.514142606881705],[13.239388061449699,52.514137274284145]],[[13.238958099258053,52.5139350276245],[13.238959921908268,52.51394841577974],[13.238961757132389,52.51396185806969],[13.238963592716871,52.51397529137367],[13.23896542794304,52.51398873366353],[13.238967263529572,52.51400216696741],[13.23896909875779,52.51401560925718],[13.238970934346368,52.51402904256096],[13.238972769576636,52.51404248485063],[13.238974605167263,52.51405591815433],[13.238976425670627,52.51406936022466],[13.238978261263298,52.51408279352825],[13.238980096497658,52.514096235817725],[13.238981932092376,52.51410966912124],[13.238983767328785,52.51412311141061],[13.239008080919886,52.51412209762509],[13.239006186400891,52.51410866344506],[13.239004291882956,52.51409522926497],[13.239002382637125,52.51408179486562],[13.239000488121315,52.51406836068543],[13.238998593965896,52.514054917519296],[13.238996699452205,52.514041483339014],[13.238994804939574,52.51402804915868],[13.23899289569907,52.514014614759084],[13.238991001188566,52.51400118057865],[13.238989106679123,52.513987746398186],[13.238987212170738,52.51397431221764],[13.238985317663412,52.513960878037096],[13.238983408428235,52.513947443637235],[13.238981514282369,52.51393400047064],[13.238981377062078,52.513933009388595],[13.238959134593577,52.51393493513933],[13.238958099258053,52.5139350276245]],[[13.238489389475777,52.514186864057585],[13.238478391483303,52.51417516451884],[13.238467393496627,52.51416346497909],[13.238456395156303,52.51415177442428],[13.238445411910185,52.51414007510184],[13.238434413940885,52.514128375559125],[13.23842341561793,52.51411668500134],[13.23841241766022,52.51410498545663],[13.238401434077803,52.514093295116155],[13.238390436131676,52.51408159556946],[13.238379438191343,52.514069896021766],[13.238368454626288,52.51405820567833],[13.238357456697535,52.51404650612865],[13.238356339841339,52.5140453206344],[13.238336333805263,52.51405249450397],[13.238337380251577,52.514053598028624],[13.238348467988203,52.51406526295225],[13.238359555730655,52.51407692787489],[13.238370643838394,52.51408858381058],[13.238381731592495,52.5141002487312],[13.238392834081383,52.514111913870096],[13.23840392184714,52.51412357878867],[13.238415009618725,52.51413524370626],[13.238426097755584,52.51414689963691],[13.238437185538816,52.51415856455247],[13.238448273327874,52.51417022946702],[13.238459361122757,52.51418189438056],[13.238470449282909,52.514193550307176],[13.238481537089442,52.5142052152187],[13.238492624901802,52.51421688012921],[13.23851137110854,52.5142102539269],[13.238500373104486,52.51419855439013],[13.238489389475777,52.514186864057585]],[[13.238685654576782,52.51413263739465],[13.238678084819144,52.51411997289526],[13.238670530154145,52.514107299628726],[13.238662960405062,52.51409463512838],[13.23865539101966,52.514081961641644],[13.238647821279137,52.51406929714035],[13.2386402519023,52.514056623652685],[13.238632682170337,52.51404395915045],[13.238625112802062,52.51403128566182],[13.238617557807594,52.51401862137791],[13.238609988447877,52.51400594788835],[13.238602418733032,52.513993283384224],[13.23859484938188,52.51398060989372],[13.238594794060322,52.51398051915742],[13.238583195163214,52.51398310680149],[13.238571819355075,52.51398564381801],[13.238579393013381,52.51399820947892],[13.238587021997514,52.51401086587561],[13.238594636257025,52.51402352205257],[13.238602265249774,52.51403617844832],[13.238609894246837,52.51404883484359],[13.238617523248209,52.51406149123838],[13.238625152253892,52.514074147632684],[13.238632766534932,52.51408680380726],[13.238640395549234,52.51409946020061],[13.238648024567848,52.51411211659348],[13.238655653590772,52.51412477298588],[13.238663267889036,52.51413742915853],[13.238670896920578,52.514150085549964],[13.23867852595643,52.51416274194093],[13.238700793745506,52.51415797537796],[13.238693223979306,52.5141453108795],[13.238685654576782,52.51413263739465]],[[13.239263085175137,52.514090098514835],[13.239263417885333,52.51407661656252],[13.239263750595228,52.51406313461015],[13.239264083304821,52.51404965265775],[13.23926440128517,52.51403617048613],[13.239264733994167,52.51402268853367],[13.239265066702863,52.51400920658119],[13.239265384682328,52.51399572440947],[13.239265717390428,52.51398224245691],[13.239266050098227,52.51396876050431],[13.239266244476804,52.51396094998404],[13.23926638280572,52.5139552785517],[13.239266700784004,52.51394179637986],[13.239267031335258,52.513928368342725],[13.23924638751403,52.51392827691958],[13.239245908948813,52.51394172073655],[13.2392454138579,52.5139552092639],[13.239244933854781,52.51396868902448],[13.239244453851274,52.51398216878504],[13.239243959118443,52.513995648326386],[13.23924347911415,52.514009128086876],[13.239242998750186,52.514022616833245],[13.239242504016165,52.51403609637446],[13.239242024010691,52.51404957613486],[13.239241529275876,52.51406305567601],[13.239241049269618,52.51407653543632],[13.239240568903687,52.514090024182536],[13.23924007416768,52.51410350372359],[13.239239594160244,52.5141169834838],[13.239262434482814,52.51411706263858],[13.239262767193607,52.51410358068633],[13.239263085175137,52.514090098514835]]],[[[13.239479987475185,52.514099134517345],[13.239482056699627,52.51408571436873],[13.239484111552988,52.51407228501495],[13.239486180774719,52.514058864866165],[13.239488235625378,52.51404543551222],[13.239490304844402,52.51403201536329],[13.239492359692358,52.514018586009215],[13.23949442890867,52.51400516586013],[13.239496483394696,52.5139917454918],[13.239498552967529,52.51397831635665],[13.239500607450855,52.51396489598818],[13.239502677020978,52.513951466852866],[13.239504731501603,52.51393804648424],[13.239506801069014,52.51392461734877],[13.239508855546939,52.513911196980004],[13.239510924752414,52.51389777683031],[13.239511046174426,52.51389695144026],[13.23950339972016,52.513896522970356],[13.239501982131442,52.513883689318924],[13.239500463954563,52.51387005394779],[13.239498945778525,52.51385641857661],[13.239498340448167,52.51385091590415],[13.23949985355786,52.51384292719784],[13.239501464020224,52.51383434651632],[13.23955467443424,52.51383784462427],[13.239571222153401,52.51383901693927],[13.239643627912729,52.51384455391008],[13.239715872755973,52.51385079875265],[13.239787957045706,52.51385774248131],[13.239859851686639,52.51386537567228],[13.239878411185401,52.51386746800806],[13.239929121023234,52.51387342832022],[13.239927246591336,52.5138812408224],[13.239925320430112,52.51388924137165],[13.239921947929462,52.51389434319921],[13.239913541102144,52.51390703968779],[13.239905134269907,52.5139197361757],[13.239896852087828,52.51393226368324],[13.23989132155464,52.5139316239511],[13.239891287427904,52.513931740329916],[13.239886897991191,52.51394495513497],[13.239882508551752,52.51395816993981],[13.239878104739814,52.513971375539406],[13.239873715294923,52.51398459034384],[13.239869325847309,52.513997805148044],[13.239864936396973,52.51401101995203],[13.239860546943913,52.51402423475581],[13.239856157488127,52.51403744955936],[13.239851768029617,52.51405066436272],[13.239847378568383,52.51406387916585],[13.239842989104426,52.514077093968766],[13.239838599637743,52.51409030877147],[13.239834195439368,52.51410352335484],[13.239829805967235,52.51411673815712],[13.239825416492378,52.51412995295918],[13.239821027014795,52.51414316776103],[13.23981663753449,52.51415638256265],[13.239748764520707,52.51414915084838],[13.239680750350727,52.51414250142734],[13.239612581011365,52.51413641610826],[13.239544285239585,52.51413091330102],[13.239475863391972,52.514125984019465],[13.239477932619124,52.51411256387099],[13.239479987475185,52.514099134517345]]]]},"properties":{"name":"Olympiastadion","osmId":"way/24296022","sourceParentId":"DEBE04AL5LX00002","parentIds":["DEBE04AL5LX00002"],"kind":"official-complete-footprint","areaM2":17554.598,"policy":"Exact union of complete official source parts and holes; corresponding displayed hero retains real solids/explicit open-space interpretation. Archive full original profiles."}},{"type":"Feature","geometry":{"type":"Polygon","coordinates":[[[13.240221354041898,52.515689047932526],[13.24025940818337,52.51568572968719],[13.240273710144299,52.51568447682164],[13.240306424298915,52.515681276948506],[13.240339020246612,52.51567771565776],[13.240371513075178,52.51567378418258],[13.240403888054326,52.515669482304006],[13.240436293196348,52.515664794240756],[13.240444761906256,52.515663463597065],[13.240468551028336,52.51565973533613],[13.240500646460976,52.51565431435712],[13.24053256512308,52.51564852209886],[13.240575841944395,52.515640273281534],[13.24061879001456,52.51563139916269],[13.240661380231968,52.51562189031867],[13.240703567688541,52.51561176406469],[13.240745352382765,52.51560102040112],[13.240786704495218,52.51558966787635],[13.240827940904715,52.515578259669326],[13.240868616831918,52.51556612381375],[13.24090870173944,52.51555328682994],[13.240948166525886,52.5155397392946],[13.240964111137853,52.51553388925719],[13.240986965924693,52.5155255075092],[13.241025085205212,52.515510591255385],[13.241069768992201,52.51549220304584],[13.241113655171281,52.515473119626485],[13.241156713923592,52.515453349546156],[13.241198930159866,52.515432901572794],[13.24124025861436,52.51541180200815],[13.241274511619471,52.515392943977595],[13.241304304158977,52.51537543126504],[13.241307730276018,52.515373414200276],[13.241339898777808,52.515353239415916],[13.241368185931448,52.51533430167444],[13.241370972218922,52.515332436940476],[13.241400934793583,52.51531103351362],[13.241429726866931,52.515289046232404],[13.24145392744503,52.5152702095744],[13.241473798763144,52.51525386208633],[13.241477303499746,52.5152509830238],[13.241499839225645,52.51523139331995],[13.241521519893917,52.51521144024445],[13.241541209962469,52.51519224881179],[13.241560116111632,52.51517275800486],[13.241578208165736,52.51515298535808],[13.241595471037371,52.51513293963885],[13.241611904009709,52.5151126388194],[13.241615802292753,52.515113559915235],[13.241635905883534,52.51511833633297],[13.241652127542883,52.515097052319796],[13.24166738709831,52.515075502251115],[13.241681683474546,52.51505371308512],[13.24168509176269,52.51504808125622],[13.241695001584684,52.5150316935892],[13.241707293295404,52.515009541952274],[13.241718590937,52.51498718672501],[13.241728878705182,52.5149646546466],[13.241738170613065,52.51494196390807],[13.241748909636337,52.51491366614177],[13.241758123620539,52.51488517487783],[13.241765796762923,52.51485651685557],[13.241771928348848,52.51482771004718],[13.241776501499405,52.51479880814962],[13.24177953058806,52.51476982036793],[13.241781074293138,52.51474296841664],[13.241781351285583,52.51471609764165],[13.241780404678945,52.51468923565748],[13.241778189570402,52.51466239977935],[13.241775357886924,52.51464030212657],[13.241774749432217,52.51463560863566],[13.241773847809974,52.51463050618127],[13.241773031353436,52.5146258545557],[13.241770053731994,52.5146088887464],[13.241768654490127,52.514602592050174],[13.241764629608921,52.51458454071753],[13.24176411612483,52.51458226728812],[13.241737562839504,52.51458437226641],[13.241734520865009,52.514573078988086],[13.241733159416174,52.5145680506214],[13.241731119216773,52.514560458648695],[13.241723787188805,52.51453664871463],[13.24171555166909,52.51451295123116],[13.24171207801025,52.51450398027467],[13.241706427388145,52.51448936641697],[13.241703938959992,52.51448377283479],[13.241701376169335,52.51447819612999],[13.2416987688332,52.514472627754415],[13.241686584825308,52.514448161280406],[13.241673346454201,52.514423894926324],[13.241672656283527,52.51442272479637],[13.241659037915998,52.51439985543077],[13.241643687952806,52.51437606120298],[13.241627296207279,52.51435252122854],[13.241613682426829,52.51433433637482],[13.241609891062536,52.51432926290259],[13.24158472951964,52.514299469535636],[13.241558328994866,52.51427007134736],[13.241530688054754,52.51424110428066],[13.241501850529216,52.51421257797735],[13.2414718157021,52.51418451040845],[13.241439610417862,52.514157651366546],[13.241425737727052,52.51414669161967],[13.241406264597774,52.514131305847975],[13.241371821712017,52.514105492480454],[13.24133629577258,52.514080229453796],[13.241299715161391,52.51405554416275],[13.241261697315485,52.51403215921224],[13.241222652102293,52.51400940634858],[13.241216321749226,52.51400591354898],[13.241182608261887,52.513987303980535],[13.24114160890417,52.51396587972175],[13.241125407854723,52.51395787042647],[13.241099668757615,52.5139451337902],[13.241064537496754,52.51392807658239],[13.241028736297134,52.513911557871474],[13.240992265158225,52.51389557765686],[13.240955167907229,52.51388014558081],[13.240917473283373,52.513865280052535],[13.240879181285832,52.51385098107145],[13.24083322556584,52.51383484180815],[13.240786530227835,52.51381950973493],[13.24073915418557,52.51380498572693],[13.240691126176932,52.51379128819319],[13.240642475657596,52.51377841757097],[13.240581350499355,52.51376386887529],[13.24051978425282,52.51375003288978],[13.240457776197394,52.51373692758556],[13.240395385604844,52.5137245448522],[13.240334509620821,52.513712984834676],[13.240273328327792,52.513702058624744],[13.240211856452197,52.51369176644103],[13.240172502346764,52.51368561550287],[13.240150093632515,52.513682117268964],[13.240099536628644,52.51367418124445],[13.24004865310604,52.51366704056417],[13.239997472160645,52.5136607046518],[13.239965745520939,52.51365730154756],[13.239946052345957,52.51365518336926],[13.239907374789079,52.5136516498746],[13.239894423475999,52.51365046816852],[13.239809437412964,52.513642217646336],[13.239724364449557,52.513634298446966],[13.23963921895353,52.51362671977525],[13.239576697660597,52.51362167153859],[13.239514011852954,52.513617421043854],[13.239451190984857,52.5136139687291],[13.239400638141069,52.51361183183527],[13.239388264869781,52.513611306046506],[13.23932612405754,52.5136096440562],[13.239263964209403,52.51360845828722],[13.239201770953846,52.51360773953441],[13.239139573387192,52.51360749722204],[13.23908806964534,52.513607764694164],[13.239036582781685,52.51360871573159],[13.239008634336194,52.5136096034909],[13.238985156980217,52.513610350991996],[13.238980314435816,52.513610566636274],[13.238933792597884,52.513612661489525],[13.238882518730577,52.51361565664858],[13.238830420393509,52.513619367805894],[13.238778481179303,52.513623890523306],[13.238726746349682,52.51362919850098],[13.23867525936957,52.51363531036879],[13.23862403532444,52.513642217360406],[13.238580321532345,52.513648534819076],[13.238536890436018,52.51365552182436],[13.238493756762406,52.5136631785959],[13.238450950326751,52.513671496586596],[13.23840851531374,52.5136804764547],[13.238366452081126,52.51369010921469],[13.238316388857928,52.51370225728568],[13.238266854028605,52.51371519544396],[13.238217892136907,52.51372891536227],[13.238169518269059,52.51374340827463],[13.238121791697928,52.5137586660732],[13.238082082316096,52.51377208314452],[13.238042924325999,52.51378608385522],[13.238004332814967,52.5138006594393],[13.237966337239742,52.51381581033599],[13.237928953047376,52.51383151879339],[13.23789221005437,52.51384777626484],[13.23788211665598,52.513852517193136],[13.237862170548528,52.513861876754056],[13.23783277476603,52.51387646336051],[13.23781350649843,52.51388656130181],[13.23780402306609,52.51389152709875],[13.237775930896461,52.51390705021678],[13.23775160720228,52.51392120883645],[13.237727829885792,52.51393570826628],[13.237704628404773,52.51395054894535],[13.237682003118847,52.513965721888084],[13.237648792406674,52.513989458687874],[13.237616651100977,52.514013723910274],[13.237585579202332,52.51403851755612],[13.237555636706011,52.514063813546166],[13.237526809603217,52.51408959368999],[13.237503561241107,52.514113334990334],[13.237481112157447,52.514137357930835],[13.237459506180352,52.51416167215613],[13.237438729660743,52.51418625048952],[13.237418797688258,52.51421108416497],[13.237403130831797,52.514231719513184],[13.23739675059317,52.51424089446553],[13.237388572214996,52.514252650098626],[13.237382011573988,52.51426301820172],[13.237375151656808,52.514273867374634],[13.237362885326277,52.51429533561739],[13.237347158010747,52.51429428311159],[13.237336572083436,52.514333417259785],[13.237332090788943,52.5143500113236],[13.237362700132756,52.514352616246576],[13.237399243825754,52.51435571417456],[13.237478851859583,52.51436248366959],[13.23748241692495,52.51434815973474],[13.23752825137574,52.514352214228545],[13.237550955572882,52.51435422480859],[13.237573674860858,52.514356226617785],[13.237581517150552,52.51435691887602],[13.237585893457156,52.51435730774998],[13.23759637906234,52.51435823718918],[13.237607760621975,52.51435924291201],[13.237619127453113,52.514360248414384],[13.237641861117025,52.51436225941584],[13.237664638970235,52.51436427107114],[13.237683803910047,52.51436596816137],[13.237689099178965,52.51435701979785],[13.237692362537947,52.51435759888992],[13.237694118515295,52.51435791276549],[13.237703235012711,52.51435954110427],[13.23771301968509,52.514343367687474],[13.237723403205996,52.514327329067235],[13.237734413954144,52.5143114526399],[13.237745106352673,52.51429690217799],[13.237725006837401,52.514291306948515],[13.237704892957883,52.51428570251036],[13.23768479345296,52.51428010727413],[13.237683394211478,52.514279717790494],[13.237689830406575,52.51427135287091],[13.237691214559245,52.51427175112098],[13.237711204845004,52.51427749758098],[13.23773121022465,52.51428323527109],[13.237751200520968,52.5142889817244],[13.23776809657625,52.51426819380489],[13.237786040518232,52.514247736184736],[13.237805031267143,52.51422763582116],[13.237825039004493,52.51420790126086],[13.237846047921744,52.514188559241695],[13.237868027841088,52.51416962729622],[13.237850113369069,52.51416172689981],[13.237832213632478,52.514153826720104],[13.237814299173372,52.51414592631836],[13.23781312626307,52.51414540533811],[13.237822438130472,52.51413773061256],[13.237823581942322,52.51413824216806],[13.237841328987862,52.51414627494409],[13.237859076039902,52.514154307717504],[13.237876996610089,52.514162423993895],[13.237893875040157,52.514149440217125],[13.23791449647885,52.514134624015625],[13.237935680467999,52.51412011290045],[13.23795744137691,52.514105916076566],[13.237979749388069,52.51409204209087],[13.237964065159431,52.514082547505225],[13.237948366568162,52.51407304371229],[13.23793268235306,52.514063549122554],[13.237931689426734,52.5140629499025],[13.237944841566422,52.51405506262172],[13.237945819404269,52.514055670608236],[13.237961307109632,52.51406528814747],[13.237976779733273,52.51407491445131],[13.237992267452166,52.514084531986576],[13.238018304416704,52.51406954466115],[13.238044987627651,52.51405498055231],[13.238072301277667,52.51404086639806],[13.238089817486538,52.51403219890989],[13.238114918467337,52.514020344569964],[13.238131847638,52.51401235167046],[13.23815407352703,52.514002369649575],[13.238176627026759,52.513992671232316],[13.238163967293188,52.51398162126389],[13.238151307565937,52.51397057129413],[13.238138633116098,52.513959521103736],[13.238137878727814,52.51395885350732],[13.23815346498089,52.513952378114595],[13.238154204640397,52.51395304549158],[13.238166624386892,52.513964199782805],[13.238179044139644,52.51397535407276],[13.23819146389865,52.51398650836146],[13.238224783960185,52.51397329282582],[13.238258728707642,52.51396067101508],[13.238293253236227,52.51394866024261],[13.238328342458551,52.51393726927455],[13.238318136345118,52.51392530278109],[13.238307944606603,52.51391334549199],[13.238297753233036,52.513901379216115],[13.238297161580025,52.51390069606127],[13.238314321595677,52.51389540395436],[13.23831489816053,52.51389609587574],[13.238324821182333,52.51390813907594],[13.238334758938405,52.5139201824946],[13.238344696699857,52.51393222591247],[13.23837394132889,52.513923625115254],[13.238403507817072,52.51391545169269],[13.238433381436199,52.51390770542525],[13.238483120819717,52.513895921124586],[13.238531145501021,52.51388500141084],[13.23856745524073,52.51387735992032],[13.238604079651973,52.51387032551838],[13.238641004007244,52.51386389798549],[13.238635172320894,52.513850890714764],[13.238629340637909,52.51383788344375],[13.238623508598879,52.51382488515835],[13.238623183858406,52.513824161022335],[13.238640227007275,52.513821420649435],[13.238640537019142,52.513822144566156],[13.2386461021462,52.51383518383355],[13.238651681645942,52.51384823230588],[13.238657261148907,52.51386128077796],[13.238703572103159,52.51385451642344],[13.238731247021763,52.5138501540333],[13.238759123821184,52.513846271179204],[13.238787172685166,52.51384287640841],[13.238815363797498,52.51383997826827],[13.238811961612313,52.51382665651099],[13.238808574157959,52.51381333497284],[13.23880517233607,52.5138000042294],[13.238804994522006,52.51379929127222],[13.238821884956351,52.513797789395305],[13.238822047323096,52.51379852010506],[13.238825094579163,52.51381187254397],[13.238828126748754,52.513825233749465],[13.238831174008325,52.51383858618819],[13.238864401307007,52.51383615861699],[13.238897722356878,52.513834334847],[13.238931122430428,52.513833114658944],[13.238983670770015,52.513830686914005],[13.239045733596209,52.51382840974554],[13.239076792487257,52.51382750533108],[13.23907582767303,52.5138140400322],[13.239074848489745,52.513800565528165],[13.239073883676507,52.513787100229216],[13.239073824407622,52.51378637105425],[13.239094300759724,52.513785857600396],[13.23909434530009,52.513786586556144],[13.239095191929371,52.513800059087224],[13.23909605328794,52.51381353183748],[13.239096899918065,52.51382700436849],[13.239136074415738,52.51382622072268],[13.239246848839429,52.51382532475951],[13.23926304305579,52.513825385930836],[13.239263257931146,52.513811902224404],[13.239263487535135,52.51379841873713],[13.23926370241003,52.51378493503062],[13.239263716782293,52.51378420695168],[13.239283826704483,52.51378438033972],[13.239283797603694,52.513785108199485],[13.239283391259722,52.51379858905665],[13.239282984915402,52.51381206991378],[13.239282578570739,52.51382555077088],[13.239333577832324,52.513826480535435],[13.239384533627785,52.51382812893271],[13.239435402132218,52.513830486319385],[13.239486183348061,52.51383355269557],[13.239501464020224,52.51383434651632],[13.23955467443424,52.51383784462427],[13.239557228956231,52.51382444967734],[13.239559768747704,52.513811054511166],[13.23956232290719,52.51379766854996],[13.239562417026622,52.51379715744804],[13.239579184586114,52.51379836000684],[13.239579091185291,52.51379885313694],[13.239576463386463,52.513812238002785],[13.239573849955608,52.51382563207362],[13.239571222153401,52.51383901693927],[13.239643627912729,52.51384455391008],[13.239715872755973,52.51385079875265],[13.239787957045706,52.51385774248131],[13.239859851686639,52.51386537567228],[13.239863668851296,52.51385209840705],[13.239867486372713,52.51383881215571],[13.23987131826146,52.51382553510924],[13.239871575827886,52.51382462183152],[13.239890490598917,52.51382667449435],[13.239890200701948,52.51382765922131],[13.239886265716498,52.51384093473466],[13.239882345816623,52.513854201480996],[13.239878411185401,52.51386746800806],[13.239929121023234,52.51387342832022],[13.239957084396224,52.51387622698466],[13.240002017295668,52.51388218225065],[13.24004673682595,52.51388868279302],[13.240091243347733,52.513895719626056],[13.240135522492722,52.51390328354505],[13.240141757637467,52.51389034794],[13.240148007507365,52.51387741255366],[13.240154242644618,52.51386447694784],[13.240154580319667,52.51386377166024],[13.240173865523646,52.513867250407785],[13.240173513119984,52.51386795547637],[13.240167102318344,52.513880861496524],[13.240160677143052,52.51389375831128],[13.240154266333732,52.51390666433065],[13.240207681061673,52.51391685468636],[13.240248802502427,52.51392377817255],[13.240289667827021,52.51393121033745],[13.240330291765654,52.51393915140037],[13.24033733120417,52.513926371607596],[13.240344355909615,52.51391359159527],[13.240351395698863,52.513900802815606],[13.240351792645736,52.51390008941771],[13.24037073697063,52.51390398565285],[13.24037032529512,52.51390469883176],[13.240363095830089,52.51391743983527],[13.240355866360797,52.51393018083827],[13.240348636887246,52.51394292184077],[13.240378826993393,52.51394937700281],[13.240408843960079,52.513956108311454],[13.240438687428746,52.51396312475279],[13.240490387337415,52.513976031814394],[13.240518066765695,52.513983357721834],[13.240545559762667,52.51399092361458],[13.240572881057616,52.513998729711815],[13.240582503404346,52.51398659072892],[13.240592111016774,52.51397445152615],[13.240601733352776,52.513962312541565],[13.24060227686747,52.513961619304894],[13.240621708064474,52.513967347966705],[13.240621134733146,52.513968049751355],[13.240611323438019,52.513980122988755],[13.240601497049507,52.5139922049922],[13.240591685384489,52.51400428721377],[13.240655040836842,52.51402388619273],[13.240680272476697,52.51403235351972],[13.24070511867129,52.514041246690745],[13.24072955068113,52.51405054729621],[13.2407416151534,52.514039253827036],[13.240753679619447,52.51402796035655],[13.240765759167182,52.51401665811783],[13.240766478709444,52.51401598548029],[13.24078054897336,52.514021625413406],[13.24077983014915,52.51402228007919],[13.240767475060924,52.514033470327156],[13.240755135054311,52.51404465180682],[13.240742780312434,52.51405583306611],[13.240770984826787,52.514067725293685],[13.24079873169296,52.51408000632563],[13.240826020911285,52.51409267616222],[13.240868040405521,52.51411180494194],[13.240891749765636,52.514123333594476],[13.240915018357766,52.51413519735718],[13.240937817083031,52.51414738680637],[13.240952673614965,52.51413740259519],[13.24096752978122,52.51412742736802],[13.240982386299661,52.51411744315296],[13.24098332498045,52.51411681872838],[13.240994499822381,52.51412300002169],[13.240993561500542,52.51412361546042],[13.240978517453831,52.51413349798495],[13.240963488129353,52.51414338072646],[13.240948444069128,52.514153263247],[13.240982509321675,52.51417302899339],[13.24101149947796,52.51419034558524],[13.241039749630616,52.51420810972314],[13.241067245409468,52.514226312202716],[13.2410837703079,52.51421735979945],[13.241100309569736,52.51420841659869],[13.241116834454754,52.51419946419067],[13.241117903902044,52.51419888666531],[13.241129767170513,52.514207020293135],[13.24112868299416,52.514207597599636],[13.241112000754944,52.51421643078365],[13.241095303421126,52.51422527273219],[13.241078620809638,52.51423411489726],[13.241096838213878,52.514246991474636],[13.241114693877227,52.514260069470645],[13.24114832157878,52.51428525938834],[13.241163958541398,52.51429743224153],[13.241179085034934,52.514309840268474],[13.24119370105919,52.51432248346939],[13.241207806972836,52.514335352858524],[13.241222677071342,52.514349753129466],[13.241241598591488,52.51434278743459],[13.24126052010569,52.51433582173666],[13.241279441613955,52.51432885603564],[13.24128072805062,52.51432838063816],[13.241290272165132,52.514338125178064],[13.241288986446012,52.51433858260376],[13.24126986698217,52.51434533856469],[13.241250747153636,52.514352103508394],[13.241231627319275,52.51435886844895],[13.241246845623705,52.51437525197127],[13.241254148348157,52.51438355156754],[13.241267335040977,52.514397666062564],[13.241279715246637,52.51441204729731],[13.24129130441139,52.51442667751907],[13.241302059065085,52.51444153809944],[13.241322457189456,52.51443634763705],[13.241342854950231,52.514431166157046],[13.241363253065126,52.514425975687544],[13.241364697217527,52.51442561052862],[13.241371429924984,52.51443563695913],[13.24136998649001,52.514435984146296],[13.241349422028906,52.51444091139772],[13.241328842475315,52.51444584741251],[13.241308278005144,52.514450774656694],[13.241318176276328,52.51446678237932],[13.24132276132172,52.51447486174982],[13.241329993539322,52.51448861799149],[13.241341515625114,52.51451304769067],[13.241347631343984,52.51452745268924],[13.24135196969025,52.51453765033028],[13.24136132663363,52.51456241648681],[13.241369601900347,52.51458732840754],[13.241391335168391,52.5145848731404],[13.241413068434102,52.514582417869235],[13.241434786968338,52.51457996237515],[13.24143637123986,52.51457977912323],[13.241439555372402,52.51459046311651],[13.241437986547332,52.51459062861552],[13.241416200103767,52.51459293924063],[13.241394428746002,52.514595241094696],[13.241372657027199,52.51459755193066],[13.24138038572804,52.514626924385496],[13.241383761866693,52.51464165730369],[13.241386763351512,52.51465728377964],[13.241388650673771,52.51466980969103],[13.241390095045189,52.51468235599237],[13.241391067007031,52.51469492224581],[13.241413149244899,52.514694432257166],[13.24143524621155,52.514693942483326],[13.241457328448629,52.51469345248642],[13.241458951170307,52.51469341366591],[13.241459467948891,52.51470519990447],[13.241457860673638,52.51470522097203],[13.241435774107893,52.51470545015803],[13.241413672812829,52.514705679121],[13.241391571517635,52.51470590807982],[13.241391640889068,52.51472299251539],[13.241390870696272,52.51474006447211],[13.241389260938268,52.51475712394993],[13.241386972998862,52.51477603453948],[13.241383920214757,52.51479490678689],[13.241380103302696,52.514813722720206],[13.241376430288327,52.51482893529478],[13.241371334781434,52.51484729165125],[13.241365506037996,52.51486555618752],[13.241358943698279,52.514883737889406],[13.24135281949846,52.514898698239065],[13.241346138453657,52.51491357838143],[13.24133891601034,52.51492836056349],[13.241360054808425,52.514932307237196],[13.241381178522262,52.51493626267415],[13.241402317328092,52.51494020934034],[13.241403824035405,52.51494049248172],[13.24139887542726,52.51495000361756],[13.241397369078506,52.51494971149018],[13.24137632582133,52.51494558641801],[13.241355282568176,52.51494146134211],[13.241334239319041,52.514937336262534],[13.241326582135642,52.51495119487283],[13.241318427740849,52.51496495617942],[13.24130982068095,52.514978611853046],[13.2413000583031,52.51499314947972],[13.241280833748467,52.51501950483962],[13.24127505443072,52.51502693563141],[13.241295014285944,52.51503272598402],[13.241314974146476,52.51503851633332],[13.24133493401232,52.515044306679286],[13.24133631822309,52.51504470488717],[13.241328966184549,52.515053874592745],[13.2413275826913,52.51505345841292],[13.241307747116414,52.51504750807044],[13.241287926635124,52.51504154895768],[13.241268091071081,52.515035598608634],[13.241250200518131,52.51505659701621],[13.241231175776445,52.51507720991979],[13.241211017203847,52.5150974283329],[13.241176164237107,52.515129098970334],[13.241162276019008,52.51514066208427],[13.241142551544725,52.51515628341111],[13.241159934265443,52.51516460697757],[13.241177331722096,52.5151729307605],[13.24119471409711,52.515181263307866],[13.241195842169692,52.5151818015701],[13.241183669276147,52.51519100749963],[13.241182542280182,52.515190442279476],[13.241165372574969,52.515181951048966],[13.24114821796464,52.51517345104903],[13.241131063360955,52.51516495104664],[13.241113124965786,52.515177919522735],[13.241094667071192,52.515190610535356],[13.241075690036006,52.515203015098336],[13.241033671029921,52.51522886071873],[13.2410221575887,52.515235576863795],[13.241037420059975,52.51524532551236],[13.24105269726737,52.51525507437796],[13.241067959752158,52.51526482302268],[13.24106892257191,52.515265439750834],[13.241056391377395,52.5152725453761],[13.241055443645962,52.5152719198809],[13.241040422215383,52.51526203994919],[13.241025386421104,52.515252150810724],[13.241010365362932,52.51524226188936],[13.240986066340628,52.515255441488364],[13.240966745357804,52.515265386305266],[13.240941853867065,52.51527753208282],[13.240916419876244,52.515289238208894],[13.240866981251541,52.51531044186245],[13.240843262952206,52.51532015044683],[13.240819274476454,52.515329612245296],[13.240831216046697,52.51534095694606],[13.240843157623056,52.515352301645656],[13.240855099205527,52.51536364634408],[13.24085580911181,52.51536432225252],[13.240839405435015,52.51537059703053],[13.240838710258288,52.51536992134099],[13.240826963750328,52.51535848962865],[13.240815231618843,52.51534706712011],[13.240803499493403,52.51533564461044],[13.240769918664018,52.5153480028239],[13.240735870772454,52.51535987754613],[13.24071512623683,52.515366717151664],[13.240701370907873,52.51537126000984],[13.240659087119091,52.51538417212192],[13.240668802028605,52.5153962839523],[13.240678502213989,52.515408395562886],[13.240688217134068,52.51542050739171],[13.240688778667478,52.51542120806876],[13.240672003797991,52.515426074667],[13.24067145699421,52.5154253742089],[13.240661965891022,52.5154131937766],[13.240652489163422,52.515401022548524],[13.240642998070605,52.515388842114746],[13.240614902843376,52.51539669630828],[13.240586555042695,52.515404232045086],[13.240557999216328,52.51541144099616],[13.240508307501925,52.51542310999614],[13.240476899529337,52.515430141644984],[13.240445201617943,52.515436683445394],[13.240413244304705,52.51544270887747],[13.240419536920893,52.51545563299495],[13.240425814811264,52.515468556893026],[13.240432107075616,52.515481489995764],[13.240432461675463,52.515482205579175],[13.240416506887957,52.51548498937235],[13.240416167376846,52.515484265022025],[13.240410171500763,52.51547129136988],[13.2404041608987,52.51545831749838],[13.2403981503001,52.51544534362657],[13.240370840253318,52.51544977477604],[13.240343354158849,52.515453816676576],[13.240315736923817,52.515457452013415],[13.240252980018255,52.515464871533695],[13.240235425092,52.51546675935085],[13.240239168037172,52.515480050163525],[13.240242910984517,52.51549334097605],[13.24024663956368,52.515506622583466],[13.240246846507167,52.51550734496261],[13.240227344045302,52.51550928473429],[13.240227152190668,52.51550855358825],[13.240223704912976,52.515495240199],[13.240220243266943,52.515481917604625],[13.240216795993243,52.51546860421514],[13.240209120536562,52.51546926330449],[13.240175550424906,52.51547212673311],[13.2401341844898,52.51547497310146],[13.24009268346038,52.515477143100966],[13.240051120985704,52.515478637826995],[13.239998050880763,52.515480797549195],[13.239952543785659,52.51548216163366],[13.239907010458047,52.5154830757471],[13.239861465269579,52.515483549094526],[13.239815908580805,52.51548357269],[13.239815752772184,52.5154970572717],[13.23981559696337,52.515510541853374],[13.239815441513546,52.51552401744909],[13.239815427149159,52.51552474552796],[13.239794651807154,52.51552460729222],[13.239794666171885,52.515523879213326],[13.239794984011093,52.51551039704218],[13.239795316579444,52.51549691509012],[13.239795634418066,52.515483432918906],[13.239753491001926,52.51548286888911],[13.239711347944352,52.51548192721641],[13.23966924979392,52.51548059957236],[13.239627181463089,52.51547889472378],[13.239625523913023,52.51549233897974],[13.239623881091292,52.51550578345478],[13.239622223539016,52.51551922771061],[13.239622135165005,52.51551996367962],[13.239604232783927,52.51551911288877],[13.239604335169224,52.51551839511078],[13.239606110562411,52.51550495260847],[13.239607900324629,52.51549151931112],[13.23960969044488,52.515478077027815],[13.239528582308443,52.51547301298561],[13.23944758627949,52.51546735713217],[13.239366702361227,52.51546110946775],[13.239331740473054,52.51545823350103],[13.239322431349134,52.51549901423],[13.239303967830528,52.515497453724585],[13.23931346845359,52.51545667584663],[13.239294962201951,52.515455078738704],[13.239194389789384,52.51544584058817],[13.23914419808589,52.515440885714646],[13.239080369498568,52.51543308443149],[13.239048555088951,52.51542889754296],[13.239043739884016,52.51544206102304],[13.239038925035457,52.51545521551692],[13.239034109824589,52.515468378996495],[13.239033845406519,52.51546909436248],[13.23901486279984,52.51546651007282],[13.239015127218199,52.51546579470688],[13.239020074280466,52.515452651172986],[13.23902500661028,52.51543950741961],[13.239029938937064,52.51542636366596],[13.23897415085376,52.51541835830881],[13.238918607450389,52.51540976314342],[13.238863308010266,52.51540059614198],[13.238857262671331,52.51541356147925],[13.238851216969376,52.51542653580206],[13.238845171623158,52.515439501138566],[13.238844833195786,52.51544022439381],[13.238826259094179,52.51543700777427],[13.238826597521827,52.51543628451909],[13.238832774718897,52.51542333912861],[13.238838937542234,52.5154103845326],[13.238845100002484,52.51539743892211],[13.238794909536375,52.51538840188256],[13.238744927105751,52.51537895432],[13.238695153430683,52.5153690782629],[13.238645249370478,52.5153591462961],[13.238601799309087,52.51534961609182],[13.238558806611376,52.51533933741384],[13.238516315107853,52.515328319906445],[13.238474338810713,52.515316581761326],[13.238464744686897,52.51532872998699],[13.238455150917186,52.51534086922591],[13.238445556782663,52.515353017449875],[13.23844499812772,52.51535371944266],[13.238428275724143,52.515348795013985],[13.238428834019823,52.515348102007195],[13.23843866131153,52.515336020194745],[13.23844847386842,52.515323938162126],[13.238458286419867,52.515311856128605],[13.238422210148183,52.515300736290115],[13.238386597343863,52.515289083864836],[13.23835146309664,52.515276890086625],[13.238316836147112,52.515264173366305],[13.238305089728662,52.51527559720528],[13.23829335803343,52.51528702126234],[13.23828161160271,52.51529844509882],[13.238280921460147,52.51529911815924],[13.238263863955865,52.51529262423675],[13.23826455445808,52.51529194219054],[13.23827618485407,52.51528047167164],[13.238287800514609,52.515269000932214],[13.238299416169053,52.515257530191555],[13.238267246892693,52.51524490399772],[13.238235597485872,52.51523180899863],[13.238204467949116,52.515218245194745],[13.238173902111383,52.51520422223034],[13.238132268290988,52.51518392937396],[13.238104312835704,52.515169495698856],[13.238076904192388,52.51515465656141],[13.238050085470514,52.51513943957781],[13.23803475266481,52.5151491465983],[13.238019405123033,52.51515885339737],[13.238004072303795,52.515168560413734],[13.238003104459475,52.515169175389374],[13.237990519041112,52.51516178595944],[13.237991501614752,52.51516117120323],[13.238007021960069,52.5151515658851],[13.23802252756931,52.51514196034551],[13.238038033171783,52.51513235480382],[13.238013759037395,52.51511763425986],[13.237990028117466,52.515102598114744],[13.237952478248548,52.51507748375327],[13.237924461677938,52.51505758243268],[13.237907391217561,52.515066148640926],[13.237890320750562,52.51507471484664],[13.237873250276941,52.515083281049826],[13.237872137297337,52.51508383991528],[13.237859885012277,52.515074756082534],[13.237861012361503,52.51507420642248],[13.237878254551207,52.51506576865622],[13.237895496374755,52.515057339873294],[13.23791273855129,52.515048902101874],[13.237894393194471,52.515034818296286],[13.23787652817501,52.51502051685974],[13.23785914385227,52.51500598880655],[13.237845812134928,52.51499441629666],[13.237829028536188,52.51497887218095],[13.237812874005318,52.514963076685056],[13.237797362192376,52.51494705698637],[13.237782478727244,52.51493080387986],[13.23776303373135,52.51493720377013],[13.237743574000618,52.514943603437786],[13.237724114264285,52.51495000310218],[13.237722785022516,52.51495044185861],[13.237714818292817,52.514941439823716],[13.23771616190402,52.514941010272665],[13.237735734436926,52.514934738167405],[13.237755292235084,52.51492846583945],[13.237774864756954,52.514922193727614],[13.237757655685536,52.514901814952395],[13.237741356978644,52.51488115302186],[13.237726012103709,52.51486022656635],[13.23771504815761,52.514842521296416],[13.237712916869558,52.51483906387801],[13.237692157842792,52.51484368189572],[13.237671398452136,52.514848308895665],[13.237650624687602,52.51485292668662],[13.237649152471436,52.514853255417364],[13.23764380901016,52.514844256486064],[13.237645280866447,52.5148439367413],[13.237666136889032,52.51483947302812],[13.237686992907467,52.51483500931121],[13.237707848921747,52.51483054559059],[13.237695548405874,52.51480830679346],[13.237684406847356,52.51478583350179],[13.237674452264494,52.5147631620983],[13.237665684295962,52.514740301569205],[13.237658131319488,52.51471727931128],[13.237651777165635,52.51469413104899],[13.237584607630902,52.51470024262848],[13.237582150456994,52.51468983010131],[13.23764944533113,52.514684268857714],[13.23764827548105,52.514678883644336],[13.237644825283933,52.514660876686484],[13.237642098974675,52.51464282656327],[13.237640110921907,52.51462474248006],[13.237628784927358,52.51462492443613],[13.237624950679319,52.51462498421033],[13.237624817449353,52.51461505586336],[13.237559701998807,52.514609248625895],[13.237548300627767,52.51460799983943],[13.237536928715638,52.51460675149068],[13.237526539699177,52.514605616686204],[13.237522607040304,52.51460518946252],[13.23746872563622,52.51459928877196],[13.237446010920571,52.51459680148292],[13.237424616792723,52.51459445974012],[13.237427647641443,52.514581332679214],[13.23728109174286,52.51456813503823],[13.237276552095679,52.51458692210034],[13.237267877742159,52.514622847863095],[13.237283986673098,52.51462431067124],[13.237285884601697,52.51465311101337],[13.237289376517001,52.51468185418136],[13.237294463501184,52.51471051321735],[13.237301132266921,52.51473905195812],[13.237309369526809,52.51476743424029],[13.237316798469527,52.5147887643147],[13.237319191092041,52.51479563332531],[13.237330554216703,52.514823612610854],[13.237337991698542,52.51483957502238],[13.237343460342302,52.51485133615284],[13.237357058449502,52.51487797306705],[13.237357938535272,52.514879550659224],[13.237371844981146,52.51490437592842],[13.237387791559712,52.514930517339884],[13.237404898546671,52.5149563883151],[13.237423166663106,52.51498197088178],[13.237442552801925,52.51500723742337],[13.237463217204919,52.515031866640705],[13.237485091605333,52.51505609128917],[13.237508176364239,52.5150799023822],[13.237532442743698,52.51510328150848],[13.237557862724877,52.51512619228482],[13.237584407569464,52.51514861629987],[13.23758623573844,52.515150073143396],[13.237612062908653,52.51517054434756],[13.23764080072306,52.5151919400447],[13.237669405297126,52.51521298309052],[13.237698882539837,52.5152335805725],[13.237715679653105,52.5152447371676],[13.23772918898274,52.515253713860034],[13.23776032498565,52.515273373966565],[13.237782964202967,52.5152869642858],[13.237792261449592,52.51529255146681],[13.237824984364405,52.51531122816887],[13.23786541675734,52.515333184607385],[13.237906713934866,52.51535452452201],[13.237948876256107,52.51537523892595],[13.237991860251473,52.515395309188406],[13.238035636821001,52.51541472588386],[13.23807301200877,52.51543021695685],[13.238110984320167,52.51544515045975],[13.238149539024976,52.51545952617263],[13.238188647023007,52.515473334670354],[13.23822827957347,52.51548655754189],[13.238268436315785,52.51549920377264],[13.238315381171974,52.515512742292046],[13.23836269933516,52.51552579183103],[13.238410376793627,52.515538334198],[13.238458413186587,52.515550378378414],[13.238506764324388,52.515561923713975],[13.238527193621994,52.515566291911306],[13.238566546957493,52.5155747091743],[13.238626664104382,52.51558687019524],[13.238687131211083,52.51559838902371],[13.238692545529702,52.515599359757736],[13.238747918456923,52.51560927420653],[13.238807977526003,52.51561994171973],[13.238868375053364,52.5156298859474],[13.238876783770658,52.51563116199029],[13.238929081577336,52.51563910645055],[13.238990067636177,52.51564760279022],[13.23907228465385,52.515656271219015],[13.239154589725423,52.51566458125021],[13.239213095579514,52.515670235288056],[13.239236996859827,52.51567255107464],[13.23926258089771,52.51567480198536],[13.239278075239621,52.51567616546036],[13.239319190630491,52.51567959156594],[13.239360342313358,52.515682847363145],[13.239405821959537,52.51568623048555],[13.239444681602508,52.51568893964531],[13.239451354064572,52.51568940757186],[13.23949690952809,52.51569236919776],[13.239547674211803,52.51569553419145],[13.239598505004832,52.51569815167967],[13.239649416994018,52.51570021289554],[13.239700380359237,52.515701726386574],[13.239751380369086,52.51570269193355],[13.239793414058923,52.51570268788065],[13.239835439125683,52.515702530833],[13.239877455568926,52.51570222079062],[13.239921867170866,52.51570172158147],[13.239966285955283,52.51570104263717],[13.240010682103478,52.51570019250544],[13.24006349848465,52.51569848755657],[13.240116226115289,52.51569605297151],[13.240168863915443,52.515692915708165],[13.240221354041898,52.515689047932526]],[[13.240433281631564,52.513793747776916],[13.240432821822134,52.513794559144166],[13.24042559239393,52.513807300152024],[13.240418362961462,52.5138200411594],[13.240411133524734,52.51383278216626],[13.240391092818403,52.51382866283281],[13.240398190777416,52.51381589289799],[13.240405288732235,52.51380312296267],[13.240412386682861,52.513790353026884],[13.240412863375719,52.513789487963194],[13.240433281631564,52.513793747776916]],[[13.240229155018918,52.51375565493742],[13.240228851112555,52.51375625283226],[13.240222367058863,52.51376914877468],[13.240215868631507,52.513782035511674],[13.24020938492914,52.513794922467326],[13.240189530714147,52.51379130039302],[13.240195765826465,52.513778364784606],[13.240202000935039,52.51376542917583],[13.240208236039868,52.513752493566656],[13.240208589160169,52.51375177052609],[13.240229155018918,52.51375565493742]],[[13.239900739186307,52.51370926611663],[13.239921283064376,52.5137114868701],[13.239921091597818,52.51371222130587],[13.239917523776484,52.51372552925612],[13.239913970681748,52.51373883742533],[13.239910402855923,52.51375214537527],[13.239890446317894,52.51374997831383],[13.239893823392812,52.51373664954425],[13.239897185736751,52.51372332055541],[13.2399005628074,52.513709991785554],[13.239900739186307,52.51370926611663]],[[13.239584984094126,52.51368129905169],[13.239603324361987,52.51368260592892],[13.239603162707132,52.51368333181651],[13.23960024106509,52.51369669432847],[13.239597304333142,52.51371006560712],[13.239594382687361,52.51372342811887],[13.23957718837872,52.51372221022119],[13.239579742886338,52.51370881527341],[13.239582297033103,52.51369542931145],[13.239584851537423,52.51368203436347],[13.239584984094126,52.51368129905169]],[[13.239265622608475,52.513667609556165],[13.239287397911912,52.51366778075363],[13.239287366655702,52.51366856252894],[13.23928696031474,52.513682043386396],[13.239286553973427,52.513695524243815],[13.239286132902938,52.51370900488202],[13.239264946373202,52.5137088514376],[13.239265161246566,52.51369536773089],[13.239265390848526,52.51368188424335],[13.239265605721428,52.513668400536574],[13.239265622608475,52.513667609556165]],[[13.239086937936447,52.51366923914557],[13.239086983913852,52.513669932157626],[13.239087830539477,52.51368340468898],[13.23908869189435,52.51369687743951],[13.23908953852082,52.51371034997079],[13.23906837426042,52.51371074529005],[13.239067409809795,52.513697271004986],[13.239066430271532,52.51368380548658],[13.2390654658219,52.51367033120143],[13.239065427746723,52.5136698091411],[13.239086937936447,52.51366923914557]],[[13.237570245773085,52.51424820835826],[13.237550146662441,52.5142426041135],[13.237530032468344,52.51423700863188],[13.237509933368056,52.51423140438037],[13.237489833913306,52.51422580911141],[13.237477663597321,52.51422241793159],[13.237469720094383,52.51422020463374],[13.23744962100963,52.51421460037212],[13.237446807806128,52.51421382117992],[13.237454534155468,52.51420378513314],[13.23745733155055,52.51420459106348],[13.23747732213422,52.51421032857659],[13.23748521929097,52.51421259513115],[13.237497312723162,52.51421606608637],[13.23751731768673,52.51422181279812],[13.237537308286221,52.514227550301236],[13.237557313260352,52.514233297006314],[13.23757730387039,52.51423903450275],[13.237570245773085,52.51424820835826]],[[13.237669585501747,52.514281544137795],[13.237661024233738,52.51429329408611],[13.237640925090732,52.51428768985656],[13.23762081086428,52.51428209439012],[13.23760071173163,52.51427649015379],[13.23758061224454,52.51427089490001],[13.237578702883363,52.514270362947464],[13.237587278178358,52.514258631196434],[13.237589158440748,52.514259153724126],[13.237609257923635,52.51426474897645],[13.237629371781093,52.51427035343069],[13.237649486003338,52.51427594889562],[13.237669585501747,52.514281544137795]],[[13.237683266955798,52.514263747398175],[13.237663261950992,52.514258000714136],[13.237643271320858,52.51425226323209],[13.23762326632661,52.51424651654138],[13.237621882175363,52.51424611829053],[13.237603276066645,52.514240770066735],[13.237601439991854,52.51424024819745],[13.237610758901548,52.51422871633802],[13.237612624074346,52.51422924763185],[13.237632614330375,52.514234994104896],[13.237652619320682,52.514240740793994],[13.237672609946875,52.514246478274465],[13.23769261494774,52.51425222495686],[13.237683266955798,52.514263747398175]],[[13.237712417366321,52.51410099002065],[13.237694502950406,52.514093089601076],[13.237676603269897,52.51408518939824],[13.237658688866896,52.51407728897333],[13.237640774470355,52.514069388545785],[13.237622860080268,52.51406148811554],[13.23760496042558,52.51405358790205],[13.237602570787733,52.514052536293356],[13.237613786001086,52.51404333444556],[13.23761611636337,52.51404439416237],[13.237633878061846,52.51405242718837],[13.237651625037895,52.51406045999235],[13.237669372380045,52.514068483807804],[13.237687119369095,52.51407651660657],[13.237704881093595,52.51408454962209],[13.237722628095652,52.51409258241561],[13.237712417366321,52.51410099002065]],[[13.237798957341772,52.514145553958976],[13.237786762076006,52.51415604496145],[13.237768847624322,52.5141481445529],[13.237750933179097,52.51414024414168],[13.237733033469295,52.514132343947175],[13.237715119036986,52.51412444353063],[13.237713525820885,52.514123745454924],[13.237725750193116,52.5141132638847],[13.237727314310717,52.51411395253556],[13.237745228741035,52.514121852950254],[13.23776314317781,52.51412975336229],[13.237781042892081,52.51413765355228],[13.237798957341772,52.514145553958976]],[[13.23781853704958,52.51412951742828],[13.237800760557043,52.51412148421016],[13.237782999159556,52.51411344222288],[13.237765222680046,52.514105408999505],[13.237747446566638,52.51409736678761],[13.237745926636153,52.514096678795156],[13.237753509394064,52.51409096539181],[13.237759208227082,52.514086662531675],[13.237760786354064,52.5140873693733],[13.237778547737012,52.514095411363826],[13.23779632385543,52.51410345357109],[13.237814085610985,52.51411148657045],[13.237831861742439,52.51411952877249],[13.23781853704958,52.51412951742828]],[[13.237843555114358,52.51400961380862],[13.237827870944452,52.51400011920529],[13.237812172411964,52.51399061539467],[13.237796488255592,52.51398112078729],[13.237780804105984,52.51397162617787],[13.237765105234232,52.51396213134704],[13.237749421457739,52.51395262774765],[13.237747421245789,52.51395142009921],[13.23776301915654,52.51394207671575],[13.237764974822225,52.51394329269169],[13.237780462089011,52.51395291924001],[13.237795949722141,52.513962536800435],[13.237811422273555,52.5139721631254],[13.237826909920212,52.51398178068185],[13.237842382485148,52.51399140700287],[13.237857870145334,52.51400102455534],[13.237843555114358,52.51400961380862]],[[13.237917662119278,52.51406176993839],[13.237902909500537,52.51407098207079],[13.237887225296102,52.51406148747513],[13.237871526369496,52.51405199265809],[13.23785584217859,52.51404249805836],[13.237840158354018,52.51403299447068],[13.237838805476427,52.51403218308964],[13.237853572464562,52.514022980170466],[13.237854910972787,52.51402378234606],[13.237870594797355,52.51403328593179],[13.23788627898825,52.514042780529564],[13.237901977914849,52.51405227534468],[13.237917662119278,52.51406176993839]],[[13.237943060010636,52.514046548329944],[13.237927572675357,52.514036921802465],[13.237912084987295,52.514027304258924],[13.237896597665552,52.514017677727466],[13.237881109991019,52.514008060179954],[13.23788240760034,52.51400730625627],[13.237896466465749,52.513999225685694],[13.23791195414062,52.51400884323122],[13.237927441462706,52.51401846976067],[13.237942929151107,52.51402808730222],[13.237958416486729,52.51403771382771],[13.237943060010636,52.514046548329944]],[[13.238066863205791,52.51389683517227],[13.238054203527023,52.51388578519241],[13.238041543854576,52.513874735211225],[13.238028884547974,52.513863676242806],[13.238016210159298,52.51385262603963],[13.238003550505818,52.51384157605449],[13.237990890858656,52.51383052606803],[13.2379893673621,52.513829190654015],[13.238007800250928,52.51382155284328],[13.238009294290066,52.513822887818364],[13.238021699234702,52.513834041905056],[13.238034118914452,52.51384519620983],[13.238046538600463,52.51385635051331],[13.238058958292727,52.51386750481555],[13.238071363262364,52.51387865889717],[13.23808378296714,52.513889813196855],[13.238066863205791,52.51389683517227]],[[13.238124427356421,52.51395617161038],[13.23810721011034,52.513963629733965],[13.238094550402538,52.51395257975828],[13.238081891060574,52.513941520795356],[13.238069231365415,52.51393047081703],[13.238056586405472,52.51391942105673],[13.238055546788788,52.51391851543917],[13.238072778035482,52.51391107551415],[13.238073788913605,52.51391196272105],[13.238086448604705,52.513923012698875],[13.238099108302128,52.51393406267539],[13.238104121028282,52.51393843514926],[13.238111767646359,52.51394512163652],[13.238124427356421,52.51395617161038]],[[13.238154205625873,52.51394381147132],[13.238141785888182,52.51393265717884],[13.238129366156747,52.51392150288507],[13.238116946431568,52.51391034859004],[13.238104527072153,52.51389918530783],[13.238103545291958,52.51389830752578],[13.238121232747737,52.51389125202072],[13.238122242907385,52.51389215719904],[13.238134662628898,52.51390331149351],[13.238147082356663,52.51391446578671],[13.23815950209069,52.51392562007865],[13.238171921830968,52.51393677436931],[13.238154205625873,52.51394381147132]],[[13.238239965695469,52.51383362370723],[13.238229759629588,52.51382165720637],[13.238219567938572,52.51380969990988],[13.238209361883667,52.51379773340731],[13.238199170203613,52.51378577610911],[13.238188964159685,52.51377380960482],[13.238178772490595,52.51376185230493],[13.23817758991095,52.513760468022234],[13.238197868476112,52.51375421534761],[13.238199021239065,52.51375560817738],[13.238208958927045,52.51376765160631],[13.238218881891553,52.51377969481513],[13.238228819590285,52.51379173824245],[13.238238757294393,52.51380378166895],[13.23824869500388,52.513815825094646],[13.238258632718745,52.513827868519556],[13.238239965695469,52.51383362370723]],[[13.238284385257444,52.513896981246376],[13.238265721074036,52.51390303319244],[13.23825552971435,52.513891066913054],[13.23824532327178,52.5138791093994],[13.238235131923062,52.51386714311829],[13.238224925491465,52.51385518560293],[13.238224123332182,52.51385423856634],[13.238242815879612,52.51384821402304],[13.238243604388765,52.513849133882445],[13.238253796095233,52.513861091176906],[13.238263987447699,52.513873057456465],[13.238269295072298,52.51387926853355],[13.238274193894009,52.51388501496854],[13.238284385257444,52.513896981246376]],[[13.238316899364731,52.51388696356821],[13.23830696162086,52.51387492014807],[13.238297024241842,52.51386286774122],[13.238287101237603,52.51385082453876],[13.238277163509862,52.5138387811162],[13.23827640445792,52.513837861695635],[13.238295448317913,52.51383226496482],[13.23829622138009,52.513833202576414],[13.238306159111854,52.51384524599742],[13.238316082120123,52.5138572891983],[13.238326019503173,52.51386934160362],[13.23833595725107,52.513881385022216],[13.238316899364731,52.51388696356821]],[[13.238590491453968,52.513751312582734],[13.238584659796725,52.513738305309545],[13.238578828142842,52.513725298036064],[13.23857298140408,52.51371229952893],[13.238567149756921,52.51369929225489],[13.238561318113128,52.51368628498056],[13.238555486472693,52.51367327770594],[13.238554836636705,52.513671838419434],[13.238574905973378,52.51366860363262],[13.238575525992934,52.5136700514664],[13.23858110545192,52.51368309994202],[13.238586684914123,52.5136961484174],[13.23859226437955,52.51370919689252],[13.238597829478774,52.513722236162174],[13.23860340895064,52.513735284636766],[13.238608988425725,52.51374833311109],[13.238590491453968,52.513751312582734]],[[13.238611986780043,52.51381891426327],[13.238591625668176,52.5138224414249],[13.238585794001672,52.51380943415181],[13.238579962338529,52.51379642687846],[13.238574130319332,52.51378342859072],[13.238568298662912,52.51377042131679],[13.238567865797146,52.51376945280659],[13.238588226167398,52.51376594362067],[13.238588645023556,52.51376689393969],[13.23859449141442,52.513779901431946],[13.238600323439206,52.51379289971872],[13.238606155107943,52.513805906991145],[13.238611986780043,52.51381891426327]],[[13.238645642701313,52.513813508032754],[13.238640077936381,52.51380045977939],[13.238634498445808,52.5137874113065],[13.238628933687306,52.513774363052626],[13.23862335420317,52.51376131457922],[13.238622950075158,52.51376036447957],[13.23864349831149,52.51375731663574],[13.238643902799321,52.51375825774938],[13.238649482289201,52.51377130622189],[13.238655061782303,52.513784354694124],[13.238660641278628,52.51379740316609],[13.238666220778171,52.51381045163781],[13.238645642701313,52.513813508032754]],[[13.238785945792763,52.51372467689171],[13.238782543624584,52.51371135513349],[13.238779156187197,52.513698033594395],[13.238775754382317,52.51368470285003],[13.238772352220032,52.51367138109147],[13.238768964788525,52.51365805955206],[13.238765562630165,52.51364473779328],[13.238765193353778,52.51364328470179],[13.238786224685782,52.51364142188117],[13.238786564145865,52.51364288352003],[13.238789596652683,52.51365623574076],[13.238792643890061,52.51366958818063],[13.238795691129196,52.51368294062042],[13.238798738010717,52.51369630204604],[13.23880178525336,52.51370965448566],[13.238804832497758,52.51372300692516],[13.238785945792763,52.51372467689171]],[[13.238794828817817,52.5137933136076],[13.238773975951178,52.51379550277247],[13.238770573781661,52.51378218101402],[13.238768777324957,52.51377514108172],[13.238767171614109,52.51376885925548],[13.238763769807898,52.51375552851089],[13.23876036764428,52.51374220675214],[13.238760112239373,52.51374122290178],[13.238780993819812,52.51373905214946],[13.23878123521508,52.5137400178087],[13.238784637384873,52.51375333956692],[13.23878802446841,52.5137666700917],[13.238789629463426,52.51377296988954],[13.23879142664213,52.5137799918497],[13.238794828817817,52.5137933136076]],[[13.23882878642773,52.51379031248511],[13.23882573917188,52.51377696004625],[13.238822692277143,52.51376359862139],[13.2388196450248,52.51375024618235],[13.238816612862417,52.51373688497653],[13.238816386195227,52.51373591953661],[13.238837389903834,52.5137343799812],[13.238837616212118,52.51373535440701],[13.238840663109638,52.51374871583158],[13.238843710368272,52.513762068270125],[13.238846757269298,52.51377542969452],[13.238849804531442,52.5137887821329],[13.23882878642773,52.51379031248511]],[[13.239065055760772,52.51377973086921],[13.23904454600109,52.51378034272474],[13.239043404451207,52.51376687479498],[13.239042262542608,52.51375341585115],[13.239041106265086,52.51373994770211],[13.239039964717012,52.513726479772274],[13.239039885692655,52.51372550753896],[13.239060896925922,52.51372488516545],[13.239060975950743,52.51372585739874],[13.239061984945655,52.51373932335552],[13.239063008669936,52.51375278953147],[13.239064032035433,52.513766264693324],[13.239065055760772,52.51377973086921]],[[13.239102142671536,52.51377881726081],[13.239101340226936,52.51376534538734],[13.23910053778273,52.51375187351385],[13.239099735698227,52.5137383926544],[13.23909893325481,52.51372492078086],[13.239098868957988,52.513723948766796],[13.239119901742963,52.51372352451149],[13.23911995131141,52.51372449630634],[13.239120635571215,52.51373797541208],[13.239121305102499,52.513751454298585],[13.239121989722245,52.51376492441834],[13.239122673983012,52.513778403523986],[13.239102142671536,52.51377881726081]],[[13.239255710416098,52.51377729939553],[13.239246602952996,52.51377728973884],[13.239235550203054,52.51377727810585],[13.239235499607634,52.51376379943989],[13.23923543464258,52.51375031156879],[13.239235384047031,52.51373683290277],[13.239235333810699,52.5137233452508],[13.239235328426219,52.513722374113556],[13.23925628397138,52.51372240723931],[13.239256274986758,52.51372336917144],[13.23925613375455,52.51373685397399],[13.23925599288143,52.51375032979058],[13.239255851648856,52.51376381459306],[13.239255710416098,52.51377729939553]],[[13.239292143860276,52.51377761679809],[13.239292638574339,52.513764137255926],[13.239293133288001,52.513750657713736],[13.23929361327242,52.51373717795234],[13.239294107985287,52.51372369841007],[13.239294146786028,52.51372272793037],[13.239315090116746,52.51372306656709],[13.239315036587627,52.51372403682761],[13.239314350406191,52.51373751352065],[13.23931366422424,52.513750990213644],[13.23931297804177,52.5137644669066],[13.239312291858782,52.513777943599514],[13.239292143860276,52.51377761679809]],[[13.23955294814061,52.51378959876256],[13.239533855580312,52.51378830765801],[13.239536277904895,52.51377490175316],[13.239538699868689,52.51376150483411],[13.239541122190133,52.51374809892906],[13.239543558879635,52.51373470222899],[13.239543730593708,52.51373372473561],[13.2395631608165,52.513735047836626],[13.23956297473322,52.513736016124945],[13.239560479134132,52.513749411948865],[13.239557968804581,52.51376280755352],[13.239555458473406,52.513776203158095],[13.23955294814061,52.51378959876256]],[[13.239588336217441,52.513792103380545],[13.239590993469042,52.51377871895264],[13.239591047354189,52.513778476990126],[13.23959365071893,52.51376533452464],[13.239596322695961,52.51375195031566],[13.239598979942427,52.513738565887444],[13.239599166024929,52.51373759759907],[13.239618444652441,52.51373902633063],[13.239618243482306,52.513740003385834],[13.239615498227684,52.51375337751373],[13.239612767340951,52.5137667608466],[13.239610022082806,52.5137801349743],[13.239607276463698,52.5137935180878],[13.239588336217441,52.513792103380545]],[[13.239867421851239,52.513817196186025],[13.239846655557193,52.513815008079796],[13.239850428893643,52.513801721171596],[13.239854187498857,52.513788434044116],[13.239857960830573,52.513775147135576],[13.239861719071914,52.51376186899369],[13.239861993521895,52.51376090201952],[13.239883141305004,52.51376313176349],[13.239882867214618,52.51376408975177],[13.239879005877402,52.5137773663606],[13.239875144537766,52.51379064296925],[13.239871283195713,52.513803919577725],[13.239867421851239,52.513817196186025]],[[13.23990304923978,52.51382108892508],[13.239907071873214,52.51380783269758],[13.239911079775268,52.51379457625078],[13.239911232087838,52.513794083996835],[13.239915102762822,52.51378131103698],[13.239919110659862,52.51376805458982],[13.239919399837484,52.51376708783462],[13.239937680527067,52.51376914903999],[13.239937391708963,52.51377010680932],[13.239933295444027,52.5137833619425],[13.23992921426454,52.51379660830868],[13.239925117994495,52.51380986344149],[13.239921036809912,52.5138231098073],[13.23990304923978,52.51382108892508]],[[13.240149947773052,52.51385578144814],[13.24014347854059,52.5138546602195],[13.240136994220482,52.51385354775736],[13.240130509541615,52.51385244428078],[13.240136495725626,52.51383946900776],[13.240142482265126,52.51382648474848],[13.240148468441916,52.51381350947475],[13.240154469343972,52.513800534419744],[13.24015490580538,52.51379956985471],[13.240175059984857,52.513803061527426],[13.240174610231328,52.51380398992977],[13.240168448394313,52.51381693561821],[13.2401622861945,52.51382989029222],[13.240156109621187,52.51384283576083],[13.240149947773052,52.51385578144814]],[[13.240188812395154,52.513862752308945],[13.240195340300636,52.513849866011924],[13.24020185311425,52.51383698848134],[13.240208381011936,52.51382410218347],[13.240214893817766,52.51381122465204],[13.240215325969016,52.513810367917905],[13.240235349759802,52.51381417233535],[13.240234934133154,52.51381498435899],[13.240228230934353,52.51382783208588],[13.240221527731563,52.513840679812326],[13.24021482452478,52.51385352753834],[13.24020812131401,52.51386637526391],[13.240188812395154,52.513862752308945]],[[13.240347693172442,52.51389203521155],[13.240328566722106,52.51388827113303],[13.240335328457917,52.513875433262555],[13.240342075460815,52.51386259517257],[13.240348837188586,52.51384975730121],[13.240355598912338,52.51383691942939],[13.240356093567176,52.51383597371165],[13.240376039070235,52.51383989382727],[13.240375529327842,52.51384084831197],[13.240368563200017,52.51385363818861],[13.240361611437912,52.513866437269726],[13.240354644942789,52.51387923613136],[13.240347693172442,52.51389203521155]],[[13.240382088896922,52.513899092396656],[13.240389391279768,52.51388637045898],[13.240396694017361,52.51387363953485],[13.240404011120507,52.513860917815194],[13.24041131349046,52.51384819587596],[13.240411852330906,52.51384725081513],[13.240431594161443,52.51385147359542],[13.240431025504547,52.513852427204206],[13.240423533100042,52.51386511035338],[13.24041604069115,52.513877793502026],[13.240408533548962,52.51389047643107],[13.240401041131282,52.513903159578646],[13.240382088896922,52.513899092396656]],[[13.240599488566302,52.51395320697205],[13.240580326457824,52.513947752046015],[13.240589934062122,52.513935612843284],[13.240599556748984,52.513923464872796],[13.240609164342562,52.51391132566836],[13.240618786659692,52.51389918668209],[13.240619531701064,52.513898244686565],[13.240638693434157,52.51390370859208],[13.240637948752088,52.5139046416018],[13.240628341167891,52.513916780808664],[13.24061871849042,52.513928928781596],[13.240609110895502,52.513941067986764],[13.240599488566302,52.51395320697205]],[[13.240676732328476,52.51389962573671],[13.240656179592646,52.51389356571234],[13.240665787164009,52.51388142650305],[13.240675409458907,52.51386928751193],[13.240685017019553,52.51385714830093],[13.24069463966271,52.51384500032218],[13.240704247212632,52.51383286110949],[13.240713854757196,52.51382072189593],[13.240714971955187,52.51381931788762],[13.24073676262014,52.51382574696838],[13.24073563105276,52.513827141771976],[13.240725819462124,52.51383922400563],[13.240715993137155,52.51385130601939],[13.240706181535629,52.5138633882513],[13.240696370287644,52.513875461496376],[13.24068654394633,52.513887543507494],[13.240676732328476,52.51389962573671]],[[13.240634345376039,52.51396348082216],[13.240644171749008,52.5139513988158],[13.24065398302861,52.51393932557547],[13.240659361412291,52.51393270705657],[13.240663809390682,52.513927243567345],[13.240673621018392,52.51391516133933],[13.240674380428803,52.51391422854839],[13.240693279578824,52.513919994243544],[13.240692519809722,52.51392093602054],[13.24068270818584,52.513933018250135],[13.240672882186578,52.51394509127393],[13.240663070551808,52.51395717350178],[13.240653258911594,52.513969255728746],[13.240634345376039,52.51396348082216]],[[13.240765464667483,52.51400742869875],[13.240747490489005,52.51400064277315],[13.240759555301716,52.513989340315966],[13.240771634478163,52.513978047062416],[13.240783699278408,52.513966744602605],[13.240795764072422,52.5139554421415],[13.24079672825012,52.51395454835948],[13.240814672241939,52.513961351811396],[13.24081373824023,52.51396222805971],[13.240801673448884,52.51397353052266],[13.24078959392237,52.5139848327653],[13.240777529477525,52.51399612623972],[13.240765464667483,52.51400742869875]],[[13.240849831898581,52.51395888048357],[13.240834150066553,52.51395263216493],[13.240846214484836,52.51394133868444],[13.24085827925584,52.51393003621673],[13.240870343661664,52.513918742733615],[13.240882408420209,52.513907440263274],[13.240894472813574,52.51389614677757],[13.240906537200717,52.51388485329054],[13.240907976635496,52.5138834990277],[13.240925398643608,52.5138904565451],[13.240923930828119,52.51389178341241],[13.240911576172486,52.51390296469037],[13.24089923623946,52.513914146185925],[13.240886881212267,52.51392533644709],[13.240874526537706,52.51393651772095],[13.24086218658576,52.51394769921243],[13.240849831898581,52.51395888048357]],[[13.24079394036945,52.51401880345983],[13.240806280358907,52.51400762197593],[13.240818620701019,52.51399643150473],[13.240830975406805,52.513985250237084],[13.2408433157363,52.513974059763164],[13.240844294283441,52.51397317518566],[13.240861701958428,52.51398049214978],[13.24086070796463,52.51398139448029],[13.240848353267426,52.51399257575112],[13.2408360129339,52.5140037662255],[13.240823658224073,52.514014947493614],[13.240811318236892,52.51402612897934],[13.24079394036945,52.51401880345983]],[[13.24098456550528,52.514108268493935],[13.240968647860127,52.514099804836256],[13.240983504368856,52.514089820620924],[13.240998375599805,52.514079836622635],[13.241013231736117,52.51406986138936],[13.24102810295357,52.51405987738719],[13.241029344825762,52.51405904167927],[13.241045232651373,52.51406751387681],[13.24104400622603,52.514068331832],[13.241029149738209,52.51407831605514],[13.241014293243637,52.51408830027633],[13.240999422013346,52.51409828427661],[13.24098456550528,52.514108268493935]],[[13.241078952269591,52.51406752064431],[13.241066753566392,52.514060775670615],[13.241081610039787,52.51405079144261],[13.241096466147537,52.51404081619859],[13.241111322607445,52.51403083196667],[13.241126179060608,52.51402084773284],[13.241141035148132,52.514010872483],[13.241155891587805,52.51400088824528],[13.241157754210505,52.513999639174294],[13.241171077364795,52.51400701226027],[13.241169200730978,52.514008243140644],[13.241154156763182,52.51401812568839],[13.24113911314752,52.51402799924819],[13.241124083895167,52.5140378820109],[13.2411090399071,52.51404776455266],[13.241093996271175,52.51405763810652],[13.241078952269591,52.51406752064431]],[[13.241008429069925,52.51412147179111],[13.241016117055668,52.514116434090575],[13.241023472746923,52.5141115982486],[13.241038516776081,52.514101715718176],[13.241053560798479,52.51409183318576],[13.241068589726238,52.51408195941831],[13.241069845968369,52.51408113291489],[13.24108521866839,52.51408995709959],[13.241083947338407,52.51409079237017],[13.241068903323097,52.51410067490651],[13.241058989888915,52.514107190058944],[13.24105387403001,52.51411055765983],[13.2410388303601,52.514120431206265],[13.241031474669011,52.51412526704921],[13.241023786324517,52.51413031373666],[13.241008429069925,52.51412147179111]],[[13.241120671913631,52.514190467032265],[13.24110638621901,52.51418099365818],[13.241122925821394,52.51417204146812],[13.241139450688063,52.51416308905673],[13.241155975548027,52.51415413664295],[13.241172514771389,52.51414519343167],[13.241173930879034,52.51414442325119],[13.2411882165767,52.5141538966172],[13.24118680046899,52.51415466679784],[13.24117026124488,52.51416361001109],[13.241153736384174,52.51417256242684],[13.24113721151676,52.51418151484023],[13.241120671913631,52.514190467032265]],[[13.241223537551226,52.51415735282016],[13.241210785125622,52.51414860356948],[13.241227309965812,52.51413965114554],[13.241243849169411,52.5141307079241],[13.241260373996187,52.514121755495395],[13.241261443439713,52.51412117796871],[13.241276913186374,52.5141128122692],[13.241293437999735,52.51410385983573],[13.241309977176508,52.51409491660476],[13.241312101331955,52.514093761331516],[13.241325829495391,52.51410317244597],[13.241323676240732,52.514104318295665],[13.241306979350613,52.51411315128905],[13.24129029682393,52.51412199348489],[13.241273599561573,52.51413083545937],[13.241256917021518,52.514139677650356],[13.241240220104654,52.51414851063404],[13.241223537551226,52.51415735282016]],[[13.241143880768304,52.51420641189617],[13.241160563356278,52.51419756972164],[13.241177260307687,52.51418873674957],[13.241193942882292,52.51417989457019],[13.241210625450208,52.514171052388384],[13.241212085745051,52.5141702828643],[13.241225844101086,52.51418004509846],[13.241224383806154,52.5141808146227],[13.241207701237208,52.51418965680643],[13.241191184628455,52.51419840255093],[13.241191019020464,52.514198490001796],[13.241174321709135,52.51420733196171],[13.241157639120134,52.51421617413818],[13.241143880768304,52.51420641189617]],[[13.241285954013039,52.51432041113587],[13.241274641653238,52.51430955236828],[13.241293577876984,52.51430258688377],[13.241312499365737,52.51429562117725],[13.241331435577596,52.51428865568657],[13.241350357054465,52.51428168997388],[13.241352077090564,52.514281059177826],[13.241363360004387,52.51429191750031],[13.241361669784961,52.514292539748446],[13.241342733576088,52.51429950524399],[13.24132381173146,52.514306479941304],[13.241304875510695,52.51431344543066],[13.241285954013039,52.51432041113587]],[[13.24139783098046,52.51430005445713],[13.241387166675889,52.51428920533273],[13.241406088144391,52.51428223961104],[13.241425009606951,52.514275273886284],[13.241443931063573,52.51426830815843],[13.241462852514255,52.51426134242748],[13.241481773958995,52.51425437669345],[13.241500695397791,52.514247410956315],[13.241503268261638,52.51424646015648],[13.241515136112213,52.51425854097895],[13.241512549954153,52.514259455616404],[13.241493430199577,52.51426622060008],[13.241474310080347,52.514272994566525],[13.241455190314115,52.51427975954391],[13.241436070542058,52.51428652451813],[13.241416950764172,52.5142932894892],[13.24139783098046,52.51430005445713]],[[13.241304336295618,52.514339125463074],[13.241323456110443,52.514332360510565],[13.24134257591944,52.51432559555492],[13.241361695722611,52.51431883059612],[13.241380815519957,52.51431206563417],[13.24138253483913,52.51431145280955],[13.241392935117727,52.51432263967805],[13.241391156164338,52.51432326959899],[13.241372036363638,52.514330034562576],[13.241352916915966,52.514336790537065],[13.241333797103616,52.514343555494335],[13.24131467728544,52.51435032044847],[13.241304336295618,52.514339125463074]],[[13.241371801697964,52.51441820842037],[13.241363162760084,52.51440646329814],[13.241383575231392,52.514401282029844],[13.241403988056806,52.514396091772056],[13.241424400518639,52.51439091049663],[13.241444798246658,52.514385728998704],[13.241446733839155,52.514385236274094],[13.241455314237946,52.51439697152883],[13.241453423549936,52.51439744693849],[13.241433025458596,52.514402637423764],[13.241412612633432,52.51440782768656],[13.241392214532612,52.51441301816472],[13.241371801697964,52.51441820842037]],[[13.241487227972444,52.514407884716846],[13.24147953598976,52.51439641442426],[13.241499934072904,52.514391223930886],[13.24152033179249,52.51438604241987],[13.24154072986616,52.51438085191937],[13.241561127576276,52.51437567040123],[13.241581540369541,52.51437048011251],[13.24160193842899,52.514365289601315],[13.241604782179925,52.51436456760674],[13.241613531527127,52.5143776090942],[13.24161065975254,52.51437829470744],[13.241590080256591,52.51438323076826],[13.241569515843988,52.51438815805839],[13.24154893633896,52.51439309411196],[13.241528371917289,52.51439802139487],[13.241507792403182,52.514402957441185],[13.241487227972444,52.514407884716846]],[[13.241385059457963,52.51443792551689],[13.241405638642915,52.514432998478156],[13.241426203094242,52.51442807121686],[13.241446782628964,52.51442313518495],[13.241467361800312,52.51441820813533],[13.241469266500498,52.51441775091626],[13.24147665602505,52.514429783163834],[13.241474706778305,52.514430248712216],[13.241454127602092,52.514435175763055],[13.241433548062504,52.5144401117962],[13.241412983606313,52.51444503905871],[13.241392404416494,52.51444996609868],[13.241385059457963,52.51443792551689]],[[13.241445909321726,52.514573438185764],[13.241441784593373,52.51456084305545],[13.241463517844599,52.514558387774876],[13.241485251093488,52.51455593249031],[13.241506984340049,52.51455347720171],[13.241528717584277,52.51455102190911],[13.241530819885794,52.5145507834162],[13.24153494463881,52.51456337854364],[13.24153284233671,52.51456361703663],[13.241511109086463,52.51456607232993],[13.241489375833885,52.51456852761922],[13.241467642578971,52.5145709829045],[13.241445909321726,52.514573438185764]],[[13.241562221505145,52.51457747763394],[13.24155877684829,52.514565935601965],[13.241580510096018,52.514563480299884],[13.241602243341413,52.514561024993775],[13.241623962214138,52.51455856047884],[13.241645695454865,52.514556105164694],[13.241667428693257,52.51455364984655],[13.241689161929315,52.5145511945244],[13.241692300651259,52.51455083656186],[13.24169601805774,52.51456329975213],[13.241692865682158,52.514563630538085],[13.241671093993393,52.51456594142926],[13.241649322302434,52.5145682523164],[13.241627550968081,52.51457055421359],[13.241605764543598,52.51457286487378],[13.241583993204872,52.514575166762924],[13.241562221505145,52.51457747763394]],[[13.241452161895117,52.5145943818627],[13.24147393360852,52.514592071012046],[13.24149570531973,52.51458976015736],[13.241496756112673,52.51458964989716],[13.241517491399067,52.514587458503506],[13.241539263105894,52.514585147640766],[13.241541349962208,52.51458492690064],[13.24154476449271,52.51459759239355],[13.24154264817751,52.51459781269593],[13.241520876464568,52.51460012355923],[13.241499104749437,52.5146024344185],[13.24147731866179,52.5146047360689],[13.241455546942271,52.51460704692012],[13.241452161895117,52.5145943818627]],[[13.241469911220282,52.51468800197884],[13.241468742716133,52.514675190040826],[13.24149080660897,52.51467442103587],[13.241512870142307,52.51467366101271],[13.241534934033798,52.51467289199952],[13.2415569975658,52.514672131968105],[13.241559152330971,52.51467205609716],[13.241560381966414,52.51468555227881],[13.241558227918215,52.51468561017792],[13.241536156109076,52.51468620824379],[13.241514069570254,52.51468680608664],[13.241491997760109,52.51468740414426],[13.241469911220282,52.51468800197884]],[[13.241583967129019,52.51470389432186],[13.241583375164348,52.51469066836418],[13.241605457398785,52.51469017833961],[13.241627554362008,52.514689688529806],[13.241649636236858,52.51468920748291],[13.241671718470116,52.51468871744596],[13.241693815432159,52.514688227623765],[13.241715897664626,52.514687737578555],[13.241719128019303,52.51468766869745],[13.241719775071022,52.514702468944236],[13.241716560879585,52.5147025021005],[13.24169445958623,52.51470273111592],[13.241672357933947,52.51470296911315],[13.241650256640321,52.514703198120316],[13.241628170075748,52.51470342734225],[13.241606068423048,52.51470366532709],[13.241583967129019,52.51470389432186]],[[13.241470894427888,52.51471025199151],[13.241492995725201,52.514710023017884],[13.24151509702238,52.51470979404013],[13.241537198678246,52.51470955607231],[13.241559299975156,52.51470932708631],[13.24156145258925,52.514709305130935],[13.241561441350555,52.51472213549949],[13.241559244548263,52.514722156798136],[13.24153714252727,52.514722403755954],[13.241515040864952,52.51472264172369],[13.241492938843662,52.51472288867324],[13.241470837181055,52.51472312663273],[13.241470894427888,52.51471025199151]],[[13.241522799723485,52.51496274289765],[13.241543938555255,52.51496668953877],[13.241565062302803,52.514970644943155],[13.241586201142317,52.51497459157679],[13.241607325256421,52.514978537987766],[13.241628463744865,52.514982493599824],[13.241649587866712,52.514986440003305],[13.24165261601712,52.51498700649869],[13.241646598429215,52.514998560757824],[13.241643600454273,52.51499797672821],[13.241622557150041,52.51499385169946],[13.24160151384983,52.514989726667],[13.24158048528292,52.51498560184973],[13.241559441990752,52.514981476809844],[13.241538398702604,52.514977351766255],[13.241517355418479,52.51497322671896],[13.241522799723485,52.51496274289765]],[[13.2414171312458,52.51493757030133],[13.241423047182488,52.51492524129378],[13.241444185628131,52.514929196938425],[13.241465309707232,52.51493314337448],[13.241486448160627,52.51493709901165],[13.24150757224747,52.514941045440224],[13.241509605620704,52.51494142632043],[13.241503660606167,52.51495374590873],[13.24150165633212,52.51495337445216],[13.241480532598782,52.514949419036554],[13.241459393781215,52.51494547238422],[13.241438270055626,52.51494151696114],[13.2414171312458,52.51493757030133]],[[13.241406980781749,52.51495702938177],[13.24142802404737,52.51496115444854],[13.24144906731701,52.5149652795116],[13.24147011059067,52.51496940457099],[13.24149116859763,52.51497352984555],[13.241493157425554,52.51497391905525],[13.241486349474615,52.51498607296569],[13.241484331546488,52.51498567433211],[13.241463288263692,52.51498154927521],[13.24144224498492,52.51497742421459],[13.241421201710171,52.51497329915027],[13.241400158439442,52.51496917408224],[13.241406980781749,52.51495702938177]],[[13.241448632312533,52.5150772952171],[13.24146859221394,52.51508308554077],[13.241488552120659,52.51508887586114],[13.241508512032686,52.515094666178186],[13.241528471950028,52.515100456491886],[13.241548431872676,52.515106246802276],[13.241568391800637,52.515112037109326],[13.241571174601281,52.51511284272453],[13.241562257073562,52.5151239402826],[13.241559504448682,52.51512311713314],[13.241539669169216,52.515117157843136],[13.241519848624495,52.515111198768764],[13.241500012997045,52.51510524845811],[13.241480192463172,52.51509928937716],[13.241460356846565,52.515093339059966],[13.241440536323536,52.51508737997246],[13.241448632312533,52.5150772952171]],[[13.241350181282819,52.51504299580573],[13.241359017991124,52.515031339603574],[13.241378977859704,52.515037129942144],[13.241398937733594,52.515042920277374],[13.241418897612796,52.51504871060929],[13.24143885749731,52.51505450093788],[13.24144073712291,52.51505504137686],[13.241431885701884,52.5150666973663],[13.241430020805204,52.51506615714611],[13.24141006091664,52.51506036681601],[13.241390101033389,52.51505457648256],[13.24137014115545,52.51504878614582],[13.241350181282819,52.51504299580573]],[[13.241335292203393,52.51506153926737],[13.241355127429522,52.51506749859124],[13.241374963019936,52.515073448925875],[13.241394783527607,52.51507940802425],[13.241414618770012,52.51508536733827],[13.241416453849832,52.5150859161068],[13.241406771816399,52.51509733496721],[13.24140493673623,52.51509678619853],[13.241385101490067,52.51509082688286],[13.24136528097864,52.515084867782846],[13.241345445384466,52.515078917446566],[13.241325610154579,52.515072958121046],[13.241335292203393,52.51506153926737]],[[13.241293572886004,52.515228606241955],[13.241310955664021,52.515236929786624],[13.241328352819123,52.51524526253368],[13.241345735610334,52.51525358607335],[13.24136311840814,52.515261909610494],[13.241380501212543,52.51527023314515],[13.241397898394055,52.51527856588215],[13.241400168919753,52.515279651607656],[13.241385291673737,52.51529088535294],[13.24138302258328,52.51528976368342],[13.241365867888684,52.51528126371445],[13.241348713200734,52.51527276374303],[13.241331558519425,52.51526426376919],[13.241314403844758,52.515255763792894],[13.241297249176734,52.51524726381417],[13.241280094515352,52.515238763833],[13.241293572886004,52.515228606241955]],[[13.241209997784624,52.51518199401063],[13.241222844227593,52.51517179106893],[13.24124022696982,52.51518011462377],[13.241257624447986,52.51518843839504],[13.241275007203406,52.515196761944864],[13.241292389965418,52.515205085492184],[13.241293937295671,52.51520582779324],[13.241281061759048,52.515216021318835],[13.24127954316961,52.51521529742735],[13.241262160764967,52.51520696489222],[13.24124476327869,52.515198641121565],[13.24122738052836,52.51519031756736],[13.241209997784624,52.51518199401063]],[[13.241187021066239,52.51519933827961],[13.241204190423506,52.515207838492984],[13.24122134505807,52.51521633848498],[13.241238514428634,52.51522483869346],[13.241255669076486,52.515233338680574],[13.241257143119176,52.51523407090146],[13.241243501265025,52.51524389338148],[13.241241998122405,52.5152431517366],[13.241224829102991,52.515234642542644],[13.241207674460696,52.51522614255112],[13.24119050509569,52.51521764233819],[13.241173350466683,52.51520914234178],[13.241187021066239,52.51519933827961]],[[13.241154648121327,52.5153202031607],[13.241169910651227,52.51532995179256],[13.241185172828983,52.515339709408416],[13.241200435372393,52.51534945803642],[13.241215712651957,52.51535920688144],[13.241230974849987,52.515368964491536],[13.241246237413666,52.51537871311375],[13.241248148692646,52.51537993736234],[13.241232857410907,52.51538862040631],[13.241230961579182,52.51538737840456],[13.241215940428814,52.515377489508715],[13.241200904555782,52.515367600392054],[13.241185883059996,52.515357720478406],[13.24117084720045,52.515347831358],[13.241155825718135,52.51533795144062],[13.241140789872077,52.51532806231649],[13.241154648121327,52.5153202031607]],[[13.24108286773539,52.51526684289859],[13.241097994095295,52.515257860710484],[13.2411132565912,52.515267609349436],[13.241128518734945,52.515277366972406],[13.24114378124436,52.51528711560751],[13.241159043760526,52.515296864240696],[13.241160351473637,52.51529770188541],[13.241145210383001,52.51530668386247],[13.241143917040395,52.51530585542249],[13.241128654883463,52.51529609780144],[13.241113392374379,52.51528634916439],[13.241098130230965,52.51527659153948],[13.24108286773539,52.51526684289859]],[[13.241057774810413,52.515281080670626],[13.241072810621787,52.51529096980507],[13.241087831710528,52.51530085871868],[13.24110286753539,52.515310747849405],[13.241117888637612,52.5153206367593],[13.241119138150905,52.51532145555675],[13.241103365460752,52.51533001454119],[13.241102101577047,52.515329186538686],[13.24108706574616,52.515319297407835],[13.241072044651402,52.51530940849408],[13.241057008834003,52.51529951935952],[13.24104197302335,52.51528963022307],[13.241057774810413,52.515281080670626]],[[13.240922831397906,52.51542795186713],[13.24093477302115,52.51543929655772],[13.240946714650507,52.51545064124714],[13.240958671015411,52.515461986154385],[13.240970612656996,52.515473330841466],[13.240982554304694,52.51548467552739],[13.240994495958505,52.51549602021211],[13.240995915779584,52.51549737202738],[13.240977072406226,52.51550458161091],[13.240975667673897,52.51550322102848],[13.240963935824764,52.51549178954834],[13.240952188893285,52.515480366834026],[13.240940456697295,52.51546894433755],[13.24092870977792,52.51545752162096],[13.240916977594022,52.51544609912224],[13.240905230686746,52.51543467640338],[13.240922831397906,52.51542795186713]],[[13.240869086856732,52.515367306956165],[13.240886802497668,52.515360287422325],[13.240898744093602,52.51537163211645],[13.24091070042506,52.51538297702838],[13.240922642033226,52.51539432172015],[13.240934584006455,52.515405657424836],[13.240935549711311,52.51540657090868],[13.240917804600347,52.515413590011704],[13.240916853266173,52.51541268573262],[13.240904911654644,52.51540134104027],[13.240892970049227,52.51538999634674],[13.240881028449923,52.515378651652036],[13.240869086856732,52.515367306956165]],[[13.240838135381896,52.51537914682316],[13.240849882257136,52.5153905695485],[13.240861614050047,52.51540200103963],[13.24087336093739,52.51541342376271],[13.240885093101365,52.51542484626565],[13.24088601533526,52.51542574112108],[13.240867944713843,52.5154324227003],[13.240867008468694,52.515431509653894],[13.24085527630772,52.51542008714919],[13.240843529423373,52.515408664424356],[13.240831797633465,52.51539723293147],[13.24082005076122,52.51538581020438],[13.240838135381896,52.51537914682316]],[[13.240743175998864,52.515489118719564],[13.240752876224699,52.515501230324226],[13.240762590826268,52.515513351133045],[13.240772291062662,52.515525462736186],[13.240782006033788,52.51553757455752],[13.240791706280739,52.51554968615909],[13.240801406173983,52.51556180674582],[13.240802529606926,52.51556319911295],[13.240783248912866,52.515568810709745],[13.24078214092784,52.51556740058959],[13.240772649764136,52.515555220165915],[13.240763173335083,52.51554303996053],[13.240753681822763,52.51553086852131],[13.240744190674624,52.51551868809542],[13.240734699172679,52.51550651665473],[13.240725208034915,52.51549433622736],[13.240743175998864,52.515489118719564]],[[13.24070137098717,52.515425117690974],[13.240720317877368,52.51541937526666],[13.24073001808196,52.51543148687314],[13.24073973266226,52.51544360768381],[13.24074943287741,52.51545571928875],[13.240759133097836,52.5154678308929],[13.240759891152317,52.51546877725578],[13.240740944963708,52.515474501714394],[13.240740200920989,52.515473573542266],[13.240730486334144,52.51546145273165],[13.240720786123015,52.51544934112519],[13.240711071187741,52.51543722929897],[13.24070137098717,52.515425117690974]],[[13.240669118141268,52.51543448354835],[13.2406786092509,52.51544666398009],[13.240688100724723,52.51545883542515],[13.24069759184473,52.515471015855404],[13.240707082969928,52.51548319628492],[13.240707812282663,52.515484124238235],[13.240688585852205,52.51548948487095],[13.240687856898797,52.51548854793159],[13.240678365777836,52.5154763675006],[13.240668859932633,52.515464186849805],[13.240659368463044,52.515452015403255],[13.240649877357653,52.51543983497003],[13.240669118141268,52.51543448354835]],[[13.240467710494574,52.51555462393477],[13.240474003142038,52.51556754804937],[13.240480295793112,52.515580472163656],[13.240486588088753,52.515593405263544],[13.240492880747057,52.51560632937716],[13.240499158679487,52.51561925327142],[13.24050545134501,52.515632177384376],[13.240506146178975,52.51563359934579],[13.240486866443172,52.51563697208381],[13.240486201786853,52.515635532588526],[13.24048019114102,52.515622558720835],[13.240474195228124,52.5156095850719],[13.240468184589206,52.51559661120362],[13.240462174312798,52.515583628349106],[13.240456178410264,52.51557065469926],[13.240450167781718,52.51555768083008],[13.240467710494574,52.51555462393477]],[[13.240443827520801,52.515487301818915],[13.240464038371517,52.51548349337175],[13.240470331008224,52.515496417486595],[13.240476623648544,52.515509341601124],[13.240482916292477,52.515522265715326],[13.24048922331043,52.515535199034154],[13.240489686053017,52.51553615898973],[13.240469460450681,52.51553996722203],[13.240468997708497,52.51553900726639],[13.24046270506639,52.51552608315149],[13.240456412786948,52.515513150050346],[13.240450120152069,52.515500225934794],[13.240443827520801,52.515487301818915]],[[13.240411338825552,52.515492977680196],[13.240417349434228,52.51550595155133],[13.240423359687304,52.515518934408064],[13.240429370302897,52.51553190827859],[13.240435365833436,52.51554489091567],[13.240435814204542,52.51554584166647],[13.240415358299927,52.51554914295377],[13.240414910647354,52.51554817423105],[13.240408900392993,52.51553519137392],[13.240402889783029,52.51552221750242],[13.240396894265032,52.51550923486374],[13.240390883661982,52.51549626099165],[13.240411338825552,52.515492977680196]],[[13.240267822584594,52.515581753959744],[13.240271565548527,52.51559504477132],[13.24027530887372,52.51560832659682],[13.240279066571473,52.5156216176272],[13.240282809541915,52.51563490843838],[13.240286552514526,52.51564819924943],[13.240290295848393,52.51566148107443],[13.240290709019972,52.515662943804415],[13.240267773806837,52.51566521915342],[13.240267389735898,52.51566376584744],[13.24026394279406,52.51565044347355],[13.240260495495123,52.51563713008547],[13.240257033827788,52.51562380749228],[13.24025358653284,52.515610494103974],[13.240250124869506,52.51559717151057],[13.240246677578547,52.515583858122056],[13.240267822584594,52.515581753959744]],[[13.240257440673705,52.5155133108872],[13.240277965206412,52.51551087380944],[13.240281708167894,52.51552416462081],[13.240285465860998,52.51553745565112],[13.240289208826821,52.51555074646221],[13.240292951794812,52.51556403727321],[13.240293236702584,52.51556502155849],[13.240272407494803,52.51556733722121],[13.240272175400795,52.51556650657287],[13.240268491715824,52.515553207651635],[13.240264808032983,52.51553990873029],[13.24026112435228,52.51552660980881],[13.240257440673705,52.5155133108872]],[[13.240219542966024,52.515517143959904],[13.24022281241331,52.51553048167813],[13.240226096951037,52.51554381062939],[13.2402293664021,52.515557148347405],[13.240232650584517,52.5155704862844],[13.240232840643996,52.51557126236003],[13.240213776439841,52.51557292991865],[13.240213546142426,52.51557205434059],[13.24021002521704,52.51555873985568],[13.240206519382252,52.515545416603814],[13.240202998460937,52.51553210211866],[13.240199492271104,52.51551878785249],[13.240219542966024,52.515517143959904]],[[13.239814531766308,52.51560024086213],[13.239814375956012,52.51561372544357],[13.23981420541604,52.51562720980584],[13.239814049964538,52.51564068540131],[13.23981389415366,52.51565416998266],[13.239813738342589,52.51566765456396],[13.239813567801825,52.515681138926126],[13.239813553443076,52.5156826042889],[13.23979092175072,52.5156824474279],[13.23979095048053,52.51568099127019],[13.239791268323142,52.5156675090994],[13.23979160089495,52.51565402714772],[13.239791918736977,52.51564054497686],[13.239792236578708,52.515627062806004],[13.239792554420148,52.51561358063509],[13.239792872261297,52.515600098464155],[13.239814531766308,52.51560024086213]],[[13.239823861787652,52.51553164143059],[13.239845040215934,52.515531650788674],[13.239844884415715,52.51554513537039],[13.239844728615305,52.515558619952074],[13.23984455844442,52.51557209532867],[13.239844402643618,52.51558557991029],[13.239844393311323,52.51558655082823],[13.23982321449746,52.51558655045571],[13.2398232241894,52.51558557055186],[13.239823379996686,52.51557208597033],[13.239823550174053,52.515558610593814],[13.23982370598095,52.51554512601221],[13.239823861787652,52.51553164143059]],[[13.239785965077678,52.515531392344585],[13.239785647235406,52.51554487451565],[13.239785329392843,52.515558356686675],[13.239785011549987,52.51557183885767],[13.23978469370684,52.51558532102863],[13.239784669643763,52.5155862917274],[13.23976351597638,52.51558603097158],[13.239763540399116,52.51558505128689],[13.239763858248736,52.51557156911605],[13.239764161368605,52.51555808672603],[13.239764479217646,52.51554460455512],[13.239764797066394,52.51553112238418],[13.239785965077678,52.515531392344585]],[[13.239612891435442,52.5155952448922],[13.239611233875806,52.51560868914762],[13.239609591044536,52.51562213362213],[13.239607933482686,52.51563557787745],[13.239606275919728,52.51564902213267],[13.239604633085152,52.51566246660701],[13.239602975160754,52.51567591984805],[13.23960279912979,52.51567737381414],[13.239583278237047,52.51567645398324],[13.239583468998141,52.51567500023634],[13.239585259134623,52.51566155795392],[13.239587049269915,52.51564811567145],[13.239588839044783,52.51563468237485],[13.239590629177698,52.51562124009223],[13.239592418950194,52.515607806795494],[13.239594209080728,52.515594364512744],[13.239612891435442,52.5155952448922]],[[13.239629805279165,52.51552718089832],[13.239650919760747,52.51552805250135],[13.239649262215721,52.515541496757585],[13.23964761939904,52.5155549412329],[13.239645961851803,52.51556838548899],[13.239644303944234,52.51558183873097],[13.239644191501291,52.5155828081148],[13.239623077352862,52.51558192752443],[13.239623189437044,52.51558096712653],[13.239624847351015,52.51556751388492],[13.239626504904654,52.51555406962916],[13.239628147727737,52.515540625154195],[13.239629805279165,52.51552718089832]],[[13.239594810271722,52.5155255003555],[13.239593020144664,52.515538942638436],[13.239591230016417,52.515552384921286],[13.239589439886979,52.51556582720408],[13.239587650115585,52.515579260500886],[13.239587522941942,52.515580229665495],[13.239566453342896,52.515578972094644],[13.239566581235469,52.5155779849582],[13.239568371013222,52.515564551661754],[13.239570161149022,52.515551109379345],[13.239571951283631,52.515537667096865],[13.239573741417054,52.5155242248143],[13.239594810271722,52.5155255003555]],[[13.239305351402134,52.515573801178945],[13.239302297325082,52.51558715271895],[13.239299257616265,52.515600513463966],[13.239296203535329,52.515613865003736],[13.239293149452445,52.51562721654339],[13.239290095367616,52.515640568082915],[13.239287055651035,52.51565392882741],[13.239286717944717,52.515655371395944],[13.239267563872817,52.51565375565271],[13.239267902298337,52.51565229511242],[13.239271015308695,52.51563894445034],[13.23927412831707,52.51562559378813],[13.239277241323466,52.51561224312578],[13.239280339239121,52.51559890123004],[13.23928345224156,52.51558555056744],[13.239286565242017,52.51557219990472],[13.239305351402134,52.515573801178945]],[[13.239327369997572,52.5155063526649],[13.239348067365162,52.51550807228548],[13.239345101323432,52.51552143412791],[13.239342135279802,52.51553479597023],[13.23933918396373,52.51554815803161],[13.239336217916321,52.51556151987371],[13.239336002719767,52.51556247873699],[13.239315040556303,52.5155607461828],[13.239315256112588,52.51555977833365],[13.23931828108401,52.51554641736889],[13.239321320423665,52.51553306560912],[13.239324345391225,52.51551970464411],[13.239327369997572,52.5155063526649]],[[13.239294497140978,52.515503570712696],[13.239291369418826,52.51551692115665],[13.23928822732453,52.51553026239537],[13.23928509959839,52.51554361283907],[13.239281972229556,52.51555695429672],[13.239281741943104,52.51555792192663],[13.239262281469601,52.5155562296925],[13.239262512115769,52.51555525307672],[13.239265713137588,52.5155419127156],[13.239268914157373,52.515528572354356],[13.239272100445687,52.51551523177377],[13.239275301461413,52.51550189141226],[13.239294497140978,52.515503570712696]],[[13.239039766918378,52.515476914983886],[13.239060409643962,52.51547963187239],[13.239055594436653,52.5154927953528],[13.239050779585718,52.515505949847054],[13.239045964372478,52.515519113326974],[13.239041149515614,52.515532267820724],[13.239040801747826,52.51553322471042],[13.23902009972138,52.51553051592734],[13.239020462937722,52.51552954128509],[13.23902527780043,52.51551638679222],[13.239030107389606,52.515503232518334],[13.23903493733515,52.51549006925827],[13.239039766918378,52.515476914983886]],[[13.23898718829357,52.51554012328211],[13.239006874709366,52.51554279897256],[13.239002059478754,52.51555596245046],[13.238997244604526,52.515569116942196],[13.23899242936798,52.5155822804196],[13.238987629217284,52.51559543513007],[13.238982813974813,52.515608598606974],[13.238977999088727,52.515621753097726],[13.238977469530095,52.5156232018012],[13.238957020741504,52.51562042484633],[13.238957565030242,52.51561897636218],[13.238962497398454,52.51560583261208],[13.238967444493097,52.51559268908096],[13.238972376495884,52.51557955431626],[13.238977308854995,52.5155664105654],[13.238982255940526,52.5155532670335],[13.23898718829357,52.51554012328211]],[[13.239004029791403,52.51547204930333],[13.238999097451472,52.51548519305567],[13.23899415037908,52.51549833658853],[13.238989218033083,52.51551148034036],[13.238984286043404,52.51552461510601],[13.23898392318566,52.51552558076222],[13.238963288708845,52.515522657184114],[13.238963651207659,52.51552170051388],[13.23896858356248,52.51550855676323],[13.238973530284344,52.51549542221745],[13.238978462633098,52.515482278466266],[13.23898340970824,52.515469134934044],[13.239004029791403,52.51547204930333]],[[13.238849980834335,52.51544823131385],[13.238870374561582,52.515451645848245],[13.238864329217357,52.51546461118572],[13.238858283510112,52.51547758550874],[13.238852252888027,52.51549055106471],[13.238846207173497,52.51550352538702],[13.238845755936334,52.51550448972731],[13.238825347816675,52.515501065983315],[13.23882579869486,52.51550011062902],[13.238831844414886,52.51548713630782],[13.238837889771885,52.51547417097217],[13.238843935484622,52.51546119665023],[13.238849980834335,52.51544823131385]],[[13.238791744462773,52.51550954806732],[13.238810991833477,52.51551288260901],[13.238804946463006,52.51552584794311],[13.238798900729504,52.515538822262734],[13.238792855351749,52.51555178759607],[13.238790935789556,52.51555593097093],[13.238786809610957,52.51556476191496],[13.238780764225913,52.51557772724758],[13.238774718837227,52.51559069257981],[13.238774057066589,52.51559213032313],[13.238754063134166,52.515588667776136],[13.238754739634858,52.5155872302522],[13.238760916875187,52.51557428486617],[13.23876707938235,52.51556133926049],[13.23877324188581,52.51554839365443],[13.238779404744955,52.51553543906209],[13.238785581970438,52.515522493674524],[13.238791744462773,52.51550954806732]],[[13.238814925634648,52.515442161905085],[13.238808763158994,52.51545510751377],[13.238802600320248,52.515468062108006],[13.238796437837184,52.51548100771593],[13.238790275350413,52.51549395332347],[13.238789824112136,52.51549491766355],[13.238769513003529,52.51549127956349],[13.238769963882815,52.515490324209416],[13.238776126374999,52.51547737860297],[13.238782303952288,52.51546442422947],[13.238788466437056,52.51545147862227],[13.238794628918116,52.51543853301468],[13.238814925634648,52.515442161905085]],[[13.238447815557242,52.515362132260115],[13.238467009260805,52.51536754304237],[13.238457415123548,52.515379691267235],[13.238447820980934,52.51539183949125],[13.23843824156236,52.515403987933695],[13.238428647409043,52.51541613615602],[13.238427902294681,52.515417078136885],[13.238408709293562,52.51541164937634],[13.238409438959904,52.51541072514815],[13.23841903311727,52.51539857692741],[13.23842862726928,52.51538642870583],[13.23843822141594,52.51537428048339],[13.238447815557242,52.515362132260115]],[[13.238373260892912,52.51541651635545],[13.238391221295217,52.51542180988342],[13.238381627125017,52.51543395810174],[13.238372032949464,52.51544610631921],[13.238362439128034,52.51545824554994],[13.238352844941774,52.51547039376571],[13.23834325075016,52.51548254198064],[13.238333656553193,52.515494690194714],[13.238332554324952,52.515496085412515],[13.238313268261487,52.51549040349557],[13.238314399949033,52.515489008716564],[13.238324212574852,52.51547692669513],[13.238334025195233,52.515464844672834],[13.238343823080758,52.51545276243033],[13.238353635690254,52.51544068040625],[13.238363448294304,52.515428598381284],[13.238373260892912,52.51541651635545]],[[13.238415638183431,52.51535265293093],[13.23840582561101,52.51536473496064],[13.238396013033148,52.51537681698947],[13.238386200449842,52.51538889901741],[13.238376387861093,52.515400981044465],[13.238375628375968,52.51540191381977],[13.238356744714512,52.51539612101442],[13.23835750419993,52.51539518823924],[13.238367316792498,52.51538310621377],[13.238377129379622,52.51537102418741],[13.238386941961299,52.515358942160184],[13.238396754537535,52.51534686013205],[13.238415638183431,52.51535265293093]],[[13.238215086938707,52.51536319870555],[13.238203340467077,52.515374622533784],[13.238191608718697,52.51538604658009],[13.238179862234798,52.515397470405844],[13.238168130474156,52.51540889444967],[13.238156383977987,52.515420318272945],[13.23814465220508,52.515431742314306],[13.238143256822582,52.5154330972],[13.238123586824743,52.515425593298374],[13.238125011666394,52.51542423885158],[13.238136975876898,52.51541289919477],[13.238148939721679,52.51540156852256],[13.238160903919782,52.51539022886318],[13.2381728533823,52.51537888898317],[13.238184817568001,52.51536754932121],[13.238196781747499,52.515356209657966],[13.238215086938707,52.51536319870555]],[[13.238279470236186,52.51530665820785],[13.238296273404394,52.51531287860302],[13.238284817600269,52.51532440567107],[13.238273347060732,52.51533593251863],[13.238261891244516,52.51534745958432],[13.238250435062758,52.51535899563474],[13.238249529360454,52.51535989925828],[13.238231840631462,52.515353341984856],[13.238232745974484,52.515352447347354],[13.23824443423402,52.515341004666936],[13.238256108117566,52.51532955278006],[13.238267796364868,52.5153181100972],[13.238279470236186,52.51530665820785]],[[13.238250916042649,52.51529576720451],[13.238238995362826,52.5153071255034],[13.238227075036317,52.51531847481509],[13.238215169073483,52.51532983333076],[13.238203248734605,52.51534118263991],[13.238202298843602,52.51534208560512],[13.23818482748498,52.515335252831925],[13.238185791746043,52.51533435907211],[13.238197929792369,52.51532309392784],[13.238210067832446,52.51531182878228],[13.238222206225782,52.51530055464948],[13.238234344253357,52.515289289501254],[13.238250916042649,52.51529576720451]],[[13.237916960466212,52.51522368332256],[13.237901627601795,52.51523339032515],[13.237886280001279,52.51524309710631],[13.237870947123332,52.515252804104755],[13.237855599509281,52.51526251088179],[13.237840266617804,52.51527221787611],[13.237824919349801,52.5152819156631],[13.237822983651135,52.51528314561135],[13.237808410889835,52.51527459366363],[13.237810375687621,52.51527337314027],[13.237825881382667,52.51526376762738],[13.237841387070947,52.515254162112406],[13.237856907481799,52.515244556814686],[13.23787241351612,52.51523494230957],[13.237887919184095,52.51522533678826],[13.237903424845303,52.51521573126485],[13.237916960466212,52.51522368332256]],[[13.238001436890704,52.51517770125278],[13.238016899877262,52.51518647323318],[13.238001552318401,52.51519618002974],[13.237986219482092,52.51520588704356],[13.237970871909695,52.515215593835975],[13.237955524330527,52.51522530062633],[13.237954238898475,52.51522611767113],[13.237936557573601,52.51521606285935],[13.237937871026084,52.51521528219713],[13.237953766094847,52.51520588926569],[13.237969661156834,52.515196496332],[13.237985541842276,52.51518709419086],[13.238001436890704,52.51517770125278]],[[13.23797652578824,52.515163061128284],[13.237961020161567,52.515172666661655],[13.23794551452813,52.515182272192924],[13.237930008887925,52.51519187772209],[13.237914502881388,52.515201492235065],[13.237913173261322,52.51520230862134],[13.237898209302314,52.515193220373575],[13.237899523833482,52.51519241275404],[13.237915029480435,52.51518280722893],[13.237929885220268,52.51517360562135],[13.23793054949037,52.51517321090698],[13.237946458195905,52.51516384515342],[13.237962366894676,52.51515447939766],[13.23797652578824,52.515163061128284]],[[13.237776240598578,52.51513198953043],[13.237759170080684,52.5151405557167],[13.237742114285473,52.51514912211979],[13.237725043754338,52.51515768830097],[13.237707987586282,52.51516626368493],[13.237690917041899,52.51517482986106],[13.237673846490896,52.515183396034644],[13.237671620521567,52.51518451376169],[13.237657249447977,52.51517386983313],[13.237659504516122,52.515172761531055],[13.237676746423165,52.515164332780884],[13.237694003412548,52.5151558952616],[13.237711245666034,52.515147457520364],[13.237728487912936,52.515139019776534],[13.237745729793648,52.515130591016046],[13.23776297202738,52.51512215326704],[13.237776240598578,52.51513198953043]],[[13.237868884697273,52.51509219831059],[13.237882582949911,52.51510197802246],[13.237865512464117,52.51511054422437],[13.237848441612119,52.51511911940968],[13.237831385842371,52.5151276858259],[13.23781431533671,52.51513625202022],[13.237812826211622,52.51513700309087],[13.237798942236532,52.515127076744534],[13.237800416272627,52.5151263344406],[13.237817544255888,52.5151178050694],[13.237834657862827,52.51510926649036],[13.237851771103568,52.515100736894716],[13.237868884697273,52.51509219831059]],[[13.237845725487068,52.51507503072853],[13.237828483287574,52.51508346848994],[13.23781124144108,52.51509189726286],[13.237793999228415,52.51510033501913],[13.237776757009165,52.5151087727728],[13.237775253874288,52.51510950565178],[13.237762157400825,52.51509942019589],[13.23776367562445,52.51509867855055],[13.237780917842164,52.515090240798756],[13.237798160053291,52.515081803044374],[13.237815401898247,52.51507337427332],[13.237832644096205,52.515064936513795],[13.237845725487068,52.51507503072853]],[[13.237716930737871,52.51495825798825],[13.23772725586112,52.51496946204587],[13.237707796110962,52.51497586170744],[13.237688336355202,52.51498226136573],[13.23766889132309,52.514988661240174],[13.237649431556127,52.51499506089196],[13.237647639591966,52.514995645606874],[13.237637329212404,52.514984441761854],[13.237639106446991,52.51498385682771],[13.237658566210424,52.51497745717758],[13.237678025968256,52.51497105752419],[13.237697470991245,52.51496465764814],[13.237716930737871,52.51495825798825]],[[13.237604743392467,52.514976709422506],[13.237613343792182,52.514986449196485],[13.237593898747596,52.51499284905847],[13.23757443896816,52.51499924869782],[13.237554993912376,52.515005648553306],[13.237535534121736,52.51501204818614],[13.237516074325493,52.515018447815706],[13.23749662925291,52.51502484766143],[13.237493956031118,52.51502572494967],[13.237484636107837,52.51501518321685],[13.237487338428025,52.51501431535356],[13.23750689593656,52.51500805205329],[13.23752646852848,52.51500177998323],[13.237546040755245,52.5149955168958],[13.237565613336129,52.51498924481916],[13.237585170822618,52.51498298150573],[13.237604743392467,52.514976709422506]],[[13.237700857540776,52.5149400630191],[13.23768128500065,52.51494633511852],[13.237661727543859,52.51495259844813],[13.2376421549927,52.514958870540994],[13.237640811380247,52.514959300091185],[13.237622597165261,52.51496514284994],[13.237620790832366,52.51496571835914],[13.237611122814343,52.51495429929813],[13.237612929506517,52.51495371480316],[13.237632501699792,52.51494745170109],[13.237652074247176,52.51494117960979],[13.237671631700195,52.51493491628172],[13.23769120423654,52.51492864418385],[13.237700857540776,52.5149400630191]],[[13.237641480051932,52.51486046902081],[13.237649076963017,52.51487245065409],[13.237628303184787,52.514877068440974],[13.237617209823659,52.51487953764406],[13.237607544131487,52.514881686443594],[13.237586784714278,52.51488631342842],[13.237566010923201,52.514890931204256],[13.237564062695009,52.514891369729895],[13.237556495262465,52.514879388530176],[13.237558413672138,52.51487895855176],[13.237579187817936,52.51487433179128],[13.237599946870606,52.514869713793665],[13.237609627649324,52.5148675562282],[13.237620721007827,52.51486508702582],[13.237641480051932,52.51486046902081]],[[13.237526416833374,52.51486940074441],[13.237532285817633,52.514879261679994],[13.23751152675362,52.51488387966567],[13.237490767325681,52.51488850663354],[13.237469993523892,52.51489312439242],[13.237449234447036,52.51489774236703],[13.2374284753659,52.51490236033795],[13.237407715920819,52.514906987291106],[13.237404742022903,52.51490764430761],[13.237398321660216,52.514896831068214],[13.237401294838154,52.51489619202368],[13.237422150909332,52.51489172835398],[13.237442992247145,52.51488726446115],[13.23746384831002,52.514882800784],[13.237484704728393,52.51487832811725],[13.23750556078296,52.51487386443269],[13.237526416833374,52.51486940074441]],[[13.237630324346394,52.51484166395158],[13.237609468319285,52.51484612765841],[13.237588611928393,52.51485060034743],[13.237567755892973,52.51485506404681],[13.237546914582609,52.514859527961896],[13.2375449523457,52.514859948296],[13.237538158754083,52.514847780814144],[13.237540135719708,52.51484736069956],[13.237560992113778,52.51484288801912],[13.237581848144059,52.51483842432085],[13.237602704170188,52.51483396061888],[13.237623560192164,52.5148294969132],[13.237630324346394,52.51484166395158]],[[13.237574709015107,52.51470637108836],[13.237578151868929,52.514719037124365],[13.237556289747767,52.514721022227036],[13.237534427265091,52.514723016311535],[13.23751256514017,52.514725001406084],[13.23749070301337,52.51472698649657],[13.237488587752308,52.514727179768435],[13.237485144923726,52.514714513730056],[13.23748726018419,52.51471432045825],[13.23750912230483,52.514712335368344],[13.23753098442359,52.51471035027437],[13.237552846900106,52.51470835619045],[13.237574709015107,52.51470637108836]],[[13.237458769594197,52.514700013523814],[13.237461466312201,52.51471143664442],[13.23743960419007,52.51471342172549],[13.237417741706402,52.51471541578844],[13.237395894309666,52.514717401080844],[13.237374032181894,52.51471938614977],[13.237352170052247,52.51472137121462],[13.237330307561043,52.51472336526134],[13.23732714221317,52.51472365078157],[13.237324180457916,52.51471111778296],[13.237327359455017,52.51471085943995],[13.237349258934067,52.51470904577026],[13.237371158051735,52.514707241082405],[13.2373930571677,52.51470543639049],[13.237414971011118,52.514703631913925],[13.23743687048334,52.51470181822794],[13.237458769594197,52.514700013523814]],[[13.237569806164947,52.51468562712622],[13.237547907065322,52.514687431851016],[13.237526007604357,52.51468924555765],[13.237504093772179,52.51469105005488],[13.237482194667447,52.51469285476746],[13.237480080127291,52.51469303006737],[13.237477509559955,52.51468029610091],[13.237479653557795,52.514680121239884],[13.237501553015921,52.514678307541786],[13.23752346684184,52.514676503044974],[13.237545366296548,52.51467468933873],[13.237567265389915,52.51467288461436],[13.237569806164947,52.51468562712622]]]},"properties":{"name":"Olympiastadion","osmId":"way/24296022","sourceParentId":"DEBE04AL5LX00003","parentIds":["DEBE04AL5LX00003"],"kind":"official-complete-footprint","areaM2":16983.994,"policy":"Exact union of complete official source parts and holes; corresponding displayed hero retains real solids/explicit open-space interpretation. Archive full original profiles."}},{"type":"Feature","geometry":{"type":"Polygon","coordinates":[[[13.241595471037371,52.51513293963885],[13.241611904009709,52.5151126388194],[13.241615802292753,52.515113559915235],[13.241635905883534,52.51511833633297],[13.241652127542883,52.515097052319796],[13.24166738709831,52.515075502251115],[13.241681683474546,52.51505371308512],[13.24168509176269,52.51504808125622],[13.241695001584684,52.5150316935892],[13.241707293295404,52.515009541952274],[13.241718590937,52.51498718672501],[13.241728878705182,52.5149646546466],[13.241738170613065,52.51494196390807],[13.241748909636337,52.51491366614177],[13.241758123620539,52.51488517487783],[13.241765796762923,52.51485651685557],[13.241771928348848,52.51482771004718],[13.241776501499405,52.51479880814962],[13.24177953058806,52.51476982036793],[13.241781074293138,52.51474296841664],[13.241781351285583,52.51471609764165],[13.241780404678945,52.51468923565748],[13.241778189570402,52.51466239977935],[13.241775357886924,52.51464030212657],[13.241774749432217,52.51463560863566],[13.241773847809974,52.51463050618127],[13.241773031353436,52.5146258545557],[13.241770053731994,52.5146088887464],[13.241768654490127,52.514602592050174],[13.241764629608921,52.51458454071753],[13.24176411612483,52.51458226728812],[13.241737562839504,52.51458437226641],[13.241734520865009,52.514573078988086],[13.241733159416174,52.5145680506214],[13.241731119216773,52.514560458648695],[13.241723787188805,52.51453664871463],[13.24171555166909,52.51451295123116],[13.24171207801025,52.51450398027467],[13.241706427388145,52.51448936641697],[13.241703938959992,52.51448377283479],[13.241701376169335,52.51447819612999],[13.2416987688332,52.514472627754415],[13.241686584825308,52.514448161280406],[13.241673346454201,52.514423894926324],[13.241672656283527,52.51442272479637],[13.241659037915998,52.51439985543077],[13.241643687952806,52.51437606120298],[13.241627296207279,52.51435252122854],[13.241613682426829,52.51433433637482],[13.241609891062536,52.51432926290259],[13.24158472951964,52.514299469535636],[13.241558328994866,52.51427007134736],[13.241530688054754,52.51424110428066],[13.241501850529216,52.51421257797735],[13.2414718157021,52.51418451040845],[13.241439610417862,52.514157651366546],[13.241425737727052,52.51414669161967],[13.241406264597774,52.514131305847975],[13.241371821712017,52.514105492480454],[13.24133629577258,52.514080229453796],[13.241299715161391,52.51405554416275],[13.241261697315485,52.51403215921224],[13.241222652102293,52.51400940634858],[13.241216321749226,52.51400591354898],[13.241182608261887,52.513987303980535],[13.24114160890417,52.51396587972175],[13.241125407854723,52.51395787042647],[13.241099668757615,52.5139451337902],[13.241064537496754,52.51392807658239],[13.241028736297134,52.513911557871474],[13.240992265158225,52.51389557765686],[13.240955167907229,52.51388014558081],[13.240917473283373,52.513865280052535],[13.240879181285832,52.51385098107145],[13.24083322556584,52.51383484180815],[13.240786530227835,52.51381950973493],[13.24073915418557,52.51380498572693],[13.240691126176932,52.51379128819319],[13.240642475657596,52.51377841757097],[13.240581350499355,52.51376386887529],[13.24051978425282,52.51375003288978],[13.240457776197394,52.51373692758556],[13.240395385604844,52.5137245448522],[13.240334509620821,52.513712984834676],[13.240273328327792,52.513702058624744],[13.240211856452197,52.51369176644103],[13.240172502346764,52.51368561550287],[13.240150093632515,52.513682117268964],[13.240099536628644,52.51367418124445],[13.24004865310604,52.51366704056417],[13.239997472160645,52.5136607046518],[13.239965745520939,52.51365730154756],[13.239946052345957,52.51365518336926],[13.239907374789079,52.5136516498746],[13.239894423475999,52.51365046816852],[13.239809437412964,52.513642217646336],[13.239724364449557,52.513634298446966],[13.23963921895353,52.51362671977525],[13.239576697660597,52.51362167153859],[13.239514011852954,52.513617421043854],[13.239451190984857,52.5136139687291],[13.239400638141069,52.51361183183527],[13.239388264869781,52.513611306046506],[13.23932612405754,52.5136096440562],[13.239263964209403,52.51360845828722],[13.239201770953846,52.51360773953441],[13.239139573387192,52.51360749722204],[13.23908806964534,52.513607764694164],[13.239036582781685,52.51360871573159],[13.239008634336194,52.5136096034909],[13.238985156980217,52.513610350991996],[13.238980314435816,52.513610566636274],[13.238933792597884,52.513612661489525],[13.238882518730577,52.51361565664858],[13.238830420393509,52.513619367805894],[13.238778481179303,52.513623890523306],[13.238726746349682,52.51362919850098],[13.23867525936957,52.51363531036879],[13.23862403532444,52.513642217360406],[13.238580321532345,52.513648534819076],[13.238536890436018,52.51365552182436],[13.238493756762406,52.5136631785959],[13.238450950326751,52.513671496586596],[13.23840851531374,52.5136804764547],[13.238366452081126,52.51369010921469],[13.238316388857928,52.51370225728568],[13.238266854028605,52.51371519544396],[13.238217892136907,52.51372891536227],[13.238169518269059,52.51374340827463],[13.238121791697928,52.5137586660732],[13.238082082316096,52.51377208314452],[13.238042924325999,52.51378608385522],[13.238004332814967,52.5138006594393],[13.237966337239742,52.51381581033599],[13.237928953047376,52.51383151879339],[13.23789221005437,52.51384777626484],[13.23788211665598,52.513852517193136],[13.237862170548528,52.513861876754056],[13.23783277476603,52.51387646336051],[13.23781350649843,52.51388656130181],[13.23780402306609,52.51389152709875],[13.237775930896461,52.51390705021678],[13.23775160720228,52.51392120883645],[13.237727829885792,52.51393570826628],[13.237704628404773,52.51395054894535],[13.237682003118847,52.513965721888084],[13.237648792406674,52.513989458687874],[13.237616651100977,52.514013723910274],[13.237585579202332,52.51403851755612],[13.237555636706011,52.514063813546166],[13.237526809603217,52.51408959368999],[13.237503561241107,52.514113334990334],[13.237481112157447,52.514137357930835],[13.237459506180352,52.51416167215613],[13.237438729660743,52.51418625048952],[13.237418797688258,52.51421108416497],[13.237403130831797,52.514231719513184],[13.23739675059317,52.51424089446553],[13.237388572214996,52.514252650098626],[13.237382011573988,52.51426301820172],[13.237375151656808,52.514273867374634],[13.237362885326277,52.51429533561739],[13.237347158010747,52.51429428311159],[13.237336572083436,52.514333417259785],[13.237332090788943,52.5143500113236],[13.237362700132756,52.514352616246576],[13.237399243825754,52.51435571417456],[13.237478851859583,52.51436248366959],[13.23748241692495,52.51434815973474],[13.23752825137574,52.514352214228545],[13.237550955572882,52.51435422480859],[13.237573674501231,52.5143562356037],[13.237581516790929,52.51435692786193],[13.237522607040304,52.51460518946252],[13.23746872563622,52.51459928877196],[13.237446010920571,52.51459680148292],[13.237424616792723,52.51459445974012],[13.237427647641443,52.514581332679214],[13.23728109174286,52.51456813503823],[13.237276552095679,52.51458692210034],[13.237267877742159,52.514622847863095],[13.237283986673098,52.51462431067124],[13.237285884601697,52.51465311101337],[13.237289376517001,52.51468185418136],[13.237294463501184,52.51471051321735],[13.237301132266921,52.51473905195812],[13.237309369526809,52.51476743424029],[13.237316798469527,52.5147887643147],[13.237319191092041,52.51479563332531],[13.237330554216703,52.514823612610854],[13.237337991698542,52.51483957502238],[13.237343460342302,52.51485133615284],[13.237357058449502,52.51487797306705],[13.237357938535272,52.514879550659224],[13.237371844981146,52.51490437592842],[13.237387791559712,52.514930517339884],[13.237404898546671,52.5149563883151],[13.237423166663106,52.51498197088178],[13.237442552801925,52.51500723742337],[13.237463217204919,52.515031866640705],[13.237485091605333,52.51505609128917],[13.237508176364239,52.5150799023822],[13.237532442743698,52.51510328150848],[13.237557862724877,52.51512619228482],[13.237584407569464,52.51514861629987],[13.23758623573844,52.515150073143396],[13.237612062908653,52.51517054434756],[13.23764080072306,52.5151919400447],[13.237669405297126,52.51521298309052],[13.237698882539837,52.5152335805725],[13.237715679653105,52.5152447371676],[13.23772918898274,52.515253713860034],[13.23776032498565,52.515273373966565],[13.237782964202967,52.5152869642858],[13.237792261449592,52.51529255146681],[13.237824984364405,52.51531122816887],[13.23786541675734,52.515333184607385],[13.237906713934866,52.51535452452201],[13.237948876256107,52.51537523892595],[13.237991860251473,52.515395309188406],[13.238035636821001,52.51541472588386],[13.23807301200877,52.51543021695685],[13.238110984320167,52.51544515045975],[13.238149539024976,52.51545952617263],[13.238188647023007,52.515473334670354],[13.23822827957347,52.51548655754189],[13.238268436315785,52.51549920377264],[13.238315381171974,52.515512742292046],[13.23836269933516,52.51552579183103],[13.238410376793627,52.515538334198],[13.238458413186587,52.515550378378414],[13.238506764324388,52.515561923713975],[13.238527193621994,52.515566291911306],[13.238566546957493,52.5155747091743],[13.238626664104382,52.51558687019524],[13.238687131211083,52.51559838902371],[13.238692545529702,52.515599359757736],[13.238747918456923,52.51560927420653],[13.238807977526003,52.51561994171973],[13.238868375053364,52.5156298859474],[13.238876783770658,52.51563116199029],[13.238929081577336,52.51563910645055],[13.238990067636177,52.51564760279022],[13.23907228465385,52.515656271219015],[13.239154589725423,52.51566458125021],[13.239213095579514,52.515670235288056],[13.239236996859827,52.51567255107464],[13.23926258089771,52.51567480198536],[13.239278075239621,52.51567616546036],[13.239319190630491,52.51567959156594],[13.239360342313358,52.515682847363145],[13.239405821959537,52.51568623048555],[13.239444681602508,52.51568893964531],[13.239451354064572,52.51568940757186],[13.23949690952809,52.51569236919776],[13.239547674211803,52.51569553419145],[13.239598505004832,52.51569815167967],[13.239649416994018,52.51570021289554],[13.239700380359237,52.515701726386574],[13.239751380369086,52.51570269193355],[13.239793414058923,52.51570268788065],[13.239835439125683,52.515702530833],[13.239877455568926,52.51570222079062],[13.239921867170866,52.51570172158147],[13.239966285955283,52.51570104263717],[13.240010682103478,52.51570019250544],[13.24006349848465,52.51569848755657],[13.240116226115289,52.51569605297151],[13.240168863915443,52.515692915708165],[13.240221354041898,52.515689047932526],[13.24025940818337,52.51568572968719],[13.240273710144299,52.51568447682164],[13.240306424298915,52.515681276948506],[13.240339020246612,52.51567771565776],[13.240371513075178,52.51567378418258],[13.240403888054326,52.515669482304006],[13.240436293196348,52.515664794240756],[13.240444761906256,52.515663463597065],[13.240468551028336,52.51565973533613],[13.240500646460976,52.51565431435712],[13.24053256512308,52.51564852209886],[13.240575841944395,52.515640273281534],[13.24061879001456,52.51563139916269],[13.240661380231968,52.51562189031867],[13.240703567688541,52.51561176406469],[13.240745352382765,52.51560102040112],[13.240786704495218,52.51558966787635],[13.240827940904715,52.515578259669326],[13.240868616831918,52.51556612381375],[13.24090870173944,52.51555328682994],[13.240948166525886,52.5155397392946],[13.240964111137853,52.51553388925719],[13.240986965924693,52.5155255075092],[13.241025085205212,52.515510591255385],[13.241069768992201,52.51549220304584],[13.241113655171281,52.515473119626485],[13.241156713923592,52.515453349546156],[13.241198930159866,52.515432901572794],[13.24124025861436,52.51541180200815],[13.241274511619471,52.515392943977595],[13.241304304158977,52.51537543126504],[13.241307730276018,52.515373414200276],[13.241339898777808,52.515353239415916],[13.241368185931448,52.51533430167444],[13.241370972218922,52.515332436940476],[13.241400934793583,52.51531103351362],[13.241429726866931,52.515289046232404],[13.24145392744503,52.5152702095744],[13.241473798763144,52.51525386208633],[13.241477303499746,52.5152509830238],[13.241499839225645,52.51523139331995],[13.241521519893917,52.51521144024445],[13.241541209962469,52.51519224881179],[13.241560116111632,52.51517275800486],[13.241578208165736,52.51515298535808],[13.241595471037371,52.51513293963885]]]},"properties":{"name":"Olympiastadion","osmId":"way/24296022","sourceParentId":"DEBE04AL5LX00004","parentIds":["DEBE04AL5LX00004"],"kind":"official-complete-footprint","areaM2":56125.991,"policy":"Exact union of complete official source parts and holes; corresponding displayed hero retains real solids/explicit open-space interpretation. Archive full original profiles."}},{"type":"Feature","geometry":{"type":"Polygon","coordinates":[[[13.23179036829596,52.51400185423043],[13.231955770772752,52.51401430633373],[13.231969374497769,52.51395518516399],[13.231803730104476,52.51394068844266],[13.23179036829596,52.51400185423043]]]},"properties":{"name":"Glockenturm","osmId":"way/48983459","sourceParentId":"DEBE04YY500001If","parentIds":["DEBE04YY500001If"],"kind":"official-complete-footprint","areaM2":76.544,"policy":"Exact union of complete official source parts and holes; corresponding displayed hero retains real solids/explicit open-space interpretation. Archive full original profiles."}},{"type":"Feature","geometry":{"type":"Polygon","coordinates":[[[13.211903452389068,52.54025803716426],[13.211853202703978,52.54029742393091],[13.211848724648544,52.5402951264349],[13.211841654123315,52.54029856216095],[13.211834085314472,52.54030155877682],[13.211826062799902,52.54030410796468],[13.21181769156848,52.5403061663545],[13.211804104223086,52.540307759303786],[13.211790286900003,52.5403081169729],[13.211776519613167,52.54030724359282],[13.211763126223797,52.54030515304848],[13.211750370547227,52.54030188529144],[13.211738529675142,52.540297516439075],[13.211727865230907,52.540292140357614],[13.21171860826679,52.54028587742523],[13.211710960359637,52.540278847574704],[13.211705077047199,52.540271214999464],[13.211701084757122,52.54026313446178],[13.211699079346062,52.54025478723568],[13.211699097720507,52.54024635370432],[13.211701132574412,52.54023801358263],[13.211705147492058,52.540229937154336],[13.211711061114933,52.54022231200649],[13.21171873423057,52.54021529787802],[13.211728013619853,52.54020903631361],[13.211738686748859,52.54020367695295],[13.211750542910263,52.54019932450696],[13.21175222687217,52.540198891397765],[13.211753939213303,52.5401984856912],[13.211755651554405,52.54019807998458],[13.211759461365306,52.540197589085096],[13.211763311736249,52.540197188711055],[13.211767187199323,52.540196896611256],[13.21178029829279,52.54019577300729],[13.21179355495454,52.54019578450114],[13.211806662801264,52.540196917653354],[13.211819386034293,52.54019916890108],[13.211831476308673,52.5402024805444],[13.211842670906966,52.54020678567502],[13.211852780798862,52.54021201849816],[13.211861575297783,52.540218049650775],[13.211868911046082,52.54022477806318],[13.211874616671668,52.54023206627727],[13.211877384745772,52.5402372511062],[13.211879321677552,52.54024256723732],[13.21188044403026,52.54024796996453],[13.211903452389068,52.54025803716426]]]},"properties":{"name":"Juliusturm","osmId":"way/25867264","sourceParentId":"DEBE05YYY0000FBI","parentIds":["DEBE05YYY0000FBI"],"kind":"official-complete-footprint","areaM2":125.038,"policy":"Exact union of complete official source parts and holes; corresponding displayed hero retains real solids/explicit open-space interpretation. Archive full original profiles."}},{"type":"Feature","geometry":{"type":"Polygon","coordinates":[[[13.211867441973526,52.540335303498495],[13.211886744894699,52.54034401997131],[13.211908755169798,52.540353973185226],[13.211931605623972,52.540364298739874],[13.21194165525729,52.54036883831699],[13.211982577176556,52.54038734022291],[13.212035170904606,52.540411107510295],[13.212159400667339,52.54046724660878],[13.212292127312166,52.54036146432939],[13.212008646899253,52.540236447033365],[13.211954675867688,52.540212829756875],[13.211951778523055,52.5402169938947],[13.211903452389068,52.54025803716426],[13.211853202703978,52.54029742393091],[13.21182990846966,52.5403183363094],[13.211867441973526,52.540335303498495]]]},"properties":{"name":"Palas","osmId":"way/25867257","sourceParentId":"DEBE05YYY000031N","parentIds":["DEBE05YYY000031N"],"kind":"official-complete-footprint","areaM2":409.919,"policy":"Exact union of complete official source parts and holes; corresponding displayed hero retains real solids/explicit open-space interpretation. Archive full original profiles."}},{"type":"Feature","geometry":{"type":"Polygon","coordinates":[[[13.212754012746334,52.54016597527916],[13.212694670465,52.54030651169709],[13.21266137182279,52.54030907482204],[13.212658945638232,52.54031289543315],[13.212637386114045,52.54030962967827],[13.212579508168018,52.540300861203455],[13.212464998098914,52.540283513819965],[13.212476522709919,52.54025864721458],[13.212399440869502,52.54024779932529],[13.212332520306193,52.54023838163757],[13.2123074469806,52.540234855945016],[13.212254216471171,52.54021659979619],[13.21209677993976,52.54016259356418],[13.212041227999599,52.540143043469634],[13.212028891022916,52.54014725381127],[13.21199019448722,52.54017922655157],[13.2119897672306,52.54017957974709],[13.211955113748266,52.54020822385256],[13.211953740265061,52.540209362974416],[13.211951329574434,52.540211349587004],[13.21194689708048,52.540214825176676],[13.211922062358362,52.540203615473544],[13.211907408051115,52.54019699227784],[13.21191805745387,52.54018822485231],[13.211863238520227,52.540155720341204],[13.211862197572428,52.540152305913814],[13.211849018985639,52.54010901164508],[13.211824737343045,52.540105965357405],[13.211837398101487,52.540072745108475],[13.211837727910744,52.54007188693011],[13.211845222904138,52.54005220140599],[13.211850900655984,52.54003731673426],[13.211888404936762,52.54004229811751],[13.211940268512786,52.54004918680117],[13.211984006642892,52.54005499063309],[13.212256745710032,52.54009120982814],[13.212297623633372,52.540096637659744],[13.21230212609301,52.54008418083819],[13.212404253323163,52.540097780800075],[13.212451569615583,52.54010407907844],[13.212552978091272,52.54011758713342],[13.212548505173713,52.54013004441022],[13.212704363963748,52.540151387913646],[13.212756835370001,52.540159292439135],[13.212754012746334,52.54016597527916]]]},"properties":{"name":"Torhaus","osmId":"way/84502073","sourceParentId":"DEBE05YYY00006av","parentIds":["DEBE05YYY00006av"],"kind":"official-complete-footprint","areaM2":919.73,"policy":"Exact union of complete official source parts and holes; corresponding displayed hero retains real solids/explicit open-space interpretation. Archive full original profiles."}},{"type":"Feature","geometry":{"type":"Polygon","coordinates":[[[13.21199019448722,52.54017922655157],[13.211955113748266,52.54020822385256],[13.211951329574434,52.540211349587004],[13.211954675867688,52.540212829756875],[13.212008646899253,52.540236447033365],[13.212015623682332,52.54023060022151],[13.212043912014153,52.54020690403495],[13.21209677993976,52.54016259356418],[13.212041227999599,52.540143043469634],[13.212028891022916,52.54014725381127],[13.21199019448722,52.54017922655157]]]},"properties":{"name":"Torhaus","osmId":"way/84502073","sourceParentId":"DEBE05YYY0000Ppa","parentIds":["DEBE05YYY0000Ppa"],"kind":"official-complete-footprint","areaM2":47.028,"policy":"Exact union of complete official source parts and holes; corresponding displayed hero retains real solids/explicit open-space interpretation. Archive full original profiles."}},{"type":"Feature","geometry":{"type":"Polygon","coordinates":[[[13.278192681328884,52.504984810571116],[13.278185260040608,52.50498430695033],[13.278177832731366,52.50498471135605],[13.278077247033316,52.504998469577984],[13.278102218801612,52.505061133286404],[13.278202789132292,52.505048525696786],[13.278209326605426,52.50504751491788],[13.27821536659669,52.50504566071384],[13.27822061036638,52.5050430666319],[13.278224803353696,52.50503983686229],[13.278227762521958,52.50503613058352],[13.27822934831096,52.5050321255893],[13.278229479714371,52.5050280095167],[13.278216430215826,52.50499507353059],[13.278211900732988,52.504991456073974],[13.27820627130014,52.5049884609867],[13.278199787345981,52.50498621771772],[13.278192681328884,52.504984810571116]]]},"properties":{"name":"Funkturm open lattice source conflict","osmId":"way/30926247","sourceParentId":"DEBE04YY500006Zr","parentIds":["DEBE04YY500006Zr"],"kind":"official-complete-footprint","areaM2":65.16,"policy":"Exact union of complete official source parts and holes; corresponding displayed hero retains real solids/explicit open-space interpretation. Archive full original profiles."}},{"type":"Feature","geometry":{"type":"Polygon","coordinates":[[[13.278291978241686,52.50508319913346],[13.278238372711433,52.50492450597997],[13.277976432906232,52.50495964365398],[13.278030416873849,52.505118809982996],[13.278291978241686,52.50508319913346]]]},"properties":{"name":"Funkturm open lattice source conflict","osmId":"way/30926247","sourceParentId":"DEBE04YY50002bpq","parentIds":["DEBE04YY50002bpq"],"kind":"official-complete-footprint","areaM2":328.554,"policy":"Exact union of complete official source parts and holes; corresponding displayed hero retains real solids/explicit open-space interpretation. Archive full original profiles."}}]}
